P4 M7: full integration test boot OK
CPU0: MPIDR_EL1=0x0000000080000000
CPU0: psci_cpu_on target=1 rc=0
CPU1: alive, MPIDR_EL1=0x0000000080000001 this_cpu()->cpu_id=1
CPU0: psci_cpu_on target=2 rc=0
CPU2: alive, MPIDR_EL1=0x0000000080000002 this_cpu()->cpu_id=2
CPU0: psci_cpu_on target=3 rc=0
CPU3: alive, MPIDR_EL1=0x0000000080000003 this_cpu()->cpu_id=3
CPUs online: 4
DMA IRQ target cpu=1
D2b: worker 1 runs on CPU1
D2b: worker 2 runs on CPU2
P4 M7: worker submitted cmd_id=1
D2b: worker 0 runs on CPU0
P4 M7: worker submitted cmd_id=2
P4 M7: worker submitted cmd_id=3
P4 M7: worker DATA OK, cmd_id=2
P4 M7: worker DATA OK, cmd_id=1
WORKER ewma=759
P4 M7: worker DATA OK, cmd_id=3
WORKER ewma=970
WORKER ewma=916
BUSY TASK ewma=995
DMA IRQ c0=0
DMA IRQ c1=3
DMA IRQ c2=0
DMA IRQ c3=0
SELECT busy=22
SELECT w0=21
SELECT w1=33
SELECT w2=28
BUSY TASK ewma=997
DMA IRQ c0=0
DMA IRQ c1=3
DMA IRQ c2=0
DMA IRQ c3=0
SELECT busy=39
SELECT w0=38
SELECT w1=56
SELECT w2=49
BUSY TASK ewma=997
DMA IRQ c0=0
DMA IRQ c1=3
DMA IRQ c2=0
DMA IRQ c3=0
SELECT busy=60
SELECT w0=60
SELECT w1=84
SELECT w2=79
BUSY TASK ewma=997
DMA IRQ c0=0
DMA IRQ c1=3
DMA IRQ c2=0
DMA IRQ c3=0
SELECT busy=79
SELECT w0=79
SELECT w1=119
SELECT w2=108
BUSY TASK ewma=997
DMA IRQ c0=0
DMA IRQ c1=3
DMA IRQ c2=0
DMA IRQ c3=0
SELECT busy=104
SELECT w0=103
SELECT w1=137
SELECT w2=120
BUSY TASK ewma=997
DMA IRQ c0=0
DMA IRQ c1=3
DMA IRQ c2=0
DMA IRQ c3=0
SELECT busy=124
SELECT w0=124
SELECT w1=151
SELECT w2=132
BUSY TASK ewma=997
DMA IRQ c0=0
DMA IRQ c1=3
DMA IRQ c2=0
DMA IRQ c3=0
SELECT busy=148
SELECT w0=148
SELECT w1=176
SELECT w2=149
BUSY TASK ewma=997
DMA IRQ c0=0
DMA IRQ c1=3
DMA IRQ c2=0
DMA IRQ c3=0
SELECT busy=166
SELECT w0=165
SELECT w1=193
SELECT w2=158
BUSY TASK ewma=997
DMA IRQ c0=0
DMA IRQ c1=3
DMA IRQ c2=0
DMA IRQ c3=0
SELECT busy=192
SELECT w0=192
SELECT w1=212
SELECT w2=175
BUSY TASK ewma=997
DMA IRQ c0=0
DMA IRQ c1=3
DMA IRQ c2=0
DMA IRQ c3=0
SELECT busy=220
SELECT w0=220
SELECT w1=233
SELECT w2=193
BUSY TASK ewma=997
DMA IRQ c0=0
DMA IRQ c1=3
DMA IRQ c2=0
DMA IRQ c3=0
SELECT busy=246
SELECT w0=246
SELECT w1=245
SELECT w2=204
BUSY TASK ewma=997
DMA IRQ c0=0
DMA IRQ c1=3
DMA IRQ c2=0
DMA IRQ c3=0
SELECT busy=268
SELECT w0=267
SELECT w1=254
SELECT w2=211
BUSY TASK ewma=997
DMA IRQ c0=0
DMA IRQ c1=3
DMA IRQ c2=0
DMA IRQ c3=0
SELECT busy=286
SELECT w0=285
SELECT w1=259
SELECT w2=218
BUSY TASK ewma=997
DMA IRQ c0=0
DMA IRQ c1=3
DMA IRQ c2=0
DMA IRQ c3=0
SELECT busy=325
SELECT w0=325
SELECT w1=280
SELECT w2=240
BUSY TASK ewma=997
DMA IRQ c0=0
DMA IRQ c1=3
DMA IRQ c2=0
DMA IRQ c3=0
SELECT busy=355
SELECT w0=355
SELECT w1=300
SELECT w2=253
BUSY TASK ewma=997
DMA IRQ c0=0
DMA IRQ c1=3
DMA IRQ c2=0
DMA IRQ c3=0
SELECT busy=380
SELECT w0=380
SELECT w1=317
SELECT w2=264
BUSY TASK ewma=997
DMA IRQ c0=0
DMA IRQ c1=3
DMA IRQ c2=0
DMA IRQ c3=0
SELECT busy=407
SELECT w0=408
SELECT w1=337
SELECT w2=284
BUSY TASK ewma=997
DMA IRQ c0=0
DMA IRQ c1=3
DMA IRQ c2=0
DMA IRQ c3=0
SELECT busy=432
SELECT w0=431
SELECT w1=343
SELECT w2=292
BUSY TASK ewma=997
DMA IRQ c0=0
DMA IRQ c1=3
DMA IRQ c2=0
DMA IRQ c3=0
SELECT busy=450
SELECT w0=450
SELECT w1=351
SELECT w2=297
BUSY TASK ewma=997
DMA IRQ c0=0
DMA IRQ c1=3
DMA IRQ c2=0
DMA IRQ c3=0
SELECT busy=473
SELECT w0=473
SELECT w1=371
SELECT w2=312
BUSY TASK ewma=997
DMA IRQ c0=0
DMA IRQ c1=3
DMA IRQ c2=0
DMA IRQ c3=0
SELECT busy=498
SELECT w0=498
SELECT w1=389
SELECT w2=325
BUSY TASK ewma=997
DMA IRQ c0=0
DMA IRQ c1=3
DMA IRQ c2=0
DMA IRQ c3=0
SELECT busy=518
SELECT w0=518
SELECT w1=401
SELECT w2=335
BUSY TASK ewma=997
DMA IRQ c0=0
DMA IRQ c1=3
DMA IRQ c2=0
DMA IRQ c3=0
SELECT busy=541
SELECT w0=540
SELECT w1=414
SELECT w2=349
BUSY TASK ewma=997
DMA IRQ c0=0
DMA IRQ c1=3
DMA IRQ c2=0
DMA IRQ c3=0
SELECT busy=561
SELECT w0=560
SELECT w1=424
SELECT w2=359
BUSY TASK ewma=997
DMA IRQ c0=0
DMA IRQ c1=3
DMA IRQ c2=0
DMA IRQ c3=0
SELECT busy=576
SELECT w0=575
SELECT w1=432
SELECT w2=368
BUSY TASK ewma=997
DMA IRQ c0=0
DMA IRQ c1=3
DMA IRQ c2=0
DMA IRQ c3=0
SELECT busy=598
SELECT w0=598
SELECT w1=450
SELECT w2=383
BUSY TASK ewma=997
DMA IRQ c0=0
DMA IRQ c1=3
DMA IRQ c2=0
DMA IRQ c3=0
SELECT busy=621
SELECT w0=621
SELECT w1=459
SELECT w2=392
BUSY TASK ewma=997
DMA IRQ c0=0
DMA IRQ c1=3
DMA IRQ c2=0
DMA IRQ c3=0
SELECT busy=651
SELECT w0=650
SELECT w1=475
SELECT w2=413
BUSY TASK ewma=997
DMA IRQ c0=0
DMA IRQ c1=3
DMA IRQ c2=0
DMA IRQ c3=0
SELECT busy=677
SELECT w0=676
SELECT w1=492
SELECT w2=421
BUSY TASK ewma=997
DMA IRQ c0=0
DMA IRQ c1=3
DMA IRQ c2=0
DMA IRQ c3=0
SELECT busy=705
SELECT w0=705
SELECT w1=512
SELECT w2=436
BUSY TASK ewma=997
DMA IRQ c0=0
DMA IRQ c1=3
DMA IRQ c2=0
DMA IRQ c3=0
SELECT busy=735
SELECT w0=734
SELECT w1=537
SELECT w2=453
BUSY TASK ewma=997
DMA IRQ c0=0
DMA IRQ c1=3
DMA IRQ c2=0
DMA IRQ c3=0
SELECT busy=755
SELECT w0=755
SELECT w1=551
SELECT w2=464
BUSY TASK ewma=997
DMA IRQ c0=0
DMA IRQ c1=3
DMA IRQ c2=0
DMA IRQ c3=0
SELECT busy=775
SELECT w0=774
SELECT w1=559
SELECT w2=471
BUSY TASK ewma=997
DMA IRQ c0=0
DMA IRQ c1=3
DMA IRQ c2=0
DMA IRQ c3=0
SELECT busy=800
SELECT w0=799
SELECT w1=573
SELECT w2=486
BUSY TASK ewma=997
DMA IRQ c0=0
DMA IRQ c1=3
DMA IRQ c2=0
DMA IRQ c3=0
SELECT busy=824
SELECT w0=824
SELECT w1=586
SELECT w2=501
BUSY TASK ewma=997
DMA IRQ c0=0
DMA IRQ c1=3
DMA IRQ c2=0
DMA IRQ c3=0
SELECT busy=850
SELECT w0=850
SELECT w1=600
SELECT w2=515
BUSY TASK ewma=997
DMA IRQ c0=0
DMA IRQ c1=3
DMA IRQ c2=0
DMA IRQ c3=0
SELECT busy=880
SELECT w0=880
SELECT w1=619
SELECT w2=535
BUSY TASK ewma=997
DMA IRQ c0=0
DMA IRQ c1=3
DMA IRQ c2=0
DMA IRQ c3=0
SELECT busy=899
SELECT w0=898
SELECT w1=629
SELECT w2=545
BUSY TASK ewma=997
DMA IRQ c0=0
DMA IRQ c1=3
DMA IRQ c2=0
DMA IRQ c3=0
SELECT busy=920
SELECT w0=922
SELECT w1=643
SELECT w2=560
BUSY TASK ewma=997
DMA IRQ c0=0
DMA IRQ c1=3
DMA IRQ c2=0
DMA IRQ c3=0
SELECT busy=941
SELECT w0=940
SELECT w1=657
SELECT w2=570
BUSY TASK ewma=997
DMA IRQ c0=0
DMA IRQ c1=3
DMA IRQ c2=0
DMA IRQ c3=0
SELECT busy=963
SELECT w0=963
SELECT w1=667
SELECT w2=581
BUSY TASK ewma=997
DMA IRQ c0=0
DMA IRQ c1=3
DMA IRQ c2=0
DMA IRQ c3=0
SELECT busy=988
SELECT w0=988
SELECT w1=682
SELECT w2=598
BUSY TASK ewma=997
DMA IRQ c0=0
DMA IRQ c1=3
DMA IRQ c2=0
DMA IRQ c3=0
SELECT busy=1009
SELECT w0=1009
SELECT w1=696
SELECT w2=611
BUSY TASK ewma=997
DMA IRQ c0=0
DMA IRQ c1=3
DMA IRQ c2=0
DMA IRQ c3=0
SELECT busy=1030
SELECT w0=1030
SELECT w1=709
SELECT w2=622
BUSY TASK ewma=997
DMA IRQ c0=0
DMA IRQ c1=3
DMA IRQ c2=0
DMA IRQ c3=0
SELECT busy=1047
SELECT w0=1047
SELECT w1=721
SELECT w2=630
BUSY TASK ewma=997
DMA IRQ c0=0
DMA IRQ c1=3
DMA IRQ c2=0
DMA IRQ c3=0
SELECT busy=1064
SELECT w0=1064
SELECT w1=731
SELECT w2=642
BUSY TASK ewma=997
DMA IRQ c0=0
DMA IRQ c1=3
DMA IRQ c2=0
DMA IRQ c3=0
SELECT busy=1083
SELECT w0=1083
SELECT w1=742
SELECT w2=651
BUSY TASK ewma=997
DMA IRQ c0=0
DMA IRQ c1=3
DMA IRQ c2=0
DMA IRQ c3=0
SELECT busy=1109
SELECT w0=1109
SELECT w1=755
SELECT w2=666
BUSY TASK ewma=997
DMA IRQ c0=0
DMA IRQ c1=3
DMA IRQ c2=0
DMA IRQ c3=0
SELECT busy=1143
SELECT w0=1142
SELECT w1=770
SELECT w2=680
BUSY TASK ewma=997
DMA IRQ c0=0
DMA IRQ c1=3
DMA IRQ c2=0
DMA IRQ c3=0
SELECT busy=1177
SELECT w0=1177
SELECT w1=788
SELECT w2=697
BUSY TASK ewma=997
DMA IRQ c0=0
DMA IRQ c1=3
DMA IRQ c2=0
DMA IRQ c3=0
SELECT busy=1208
SELECT w0=1208
SELECT w1=805
SELECT w2=716
BUSY TASK ewma=997
DMA IRQ c0=0
DMA IRQ c1=3
DMA IRQ c2=0
DMA IRQ c3=0
SELECT busy=1236
SELECT w0=1235
SELECT w1=820
SELECT w2=731
BUSY TASK ewma=997
DMA IRQ c0=0
DMA IRQ c1=3
DMA IRQ c2=0
DMA IRQ c3=0
SELECT busy=1254
SELECT w0=1254
SELECT w1=834
SELECT w2=746
BUSY TASK ewma=997
DMA IRQ c0=0
DMA IRQ c1=3
DMA IRQ c2=0
DMA IRQ c3=0
SELECT busy=1278
SELECT w0=1278
SELECT w1=848
SELECT w2=761
BUSY TASK ewma=997
DMA IRQ c0=0
DMA IRQ c1=3
DMA IRQ c2=0
DMA IRQ c3=0
SELECT busy=1299
SELECT w0=1298
SELECT w1=860
SELECT w2=777
BUSY TASK ewma=997
DMA IRQ c0=0
DMA IRQ c1=3
DMA IRQ c2=0
DMA IRQ c3=0
SELECT busy=1320
SELECT w0=1320
SELECT w1=873
SELECT w2=788
BUSY TASK ewma=997
DMA IRQ c0=0
DMA IRQ c1=3
DMA IRQ c2=0
DMA IRQ c3=0
SELECT busy=1342
SELECT w0=1342
SELECT w1=885
SELECT w2=802
BUSY TASK ewma=997
DMA IRQ c0=0
DMA IRQ c1=3
DMA IRQ c2=0
DMA IRQ c3=0
SELECT busy=1355
SELECT w0=1355
SELECT w1=891
SELECT w2=808
BUSY TASK ewma=997
DMA IRQ c0=0
DMA IRQ c1=3
DMA IRQ c2=0
DMA IRQ c3=0
SELECT busy=1372
SELECT w0=1372
SELECT w1=901
SELECT w2=816
BUSY TASK ewma=997
DMA IRQ c0=0
DMA IRQ c1=3
DMA IRQ c2=0
DMA IRQ c3=0
SELECT busy=1388
SELECT w0=1387
SELECT w1=909
SELECT w2=823
BUSY TASK ewma=997
DMA IRQ c0=0
DMA IRQ c1=3
DMA IRQ c2=0
DMA IRQ c3=0
SELECT busy=1402
SELECT w0=1401
SELECT w1=918
SELECT w2=835
BUSY TASK ewma=997
DMA IRQ c0=0
DMA IRQ c1=3
DMA IRQ c2=0
DMA IRQ c3=0
SELECT busy=1416
SELECT w0=1417
SELECT w1=932
SELECT w2=847
BUSY TASK ewma=997
DMA IRQ c0=0
DMA IRQ c1=3
DMA IRQ c2=0
DMA IRQ c3=0
SELECT busy=1430
SELECT w0=1429
SELECT w1=940
SELECT w2=854
BUSY TASK ewma=997
IRQ counts: cpu0=2881 cpu1=3520 cpu2=3282 cpu3=3404
SCHED secondaries: calls=10219 unexpected=0
SECTEST switches=10197 cpu1=40815054,36580116 cpu2=29184925,30706459 cpu3=43939804,42188761
PINGPONG rounds=688 pongs=689
DMA IRQ c0=0
DMA IRQ c1=3
DMA IRQ c2=0
DMA IRQ c3=0
SELECT busy=1470
SELECT w0=1470
SELECT w1=970
SELECT w2=880
BUSY TASK ewma=997
DMA IRQ c0=0
DMA IRQ c1=3
DMA IRQ c2=0
DMA IRQ c3=0
SELECT busy=1488
SELECT w0=1487
SELECT w1=979
SELECT w2=889
BUSY TASK ewma=997
DMA IRQ c0=0
DMA IRQ c1=3
DMA IRQ c2=0
DMA IRQ c3=0
SELECT busy=1512
SELECT w0=1513
SELECT w1=998
SELECT w2=906
BUSY TASK ewma=997
DMA IRQ c0=0
DMA IRQ c1=3
DMA IRQ c2=0
DMA IRQ c3=0
SELECT busy=1542
SELECT w0=1542
SELECT w1=1015
SELECT w2=921
BUSY TASK ewma=997
DMA IRQ c0=0
DMA IRQ c1=3
DMA IRQ c2=0
DMA IRQ c3=0
SELECT busy=1562
SELECT w0=1561
SELECT w1=1026
SELECT w2=931
BUSY TASK ewma=997
DMA IRQ c0=0
DMA IRQ c1=3
DMA IRQ c2=0
DMA IRQ c3=0
SELECT busy=1581
SELECT w0=1581
SELECT w1=1040
SELECT w2=951
BUSY TASK ewma=997
DMA IRQ c0=0
DMA IRQ c1=3
DMA IRQ c2=0
DMA IRQ c3=0
SELECT busy=1603
SELECT w0=1603
SELECT w1=1053
SELECT w2=966
BUSY TASK ewma=997
DMA IRQ c0=0
DMA IRQ c1=3
DMA IRQ c2=0
DMA IRQ c3=0
SELECT busy=1623
SELECT w0=1622
SELECT w1=1068
SELECT w2=978
BUSY TASK ewma=997
DMA IRQ c0=0
DMA IRQ c1=3
DMA IRQ c2=0
DMA IRQ c3=0
SELECT busy=1642
SELECT w0=1641
SELECT w1=1076
SELECT w2=985
BUSY TASK ewma=997
DMA IRQ c0=0
DMA IRQ c1=3
DMA IRQ c2=0
DMA IRQ c3=0
SELECT busy=1657
SELECT w0=1657
SELECT w1=1087
SELECT w2=996
BUSY TASK ewma=997
DMA IRQ c0=0
DMA IRQ c1=3
DMA IRQ c2=0
DMA IRQ c3=0
SELECT busy=1676
SELECT w0=1676
SELECT w1=1101
SELECT w2=1007
BUSY TASK ewma=997
DMA IRQ c0=0
DMA IRQ c1=3
DMA IRQ c2=0
DMA IRQ c3=0
SELECT busy=1697
SELECT w0=1696
SELECT w1=1110
SELECT w2=1019
BUSY TASK ewma=997
DMA IRQ c0=0
DMA IRQ c1=3
DMA IRQ c2=0
DMA IRQ c3=0
SELECT busy=1721
SELECT w0=1720
SELECT w1=1123
SELECT w2=1032
BUSY TASK ewma=997
DMA IRQ c0=0
DMA IRQ c1=3
DMA IRQ c2=0
DMA IRQ c3=0
SELECT busy=1741
SELECT w0=1741
SELECT w1=1132
SELECT w2=1044
BUSY TASK ewma=997
DMA IRQ c0=0
DMA IRQ c1=3
DMA IRQ c2=0
DMA IRQ c3=0
SELECT busy=1761
SELECT w0=1760
SELECT w1=1140
SELECT w2=1052
BUSY TASK ewma=997
DMA IRQ c0=0
DMA IRQ c1=3
DMA IRQ c2=0
DMA IRQ c3=0
SELECT busy=1777
SELECT w0=1776
SELECT w1=1147
SELECT w2=1059
BUSY TASK ewma=997
DMA IRQ c0=0
DMA IRQ c1=3
DMA IRQ c2=0
DMA IRQ c3=0
SELECT busy=1813
SELECT w0=1813
SELECT w1=1166
SELECT w2=1077
BUSY TASK ewma=997
DMA IRQ c0=0
DMA IRQ c1=3
DMA IRQ c2=0
DMA IRQ c3=0
SELECT busy=1846
SELECT w0=1845
SELECT w1=1182
SELECT w2=1092
BUSY TASK ewma=997
DMA IRQ c0=0
DMA IRQ c1=3
DMA IRQ c2=0
DMA IRQ c3=0
SELECT busy=1872
SELECT w0=1872
SELECT w1=1198
SELECT w2=1112
BUSY TASK ewma=997
DMA IRQ c0=0
DMA IRQ c1=3
DMA IRQ c2=0
DMA IRQ c3=0
SELECT busy=1901
SELECT w0=1901
SELECT w1=1219
SELECT w2=1131
BUSY TASK ewma=997
DMA IRQ c0=0
DMA IRQ c1=3
DMA IRQ c2=0
DMA IRQ c3=0
SELECT busy=1925
SELECT w0=1925
SELECT w1=1235
SELECT w2=1148
BUSY TASK ewma=997
DMA IRQ c0=0
DMA IRQ c1=3
DMA IRQ c2=0
DMA IRQ c3=0
SELECT busy=1942
SELECT w0=1941
SELECT w1=1244
SELECT w2=1155
BUSY TASK ewma=997
DMA IRQ c0=0
DMA IRQ c1=3
DMA IRQ c2=0
DMA IRQ c3=0
SELECT busy=1953
SELECT w0=1952
SELECT w1=1251
SELECT w2=1162
BUSY TASK ewma=997
DMA IRQ c0=0
DMA IRQ c1=3
DMA IRQ c2=0
DMA IRQ c3=0
SELECT busy=1981
SELECT w0=1982
SELECT w1=1270
SELECT w2=1182
BUSY TASK ewma=997
DMA IRQ c0=0
DMA IRQ c1=3
DMA IRQ c2=0
DMA IRQ c3=0
SELECT busy=2017
SELECT w0=2017
SELECT w1=1287
SELECT w2=1199
BUSY TASK ewma=997
DMA IRQ c0=0
DMA IRQ c1=3
DMA IRQ c2=0
DMA IRQ c3=0
SELECT busy=2043
SELECT w0=2043
SELECT w1=1302
SELECT w2=1214
BUSY TASK ewma=997
DMA IRQ c0=0
DMA IRQ c1=3
DMA IRQ c2=0
DMA IRQ c3=0
SELECT busy=2077
SELECT w0=2076
SELECT w1=1320
SELECT w2=1231
BUSY TASK ewma=997
DMA IRQ c0=0
DMA IRQ c1=3
DMA IRQ c2=0
DMA IRQ c3=0
SELECT busy=2110
SELECT w0=2110
SELECT w1=1337
SELECT w2=1249
BUSY TASK ewma=997
DMA IRQ c0=0
DMA IRQ c1=3
DMA IRQ c2=0
DMA IRQ c3=0
SELECT busy=2132
SELECT w0=2132
SELECT w1=1352
SELECT w2=1263
BUSY TASK ewma=997
DMA IRQ c0=0
DMA IRQ c1=3
DMA IRQ c2=0
DMA IRQ c3=0
SELECT busy=2147
SELECT w0=2146
SELECT w1=1360
SELECT w2=1272
BUSY TASK ewma=997
DMA IRQ c0=0
DMA IRQ c1=3
DMA IRQ c2=0
DMA IRQ c3=0
SELECT busy=2164
SELECT w0=2164
SELECT w1=1369
SELECT w2=1281
BUSY TASK ewma=997
DMA IRQ c0=0
DMA IRQ c1=3
DMA IRQ c2=0
DMA IRQ c3=0
SELECT busy=2186
SELECT w0=2186
SELECT w1=1384
SELECT w2=1295
BUSY TASK ewma=997
DMA IRQ c0=0
DMA IRQ c1=3
DMA IRQ c2=0
DMA IRQ c3=0
SELECT busy=2206
SELECT w0=2205
SELECT w1=1397
SELECT w2=1304
BUSY TASK ewma=997
DMA IRQ c0=0
DMA IRQ c1=3
DMA IRQ c2=0
DMA IRQ c3=0
SELECT busy=2225
SELECT w0=2224
SELECT w1=1408
SELECT w2=1314
BUSY TASK ewma=997
DMA IRQ c0=0
DMA IRQ c1=3
DMA IRQ c2=0
DMA IRQ c3=0
SELECT busy=2243
SELECT w0=2243
SELECT w1=1417
SELECT w2=1325
BUSY TASK ewma=997
DMA IRQ c0=0
DMA IRQ c1=3
DMA IRQ c2=0
DMA IRQ c3=0
SELECT busy=2260
SELECT w0=2259
SELECT w1=1426
SELECT w2=1333
BUSY TASK ewma=997
DMA IRQ c0=0
DMA IRQ c1=3
DMA IRQ c2=0
DMA IRQ c3=0
SELECT busy=2285
SELECT w0=2285
SELECT w1=1442
SELECT w2=1348
BUSY TASK ewma=997
DMA IRQ c0=0
DMA IRQ c1=3
DMA IRQ c2=0
DMA IRQ c3=0
SELECT busy=2303
SELECT w0=2302
SELECT w1=1454
SELECT w2=1361
BUSY TASK ewma=997
DMA IRQ c0=0
DMA IRQ c1=3
DMA IRQ c2=0
DMA IRQ c3=0
SELECT busy=2317
SELECT w0=2316
SELECT w1=1462
SELECT w2=1369
BUSY TASK ewma=997
DMA IRQ c0=0
DMA IRQ c1=3
DMA IRQ c2=0
DMA IRQ c3=0
SELECT busy=2349
SELECT w0=2349
SELECT w1=1479
SELECT w2=1388
BUSY TASK ewma=997
DMA IRQ c0=0
DMA IRQ c1=3
DMA IRQ c2=0
DMA IRQ c3=0
SELECT busy=2383
SELECT w0=2383
SELECT w1=1496
SELECT w2=1409
BUSY TASK ewma=997
DMA IRQ c0=0
DMA IRQ c1=3
DMA IRQ c2=0
DMA IRQ c3=0
SELECT busy=2426
SELECT w0=2425
SELECT w1=1515
SELECT w2=1437
BUSY TASK ewma=997
DMA IRQ c0=0
DMA IRQ c1=3
DMA IRQ c2=0
DMA IRQ c3=0
SELECT busy=2457
SELECT w0=2456
SELECT w1=1529
SELECT w2=1454
BUSY TASK ewma=997
DMA IRQ c0=0
DMA IRQ c1=3
DMA IRQ c2=0
DMA IRQ c3=0
SELECT busy=2475
SELECT w0=2475
SELECT w1=1537
SELECT w2=1462
BUSY TASK ewma=997
DMA IRQ c0=0
DMA IRQ c1=3
DMA IRQ c2=0
DMA IRQ c3=0
SELECT busy=2494
SELECT w0=2494
SELECT w1=1545
SELECT w2=1470
BUSY TASK ewma=997
DMA IRQ c0=0
DMA IRQ c1=3
DMA IRQ c2=0
DMA IRQ c3=0
SELECT busy=2518
SELECT w0=2518
SELECT w1=1558
SELECT w2=1482
BUSY TASK ewma=997
DMA IRQ c0=0
DMA IRQ c1=3
DMA IRQ c2=0
DMA IRQ c3=0
SELECT busy=2536
SELECT w0=2536
SELECT w1=1568
SELECT w2=1494
BUSY TASK ewma=997
DMA IRQ c0=0
DMA IRQ c1=3
DMA IRQ c2=0
DMA IRQ c3=0
SELECT busy=2569
SELECT w0=2569
SELECT w1=1585
SELECT w2=1512
BUSY TASK ewma=997
DMA IRQ c0=0
DMA IRQ c1=3
DMA IRQ c2=0
DMA IRQ c3=0
SELECT busy=2591
SELECT w0=2590
SELECT w1=1594
SELECT w2=1522
BUSY TASK ewma=997
DMA IRQ c0=0
DMA IRQ c1=3
DMA IRQ c2=0
DMA IRQ c3=0
SELECT busy=2612
SELECT w0=2612
SELECT w1=1607
SELECT w2=1537
BUSY TASK ewma=997
DMA IRQ c0=0
DMA IRQ c1=3
DMA IRQ c2=0
DMA IRQ c3=0
SELECT busy=2632
SELECT w0=2632
SELECT w1=1619
SELECT w2=1551
BUSY TASK ewma=997
DMA IRQ c0=0
DMA IRQ c1=3
DMA IRQ c2=0
DMA IRQ c3=0
SELECT busy=2648
SELECT w0=2647
SELECT w1=1631
SELECT w2=1563
BUSY TASK ewma=997
DMA IRQ c0=0
DMA IRQ c1=3
DMA IRQ c2=0
DMA IRQ c3=0
SELECT busy=2663
SELECT w0=2663
SELECT w1=1642
SELECT w2=1574
BUSY TASK ewma=997
DMA IRQ c0=0
DMA IRQ c1=3
DMA IRQ c2=0
DMA IRQ c3=0
SELECT busy=2684
SELECT w0=2683
SELECT w1=1653
SELECT w2=1586
BUSY TASK ewma=997
DMA IRQ c0=0
DMA IRQ c1=3
DMA IRQ c2=0
DMA IRQ c3=0
SELECT busy=2705
SELECT w0=2705
SELECT w1=1667
SELECT w2=1597
BUSY TASK ewma=997
DMA IRQ c0=0
DMA IRQ c1=3
DMA IRQ c2=0
DMA IRQ c3=0
SELECT busy=2723
SELECT w0=2722
SELECT w1=1677
SELECT w2=1608
BUSY TASK ewma=997
DMA IRQ c0=0
DMA IRQ c1=3
DMA IRQ c2=0
DMA IRQ c3=0
SELECT busy=2746
SELECT w0=2746
SELECT w1=1692
SELECT w2=1626
BUSY TASK ewma=997
DMA IRQ c0=0
DMA IRQ c1=3
DMA IRQ c2=0
DMA IRQ c3=0
SELECT busy=2764
SELECT w0=2763
SELECT w1=1701
SELECT w2=1635
BUSY TASK ewma=997
DMA IRQ c0=0
DMA IRQ c1=3
DMA IRQ c2=0
DMA IRQ c3=0
SELECT busy=2780
SELECT w0=2779
SELECT w1=1709
SELECT w2=1645
BUSY TASK ewma=997
DMA IRQ c0=0
DMA IRQ c1=3
DMA IRQ c2=0
DMA IRQ c3=0
SELECT busy=2816
SELECT w0=2817
SELECT w1=1731
SELECT w2=1664
BUSY TASK ewma=997
DMA IRQ c0=0
DMA IRQ c1=3
DMA IRQ c2=0
DMA IRQ c3=0
SELECT busy=2845
SELECT w0=2845
SELECT w1=1745
SELECT w2=1679
BUSY TASK ewma=997
DMA IRQ c0=0
DMA IRQ c1=3
DMA IRQ c2=0
DMA IRQ c3=0
SELECT busy=2875
SELECT w0=2874
SELECT w1=1759
SELECT w2=1692
BUSY TASK ewma=997
DMA IRQ c0=0
DMA IRQ c1=3
DMA IRQ c2=0
DMA IRQ c3=0
SELECT busy=2909
SELECT w0=2908
SELECT w1=1772
SELECT w2=1706
BUSY TASK ewma=997
DMA IRQ c0=0
DMA IRQ c1=3
DMA IRQ c2=0
DMA IRQ c3=0
SELECT busy=2932
SELECT w0=2932
SELECT w1=1786
SELECT w2=1721
BUSY TASK ewma=997
IRQ counts: cpu0=5891 cpu1=6974 cpu2=6799 cpu3=6964
SCHED secondaries: calls=20738 unexpected=0
SECTEST switches=20707 cpu1=78997296,74607106 cpu2=57717262,60619630 cpu3=85320019,83285028
PINGPONG rounds=1326 pongs=1327
DMA IRQ c0=0
DMA IRQ c1=3
DMA IRQ c2=0
DMA IRQ c3=0
SELECT busy=2957
SELECT w0=2957
SELECT w1=1802
SELECT w2=1736
BUSY TASK ewma=997
DMA IRQ c0=0
DMA IRQ c1=3
DMA IRQ c2=0
DMA IRQ c3=0
SELECT busy=2976
SELECT w0=2975
SELECT w1=1813
SELECT w2=1748
BUSY TASK ewma=997
DMA IRQ c0=0
DMA IRQ c1=3
DMA IRQ c2=0
DMA IRQ c3=0
SELECT busy=2998
SELECT w0=2997
SELECT w1=1825
SELECT w2=1760
BUSY TASK ewma=997
DMA IRQ c0=0
DMA IRQ c1=3
DMA IRQ c2=0
DMA IRQ c3=0
SELECT busy=3017
SELECT w0=3017
SELECT w1=1841
SELECT w2=1777
BUSY TASK ewma=997
DMA IRQ c0=0
DMA IRQ c1=3
DMA IRQ c2=0
DMA IRQ c3=0
SELECT busy=3041
SELECT w0=3041
SELECT w1=1859
SELECT w2=1793
BUSY TASK ewma=997
DMA IRQ c0=0
DMA IRQ c1=3
DMA IRQ c2=0
DMA IRQ c3=0
SELECT busy=3059
SELECT w0=3060
SELECT w1=1871
SELECT w2=1806
BUSY TASK ewma=997
DMA IRQ c0=0
DMA IRQ c1=3
DMA IRQ c2=0
DMA IRQ c3=0
SELECT busy=3080
SELECT w0=3080
SELECT w1=1883
SELECT w2=1816
BUSY TASK ewma=997
DMA IRQ c0=0
DMA IRQ c1=3
DMA IRQ c2=0
DMA IRQ c3=0
SELECT busy=3097
SELECT w0=3097
SELECT w1=1896
SELECT w2=1826
BUSY TASK ewma=997
DMA IRQ c0=0
DMA IRQ c1=3
DMA IRQ c2=0
DMA IRQ c3=0
SELECT busy=3113
SELECT w0=3112
SELECT w1=1906
SELECT w2=1837
BUSY TASK ewma=997
DMA IRQ c0=0
DMA IRQ c1=3
DMA IRQ c2=0
DMA IRQ c3=0
SELECT busy=3127
SELECT w0=3127
SELECT w1=1914
SELECT w2=1845
BUSY TASK ewma=997
DMA IRQ c0=0
DMA IRQ c1=3
DMA IRQ c2=0
DMA IRQ c3=0
SELECT busy=3141
SELECT w0=3141
SELECT w1=1924
SELECT w2=1854
BUSY TASK ewma=997
DMA IRQ c0=0
DMA IRQ c1=3
DMA IRQ c2=0
DMA IRQ c3=0
SELECT busy=3155
SELECT w0=3154
SELECT w1=1932
SELECT w2=1863
BUSY TASK ewma=997
DMA IRQ c0=0
DMA IRQ c1=3
DMA IRQ c2=0
DMA IRQ c3=0
SELECT busy=3173
SELECT w0=3172
SELECT w1=1943
SELECT w2=1872
BUSY TASK ewma=997
DMA IRQ c0=0
DMA IRQ c1=3
DMA IRQ c2=0
DMA IRQ c3=0
SELECT busy=3187
SELECT w0=3187
SELECT w1=1952
SELECT w2=1881
BUSY TASK ewma=997
DMA IRQ c0=0
DMA IRQ c1=3
DMA IRQ c2=0
DMA IRQ c3=0
SELECT busy=3221
SELECT w0=3221
SELECT w1=1971
SELECT w2=1897
BUSY TASK ewma=997
DMA IRQ c0=0
DMA IRQ c1=3
DMA IRQ c2=0
DMA IRQ c3=0
SELECT busy=3261
SELECT w0=3261
SELECT w1=1990
SELECT w2=1919
BUSY TASK ewma=997
DMA IRQ c0=0
DMA IRQ c1=3
DMA IRQ c2=0
DMA IRQ c3=0
SELECT busy=3291
SELECT w0=3290
SELECT w1=2008
SELECT w2=1936
BUSY TASK ewma=997
DMA IRQ c0=0
DMA IRQ c1=3
DMA IRQ c2=0
DMA IRQ c3=0
SELECT busy=3326
SELECT w0=3326
SELECT w1=2025
SELECT w2=1954
BUSY TASK ewma=997
DMA IRQ c0=0
DMA IRQ c1=3
DMA IRQ c2=0
DMA IRQ c3=0
SELECT busy=3354
SELECT w0=3353
SELECT w1=2037
SELECT w2=1967
BUSY TASK ewma=997
DMA IRQ c0=0
DMA IRQ c1=3
DMA IRQ c2=0
DMA IRQ c3=0
SELECT busy=3372
SELECT w0=3371
SELECT w1=2046
SELECT w2=1977
BUSY TASK ewma=997
DMA IRQ c0=0
DMA IRQ c1=3
DMA IRQ c2=0
DMA IRQ c3=0
SELECT busy=3390
SELECT w0=3389
SELECT w1=2059
SELECT w2=1988
BUSY TASK ewma=997
DMA IRQ c0=0
DMA IRQ c1=3
DMA IRQ c2=0
DMA IRQ c3=0
SELECT busy=3415
SELECT w0=3416
SELECT w1=2075
SELECT w2=2002
BUSY TASK ewma=997
DMA IRQ c0=0
DMA IRQ c1=3
DMA IRQ c2=0
DMA IRQ c3=0
SELECT busy=3448
SELECT w0=3448
SELECT w1=2092
SELECT w2=2017
BUSY TASK ewma=997
DMA IRQ c0=0
DMA IRQ c1=3
DMA IRQ c2=0
DMA IRQ c3=0
SELECT busy=3485
SELECT w0=3484
SELECT w1=2110
SELECT w2=2036
BUSY TASK ewma=997
DMA IRQ c0=0
DMA IRQ c1=3
DMA IRQ c2=0
DMA IRQ c3=0
SELECT busy=3517
SELECT w0=3516
SELECT w1=2128
SELECT w2=2054
BUSY TASK ewma=997
DMA IRQ c0=0
DMA IRQ c1=3
DMA IRQ c2=0
DMA IRQ c3=0
SELECT busy=3551
SELECT w0=3551
SELECT w1=2152
SELECT w2=2075
BUSY TASK ewma=997
DMA IRQ c0=0
DMA IRQ c1=3
DMA IRQ c2=0
DMA IRQ c3=0
SELECT busy=3573
SELECT w0=3573
SELECT w1=2165
SELECT w2=2087
BUSY TASK ewma=997
DMA IRQ c0=0
DMA IRQ c1=3
DMA IRQ c2=0
DMA IRQ c3=0
SELECT busy=3588
SELECT w0=3589
SELECT w1=2175
SELECT w2=2098
BUSY TASK ewma=997
DMA IRQ c0=0
DMA IRQ c1=3
DMA IRQ c2=0
DMA IRQ c3=0
SELECT busy=3606
SELECT w0=3606
SELECT w1=2187
SELECT w2=2109
BUSY TASK ewma=997
DMA IRQ c0=0
DMA IRQ c1=3
DMA IRQ c2=0
DMA IRQ c3=0
SELECT busy=3627
SELECT w0=3627
SELECT w1=2199
SELECT w2=2125
BUSY TASK ewma=997
DMA IRQ c0=0
DMA IRQ c1=3
DMA IRQ c2=0
DMA IRQ c3=0
SELECT busy=3648
SELECT w0=3647
SELECT w1=2213
SELECT w2=2136
BUSY TASK ewma=997
DMA IRQ c0=0
DMA IRQ c1=3
DMA IRQ c2=0
DMA IRQ c3=0
SELECT busy=3673
SELECT w0=3673
SELECT w1=2227
SELECT w2=2154
BUSY TASK ewma=997
DMA IRQ c0=0
DMA IRQ c1=3
DMA IRQ c2=0
DMA IRQ c3=0
SELECT busy=3697
SELECT w0=3696
SELECT w1=2239
SELECT w2=2165
BUSY TASK ewma=997
DMA IRQ c0=0
DMA IRQ c1=3
DMA IRQ c2=0
DMA IRQ c3=0
SELECT busy=3719
SELECT w0=3720
SELECT w1=2253
SELECT w2=2182
BUSY TASK ewma=997
DMA IRQ c0=0
DMA IRQ c1=3
DMA IRQ c2=0
DMA IRQ c3=0
SELECT busy=3749
SELECT w0=3748
SELECT w1=2266
SELECT w2=2195
BUSY TASK ewma=997
DMA IRQ c0=0
DMA IRQ c1=3
DMA IRQ c2=0
DMA IRQ c3=0
SELECT busy=3774
SELECT w0=3774
SELECT w1=2280
SELECT w2=2210
BUSY TASK ewma=997
DMA IRQ c0=0
DMA IRQ c1=3
DMA IRQ c2=0
DMA IRQ c3=0
SELECT busy=3804
SELECT w0=3804
SELECT w1=2296
SELECT w2=2226
BUSY TASK ewma=997
DMA IRQ c0=0
DMA IRQ c1=3
DMA IRQ c2=0
DMA IRQ c3=0
SELECT busy=3835
SELECT w0=3834
SELECT w1=2310
SELECT w2=2244
BUSY TASK ewma=997
DMA IRQ c0=0
DMA IRQ c1=3
DMA IRQ c2=0
DMA IRQ c3=0
SELECT busy=3853
SELECT w0=3852
SELECT w1=2321
SELECT w2=2256
BUSY TASK ewma=997
DMA IRQ c0=0
DMA IRQ c1=3
DMA IRQ c2=0
DMA IRQ c3=0
SELECT busy=3880
SELECT w0=3879
SELECT w1=2332
SELECT w2=2271
BUSY TASK ewma=997
DMA IRQ c0=0
DMA IRQ c1=3
DMA IRQ c2=0
DMA IRQ c3=0
SELECT busy=3898
SELECT w0=3897
SELECT w1=2345
SELECT w2=2281
BUSY TASK ewma=997
DMA IRQ c0=0
DMA IRQ c1=3
DMA IRQ c2=0
DMA IRQ c3=0
SELECT busy=3917
SELECT w0=3916
SELECT w1=2353
SELECT w2=2292
BUSY TASK ewma=997
DMA IRQ c0=0
DMA IRQ c1=3
DMA IRQ c2=0
DMA IRQ c3=0
SELECT busy=3943
SELECT w0=3944
SELECT w1=2366
SELECT w2=2308
BUSY TASK ewma=997
DMA IRQ c0=0
DMA IRQ c1=3
DMA IRQ c2=0
DMA IRQ c3=0
SELECT busy=3967
SELECT w0=3967
SELECT w1=2377
SELECT w2=2319
BUSY TASK ewma=997
DMA IRQ c0=0
DMA IRQ c1=3
DMA IRQ c2=0
DMA IRQ c3=0
SELECT busy=3992
SELECT w0=3991
SELECT w1=2388
SELECT w2=2331
BUSY TASK ewma=997
DMA IRQ c0=0
DMA IRQ c1=3
DMA IRQ c2=0
DMA IRQ c3=0
SELECT busy=4012
SELECT w0=4012
SELECT w1=2398
SELECT w2=2344
BUSY TASK ewma=997
DMA IRQ c0=0
DMA IRQ c1=3
DMA IRQ c2=0
DMA IRQ c3=0
SELECT busy=4033
SELECT w0=4033
SELECT w1=2415
SELECT w2=2358
BUSY TASK ewma=997
DMA IRQ c0=0
DMA IRQ c1=3
DMA IRQ c2=0
DMA IRQ c3=0
SELECT busy=4051
SELECT w0=4051
SELECT w1=2425
SELECT w2=2370
BUSY TASK ewma=997
DMA IRQ c0=0
DMA IRQ c1=3
DMA IRQ c2=0
DMA IRQ c3=0
SELECT busy=4074
SELECT w0=4074
SELECT w1=2438
SELECT w2=2382
BUSY TASK ewma=997
DMA IRQ c0=0
DMA IRQ c1=3
DMA IRQ c2=0
DMA IRQ c3=0
SELECT busy=4099
SELECT w0=4099
SELECT w1=2453
SELECT w2=2397
BUSY TASK ewma=997
DMA IRQ c0=0
DMA IRQ c1=3
DMA IRQ c2=0
DMA IRQ c3=0
SELECT busy=4118
SELECT w0=4119
SELECT w1=2465
SELECT w2=2412
BUSY TASK ewma=997
DMA IRQ c0=0
DMA IRQ c1=3
DMA IRQ c2=0
DMA IRQ c3=0
SELECT busy=4142
SELECT w0=4143
SELECT w1=2477
SELECT w2=2421
BUSY TASK ewma=997
DMA IRQ c0=0
DMA IRQ c1=3
DMA IRQ c2=0
DMA IRQ c3=0
SELECT busy=4161
SELECT w0=4162
SELECT w1=2493
SELECT w2=2435
BUSY TASK ewma=997
DMA IRQ c0=0
DMA IRQ c1=3
DMA IRQ c2=0
DMA IRQ c3=0
SELECT busy=4201
SELECT w0=4200
SELECT w1=2514
SELECT w2=2452
BUSY TASK ewma=997
DMA IRQ c0=0
DMA IRQ c1=3
DMA IRQ c2=0
DMA IRQ c3=0
SELECT busy=4230
SELECT w0=4229
SELECT w1=2526
SELECT w2=2465
BUSY TASK ewma=997
DMA IRQ c0=0
DMA IRQ c1=3
DMA IRQ c2=0
DMA IRQ c3=0
SELECT busy=4262
SELECT w0=4262
SELECT w1=2542
SELECT w2=2481
BUSY TASK ewma=997
DMA IRQ c0=0
DMA IRQ c1=3
DMA IRQ c2=0
DMA IRQ c3=0
SELECT busy=4286
SELECT w0=4285
SELECT w1=2552
SELECT w2=2493
BUSY TASK ewma=997
DMA IRQ c0=0
DMA IRQ c1=3
DMA IRQ c2=0
DMA IRQ c3=0
SELECT busy=4320
SELECT w0=4319
SELECT w1=2568
SELECT w2=2507
BUSY TASK ewma=997
DMA IRQ c0=0
DMA IRQ c1=3
DMA IRQ c2=0
DMA IRQ c3=0
SELECT busy=4348
SELECT w0=4347
SELECT w1=2581
SELECT w2=2521
BUSY TASK ewma=997
DMA IRQ c0=0
DMA IRQ c1=3
DMA IRQ c2=0
DMA IRQ c3=0
SELECT busy=4371
SELECT w0=4370
SELECT w1=2593
SELECT w2=2532
BUSY TASK ewma=997
DMA IRQ c0=0
DMA IRQ c1=3
DMA IRQ c2=0
DMA IRQ c3=0
SELECT busy=4396
SELECT w0=4395
SELECT w1=2603
SELECT w2=2544
BUSY TASK ewma=997
DMA IRQ c0=0
DMA IRQ c1=3
DMA IRQ c2=0
DMA IRQ c3=0
SELECT busy=4414
SELECT w0=4413
SELECT w1=2609
SELECT w2=2551
BUSY TASK ewma=997
DMA IRQ c0=0
DMA IRQ c1=3
DMA IRQ c2=0
DMA IRQ c3=0
SELECT busy=4437
SELECT w0=4437
SELECT w1=2623
SELECT w2=2565
BUSY TASK ewma=997
DMA IRQ c0=0
DMA IRQ c1=3
DMA IRQ c2=0
DMA IRQ c3=0
SELECT busy=4459
SELECT w0=4459
SELECT w1=2638
SELECT w2=2580
BUSY TASK ewma=997
IRQ counts: cpu0=8951 cpu1=10456 cpu2=10305 cpu3=10441
SCHED secondaries: calls=31221 unexpected=0
SECTEST switches=31199 cpu1=116470331,111989889 cpu2=87133933,89798562 cpu3=127388863,123191756
PINGPONG rounds=1957 pongs=1958
DMA IRQ c0=0
DMA IRQ c1=3
DMA IRQ c2=0
DMA IRQ c3=0
SELECT busy=4495
SELECT w0=4494
SELECT w1=2661
SELECT w2=2606
BUSY TASK ewma=997
DMA IRQ c0=0
DMA IRQ c1=3
DMA IRQ c2=0
DMA IRQ c3=0
SELECT busy=4534
SELECT w0=4534
SELECT w1=2682
SELECT w2=2627
BUSY TASK ewma=997
DMA IRQ c0=0
DMA IRQ c1=3
DMA IRQ c2=0
DMA IRQ c3=0
SELECT busy=4567
SELECT w0=4566
SELECT w1=2699
SELECT w2=2641
BUSY TASK ewma=997
DMA IRQ c0=0
DMA IRQ c1=3
DMA IRQ c2=0
DMA IRQ c3=0
SELECT busy=4604
SELECT w0=4604
SELECT w1=2717
SELECT w2=2659
BUSY TASK ewma=997
DMA IRQ c0=0
DMA IRQ c1=3
DMA IRQ c2=0
DMA IRQ c3=0
SELECT busy=4641
SELECT w0=4640
SELECT w1=2733
SELECT w2=2675
BUSY TASK ewma=997
DMA IRQ c0=0
DMA IRQ c1=3
DMA IRQ c2=0
DMA IRQ c3=0
SELECT busy=4660
SELECT w0=4660
SELECT w1=2741
SELECT w2=2687
BUSY TASK ewma=997
DMA IRQ c0=0
DMA IRQ c1=3
DMA IRQ c2=0
DMA IRQ c3=0
SELECT busy=4682
SELECT w0=4682
SELECT w1=2751
SELECT w2=2699
BUSY TASK ewma=997
DMA IRQ c0=0
DMA IRQ c1=3
DMA IRQ c2=0
DMA IRQ c3=0
SELECT busy=4706
SELECT w0=4705
SELECT w1=2760
SELECT w2=2710
BUSY TASK ewma=997
DMA IRQ c0=0
DMA IRQ c1=3
DMA IRQ c2=0
DMA IRQ c3=0
SELECT busy=4725
SELECT w0=4724
SELECT w1=2769
SELECT w2=2721
BUSY TASK ewma=997
DMA IRQ c0=0
DMA IRQ c1=3
DMA IRQ c2=0
DMA IRQ c3=0
SELECT busy=4745
SELECT w0=4744
SELECT w1=2778
SELECT w2=2732
BUSY TASK ewma=997
DMA IRQ c0=0
DMA IRQ c1=3
DMA IRQ c2=0
DMA IRQ c3=0
SELECT busy=4772
SELECT w0=4771
SELECT w1=2790
SELECT w2=2744
BUSY TASK ewma=997
DMA IRQ c0=0
DMA IRQ c1=3
DMA IRQ c2=0
DMA IRQ c3=0
SELECT busy=4793
SELECT w0=4792
SELECT w1=2797
SELECT w2=2754
BUSY TASK ewma=997
DMA IRQ c0=0
DMA IRQ c1=3
DMA IRQ c2=0
DMA IRQ c3=0
SELECT busy=4811
SELECT w0=4811
SELECT w1=2806
SELECT w2=2766
BUSY TASK ewma=997
DMA IRQ c0=0
DMA IRQ c1=3
DMA IRQ c2=0
DMA IRQ c3=0
SELECT busy=4828
SELECT w0=4827
SELECT w1=2813
SELECT w2=2775
BUSY TASK ewma=997
DMA IRQ c0=0
DMA IRQ c1=3
DMA IRQ c2=0
DMA IRQ c3=0
SELECT busy=4841
SELECT w0=4840
SELECT w1=2819
SELECT w2=2782
BUSY TASK ewma=997
DMA IRQ c0=0
DMA IRQ c1=3
DMA IRQ c2=0
DMA IRQ c3=0
SELECT busy=4868
SELECT w0=4867
SELECT w1=2834
SELECT w2=2798
BUSY TASK ewma=997
DMA IRQ c0=0
DMA IRQ c1=3
DMA IRQ c2=0
DMA IRQ c3=0
SELECT busy=4903
SELECT w0=4903
SELECT w1=2851
SELECT w2=2816
BUSY TASK ewma=997
DMA IRQ c0=0
DMA IRQ c1=3
DMA IRQ c2=0
DMA IRQ c3=0
SELECT busy=4945
SELECT w0=4945
SELECT w1=2872
SELECT w2=2843
BUSY TASK ewma=997
DMA IRQ c0=0
DMA IRQ c1=3
DMA IRQ c2=0
DMA IRQ c3=0
SELECT busy=4972
SELECT w0=4973
SELECT w1=2889
SELECT w2=2861
BUSY TASK ewma=997
DMA IRQ c0=0
DMA IRQ c1=3
DMA IRQ c2=0
DMA IRQ c3=0
SELECT busy=4999
SELECT w0=4999
SELECT w1=2901
SELECT w2=2875
BUSY TASK ewma=997
DMA IRQ c0=0
DMA IRQ c1=3
DMA IRQ c2=0
DMA IRQ c3=0
SELECT busy=5018
SELECT w0=5017
SELECT w1=2906
SELECT w2=2881
BUSY TASK ewma=997
DMA IRQ c0=0
DMA IRQ c1=3
DMA IRQ c2=0
DMA IRQ c3=0
SELECT busy=5040
SELECT w0=5039
SELECT w1=2915
SELECT w2=2896
BUSY TASK ewma=997
DMA IRQ c0=0
DMA IRQ c1=3
DMA IRQ c2=0
DMA IRQ c3=0
SELECT busy=5059
SELECT w0=5058
SELECT w1=2924
SELECT w2=2910
BUSY TASK ewma=997
DMA IRQ c0=0
DMA IRQ c1=3
DMA IRQ c2=0
DMA IRQ c3=0
SELECT busy=5074
SELECT w0=5074
SELECT w1=2935
SELECT w2=2921
BUSY TASK ewma=997
DMA IRQ c0=0
DMA IRQ c1=3
DMA IRQ c2=0
DMA IRQ c3=0
SELECT busy=5091
SELECT w0=5090
SELECT w1=2940
SELECT w2=2930
BUSY TASK ewma=997
DMA IRQ c0=0
DMA IRQ c1=3
DMA IRQ c2=0
DMA IRQ c3=0
SELECT busy=5110
SELECT w0=5109
SELECT w1=2946
SELECT w2=2938
BUSY TASK ewma=997
DMA IRQ c0=0
DMA IRQ c1=3
DMA IRQ c2=0
DMA IRQ c3=0
SELECT busy=5127
SELECT w0=5126
SELECT w1=2953
SELECT w2=2946
BUSY TASK ewma=997
DMA IRQ c0=0
DMA IRQ c1=3
DMA IRQ c2=0
DMA IRQ c3=0
SELECT busy=5144
SELECT w0=5144
SELECT w1=2959
SELECT w2=2953
BUSY TASK ewma=997
DMA IRQ c0=0
DMA IRQ c1=3
DMA IRQ c2=0
DMA IRQ c3=0
SELECT busy=5159
SELECT w0=5159
SELECT w1=2966
SELECT w2=2964
BUSY TASK ewma=997
DMA IRQ c0=0
DMA IRQ c1=3
DMA IRQ c2=0
DMA IRQ c3=0
SELECT busy=5175
SELECT w0=5174
SELECT w1=2974
SELECT w2=2972
BUSY TASK ewma=997
DMA IRQ c0=0
DMA IRQ c1=3
DMA IRQ c2=0
DMA IRQ c3=0
SELECT busy=5193
SELECT w0=5193
SELECT w1=2981
SELECT w2=2983
BUSY TASK ewma=997
DMA IRQ c0=0
DMA IRQ c1=3
DMA IRQ c2=0
DMA IRQ c3=0
SELECT busy=5215
SELECT w0=5215
SELECT w1=2992
SELECT w2=2997
BUSY TASK ewma=997
DMA IRQ c0=0
DMA IRQ c1=3
DMA IRQ c2=0
DMA IRQ c3=0
SELECT busy=5237
SELECT w0=5236
SELECT w1=3002
SELECT w2=3008
BUSY TASK ewma=997
DMA IRQ c0=0
DMA IRQ c1=3
DMA IRQ c2=0
DMA IRQ c3=0
SELECT busy=5262
SELECT w0=5262
SELECT w1=3013
SELECT w2=3020
BUSY TASK ewma=997
DMA IRQ c0=0
DMA IRQ c1=3
DMA IRQ c2=0
DMA IRQ c3=0
SELECT busy=5278
SELECT w0=5277
SELECT w1=3022
SELECT w2=3031
BUSY TASK ewma=997
DMA IRQ c0=0
DMA IRQ c1=3
DMA IRQ c2=0
DMA IRQ c3=0
SELECT busy=5304
SELECT w0=5304
SELECT w1=3035
SELECT w2=3045
BUSY TASK ewma=997
DMA IRQ c0=0
DMA IRQ c1=3
DMA IRQ c2=0
DMA IRQ c3=0
SELECT busy=5324
SELECT w0=5323
SELECT w1=3042
SELECT w2=3054
BUSY TASK ewma=997
DMA IRQ c0=0
DMA IRQ c1=3
DMA IRQ c2=0
DMA IRQ c3=0
SELECT busy=5343
SELECT w0=5343
SELECT w1=3052
SELECT w2=3067
BUSY TASK ewma=997
DMA IRQ c0=0
DMA IRQ c1=3
DMA IRQ c2=0
DMA IRQ c3=0
SELECT busy=5362
SELECT w0=5361
SELECT w1=3060
SELECT w2=3077
BUSY TASK ewma=997
DMA IRQ c0=0
DMA IRQ c1=3
DMA IRQ c2=0
DMA IRQ c3=0
SELECT busy=5381
SELECT w0=5380
SELECT w1=3066
SELECT w2=3085
BUSY TASK ewma=997
DMA IRQ c0=0
DMA IRQ c1=3
DMA IRQ c2=0
DMA IRQ c3=0
SELECT busy=5399
SELECT w0=5399
SELECT w1=3078
SELECT w2=3097
BUSY TASK ewma=997
DMA IRQ c0=0
DMA IRQ c1=3
DMA IRQ c2=0
DMA IRQ c3=0
SELECT busy=5417
SELECT w0=5417
SELECT w1=3088
SELECT w2=3110
BUSY TASK ewma=997
DMA IRQ c0=0
DMA IRQ c1=3
DMA IRQ c2=0
DMA IRQ c3=0
SELECT busy=5438
SELECT w0=5437
SELECT w1=3096
SELECT w2=3120
BUSY TASK ewma=997
DMA IRQ c0=0
DMA IRQ c1=3
DMA IRQ c2=0
DMA IRQ c3=0
SELECT busy=5454
SELECT w0=5453
SELECT w1=3103
SELECT w2=3128
BUSY TASK ewma=997
DMA IRQ c0=0
DMA IRQ c1=3
DMA IRQ c2=0
DMA IRQ c3=0
SELECT busy=5484
SELECT w0=5484
SELECT w1=3118
SELECT w2=3145
BUSY TASK ewma=997
DMA IRQ c0=0
DMA IRQ c1=3
DMA IRQ c2=0
DMA IRQ c3=0
SELECT busy=5506
SELECT w0=5506
SELECT w1=3131
SELECT w2=3161
BUSY TASK ewma=997
DMA IRQ c0=0
DMA IRQ c1=3
DMA IRQ c2=0
DMA IRQ c3=0
SELECT busy=5535
SELECT w0=5535
SELECT w1=3143
SELECT w2=3175
BUSY TASK ewma=997
DMA IRQ c0=0
DMA IRQ c1=3
DMA IRQ c2=0
DMA IRQ c3=0
SELECT busy=5559
SELECT w0=5558
SELECT w1=3155
SELECT w2=3188
BUSY TASK ewma=997
DMA IRQ c0=0
DMA IRQ c1=3
DMA IRQ c2=0
DMA IRQ c3=0
SELECT busy=5582
SELECT w0=5581
SELECT w1=3165
SELECT w2=3201
BUSY TASK ewma=997
DMA IRQ c0=0
DMA IRQ c1=3
DMA IRQ c2=0
DMA IRQ c3=0
SELECT busy=5608
SELECT w0=5609
SELECT w1=3175
SELECT w2=3214
BUSY TASK ewma=997
DMA IRQ c0=0
DMA IRQ c1=3
DMA IRQ c2=0
DMA IRQ c3=0
SELECT busy=5637
SELECT w0=5636
SELECT w1=3184
SELECT w2=3227
BUSY TASK ewma=997
DMA IRQ c0=0
DMA IRQ c1=3
DMA IRQ c2=0
DMA IRQ c3=0
SELECT busy=5663
SELECT w0=5663
SELECT w1=3196
SELECT w2=3242
BUSY TASK ewma=997
DMA IRQ c0=0
DMA IRQ c1=3
DMA IRQ c2=0
DMA IRQ c3=0
SELECT busy=5685
SELECT w0=5685
SELECT w1=3207
SELECT w2=3255
BUSY TASK ewma=997
DMA IRQ c0=0
DMA IRQ c1=3
DMA IRQ c2=0
DMA IRQ c3=0
SELECT busy=5709
SELECT w0=5709
SELECT w1=3219
SELECT w2=3272
BUSY TASK ewma=997
DMA IRQ c0=0
DMA IRQ c1=3
DMA IRQ c2=0
DMA IRQ c3=0
SELECT busy=5728
SELECT w0=5727
SELECT w1=3225
SELECT w2=3278
BUSY TASK ewma=997
DMA IRQ c0=0
DMA IRQ c1=3
DMA IRQ c2=0
DMA IRQ c3=0
SELECT busy=5746
SELECT w0=5745
SELECT w1=3230
SELECT w2=3284
BUSY TASK ewma=997
DMA IRQ c0=0
DMA IRQ c1=3
DMA IRQ c2=0
DMA IRQ c3=0
SELECT busy=5765
SELECT w0=5764
SELECT w1=3236
SELECT w2=3292
BUSY TASK ewma=997
DMA IRQ c0=0
DMA IRQ c1=3
DMA IRQ c2=0
DMA IRQ c3=0
SELECT busy=5786
SELECT w0=5785
SELECT w1=3242
SELECT w2=3301
BUSY TASK ewma=997
DMA IRQ c0=0
DMA IRQ c1=3
DMA IRQ c2=0
DMA IRQ c3=0
SELECT busy=5808
SELECT w0=5808
SELECT w1=3250
SELECT w2=3311
BUSY TASK ewma=997
DMA IRQ c0=0
DMA IRQ c1=3
DMA IRQ c2=0
DMA IRQ c3=0
SELECT busy=5829
SELECT w0=5828
SELECT w1=3258
SELECT w2=3326
BUSY TASK ewma=997
DMA IRQ c0=0
DMA IRQ c1=3
DMA IRQ c2=0
DMA IRQ c3=0
SELECT busy=5851
SELECT w0=5852
SELECT w1=3271
SELECT w2=3341
BUSY TASK ewma=997
DMA IRQ c0=0
DMA IRQ c1=3
DMA IRQ c2=0
DMA IRQ c3=0
SELECT busy=5868
SELECT w0=5867
SELECT w1=3276
SELECT w2=3348
BUSY TASK ewma=997
DMA IRQ c0=0
DMA IRQ c1=3
DMA IRQ c2=0
DMA IRQ c3=0
SELECT busy=5887
SELECT w0=5886
SELECT w1=3284
SELECT w2=3359
BUSY TASK ewma=997
DMA IRQ c0=0
DMA IRQ c1=3
DMA IRQ c2=0
DMA IRQ c3=0
SELECT busy=5904
SELECT w0=5904
SELECT w1=3292
SELECT w2=3369
BUSY TASK ewma=997
IRQ counts: cpu0=11861 cpu1=13666 cpu2=13497 cpu3=13534
SCHED secondaries: calls=40701 unexpected=0
SECTEST switches=40661 cpu1=146068842,138994913 cpu2=114295840,117372920 cpu3=164980704,160829379
PINGPONG rounds=2000 pongs=2000
DMA IRQ c0=0
DMA IRQ c1=3
DMA IRQ c2=0
DMA IRQ c3=0
SELECT busy=5938
SELECT w0=5938
SELECT w1=3306
SELECT w2=3390
BUSY TASK ewma=997
DMA IRQ c0=0
DMA IRQ c1=3
DMA IRQ c2=0
DMA IRQ c3=0
SELECT busy=5957
SELECT w0=5956
SELECT w1=3312
SELECT w2=3398
BUSY TASK ewma=997
DMA IRQ c0=0
DMA IRQ c1=3
DMA IRQ c2=0
DMA IRQ c3=0
SELECT busy=5970
SELECT w0=5970
SELECT w1=3318
SELECT w2=3405
BUSY TASK ewma=997
DMA IRQ c0=0
DMA IRQ c1=3
DMA IRQ c2=0
DMA IRQ c3=0
SELECT busy=5988
SELECT w0=5987
SELECT w1=3325
SELECT w2=3413
BUSY TASK ewma=997
DMA IRQ c0=0
DMA IRQ c1=3
DMA IRQ c2=0
DMA IRQ c3=0
SELECT busy=6007
SELECT w0=6007
SELECT w1=3335
SELECT w2=3426
BUSY TASK ewma=997
DMA IRQ c0=0
DMA IRQ c1=3
DMA IRQ c2=0
DMA IRQ c3=0
SELECT busy=6026
SELECT w0=6025
SELECT w1=3344
SELECT w2=3436
BUSY TASK ewma=997
DMA IRQ c0=0
DMA IRQ c1=3
DMA IRQ c2=0
DMA IRQ c3=0
SELECT busy=6044
SELECT w0=6044
SELECT w1=3353
SELECT w2=3446
BUSY TASK ewma=997
DMA IRQ c0=0
DMA IRQ c1=3
DMA IRQ c2=0
DMA IRQ c3=0
SELECT busy=6062
SELECT w0=6062
SELECT w1=3362
SELECT w2=3456
BUSY TASK ewma=997
DMA IRQ c0=0
DMA IRQ c1=3
DMA IRQ c2=0
DMA IRQ c3=0
SELECT busy=6080
SELECT w0=6081
SELECT w1=3373
SELECT w2=3473
BUSY TASK ewma=997
DMA IRQ c0=0
DMA IRQ c1=3
DMA IRQ c2=0
DMA IRQ c3=0
SELECT busy=6099
SELECT w0=6098
SELECT w1=3382
SELECT w2=3484
BUSY TASK ewma=997
DMA IRQ c0=0
DMA IRQ c1=3
DMA IRQ c2=0
DMA IRQ c3=0
SELECT busy=6114
SELECT w0=6113
SELECT w1=3389
SELECT w2=3495
BUSY TASK ewma=997
DMA IRQ c0=0
DMA IRQ c1=3
DMA IRQ c2=0
DMA IRQ c3=0
SELECT busy=6134
SELECT w0=6134
SELECT w1=3401
SELECT w2=3507
BUSY TASK ewma=997
DMA IRQ c0=0
DMA IRQ c1=3
DMA IRQ c2=0
DMA IRQ c3=0
SELECT busy=6149
SELECT w0=6148
SELECT w1=3408
SELECT w2=3516
BUSY TASK ewma=997
DMA IRQ c0=0
DMA IRQ c1=3
DMA IRQ c2=0
DMA IRQ c3=0
SELECT busy=6168
SELECT w0=6168
SELECT w1=3423
SELECT w2=3530
BUSY TASK ewma=997
DMA IRQ c0=0
DMA IRQ c1=3
DMA IRQ c2=0
DMA IRQ c3=0
SELECT busy=6190
SELECT w0=6189
SELECT w1=3431
SELECT w2=3538
BUSY TASK ewma=997
DMA IRQ c0=0
DMA IRQ c1=3
DMA IRQ c2=0
DMA IRQ c3=0
SELECT busy=6203
SELECT w0=6203
SELECT w1=3438
SELECT w2=3548
BUSY TASK ewma=997
DMA IRQ c0=0
DMA IRQ c1=3
DMA IRQ c2=0
DMA IRQ c3=0
SELECT busy=6220
SELECT w0=6220
SELECT w1=3448
SELECT w2=3561
BUSY TASK ewma=997
DMA IRQ c0=0
DMA IRQ c1=3
DMA IRQ c2=0
DMA IRQ c3=0
SELECT busy=6239
SELECT w0=6239
SELECT w1=3458
SELECT w2=3570
BUSY TASK ewma=997
DMA IRQ c0=0
DMA IRQ c1=3
DMA IRQ c2=0
DMA IRQ c3=0
SELECT busy=6258
SELECT w0=6257
SELECT w1=3466
SELECT w2=3582
BUSY TASK ewma=997
DMA IRQ c0=0
DMA IRQ c1=3
DMA IRQ c2=0
DMA IRQ c3=0
SELECT busy=6279
SELECT w0=6278
SELECT w1=3475
SELECT w2=3593
BUSY TASK ewma=997
DMA IRQ c0=0
DMA IRQ c1=3
DMA IRQ c2=0
DMA IRQ c3=0
SELECT busy=6291
SELECT w0=6291
SELECT w1=3481
SELECT w2=3602
BUSY TASK ewma=997
DMA IRQ c0=0
DMA IRQ c1=3
DMA IRQ c2=0
DMA IRQ c3=0
SELECT busy=6322
SELECT w0=6321
SELECT w1=3494
SELECT w2=3619
BUSY TASK ewma=997
DMA IRQ c0=0
DMA IRQ c1=3
DMA IRQ c2=0
DMA IRQ c3=0
SELECT busy=6339
SELECT w0=6339
SELECT w1=3504
SELECT w2=3632
BUSY TASK ewma=997
DMA IRQ c0=0
DMA IRQ c1=3
DMA IRQ c2=0
DMA IRQ c3=0
SELECT busy=6358
SELECT w0=6358
SELECT w1=3515
SELECT w2=3643
BUSY TASK ewma=997
DMA IRQ c0=0
DMA IRQ c1=3
DMA IRQ c2=0
DMA IRQ c3=0
SELECT busy=6375
SELECT w0=6375
SELECT w1=3523
SELECT w2=3652
BUSY TASK ewma=997
DMA IRQ c0=0
DMA IRQ c1=3
DMA IRQ c2=0
DMA IRQ c3=0
SELECT busy=6395
SELECT w0=6395
SELECT w1=3531
SELECT w2=3664
BUSY TASK ewma=997
DMA IRQ c0=0
DMA IRQ c1=3
DMA IRQ c2=0
DMA IRQ c3=0
SELECT busy=6409
SELECT w0=6408
SELECT w1=3537
SELECT w2=3673
BUSY TASK ewma=997
DMA IRQ c0=0
DMA IRQ c1=3
DMA IRQ c2=0
DMA IRQ c3=0
SELECT busy=6425
SELECT w0=6425
SELECT w1=3546
SELECT w2=3683
BUSY TASK ewma=997
DMA IRQ c0=0
DMA IRQ c1=3
DMA IRQ c2=0
DMA IRQ c3=0
SELECT busy=6441
SELECT w0=6440
SELECT w1=3553
SELECT w2=3692
BUSY TASK ewma=997
DMA IRQ c0=0
DMA IRQ c1=3
DMA IRQ c2=0
DMA IRQ c3=0
SELECT busy=6456
SELECT w0=6456
SELECT w1=3560
SELECT w2=3701
BUSY TASK ewma=997
DMA IRQ c0=0
DMA IRQ c1=3
DMA IRQ c2=0
DMA IRQ c3=0
SELECT busy=6473
SELECT w0=6473
SELECT w1=3569
SELECT w2=3710
BUSY TASK ewma=997
DMA IRQ c0=0
DMA IRQ c1=3
DMA IRQ c2=0
DMA IRQ c3=0
SELECT busy=6487
SELECT w0=6486
SELECT w1=3576
SELECT w2=3720
BUSY TASK ewma=997
DMA IRQ c0=0
DMA IRQ c1=3
DMA IRQ c2=0
DMA IRQ c3=0
SELECT busy=6503
SELECT w0=6503
SELECT w1=3584
SELECT w2=3730
BUSY TASK ewma=997
DMA IRQ c0=0
DMA IRQ c1=3
DMA IRQ c2=0
DMA IRQ c3=0
SELECT busy=6523
SELECT w0=6523
SELECT w1=3595
SELECT w2=3745
BUSY TASK ewma=997
DMA IRQ c0=0
DMA IRQ c1=3
DMA IRQ c2=0
DMA IRQ c3=0
SELECT busy=6540
SELECT w0=6540
SELECT w1=3605
SELECT w2=3758
BUSY TASK ewma=997
DMA IRQ c0=0
DMA IRQ c1=3
DMA IRQ c2=0
DMA IRQ c3=0
SELECT busy=6563
SELECT w0=6563
SELECT w1=3617
SELECT w2=3769
BUSY TASK ewma=997
DMA IRQ c0=0
DMA IRQ c1=3
DMA IRQ c2=0
DMA IRQ c3=0
SELECT busy=6577
SELECT w0=6577
SELECT w1=3624
SELECT w2=3777
BUSY TASK ewma=997
DMA IRQ c0=0
DMA IRQ c1=3
DMA IRQ c2=0
DMA IRQ c3=0
SELECT busy=6594
SELECT w0=6594
SELECT w1=3633
SELECT w2=3786
BUSY TASK ewma=997
DMA IRQ c0=0
DMA IRQ c1=3
DMA IRQ c2=0
DMA IRQ c3=0
SELECT busy=6616
SELECT w0=6615
SELECT w1=3641
SELECT w2=3796
BUSY TASK ewma=997
DMA IRQ c0=0
DMA IRQ c1=3
DMA IRQ c2=0
DMA IRQ c3=0
SELECT busy=6632
SELECT w0=6631
SELECT w1=3647
SELECT w2=3805
BUSY TASK ewma=997
DMA IRQ c0=0
DMA IRQ c1=3
DMA IRQ c2=0
DMA IRQ c3=0
SELECT busy=6646
SELECT w0=6645
SELECT w1=3653
SELECT w2=3812
BUSY TASK ewma=997
DMA IRQ c0=0
DMA IRQ c1=3
DMA IRQ c2=0
DMA IRQ c3=0
SELECT busy=6658
SELECT w0=6657
SELECT w1=3659
SELECT w2=3820
BUSY TASK ewma=997
DMA IRQ c0=0
DMA IRQ c1=3
DMA IRQ c2=0
DMA IRQ c3=0
SELECT busy=6674
SELECT w0=6674
SELECT w1=3667
SELECT w2=3830
BUSY TASK ewma=997
DMA IRQ c0=0
DMA IRQ c1=3
DMA IRQ c2=0
DMA IRQ c3=0
SELECT busy=6690
SELECT w0=6690
SELECT w1=3674
SELECT w2=3840
BUSY TASK ewma=997
DMA IRQ c0=0
DMA IRQ c1=3
DMA IRQ c2=0
DMA IRQ c3=0
SELECT busy=6706
SELECT w0=6706
SELECT w1=3681
SELECT w2=3849
BUSY TASK ewma=997
DMA IRQ c0=0
DMA IRQ c1=3
DMA IRQ c2=0
DMA IRQ c3=0
SELECT busy=6721
SELECT w0=6720
SELECT w1=3687
SELECT w2=3856
BUSY TASK ewma=997
DMA IRQ c0=0
DMA IRQ c1=3
DMA IRQ c2=0
DMA IRQ c3=0
SELECT busy=6735
SELECT w0=6735
SELECT w1=3696
SELECT w2=3865
BUSY TASK ewma=997
DMA IRQ c0=0
DMA IRQ c1=3
DMA IRQ c2=0
DMA IRQ c3=0
SELECT busy=6749
SELECT w0=6749
SELECT w1=3702
SELECT w2=3876
BUSY TASK ewma=997
DMA IRQ c0=0
DMA IRQ c1=3
DMA IRQ c2=0
DMA IRQ c3=0
SELECT busy=6769
SELECT w0=6769
SELECT w1=3711
SELECT w2=3888
BUSY TASK ewma=997
DMA IRQ c0=0
DMA IRQ c1=3
DMA IRQ c2=0
DMA IRQ c3=0
SELECT busy=6785
SELECT w0=6785
SELECT w1=3717
SELECT w2=3898
BUSY TASK ewma=997
DMA IRQ c0=0
DMA IRQ c1=3
DMA IRQ c2=0
DMA IRQ c3=0
SELECT busy=6799
SELECT w0=6798
SELECT w1=3723
SELECT w2=3906
BUSY TASK ewma=997
DMA IRQ c0=0
DMA IRQ c1=3
DMA IRQ c2=0
DMA IRQ c3=0
SELECT busy=6813
SELECT w0=6812
SELECT w1=3730
SELECT w2=3914
BUSY TASK ewma=997
DMA IRQ c0=0
DMA IRQ c1=3
DMA IRQ c2=0
DMA IRQ c3=0
SELECT busy=6833
SELECT w0=6832
SELECT w1=3738
SELECT w2=3923
BUSY TASK ewma=997
DMA IRQ c0=0
DMA IRQ c1=3
DMA IRQ c2=0
DMA IRQ c3=0
SELECT busy=6852
SELECT w0=6852
SELECT w1=3746
SELECT w2=3931
BUSY TASK ewma=997
DMA IRQ c0=0
DMA IRQ c1=3
DMA IRQ c2=0
DMA IRQ c3=0
SELECT busy=6871
SELECT w0=6871
SELECT w1=3753
SELECT w2=3939
BUSY TASK ewma=997
DMA IRQ c0=0
DMA IRQ c1=3
DMA IRQ c2=0
DMA IRQ c3=0
SELECT busy=6893
SELECT w0=6892
SELECT w1=3761
SELECT w2=3948
BUSY TASK ewma=997
DMA IRQ c0=0
DMA IRQ c1=3
DMA IRQ c2=0
DMA IRQ c3=0
SELECT busy=6909
SELECT w0=6909
SELECT w1=3767
SELECT w2=3955
BUSY TASK ewma=997
DMA IRQ c0=0
DMA IRQ c1=3
DMA IRQ c2=0
DMA IRQ c3=0
SELECT busy=6928
SELECT w0=6928
SELECT w1=3776
SELECT w2=3965
BUSY TASK ewma=997
DMA IRQ c0=0
DMA IRQ c1=3
DMA IRQ c2=0
DMA IRQ c3=0
SELECT busy=6948
SELECT w0=6948
SELECT w1=3786
SELECT w2=3979
BUSY TASK ewma=997
DMA IRQ c0=0
DMA IRQ c1=3
DMA IRQ c2=0
DMA IRQ c3=0
SELECT busy=6977
SELECT w0=6978
SELECT w1=3798
SELECT w2=3997
BUSY TASK ewma=997
DMA IRQ c0=0
DMA IRQ c1=3
DMA IRQ c2=0
DMA IRQ c3=0
SELECT busy=7001
SELECT w0=7002
SELECT w1=3811
SELECT w2=4011
BUSY TASK ewma=997
DMA IRQ c0=0
DMA IRQ c1=3
DMA IRQ c2=0
DMA IRQ c3=0
SELECT busy=7023
SELECT w0=7022
SELECT w1=3820
SELECT w2=4025
BUSY TASK ewma=997
DMA IRQ c0=0
DMA IRQ c1=3
DMA IRQ c2=0
DMA IRQ c3=0
SELECT busy=7045
SELECT w0=7044
SELECT w1=3830
SELECT w2=4034
BUSY TASK ewma=997
DMA IRQ c0=0
DMA IRQ c1=3
DMA IRQ c2=0
DMA IRQ c3=0
SELECT busy=7078
SELECT w0=7077
SELECT w1=3845
SELECT w2=4050
BUSY TASK ewma=997
IRQ counts: cpu0=14209 cpu1=16436 cpu2=16211 cpu3=16186
SCHED secondaries: calls=48843 unexpected=0
SECTEST switches=48798 cpu1=174342671,166146915 cpu2=139420999,142658774 cpu3=202528833,197879205
PINGPONG rounds=2000 pongs=2000
DMA IRQ c0=0
DMA IRQ c1=3
DMA IRQ c2=0
DMA IRQ c3=0
SELECT busy=7109
SELECT w0=7108
SELECT w1=3859
SELECT w2=4067
BUSY TASK ewma=997
DMA IRQ c0=0
DMA IRQ c1=3
DMA IRQ c2=0
DMA IRQ c3=0
SELECT busy=7132
SELECT w0=7131
SELECT w1=3868
SELECT w2=4077
BUSY TASK ewma=997
DMA IRQ c0=0
DMA IRQ c1=3
DMA IRQ c2=0
DMA IRQ c3=0
SELECT busy=7152
SELECT w0=7151
SELECT w1=3876
SELECT w2=4086
BUSY TASK ewma=997
DMA IRQ c0=0
DMA IRQ c1=3
DMA IRQ c2=0
DMA IRQ c3=0
SELECT busy=7171
SELECT w0=7170
SELECT w1=3883
SELECT w2=4094
BUSY TASK ewma=997
DMA IRQ c0=0
DMA IRQ c1=3
DMA IRQ c2=0
DMA IRQ c3=0
SELECT busy=7190
SELECT w0=7189
SELECT w1=3890
SELECT w2=4103
BUSY TASK ewma=997
DMA IRQ c0=0
DMA IRQ c1=3
DMA IRQ c2=0
DMA IRQ c3=0
SELECT busy=7210
SELECT w0=7210
SELECT w1=3899
SELECT w2=4115
BUSY TASK ewma=997
DMA IRQ c0=0
DMA IRQ c1=3
DMA IRQ c2=0
DMA IRQ c3=0
SELECT busy=7245
SELECT w0=7245
SELECT w1=3915
SELECT w2=4136
BUSY TASK ewma=997
DMA IRQ c0=0
DMA IRQ c1=3
DMA IRQ c2=0
DMA IRQ c3=0
SELECT busy=7277
SELECT w0=7277
SELECT w1=3929
SELECT w2=4154
BUSY TASK ewma=997
DMA IRQ c0=0
DMA IRQ c1=3
DMA IRQ c2=0
DMA IRQ c3=0
SELECT busy=7291
SELECT w0=7291
SELECT w1=3935
SELECT w2=4162
BUSY TASK ewma=997
DMA IRQ c0=0
DMA IRQ c1=3
DMA IRQ c2=0
DMA IRQ c3=0
SELECT busy=7319
SELECT w0=7318
SELECT w1=3949
SELECT w2=4178
BUSY TASK ewma=997
DMA IRQ c0=0
DMA IRQ c1=3
DMA IRQ c2=0
DMA IRQ c3=0
SELECT busy=7349
SELECT w0=7348
SELECT w1=3961
SELECT w2=4195
BUSY TASK ewma=997
DMA IRQ c0=0
DMA IRQ c1=3
DMA IRQ c2=0
DMA IRQ c3=0
SELECT busy=7371
SELECT w0=7371
SELECT w1=3973
SELECT w2=4208
BUSY TASK ewma=997
DMA IRQ c0=0
DMA IRQ c1=3
DMA IRQ c2=0
DMA IRQ c3=0
SELECT busy=7385
SELECT w0=7384
SELECT w1=3980
SELECT w2=4217
BUSY TASK ewma=997
DMA IRQ c0=0
DMA IRQ c1=3
DMA IRQ c2=0
DMA IRQ c3=0
SELECT busy=7398
SELECT w0=7398
SELECT w1=3987
SELECT w2=4226
BUSY TASK ewma=997
DMA IRQ c0=0
DMA IRQ c1=3
DMA IRQ c2=0
DMA IRQ c3=0
SELECT busy=7422
SELECT w0=7422
SELECT w1=4000
SELECT w2=4242
BUSY TASK ewma=997
DMA IRQ c0=0
DMA IRQ c1=3
DMA IRQ c2=0
DMA IRQ c3=0
SELECT busy=7443
SELECT w0=7443
SELECT w1=4007
SELECT w2=4249
BUSY TASK ewma=997
DMA IRQ c0=0
DMA IRQ c1=3
DMA IRQ c2=0
DMA IRQ c3=0
SELECT busy=7462
SELECT w0=7461
SELECT w1=4014
SELECT w2=4259
BUSY TASK ewma=997
DMA IRQ c0=0
DMA IRQ c1=3
DMA IRQ c2=0
DMA IRQ c3=0
SELECT busy=7479
SELECT w0=7479
SELECT w1=4022
SELECT w2=4271
BUSY TASK ewma=997
DMA IRQ c0=0
DMA IRQ c1=3
DMA IRQ c2=0
DMA IRQ c3=0
SELECT busy=7497
SELECT w0=7496
SELECT w1=4033
SELECT w2=4280
BUSY TASK ewma=997
DMA IRQ c0=0
DMA IRQ c1=3
DMA IRQ c2=0
DMA IRQ c3=0
SELECT busy=7511
SELECT w0=7511
SELECT w1=4038
SELECT w2=4287
BUSY TASK ewma=997
DMA IRQ c0=0
DMA IRQ c1=3
DMA IRQ c2=0
DMA IRQ c3=0
SELECT busy=7523
SELECT w0=7523
SELECT w1=4044
SELECT w2=4294
BUSY TASK ewma=997
DMA IRQ c0=0
DMA IRQ c1=3
DMA IRQ c2=0
DMA IRQ c3=0
SELECT busy=7541
SELECT w0=7541
SELECT w1=4053
SELECT w2=4303
BUSY TASK ewma=997
DMA IRQ c0=0
DMA IRQ c1=3
DMA IRQ c2=0
DMA IRQ c3=0
SELECT busy=7561
SELECT w0=7560
SELECT w1=4060
SELECT w2=4312
BUSY TASK ewma=997
DMA IRQ c0=0
DMA IRQ c1=3
DMA IRQ c2=0
DMA IRQ c3=0
SELECT busy=7581
SELECT w0=7581
SELECT w1=4068
SELECT w2=4321
BUSY TASK ewma=997
DMA IRQ c0=0
DMA IRQ c1=3
DMA IRQ c2=0
DMA IRQ c3=0
SELECT busy=7601
SELECT w0=7600
SELECT w1=4076
SELECT w2=4330
BUSY TASK ewma=997
DMA IRQ c0=0
DMA IRQ c1=3
DMA IRQ c2=0
DMA IRQ c3=0
SELECT busy=7619
SELECT w0=7618
SELECT w1=4084
SELECT w2=4338
BUSY TASK ewma=997
DMA IRQ c0=0
DMA IRQ c1=3
DMA IRQ c2=0
DMA IRQ c3=0
SELECT busy=7637
SELECT w0=7636
SELECT w1=4091
SELECT w2=4347
BUSY TASK ewma=997
DMA IRQ c0=0
DMA IRQ c1=3
DMA IRQ c2=0
DMA IRQ c3=0
SELECT busy=7651
SELECT w0=7651
SELECT w1=4098
SELECT w2=4355
BUSY TASK ewma=997
DMA IRQ c0=0
DMA IRQ c1=3
DMA IRQ c2=0
DMA IRQ c3=0
SELECT busy=7669
SELECT w0=7669
SELECT w1=4107
SELECT w2=4366
BUSY TASK ewma=997
DMA IRQ c0=0
DMA IRQ c1=3
DMA IRQ c2=0
DMA IRQ c3=0
SELECT busy=7686
SELECT w0=7686
SELECT w1=4115
SELECT w2=4377
BUSY TASK ewma=997
DMA IRQ c0=0
DMA IRQ c1=3
DMA IRQ c2=0
DMA IRQ c3=0
SELECT busy=7700
SELECT w0=7699
SELECT w1=4121
SELECT w2=4385
BUSY TASK ewma=997
DMA IRQ c0=0
DMA IRQ c1=3
DMA IRQ c2=0
DMA IRQ c3=0
SELECT busy=7713
SELECT w0=7713
SELECT w1=4129
SELECT w2=4393
BUSY TASK ewma=997
DMA IRQ c0=0
DMA IRQ c1=3
DMA IRQ c2=0
DMA IRQ c3=0
SELECT busy=7729
SELECT w0=7729
SELECT w1=4137
SELECT w2=4402
BUSY TASK ewma=997
DMA IRQ c0=0
DMA IRQ c1=3
DMA IRQ c2=0
DMA IRQ c3=0
SELECT busy=7745
SELECT w0=7744
SELECT w1=4144
SELECT w2=4409
BUSY TASK ewma=997
DMA IRQ c0=0
DMA IRQ c1=3
DMA IRQ c2=0
DMA IRQ c3=0
SELECT busy=7765
SELECT w0=7764
SELECT w1=4152
SELECT w2=4419
BUSY TASK ewma=997
DMA IRQ c0=0
DMA IRQ c1=3
DMA IRQ c2=0
DMA IRQ c3=0
SELECT busy=7779
SELECT w0=7778
SELECT w1=4157
SELECT w2=4428
BUSY TASK ewma=997
DMA IRQ c0=0
DMA IRQ c1=3
DMA IRQ c2=0
DMA IRQ c3=0
SELECT busy=7797
SELECT w0=7797
SELECT w1=4167
SELECT w2=4443
BUSY TASK ewma=997
DMA IRQ c0=0
DMA IRQ c1=3
DMA IRQ c2=0
DMA IRQ c3=0
SELECT busy=7818
SELECT w0=7818
SELECT w1=4176
SELECT w2=4454
BUSY TASK ewma=997
DMA IRQ c0=0
DMA IRQ c1=3
DMA IRQ c2=0
DMA IRQ c3=0
SELECT busy=7838
SELECT w0=7837
SELECT w1=4186
SELECT w2=4465
BUSY TASK ewma=997
DMA IRQ c0=0
DMA IRQ c1=3
DMA IRQ c2=0
DMA IRQ c3=0
SELECT busy=7855
SELECT w0=7854
SELECT w1=4194
SELECT w2=4476
BUSY TASK ewma=997
DMA IRQ c0=0
DMA IRQ c1=3
DMA IRQ c2=0
DMA IRQ c3=0
SELECT busy=7869
SELECT w0=7868
SELECT w1=4203
SELECT w2=4483
BUSY TASK ewma=997
DMA IRQ c0=0
DMA IRQ c1=3
DMA IRQ c2=0
DMA IRQ c3=0
SELECT busy=7882
SELECT w0=7882
SELECT w1=4209
SELECT w2=4490
BUSY TASK ewma=997
DMA IRQ c0=0
DMA IRQ c1=3
DMA IRQ c2=0
DMA IRQ c3=0
SELECT busy=7897
SELECT w0=7896
SELECT w1=4216
SELECT w2=4498
BUSY TASK ewma=997
DMA IRQ c0=0
DMA IRQ c1=3
DMA IRQ c2=0
DMA IRQ c3=0
SELECT busy=7914
SELECT w0=7914
SELECT w1=4226
SELECT w2=4509
BUSY TASK ewma=997
DMA IRQ c0=0
DMA IRQ c1=3
DMA IRQ c2=0
DMA IRQ c3=0
SELECT busy=7930
SELECT w0=7929
SELECT w1=4232
SELECT w2=4515
BUSY TASK ewma=997
DMA IRQ c0=0
DMA IRQ c1=3
DMA IRQ c2=0
DMA IRQ c3=0
SELECT busy=7951
SELECT w0=7951
SELECT w1=4245
SELECT w2=4528
BUSY TASK ewma=997
DMA IRQ c0=0
DMA IRQ c1=3
DMA IRQ c2=0
DMA IRQ c3=0
SELECT busy=7974
SELECT w0=7973
SELECT w1=4253
SELECT w2=4536
BUSY TASK ewma=997
DMA IRQ c0=0
DMA IRQ c1=3
DMA IRQ c2=0
DMA IRQ c3=0
SELECT busy=7995
SELECT w0=7994
SELECT w1=4260
SELECT w2=4546
BUSY TASK ewma=997
DMA IRQ c0=0
DMA IRQ c1=3
DMA IRQ c2=0
DMA IRQ c3=0
SELECT busy=8010
SELECT w0=8010
SELECT w1=4269
SELECT w2=4563
BUSY TASK ewma=997
DMA IRQ c0=0
DMA IRQ c1=3
DMA IRQ c2=0
DMA IRQ c3=0
SELECT busy=8030
SELECT w0=8032
SELECT w1=4279
SELECT w2=4578
BUSY TASK ewma=997
DMA IRQ c0=0
DMA IRQ c1=3
DMA IRQ c2=0
DMA IRQ c3=0
SELECT busy=8052
SELECT w0=8052
SELECT w1=4288
SELECT w2=4591
BUSY TASK ewma=997
DMA IRQ c0=0
DMA IRQ c1=3
DMA IRQ c2=0
DMA IRQ c3=0
SELECT busy=8075
SELECT w0=8075
SELECT w1=4296
SELECT w2=4603
BUSY TASK ewma=997
DMA IRQ c0=0
DMA IRQ c1=3
DMA IRQ c2=0
DMA IRQ c3=0
SELECT busy=8094
SELECT w0=8094
SELECT w1=4304
SELECT w2=4615
BUSY TASK ewma=997
DMA IRQ c0=0
DMA IRQ c1=3
DMA IRQ c2=0
DMA IRQ c3=0
SELECT busy=8114
SELECT w0=8115
SELECT w1=4313
SELECT w2=4631
BUSY TASK ewma=997
DMA IRQ c0=0
DMA IRQ c1=3
DMA IRQ c2=0
DMA IRQ c3=0
SELECT busy=8138
SELECT w0=8138
SELECT w1=4323
SELECT w2=4646
BUSY TASK ewma=997
DMA IRQ c0=0
DMA IRQ c1=3
DMA IRQ c2=0
DMA IRQ c3=0
SELECT busy=8157
SELECT w0=8156
SELECT w1=4330
SELECT w2=4656
BUSY TASK ewma=997
DMA IRQ c0=0
DMA IRQ c1=3
DMA IRQ c2=0
DMA IRQ c3=0
SELECT busy=8175
SELECT w0=8175
SELECT w1=4339
SELECT w2=4669
BUSY TASK ewma=997
DMA IRQ c0=0
DMA IRQ c1=3
DMA IRQ c2=0
DMA IRQ c3=0
SELECT busy=8196
SELECT w0=8196
SELECT w1=4348
SELECT w2=4683
BUSY TASK ewma=997
DMA IRQ c0=0
DMA IRQ c1=3
DMA IRQ c2=0
DMA IRQ c3=0
SELECT busy=8214
SELECT w0=8214
SELECT w1=4357
SELECT w2=4695
BUSY TASK ewma=997
DMA IRQ c0=0
DMA IRQ c1=3
DMA IRQ c2=0
DMA IRQ c3=0
SELECT busy=8235
SELECT w0=8234
SELECT w1=4366
SELECT w2=4705
BUSY TASK ewma=997
DMA IRQ c0=0
DMA IRQ c1=3
DMA IRQ c2=0
DMA IRQ c3=0
SELECT busy=8254
SELECT w0=8253
SELECT w1=4373
SELECT w2=4714
BUSY TASK ewma=997
DMA IRQ c0=0
DMA IRQ c1=3
DMA IRQ c2=0
DMA IRQ c3=0
SELECT busy=8273
SELECT w0=8273
SELECT w1=4381
SELECT w2=4723
BUSY TASK ewma=997
DMA IRQ c0=0
DMA IRQ c1=3
DMA IRQ c2=0
DMA IRQ c3=0
SELECT busy=8293
SELECT w0=8292
SELECT w1=4388
SELECT w2=4732
BUSY TASK ewma=997
DMA IRQ c0=0
DMA IRQ c1=3
DMA IRQ c2=0
DMA IRQ c3=0
SELECT busy=8311
SELECT w0=8311
SELECT w1=4395
SELECT w2=4741
BUSY TASK ewma=997
IRQ counts: cpu0=16645 cpu1=19154 cpu2=18951 cpu3=18832
SCHED secondaries: calls=56952 unexpected=0
SECTEST switches=56945 cpu1=204681429,194889345 cpu2=165443285,168923944 cpu3=239170527,235532782
PINGPONG rounds=2000 pongs=2000
DMA IRQ c0=0
DMA IRQ c1=3
DMA IRQ c2=0
DMA IRQ c3=0
SELECT busy=8337
SELECT w0=8336
SELECT w1=4408
SELECT w2=4757
BUSY TASK ewma=997
DMA IRQ c0=0
DMA IRQ c1=3
DMA IRQ c2=0
DMA IRQ c3=0
SELECT busy=8360
SELECT w0=8360
SELECT w1=4421
SELECT w2=4773
BUSY TASK ewma=997
DMA IRQ c0=0
DMA IRQ c1=3
DMA IRQ c2=0
DMA IRQ c3=0
SELECT busy=8386
SELECT w0=8386
SELECT w1=4432
SELECT w2=4788
BUSY TASK ewma=997
DMA IRQ c0=0
DMA IRQ c1=3
DMA IRQ c2=0
DMA IRQ c3=0
SELECT busy=8408
SELECT w0=8408
SELECT w1=4440
SELECT w2=4799
BUSY TASK ewma=997
DMA IRQ c0=0
DMA IRQ c1=3
DMA IRQ c2=0
DMA IRQ c3=0
SELECT busy=8427
SELECT w0=8426
SELECT w1=4447
SELECT w2=4808
BUSY TASK ewma=997
DMA IRQ c0=0
DMA IRQ c1=3
DMA IRQ c2=0
DMA IRQ c3=0
SELECT busy=8448
SELECT w0=8448
SELECT w1=4455
SELECT w2=4819
BUSY TASK ewma=997
DMA IRQ c0=0
DMA IRQ c1=3
DMA IRQ c2=0
DMA IRQ c3=0
SELECT busy=8467
SELECT w0=8469
SELECT w1=4463
SELECT w2=4830
BUSY TASK ewma=997
DMA IRQ c0=0
DMA IRQ c1=3
DMA IRQ c2=0
DMA IRQ c3=0
SELECT busy=8486
SELECT w0=8486
SELECT w1=4471
SELECT w2=4842
BUSY TASK ewma=997
DMA IRQ c0=0
DMA IRQ c1=3
DMA IRQ c2=0
DMA IRQ c3=0
SELECT busy=8503
SELECT w0=8503
SELECT w1=4478
SELECT w2=4850
BUSY TASK ewma=997
DMA IRQ c0=0
DMA IRQ c1=3
DMA IRQ c2=0
DMA IRQ c3=0
SELECT busy=8524
SELECT w0=8523
SELECT w1=4486
SELECT w2=4860
BUSY TASK ewma=997
DMA IRQ c0=0
DMA IRQ c1=3
DMA IRQ c2=0
DMA IRQ c3=0
SELECT busy=8539
SELECT w0=8538
SELECT w1=4494
SELECT w2=4868
BUSY TASK ewma=997
DMA IRQ c0=0
DMA IRQ c1=3
DMA IRQ c2=0
DMA IRQ c3=0
SELECT busy=8558
SELECT w0=8557
SELECT w1=4500
SELECT w2=4877
BUSY TASK ewma=997
DMA IRQ c0=0
DMA IRQ c1=3
DMA IRQ c2=0
DMA IRQ c3=0
SELECT busy=8574
SELECT w0=8573
SELECT w1=4507
SELECT w2=4886
BUSY TASK ewma=997
DMA IRQ c0=0
DMA IRQ c1=3
DMA IRQ c2=0
DMA IRQ c3=0
SELECT busy=8593
SELECT w0=8593
SELECT w1=4516
SELECT w2=4899
BUSY TASK ewma=997
DMA IRQ c0=0
DMA IRQ c1=3
DMA IRQ c2=0
DMA IRQ c3=0
SELECT busy=8615
SELECT w0=8614
SELECT w1=4524
SELECT w2=4909
BUSY TASK ewma=997
DMA IRQ c0=0
DMA IRQ c1=3
DMA IRQ c2=0
DMA IRQ c3=0
SELECT busy=8630
SELECT w0=8630
SELECT w1=4532
SELECT w2=4920
BUSY TASK ewma=997
DMA IRQ c0=0
DMA IRQ c1=3
DMA IRQ c2=0
DMA IRQ c3=0
SELECT busy=8644
SELECT w0=8644
SELECT w1=4538
SELECT w2=4927
BUSY TASK ewma=997
DMA IRQ c0=0
DMA IRQ c1=3
DMA IRQ c2=0
DMA IRQ c3=0
SELECT busy=8658
SELECT w0=8658
SELECT w1=4544
SELECT w2=4935
BUSY TASK ewma=997
DMA IRQ c0=0
DMA IRQ c1=3
DMA IRQ c2=0
DMA IRQ c3=0
SELECT busy=8677
SELECT w0=8676
SELECT w1=4551
SELECT w2=4944
BUSY TASK ewma=997
DMA IRQ c0=0
DMA IRQ c1=3
DMA IRQ c2=0
DMA IRQ c3=0
SELECT busy=8697
SELECT w0=8697
SELECT w1=4558
SELECT w2=4953
BUSY TASK ewma=997
DMA IRQ c0=0
DMA IRQ c1=3
DMA IRQ c2=0
DMA IRQ c3=0
SELECT busy=8718
SELECT w0=8717
SELECT w1=4565
SELECT w2=4961
BUSY TASK ewma=997
DMA IRQ c0=0
DMA IRQ c1=3
DMA IRQ c2=0
DMA IRQ c3=0
SELECT busy=8739
SELECT w0=8739
SELECT w1=4573
SELECT w2=4969
BUSY TASK ewma=997
DMA IRQ c0=0
DMA IRQ c1=3
DMA IRQ c2=0
DMA IRQ c3=0
SELECT busy=8754
SELECT w0=8753
SELECT w1=4578
SELECT w2=4977
BUSY TASK ewma=997
DMA IRQ c0=0
DMA IRQ c1=3
DMA IRQ c2=0
DMA IRQ c3=0
SELECT busy=8775
SELECT w0=8774
SELECT w1=4588
SELECT w2=4988
BUSY TASK ewma=997
DMA IRQ c0=0
DMA IRQ c1=3
DMA IRQ c2=0
DMA IRQ c3=0
SELECT busy=8795
SELECT w0=8794
SELECT w1=4595
SELECT w2=4997
BUSY TASK ewma=997
DMA IRQ c0=0
DMA IRQ c1=3
DMA IRQ c2=0
DMA IRQ c3=0
SELECT busy=8817
SELECT w0=8816
SELECT w1=4604
SELECT w2=5008
BUSY TASK ewma=997
DMA IRQ c0=0
DMA IRQ c1=3
DMA IRQ c2=0
DMA IRQ c3=0
SELECT busy=8836
SELECT w0=8835
SELECT w1=4611
SELECT w2=5017
BUSY TASK ewma=997
DMA IRQ c0=0
DMA IRQ c1=3
DMA IRQ c2=0
DMA IRQ c3=0
SELECT busy=8856
SELECT w0=8857
SELECT w1=4619
SELECT w2=5030
BUSY TASK ewma=997
DMA IRQ c0=0
DMA IRQ c1=3
DMA IRQ c2=0
DMA IRQ c3=0
SELECT busy=8877
SELECT w0=8876
SELECT w1=4630
SELECT w2=5048
BUSY TASK ewma=997
DMA IRQ c0=0
DMA IRQ c1=3
DMA IRQ c2=0
DMA IRQ c3=0
SELECT busy=8896
SELECT w0=8895
SELECT w1=4636
SELECT w2=5058
BUSY TASK ewma=997
DMA IRQ c0=0
DMA IRQ c1=3
DMA IRQ c2=0
DMA IRQ c3=0
SELECT busy=8913
SELECT w0=8913
SELECT w1=4644
SELECT w2=5069
BUSY TASK ewma=997
DMA IRQ c0=0
DMA IRQ c1=3
DMA IRQ c2=0
DMA IRQ c3=0
SELECT busy=8927
SELECT w0=8927
SELECT w1=4650
SELECT w2=5076
BUSY TASK ewma=997
DMA IRQ c0=0
DMA IRQ c1=3
DMA IRQ c2=0
DMA IRQ c3=0
SELECT busy=8943
SELECT w0=8943
SELECT w1=4656
SELECT w2=5085
BUSY TASK ewma=997
DMA IRQ c0=0
DMA IRQ c1=3
DMA IRQ c2=0
DMA IRQ c3=0
SELECT busy=8963
SELECT w0=8962
SELECT w1=4662
SELECT w2=5094
BUSY TASK ewma=997
DMA IRQ c0=0
DMA IRQ c1=3
DMA IRQ c2=0
DMA IRQ c3=0
SELECT busy=8981
SELECT w0=8980
SELECT w1=4669
SELECT w2=5102
BUSY TASK ewma=997
DMA IRQ c0=0
DMA IRQ c1=3
DMA IRQ c2=0
DMA IRQ c3=0
SELECT busy=8999
SELECT w0=8998
SELECT w1=4676
SELECT w2=5111
BUSY TASK ewma=997
DMA IRQ c0=0
DMA IRQ c1=3
DMA IRQ c2=0
DMA IRQ c3=0
SELECT busy=9016
SELECT w0=9016
SELECT w1=4684
SELECT w2=5124
BUSY TASK ewma=997
DMA IRQ c0=0
DMA IRQ c1=3
DMA IRQ c2=0
DMA IRQ c3=0
SELECT busy=9034
SELECT w0=9033
SELECT w1=4691
SELECT w2=5133
BUSY TASK ewma=997
DMA IRQ c0=0
DMA IRQ c1=3
DMA IRQ c2=0
DMA IRQ c3=0
SELECT busy=9053
SELECT w0=9052
SELECT w1=4699
SELECT w2=5142
BUSY TASK ewma=997
DMA IRQ c0=0
DMA IRQ c1=3
DMA IRQ c2=0
DMA IRQ c3=0
SELECT busy=9071
SELECT w0=9070
SELECT w1=4704
SELECT w2=5149
BUSY TASK ewma=997
DMA IRQ c0=0
DMA IRQ c1=3
DMA IRQ c2=0
DMA IRQ c3=0
SELECT busy=9090
SELECT w0=9090
SELECT w1=4711
SELECT w2=5158
BUSY TASK ewma=997
DMA IRQ c0=0
DMA IRQ c1=3
DMA IRQ c2=0
DMA IRQ c3=0
SELECT busy=9110
SELECT w0=9110
SELECT w1=4719
SELECT w2=5167
BUSY TASK ewma=997
DMA IRQ c0=0
DMA IRQ c1=3
DMA IRQ c2=0
DMA IRQ c3=0
SELECT busy=9132
SELECT w0=9132
SELECT w1=4728
SELECT w2=5179
BUSY TASK ewma=997
DMA IRQ c0=0
DMA IRQ c1=3
DMA IRQ c2=0
DMA IRQ c3=0
SELECT busy=9152
SELECT w0=9151
SELECT w1=4738
SELECT w2=5190
BUSY TASK ewma=997
DMA IRQ c0=0
DMA IRQ c1=3
DMA IRQ c2=0
DMA IRQ c3=0
SELECT busy=9170
SELECT w0=9169
SELECT w1=4745
SELECT w2=5199
BUSY TASK ewma=997
DMA IRQ c0=0
DMA IRQ c1=3
DMA IRQ c2=0
DMA IRQ c3=0
SELECT busy=9189
SELECT w0=9188
SELECT w1=4752
SELECT w2=5210
BUSY TASK ewma=997
DMA IRQ c0=0
DMA IRQ c1=3
DMA IRQ c2=0
DMA IRQ c3=0
SELECT busy=9208
SELECT w0=9207
SELECT w1=4759
SELECT w2=5219
BUSY TASK ewma=997
DMA IRQ c0=0
DMA IRQ c1=3
DMA IRQ c2=0
DMA IRQ c3=0
SELECT busy=9228
SELECT w0=9227
SELECT w1=4767
SELECT w2=5227
BUSY TASK ewma=997
DMA IRQ c0=0
DMA IRQ c1=3
DMA IRQ c2=0
DMA IRQ c3=0
SELECT busy=9249
SELECT w0=9248
SELECT w1=4775
SELECT w2=5237
BUSY TASK ewma=997
DMA IRQ c0=0
DMA IRQ c1=3
DMA IRQ c2=0
DMA IRQ c3=0
SELECT busy=9269
SELECT w0=9268
SELECT w1=4784
SELECT w2=5248
BUSY TASK ewma=997
DMA IRQ c0=0
DMA IRQ c1=3
DMA IRQ c2=0
DMA IRQ c3=0
SELECT busy=9289
SELECT w0=9289
SELECT w1=4792
SELECT w2=5261
BUSY TASK ewma=997
DMA IRQ c0=0
DMA IRQ c1=3
DMA IRQ c2=0
DMA IRQ c3=0
SELECT busy=9308
SELECT w0=9308
SELECT w1=4802
SELECT w2=5272
BUSY TASK ewma=997
DMA IRQ c0=0
DMA IRQ c1=3
DMA IRQ c2=0
DMA IRQ c3=0
SELECT busy=9327
SELECT w0=9327
SELECT w1=4811
SELECT w2=5288
BUSY TASK ewma=997
DMA IRQ c0=0
DMA IRQ c1=3
DMA IRQ c2=0
DMA IRQ c3=0
SELECT busy=9341
SELECT w0=9341
SELECT w1=4818
SELECT w2=5300
BUSY TASK ewma=997
DMA IRQ c0=0
DMA IRQ c1=3
DMA IRQ c2=0
DMA IRQ c3=0
SELECT busy=9364
SELECT w0=9363
SELECT w1=4828
SELECT w2=5316
BUSY TASK ewma=997
DMA IRQ c0=0
DMA IRQ c1=3
DMA IRQ c2=0
DMA IRQ c3=0
SELECT busy=9381
SELECT w0=9380
SELECT w1=4835
SELECT w2=5329
BUSY TASK ewma=997
DMA IRQ c0=0
DMA IRQ c1=3
DMA IRQ c2=0
DMA IRQ c3=0
SELECT busy=9404
SELECT w0=9404
SELECT w1=4847
SELECT w2=5346
BUSY TASK ewma=997
DMA IRQ c0=0
DMA IRQ c1=3
DMA IRQ c2=0
DMA IRQ c3=0
SELECT busy=9421
SELECT w0=9420
SELECT w1=4853
SELECT w2=5354
BUSY TASK ewma=997
DMA IRQ c0=0
DMA IRQ c1=3
DMA IRQ c2=0
DMA IRQ c3=0
SELECT busy=9443
SELECT w0=9443
SELECT w1=4865
SELECT w2=5373
BUSY TASK ewma=997
DMA IRQ c0=0
DMA IRQ c1=3
DMA IRQ c2=0
DMA IRQ c3=0
SELECT busy=9465
SELECT w0=9465
SELECT w1=4871
SELECT w2=5380
BUSY TASK ewma=997
DMA IRQ c0=0
DMA IRQ c1=3
DMA IRQ c2=0
DMA IRQ c3=0
SELECT busy=9487
SELECT w0=9486
SELECT w1=4879
SELECT w2=5393
BUSY TASK ewma=997
DMA IRQ c0=0
DMA IRQ c1=3
DMA IRQ c2=0
DMA IRQ c3=0
SELECT busy=9506
SELECT w0=9506
SELECT w1=4885
SELECT w2=5400
BUSY TASK ewma=997
DMA IRQ c0=0
DMA IRQ c1=3
DMA IRQ c2=0
DMA IRQ c3=0
SELECT busy=9529
SELECT w0=9529
SELECT w1=4896
SELECT w2=5419
BUSY TASK ewma=997
DMA IRQ c0=0
DMA IRQ c1=3
DMA IRQ c2=0
DMA IRQ c3=0
SELECT busy=9551
SELECT w0=9550
SELECT w1=4903
SELECT w2=5432
BUSY TASK ewma=997
IRQ counts: cpu0=19143 cpu1=21702 cpu2=21728 cpu3=21490
SCHED secondaries: calls=64923 unexpected=0
SECTEST switches=64884 cpu1=238334111,229465613 cpu2=193154724,194523235 cpu3=273982225,270784319
PINGPONG rounds=2000 pongs=2000
DMA IRQ c0=0
DMA IRQ c1=3
DMA IRQ c2=0
DMA IRQ c3=0
SELECT busy=9579
SELECT w0=9579
SELECT w1=4914
SELECT w2=5448
BUSY TASK ewma=997
DMA IRQ c0=0
DMA IRQ c1=3
DMA IRQ c2=0
DMA IRQ c3=0
SELECT busy=9599
SELECT w0=9598
SELECT w1=4922
SELECT w2=5460
BUSY TASK ewma=997
DMA IRQ c0=0
DMA IRQ c1=3
DMA IRQ c2=0
DMA IRQ c3=0
SELECT busy=9617
SELECT w0=9616
SELECT w1=4928
SELECT w2=5468
BUSY TASK ewma=997
DMA IRQ c0=0
DMA IRQ c1=3
DMA IRQ c2=0
DMA IRQ c3=0
SELECT busy=9640
SELECT w0=9640
SELECT w1=4939
SELECT w2=5484
BUSY TASK ewma=997
DMA IRQ c0=0
DMA IRQ c1=3
DMA IRQ c2=0
DMA IRQ c3=0
SELECT busy=9662
SELECT w0=9662
SELECT w1=4950
SELECT w2=5498
BUSY TASK ewma=997
DMA IRQ c0=0
DMA IRQ c1=3
DMA IRQ c2=0
DMA IRQ c3=0
SELECT busy=9688
SELECT w0=9687
SELECT w1=4962
SELECT w2=5517
BUSY TASK ewma=997
DMA IRQ c0=0
DMA IRQ c1=3
DMA IRQ c2=0
DMA IRQ c3=0
SELECT busy=9707
SELECT w0=9706
SELECT w1=4971
SELECT w2=5525
BUSY TASK ewma=997
DMA IRQ c0=0
DMA IRQ c1=3
DMA IRQ c2=0
DMA IRQ c3=0
SELECT busy=9727
SELECT w0=9727
SELECT w1=4981
SELECT w2=5536
BUSY TASK ewma=997
DMA IRQ c0=0
DMA IRQ c1=3
DMA IRQ c2=0
DMA IRQ c3=0
SELECT busy=9751
SELECT w0=9751
SELECT w1=4993
SELECT w2=5551
BUSY TASK ewma=997
DMA IRQ c0=0
DMA IRQ c1=3
DMA IRQ c2=0
DMA IRQ c3=0
SELECT busy=9775
SELECT w0=9774
SELECT w1=5005
SELECT w2=5563
BUSY TASK ewma=997
DMA IRQ c0=0
DMA IRQ c1=3
DMA IRQ c2=0
DMA IRQ c3=0
SELECT busy=9794
SELECT w0=9793
SELECT w1=5012
SELECT w2=5573
BUSY TASK ewma=997
DMA IRQ c0=0
DMA IRQ c1=3
DMA IRQ c2=0
DMA IRQ c3=0
SELECT busy=9815
SELECT w0=9815
SELECT w1=5021
SELECT w2=5585
BUSY TASK ewma=997
DMA IRQ c0=0
DMA IRQ c1=3
DMA IRQ c2=0
DMA IRQ c3=0
SELECT busy=9834
SELECT w0=9834
SELECT w1=5028
SELECT w2=5595
BUSY TASK ewma=997
DMA IRQ c0=0
DMA IRQ c1=3
DMA IRQ c2=0
DMA IRQ c3=0
SELECT busy=9853
SELECT w0=9852
SELECT w1=5036
SELECT w2=5605
BUSY TASK ewma=997
DMA IRQ c0=0
DMA IRQ c1=3
DMA IRQ c2=0
DMA IRQ c3=0
SELECT busy=9871
SELECT w0=9871
SELECT w1=5045
SELECT w2=5618
BUSY TASK ewma=997
DMA IRQ c0=0
DMA IRQ c1=3
DMA IRQ c2=0
DMA IRQ c3=0
SELECT busy=9892
SELECT w0=9892
SELECT w1=5054
SELECT w2=5626
BUSY TASK ewma=997
DMA IRQ c0=0
DMA IRQ c1=3
DMA IRQ c2=0
DMA IRQ c3=0
SELECT busy=9912
SELECT w0=9912
SELECT w1=5062
SELECT w2=5636
BUSY TASK ewma=997
DMA IRQ c0=0
DMA IRQ c1=3
DMA IRQ c2=0
DMA IRQ c3=0
SELECT busy=9930
SELECT w0=9930
SELECT w1=5070
SELECT w2=5645
BUSY TASK ewma=997
DMA IRQ c0=0
DMA IRQ c1=3
DMA IRQ c2=0
DMA IRQ c3=0
SELECT busy=9949
SELECT w0=9949
SELECT w1=5076
SELECT w2=5653
BUSY TASK ewma=997
DMA IRQ c0=0
DMA IRQ c1=3
DMA IRQ c2=0
DMA IRQ c3=0
SELECT busy=9971
SELECT w0=9970
SELECT w1=5087
SELECT w2=5664
BUSY TASK ewma=997
DMA IRQ c0=0
DMA IRQ c1=3
DMA IRQ c2=0
DMA IRQ c3=0
SELECT busy=9992
SELECT w0=9992
SELECT w1=5096
SELECT w2=5677
BUSY TASK ewma=997
DMA IRQ c0=0
DMA IRQ c1=3
DMA IRQ c2=0
DMA IRQ c3=0
SELECT busy=10008
SELECT w0=10008
SELECT w1=5104
SELECT w2=5687
BUSY TASK ewma=997
DMA IRQ c0=0
DMA IRQ c1=3
DMA IRQ c2=0
DMA IRQ c3=0
SELECT busy=10024
SELECT w0=10024
SELECT w1=5113
SELECT w2=5698
BUSY TASK ewma=997
DMA IRQ c0=0
DMA IRQ c1=3
DMA IRQ c2=0
DMA IRQ c3=0
SELECT busy=10045
SELECT w0=10044
SELECT w1=5121
SELECT w2=5708
BUSY TASK ewma=997
DMA IRQ c0=0
DMA IRQ c1=3
DMA IRQ c2=0
DMA IRQ c3=0
SELECT busy=10064
SELECT w0=10064
SELECT w1=5128
SELECT w2=5717
BUSY TASK ewma=997
DMA IRQ c0=0
DMA IRQ c1=3
DMA IRQ c2=0
DMA IRQ c3=0
SELECT busy=10082
SELECT w0=10081
SELECT w1=5135
SELECT w2=5728
BUSY TASK ewma=997
DMA IRQ c0=0
DMA IRQ c1=3
DMA IRQ c2=0
DMA IRQ c3=0
SELECT busy=10100
SELECT w0=10100
SELECT w1=5144
SELECT w2=5738
BUSY TASK ewma=997
DMA IRQ c0=0
DMA IRQ c1=3
DMA IRQ c2=0
DMA IRQ c3=0
SELECT busy=10124
SELECT w0=10124
SELECT w1=5155
SELECT w2=5754
BUSY TASK ewma=997
DMA IRQ c0=0
DMA IRQ c1=3
DMA IRQ c2=0
DMA IRQ c3=0
SELECT busy=10144
SELECT w0=10143
SELECT w1=5163
SELECT w2=5764
BUSY TASK ewma=997
DMA IRQ c0=0
DMA IRQ c1=3
DMA IRQ c2=0
DMA IRQ c3=0
SELECT busy=10158
SELECT w0=10158
SELECT w1=5169
SELECT w2=5772
BUSY TASK ewma=997
DMA IRQ c0=0
DMA IRQ c1=3
DMA IRQ c2=0
DMA IRQ c3=0
SELECT busy=10177
SELECT w0=10176
SELECT w1=5177
SELECT w2=5780
BUSY TASK ewma=997
DMA IRQ c0=0
DMA IRQ c1=3
DMA IRQ c2=0
DMA IRQ c3=0
SELECT busy=10195
SELECT w0=10195
SELECT w1=5185
SELECT w2=5790
BUSY TASK ewma=997
DMA IRQ c0=0
DMA IRQ c1=3
DMA IRQ c2=0
DMA IRQ c3=0
SELECT busy=10215
SELECT w0=10215
SELECT w1=5194
SELECT w2=5799
BUSY TASK ewma=997
DMA IRQ c0=0
DMA IRQ c1=3
DMA IRQ c2=0
DMA IRQ c3=0
SELECT busy=10239
SELECT w0=10238
SELECT w1=5204
SELECT w2=5811
BUSY TASK ewma=997
DMA IRQ c0=0
DMA IRQ c1=3
DMA IRQ c2=0
DMA IRQ c3=0
SELECT busy=10255
SELECT w0=10254
SELECT w1=5213
SELECT w2=5821
BUSY TASK ewma=997
DMA IRQ c0=0
DMA IRQ c1=3
DMA IRQ c2=0
DMA IRQ c3=0
SELECT busy=10274
SELECT w0=10273
SELECT w1=5220
SELECT w2=5830
BUSY TASK ewma=997
DMA IRQ c0=0
DMA IRQ c1=3
DMA IRQ c2=0
DMA IRQ c3=0
SELECT busy=10295
SELECT w0=10294
SELECT w1=5229
SELECT w2=5840
BUSY TASK ewma=997
DMA IRQ c0=0
DMA IRQ c1=3
DMA IRQ c2=0
DMA IRQ c3=0
SELECT busy=10321
SELECT w0=10320
SELECT w1=5241
SELECT w2=5854
BUSY TASK ewma=997
DMA IRQ c0=0
DMA IRQ c1=3
DMA IRQ c2=0
DMA IRQ c3=0
SELECT busy=10339
SELECT w0=10338
SELECT w1=5249
SELECT w2=5863
BUSY TASK ewma=997
DMA IRQ c0=0
DMA IRQ c1=3
DMA IRQ c2=0
DMA IRQ c3=0
SELECT busy=10357
SELECT w0=10357
SELECT w1=5257
SELECT w2=5873
BUSY TASK ewma=997
DMA IRQ c0=0
DMA IRQ c1=3
DMA IRQ c2=0
DMA IRQ c3=0
SELECT busy=10376
SELECT w0=10375
SELECT w1=5265
SELECT w2=5881
BUSY TASK ewma=997
DMA IRQ c0=0
DMA IRQ c1=3
DMA IRQ c2=0
DMA IRQ c3=0
SELECT busy=10396
SELECT w0=10395
SELECT w1=5272
SELECT w2=5889
BUSY TASK ewma=997
DMA IRQ c0=0
DMA IRQ c1=3
DMA IRQ c2=0
DMA IRQ c3=0
SELECT busy=10411
SELECT w0=10411
SELECT w1=5278
SELECT w2=5897
BUSY TASK ewma=997
DMA IRQ c0=0
DMA IRQ c1=3
DMA IRQ c2=0
DMA IRQ c3=0
SELECT busy=10424
SELECT w0=10424
SELECT w1=5284
SELECT w2=5905
BUSY TASK ewma=997
DMA IRQ c0=0
DMA IRQ c1=3
DMA IRQ c2=0
DMA IRQ c3=0
SELECT busy=10449
SELECT w0=10449
SELECT w1=5295
SELECT w2=5922
BUSY TASK ewma=997
DMA IRQ c0=0
DMA IRQ c1=3
DMA IRQ c2=0
DMA IRQ c3=0
SELECT busy=10465
SELECT w0=10464
SELECT w1=5303
SELECT w2=5931
BUSY TASK ewma=997
DMA IRQ c0=0
DMA IRQ c1=3
DMA IRQ c2=0
DMA IRQ c3=0
SELECT busy=10481
SELECT w0=10480
SELECT w1=5309
SELECT w2=5939
BUSY TASK ewma=997
DMA IRQ c0=0
DMA IRQ c1=3
DMA IRQ c2=0
DMA IRQ c3=0
SELECT busy=10498
SELECT w0=10497
SELECT w1=5316
SELECT w2=5948
BUSY TASK ewma=997
DMA IRQ c0=0
DMA IRQ c1=3
DMA IRQ c2=0
DMA IRQ c3=0
SELECT busy=10517
SELECT w0=10517
SELECT w1=5325
SELECT w2=5959
BUSY TASK ewma=997
DMA IRQ c0=0
DMA IRQ c1=3
DMA IRQ c2=0
DMA IRQ c3=0
SELECT busy=10543
SELECT w0=10543
SELECT w1=5338
SELECT w2=5979
BUSY TASK ewma=997
DMA IRQ c0=0
DMA IRQ c1=3
DMA IRQ c2=0
DMA IRQ c3=0
SELECT busy=10566
SELECT w0=10565
SELECT w1=5346
SELECT w2=5988
BUSY TASK ewma=997
DMA IRQ c0=0
DMA IRQ c1=3
DMA IRQ c2=0
DMA IRQ c3=0
SELECT busy=10583
SELECT w0=10582
SELECT w1=5353
SELECT w2=5997
BUSY TASK ewma=997
DMA IRQ c0=0
DMA IRQ c1=3
DMA IRQ c2=0
DMA IRQ c3=0
SELECT busy=10598
SELECT w0=10598
SELECT w1=5361
SELECT w2=6009
BUSY TASK ewma=997
DMA IRQ c0=0
DMA IRQ c1=3
DMA IRQ c2=0
DMA IRQ c3=0
SELECT busy=10611
SELECT w0=10610
SELECT w1=5366
SELECT w2=6015
BUSY TASK ewma=997
DMA IRQ c0=0
DMA IRQ c1=3
DMA IRQ c2=0
DMA IRQ c3=0
SELECT busy=10620
SELECT w0=10619
SELECT w1=5370
SELECT w2=6019
BUSY TASK ewma=997
DMA IRQ c0=0
DMA IRQ c1=3
DMA IRQ c2=0
DMA IRQ c3=0
SELECT busy=10632
SELECT w0=10631
SELECT w1=5375
SELECT w2=6025
BUSY TASK ewma=997
DMA IRQ c0=0
DMA IRQ c1=3
DMA IRQ c2=0
DMA IRQ c3=0
SELECT busy=10648
SELECT w0=10647
SELECT w1=5383
SELECT w2=6034
BUSY TASK ewma=997
DMA IRQ c0=0
DMA IRQ c1=3
DMA IRQ c2=0
DMA IRQ c3=0
SELECT busy=10668
SELECT w0=10667
SELECT w1=5390
SELECT w2=6043
BUSY TASK ewma=997
DMA IRQ c0=0
DMA IRQ c1=3
DMA IRQ c2=0
DMA IRQ c3=0
SELECT busy=10687
SELECT w0=10686
SELECT w1=5397
SELECT w2=6052
BUSY TASK ewma=997
DMA IRQ c0=0
DMA IRQ c1=3
DMA IRQ c2=0
DMA IRQ c3=0
SELECT busy=10701
SELECT w0=10701
SELECT w1=5403
SELECT w2=6060
BUSY TASK ewma=997
DMA IRQ c0=0
DMA IRQ c1=3
DMA IRQ c2=0
DMA IRQ c3=0
SELECT busy=10714
SELECT w0=10714
SELECT w1=5408
SELECT w2=6066
BUSY TASK ewma=997
DMA IRQ c0=0
DMA IRQ c1=3
DMA IRQ c2=0
DMA IRQ c3=0
SELECT busy=10734
SELECT w0=10733
SELECT w1=5415
SELECT w2=6076
BUSY TASK ewma=997
DMA IRQ c0=0
DMA IRQ c1=3
DMA IRQ c2=0
DMA IRQ c3=0
SELECT busy=10754
SELECT w0=10753
SELECT w1=5422
SELECT w2=6086
BUSY TASK ewma=997
DMA IRQ c0=0
DMA IRQ c1=3
DMA IRQ c2=0
DMA IRQ c3=0
SELECT busy=10774
SELECT w0=10774
SELECT w1=5431
SELECT w2=6097
BUSY TASK ewma=997
IRQ counts: cpu0=21577 cpu1=24336 cpu2=24372 cpu3=24095
SCHED secondaries: calls=72812 unexpected=0
SECTEST switches=72782 cpu1=267099440,257943420 cpu2=220353156,221956994 cpu3=311490354,308064254
PINGPONG rounds=2000 pongs=2000
DMA IRQ c0=0
DMA IRQ c1=3
DMA IRQ c2=0
DMA IRQ c3=0
SELECT busy=10798
SELECT w0=10797
SELECT w1=5442
SELECT w2=6110
BUSY TASK ewma=997
DMA IRQ c0=0
DMA IRQ c1=3
DMA IRQ c2=0
DMA IRQ c3=0
SELECT busy=10817
SELECT w0=10816
SELECT w1=5450
SELECT w2=6119
BUSY TASK ewma=997
DMA IRQ c0=0
DMA IRQ c1=3
DMA IRQ c2=0
DMA IRQ c3=0
SELECT busy=10833
SELECT w0=10832
SELECT w1=5456
SELECT w2=6127
BUSY TASK ewma=997
DMA IRQ c0=0
DMA IRQ c1=3
DMA IRQ c2=0
DMA IRQ c3=0
SELECT busy=10851
SELECT w0=10851
SELECT w1=5463
SELECT w2=6137
BUSY TASK ewma=997
DMA IRQ c0=0
DMA IRQ c1=3
DMA IRQ c2=0
DMA IRQ c3=0
SELECT busy=10871
SELECT w0=10870
SELECT w1=5471
SELECT w2=6148
BUSY TASK ewma=997
DMA IRQ c0=0
DMA IRQ c1=3
DMA IRQ c2=0
DMA IRQ c3=0
SELECT busy=10887
SELECT w0=10887
SELECT w1=5478
SELECT w2=6159
BUSY TASK ewma=997
DMA IRQ c0=0
DMA IRQ c1=3
DMA IRQ c2=0
DMA IRQ c3=0
SELECT busy=10909
SELECT w0=10909
SELECT w1=5490
SELECT w2=6176
BUSY TASK ewma=997
DMA IRQ c0=0
DMA IRQ c1=3
DMA IRQ c2=0
DMA IRQ c3=0
SELECT busy=10929
SELECT w0=10929
SELECT w1=5501
SELECT w2=6189
BUSY TASK ewma=997
DMA IRQ c0=0
DMA IRQ c1=3
DMA IRQ c2=0
DMA IRQ c3=0
SELECT busy=10952
SELECT w0=10952
SELECT w1=5512
SELECT w2=6204
BUSY TASK ewma=997
DMA IRQ c0=0
DMA IRQ c1=3
DMA IRQ c2=0
DMA IRQ c3=0
SELECT busy=10975
SELECT w0=10974
SELECT w1=5520
SELECT w2=6213
BUSY TASK ewma=997
DMA IRQ c0=0
DMA IRQ c1=3
DMA IRQ c2=0
DMA IRQ c3=0
SELECT busy=10995
SELECT w0=10994
SELECT w1=5527
SELECT w2=6221
BUSY TASK ewma=997
DMA IRQ c0=0
DMA IRQ c1=3
DMA IRQ c2=0
DMA IRQ c3=0
SELECT busy=11013
SELECT w0=11012
SELECT w1=5534
SELECT w2=6229
BUSY TASK ewma=997
DMA IRQ c0=0
DMA IRQ c1=3
DMA IRQ c2=0
DMA IRQ c3=0
SELECT busy=11032
SELECT w0=11031
SELECT w1=5543
SELECT w2=6241
BUSY TASK ewma=997
DMA IRQ c0=0
DMA IRQ c1=3
DMA IRQ c2=0
DMA IRQ c3=0
SELECT busy=11050
SELECT w0=11050
SELECT w1=5550
SELECT w2=6254
BUSY TASK ewma=997
DMA IRQ c0=0
DMA IRQ c1=3
DMA IRQ c2=0
DMA IRQ c3=0
SELECT busy=11066
SELECT w0=11065
SELECT w1=5557
SELECT w2=6264
BUSY TASK ewma=997
DMA IRQ c0=0
DMA IRQ c1=3
DMA IRQ c2=0
DMA IRQ c3=0
SELECT busy=11081
SELECT w0=11081
SELECT w1=5564
SELECT w2=6273
BUSY TASK ewma=997
DMA IRQ c0=0
DMA IRQ c1=3
DMA IRQ c2=0
DMA IRQ c3=0
SELECT busy=11102
SELECT w0=11102
SELECT w1=5573
SELECT w2=6284
BUSY TASK ewma=997
DMA IRQ c0=0
DMA IRQ c1=3
DMA IRQ c2=0
DMA IRQ c3=0
SELECT busy=11115
SELECT w0=11114
SELECT w1=5579
SELECT w2=6291
BUSY TASK ewma=997
DMA IRQ c0=0
DMA IRQ c1=3
DMA IRQ c2=0
DMA IRQ c3=0
SELECT busy=11132
SELECT w0=11131
SELECT w1=5586
SELECT w2=6300
BUSY TASK ewma=997
DMA IRQ c0=0
DMA IRQ c1=3
DMA IRQ c2=0
DMA IRQ c3=0
SELECT busy=11149
SELECT w0=11148
SELECT w1=5592
SELECT w2=6309
BUSY TASK ewma=997
DMA IRQ c0=0
DMA IRQ c1=3
DMA IRQ c2=0
DMA IRQ c3=0
SELECT busy=11169
SELECT w0=11168
SELECT w1=5599
SELECT w2=6319
BUSY TASK ewma=997
DMA IRQ c0=0
DMA IRQ c1=3
DMA IRQ c2=0
DMA IRQ c3=0
SELECT busy=11192
SELECT w0=11191
SELECT w1=5608
SELECT w2=6330
BUSY TASK ewma=997
DMA IRQ c0=0
DMA IRQ c1=3
DMA IRQ c2=0
DMA IRQ c3=0
SELECT busy=11212
SELECT w0=11212
SELECT w1=5621
SELECT w2=6347
BUSY TASK ewma=997
DMA IRQ c0=0
DMA IRQ c1=3
DMA IRQ c2=0
DMA IRQ c3=0
SELECT busy=11235
SELECT w0=11235
SELECT w1=5628
SELECT w2=6358
BUSY TASK ewma=997
DMA IRQ c0=0
DMA IRQ c1=3
DMA IRQ c2=0
DMA IRQ c3=0
SELECT busy=11254
SELECT w0=11254
SELECT w1=5639
SELECT w2=6370
BUSY TASK ewma=997
DMA IRQ c0=0
DMA IRQ c1=3
DMA IRQ c2=0
DMA IRQ c3=0
SELECT busy=11284
SELECT w0=11284
SELECT w1=5653
SELECT w2=6385
BUSY TASK ewma=997
DMA IRQ c0=0
DMA IRQ c1=3
DMA IRQ c2=0
DMA IRQ c3=0
SELECT busy=11322
SELECT w0=11322
SELECT w1=5672
SELECT w2=6407
BUSY TASK ewma=997
DMA IRQ c0=0
DMA IRQ c1=3
DMA IRQ c2=0
DMA IRQ c3=0
SELECT busy=11343
SELECT w0=11343
SELECT w1=5683
SELECT w2=6422
BUSY TASK ewma=997
DMA IRQ c0=0
DMA IRQ c1=3
DMA IRQ c2=0
DMA IRQ c3=0
SELECT busy=11363
SELECT w0=11365
SELECT w1=5694
SELECT w2=6437
BUSY TASK ewma=997
DMA IRQ c0=0
DMA IRQ c1=3
DMA IRQ c2=0
DMA IRQ c3=0
SELECT busy=11397
SELECT w0=11397
SELECT w1=5707
SELECT w2=6456
BUSY TASK ewma=997
DMA IRQ c0=0
DMA IRQ c1=3
DMA IRQ c2=0
DMA IRQ c3=0
SELECT busy=11427
SELECT w0=11426
SELECT w1=5719
SELECT w2=6471
BUSY TASK ewma=997
DMA IRQ c0=0
DMA IRQ c1=3
DMA IRQ c2=0
DMA IRQ c3=0
SELECT busy=11457
SELECT w0=11457
SELECT w1=5731
SELECT w2=6483
BUSY TASK ewma=997
DMA IRQ c0=0
DMA IRQ c1=3
DMA IRQ c2=0
DMA IRQ c3=0
SELECT busy=11484
SELECT w0=11484
SELECT w1=5742
SELECT w2=6497
BUSY TASK ewma=997
DMA IRQ c0=0
DMA IRQ c1=3
DMA IRQ c2=0
DMA IRQ c3=0
SELECT busy=11509
SELECT w0=11508
SELECT w1=5750
SELECT w2=6508
BUSY TASK ewma=997
DMA IRQ c0=0
DMA IRQ c1=3
DMA IRQ c2=0
DMA IRQ c3=0
SELECT busy=11527
SELECT w0=11527
SELECT w1=5757
SELECT w2=6516
BUSY TASK ewma=997
DMA IRQ c0=0
DMA IRQ c1=3
DMA IRQ c2=0
DMA IRQ c3=0
SELECT busy=11541
SELECT w0=11541
SELECT w1=5764
SELECT w2=6524
BUSY TASK ewma=997
DMA IRQ c0=0
DMA IRQ c1=3
DMA IRQ c2=0
DMA IRQ c3=0
SELECT busy=11563
SELECT w0=11562
SELECT w1=5773
SELECT w2=6534
BUSY TASK ewma=997
DMA IRQ c0=0
DMA IRQ c1=3
DMA IRQ c2=0
DMA IRQ c3=0
SELECT busy=11582
SELECT w0=11581
SELECT w1=5780
SELECT w2=6542
BUSY TASK ewma=997
DMA IRQ c0=0
DMA IRQ c1=3
DMA IRQ c2=0
DMA IRQ c3=0
SELECT busy=11597
SELECT w0=11597
SELECT w1=5788
SELECT w2=6551
BUSY TASK ewma=997
DMA IRQ c0=0
DMA IRQ c1=3
DMA IRQ c2=0
DMA IRQ c3=0
SELECT busy=11613
SELECT w0=11612
SELECT w1=5795
SELECT w2=6560
BUSY TASK ewma=997
DMA IRQ c0=0
DMA IRQ c1=3
DMA IRQ c2=0
DMA IRQ c3=0
SELECT busy=11634
SELECT w0=11634
SELECT w1=5806
SELECT w2=6573
BUSY TASK ewma=997
DMA IRQ c0=0
DMA IRQ c1=3
DMA IRQ c2=0
DMA IRQ c3=0
SELECT busy=11653
SELECT w0=11653
SELECT w1=5813
SELECT w2=6580
BUSY TASK ewma=997
DMA IRQ c0=0
DMA IRQ c1=3
DMA IRQ c2=0
DMA IRQ c3=0
SELECT busy=11678
SELECT w0=11678
SELECT w1=5826
SELECT w2=6594
BUSY TASK ewma=997
DMA IRQ c0=0
DMA IRQ c1=3
DMA IRQ c2=0
DMA IRQ c3=0
SELECT busy=11698
SELECT w0=11697
SELECT w1=5835
SELECT w2=6603
BUSY TASK ewma=997
DMA IRQ c0=0
DMA IRQ c1=3
DMA IRQ c2=0
DMA IRQ c3=0
SELECT busy=11713
SELECT w0=11712
SELECT w1=5841
SELECT w2=6610
BUSY TASK ewma=997
DMA IRQ c0=0
DMA IRQ c1=3
DMA IRQ c2=0
DMA IRQ c3=0
SELECT busy=11733
SELECT w0=11733
SELECT w1=5852
SELECT w2=6623
BUSY TASK ewma=997
DMA IRQ c0=0
DMA IRQ c1=3
DMA IRQ c2=0
DMA IRQ c3=0
SELECT busy=11754
SELECT w0=11754
SELECT w1=5865
SELECT w2=6635
BUSY TASK ewma=997
DMA IRQ c0=0
DMA IRQ c1=3
DMA IRQ c2=0
DMA IRQ c3=0
SELECT busy=11774
SELECT w0=11773
SELECT w1=5873
SELECT w2=6643
BUSY TASK ewma=997
DMA IRQ c0=0
DMA IRQ c1=3
DMA IRQ c2=0
DMA IRQ c3=0
SELECT busy=11792
SELECT w0=11792
SELECT w1=5879
SELECT w2=6654
BUSY TASK ewma=997
DMA IRQ c0=0
DMA IRQ c1=3
DMA IRQ c2=0
DMA IRQ c3=0
SELECT busy=11815
SELECT w0=11815
SELECT w1=5891
SELECT w2=6665
BUSY TASK ewma=997
DMA IRQ c0=0
DMA IRQ c1=3
DMA IRQ c2=0
DMA IRQ c3=0
SELECT busy=11838
SELECT w0=11837
SELECT w1=5901
SELECT w2=6677
BUSY TASK ewma=997
DMA IRQ c0=0
DMA IRQ c1=3
DMA IRQ c2=0
DMA IRQ c3=0
SELECT busy=11854
SELECT w0=11853
SELECT w1=5907
SELECT w2=6684
BUSY TASK ewma=997
DMA IRQ c0=0
DMA IRQ c1=3
DMA IRQ c2=0
DMA IRQ c3=0
SELECT busy=11870
SELECT w0=11870
SELECT w1=5916
SELECT w2=6695
BUSY TASK ewma=997
DMA IRQ c0=0
DMA IRQ c1=3
DMA IRQ c2=0
DMA IRQ c3=0
SELECT busy=11889
SELECT w0=11889
SELECT w1=5922
SELECT w2=6703
BUSY TASK ewma=997
DMA IRQ c0=0
DMA IRQ c1=3
DMA IRQ c2=0
DMA IRQ c3=0
SELECT busy=11914
SELECT w0=11913
SELECT w1=5934
SELECT w2=6718
BUSY TASK ewma=997
DMA IRQ c0=0
DMA IRQ c1=3
DMA IRQ c2=0
DMA IRQ c3=0
SELECT busy=11938
SELECT w0=11937
SELECT w1=5946
SELECT w2=6730
BUSY TASK ewma=997
DMA IRQ c0=0
DMA IRQ c1=3
DMA IRQ c2=0
DMA IRQ c3=0
SELECT busy=11958
SELECT w0=11958
SELECT w1=5956
SELECT w2=6743
BUSY TASK ewma=997
DMA IRQ c0=0
DMA IRQ c1=3
DMA IRQ c2=0
DMA IRQ c3=0
SELECT busy=11972
SELECT w0=11971
SELECT w1=5962
SELECT w2=6749
BUSY TASK ewma=997
DMA IRQ c0=0
DMA IRQ c1=3
DMA IRQ c2=0
DMA IRQ c3=0
SELECT busy=11987
SELECT w0=11987
SELECT w1=5967
SELECT w2=6756
BUSY TASK ewma=997
DMA IRQ c0=0
DMA IRQ c1=3
DMA IRQ c2=0
DMA IRQ c3=0
SELECT busy=12006
SELECT w0=12006
SELECT w1=5974
SELECT w2=6768
BUSY TASK ewma=997
DMA IRQ c0=0
DMA IRQ c1=3
DMA IRQ c2=0
DMA IRQ c3=0
SELECT busy=12031
SELECT w0=12031
SELECT w1=5986
SELECT w2=6782
BUSY TASK ewma=997
DMA IRQ c0=0
DMA IRQ c1=3
DMA IRQ c2=0
DMA IRQ c3=0
SELECT busy=12053
SELECT w0=12053
SELECT w1=5995
SELECT w2=6795
BUSY TASK ewma=997
DMA IRQ c0=0
DMA IRQ c1=3
DMA IRQ c2=0
DMA IRQ c3=0
SELECT busy=12077
SELECT w0=12076
SELECT w1=6006
SELECT w2=6810
BUSY TASK ewma=997
DMA IRQ c0=0
DMA IRQ c1=3
DMA IRQ c2=0
DMA IRQ c3=0
SELECT busy=12100
SELECT w0=12100
SELECT w1=6018
SELECT w2=6822
BUSY TASK ewma=997
IRQ counts: cpu0=24231 cpu1=27273 cpu2=27285 cpu3=26955
SCHED secondaries: calls=81543 unexpected=0
SECTEST switches=81523 cpu1=296276039,287809456 cpu2=247455650,247653481 cpu3=350657558,345922429
PINGPONG rounds=2000 pongs=2000
DMA IRQ c0=0
DMA IRQ c1=3
DMA IRQ c2=0
DMA IRQ c3=0
SELECT busy=12131
SELECT w0=12130
SELECT w1=6032
SELECT w2=6842
BUSY TASK ewma=997
DMA IRQ c0=0
DMA IRQ c1=3
DMA IRQ c2=0
DMA IRQ c3=0
SELECT busy=12150
SELECT w0=12150
SELECT w1=6041
SELECT w2=6855
BUSY TASK ewma=997
DMA IRQ c0=0
DMA IRQ c1=3
DMA IRQ c2=0
DMA IRQ c3=0
SELECT busy=12164
SELECT w0=12163
SELECT w1=6046
SELECT w2=6861
BUSY TASK ewma=997
DMA IRQ c0=0
DMA IRQ c1=3
DMA IRQ c2=0
DMA IRQ c3=0
SELECT busy=12182
SELECT w0=12182
SELECT w1=6055
SELECT w2=6872
BUSY TASK ewma=997
DMA IRQ c0=0
DMA IRQ c1=3
DMA IRQ c2=0
DMA IRQ c3=0
SELECT busy=12206
SELECT w0=12205
SELECT w1=6064
SELECT w2=6883
BUSY TASK ewma=997
DMA IRQ c0=0
DMA IRQ c1=3
DMA IRQ c2=0
DMA IRQ c3=0
SELECT busy=12227
SELECT w0=12227
SELECT w1=6074
SELECT w2=6895
BUSY TASK ewma=997
DMA IRQ c0=0
DMA IRQ c1=3
DMA IRQ c2=0
DMA IRQ c3=0
SELECT busy=12254
SELECT w0=12254
SELECT w1=6086
SELECT w2=6910
BUSY TASK ewma=997
DMA IRQ c0=0
DMA IRQ c1=3
DMA IRQ c2=0
DMA IRQ c3=0
SELECT busy=12278
SELECT w0=12277
SELECT w1=6096
SELECT w2=6921
BUSY TASK ewma=997
DMA IRQ c0=0
DMA IRQ c1=3
DMA IRQ c2=0
DMA IRQ c3=0
SELECT busy=12297
SELECT w0=12296
SELECT w1=6105
SELECT w2=6933
BUSY TASK ewma=997
DMA IRQ c0=0
DMA IRQ c1=3
DMA IRQ c2=0
DMA IRQ c3=0
SELECT busy=12316
SELECT w0=12316
SELECT w1=6113
SELECT w2=6943
BUSY TASK ewma=997
DMA IRQ c0=0
DMA IRQ c1=3
DMA IRQ c2=0
DMA IRQ c3=0
SELECT busy=12334
SELECT w0=12334
SELECT w1=6121
SELECT w2=6955
BUSY TASK ewma=997
DMA IRQ c0=0
DMA IRQ c1=3
DMA IRQ c2=0
DMA IRQ c3=0
SELECT busy=12359
SELECT w0=12359
SELECT w1=6135
SELECT w2=6968
BUSY TASK ewma=997
DMA IRQ c0=0
DMA IRQ c1=3
DMA IRQ c2=0
DMA IRQ c3=0
SELECT busy=12376
SELECT w0=12376
SELECT w1=6145
SELECT w2=6980
BUSY TASK ewma=997
DMA IRQ c0=0
DMA IRQ c1=3
DMA IRQ c2=0
DMA IRQ c3=0
SELECT busy=12397
SELECT w0=12397
SELECT w1=6155
SELECT w2=6990
BUSY TASK ewma=997
DMA IRQ c0=0
DMA IRQ c1=3
DMA IRQ c2=0
DMA IRQ c3=0
SELECT busy=12415
SELECT w0=12414
SELECT w1=6166
SELECT w2=7002
BUSY TASK ewma=997
DMA IRQ c0=0
DMA IRQ c1=3
DMA IRQ c2=0
DMA IRQ c3=0
SELECT busy=12434
SELECT w0=12434
SELECT w1=6175
SELECT w2=7011
BUSY TASK ewma=997
DMA IRQ c0=0
DMA IRQ c1=3
DMA IRQ c2=0
DMA IRQ c3=0
SELECT busy=12458
SELECT w0=12458
SELECT w1=6189
SELECT w2=7027
BUSY TASK ewma=997
DMA IRQ c0=0
DMA IRQ c1=3
DMA IRQ c2=0
DMA IRQ c3=0
SELECT busy=12478
SELECT w0=12478
SELECT w1=6199
SELECT w2=7038
BUSY TASK ewma=997
DMA IRQ c0=0
DMA IRQ c1=3
DMA IRQ c2=0
DMA IRQ c3=0
SELECT busy=12498
SELECT w0=12498
SELECT w1=6206
SELECT w2=7048
BUSY TASK ewma=997
DMA IRQ c0=0
DMA IRQ c1=3
DMA IRQ c2=0
DMA IRQ c3=0
SELECT busy=12517
SELECT w0=12518
SELECT w1=6216
SELECT w2=7059
BUSY TASK ewma=997
DMA IRQ c0=0
DMA IRQ c1=3
DMA IRQ c2=0
DMA IRQ c3=0
SELECT busy=12541
SELECT w0=12544
SELECT w1=6235
SELECT w2=7079
BUSY TASK ewma=997
DMA IRQ c0=0
DMA IRQ c1=3
DMA IRQ c2=0
DMA IRQ c3=0
SELECT busy=12570
SELECT w0=12570
SELECT w1=6248
SELECT w2=7095
BUSY TASK ewma=997
DMA IRQ c0=0
DMA IRQ c1=3
DMA IRQ c2=0
DMA IRQ c3=0
SELECT busy=12584
SELECT w0=12584
SELECT w1=6255
SELECT w2=7103
BUSY TASK ewma=997
DMA IRQ c0=0
DMA IRQ c1=3
DMA IRQ c2=0
DMA IRQ c3=0
SELECT busy=12600
SELECT w0=12599
SELECT w1=6261
SELECT w2=7110
BUSY TASK ewma=997
DMA IRQ c0=0
DMA IRQ c1=3
DMA IRQ c2=0
DMA IRQ c3=0
SELECT busy=12616
SELECT w0=12616
SELECT w1=6271
SELECT w2=7124
BUSY TASK ewma=997
DMA IRQ c0=0
DMA IRQ c1=3
DMA IRQ c2=0
DMA IRQ c3=0
SELECT busy=12631
SELECT w0=12631
SELECT w1=6280
SELECT w2=7131
BUSY TASK ewma=997
DMA IRQ c0=0
DMA IRQ c1=3
DMA IRQ c2=0
DMA IRQ c3=0
SELECT busy=12650
SELECT w0=12650
SELECT w1=6290
SELECT w2=7142
BUSY TASK ewma=997
DMA IRQ c0=0
DMA IRQ c1=3
DMA IRQ c2=0
DMA IRQ c3=0
SELECT busy=12669
SELECT w0=12668
SELECT w1=6298
SELECT w2=7151
BUSY TASK ewma=997
DMA IRQ c0=0
DMA IRQ c1=3
DMA IRQ c2=0
DMA IRQ c3=0
SELECT busy=12689
SELECT w0=12690
SELECT w1=6308
SELECT w2=7165
BUSY TASK ewma=997
DMA IRQ c0=0
DMA IRQ c1=3
DMA IRQ c2=0
DMA IRQ c3=0
SELECT busy=12713
SELECT w0=12712
SELECT w1=6317
SELECT w2=7176
BUSY TASK ewma=997
DMA IRQ c0=0
DMA IRQ c1=3
DMA IRQ c2=0
DMA IRQ c3=0
SELECT busy=12739
SELECT w0=12740
SELECT w1=6330
SELECT w2=7189
BUSY TASK ewma=997
DMA IRQ c0=0
DMA IRQ c1=3
DMA IRQ c2=0
DMA IRQ c3=0
SELECT busy=12757
SELECT w0=12756
SELECT w1=6338
SELECT w2=7198
BUSY TASK ewma=997
DMA IRQ c0=0
DMA IRQ c1=3
DMA IRQ c2=0
DMA IRQ c3=0
SELECT busy=12774
SELECT w0=12773
SELECT w1=6349
SELECT w2=7207
BUSY TASK ewma=997
DMA IRQ c0=0
DMA IRQ c1=3
DMA IRQ c2=0
DMA IRQ c3=0
SELECT busy=12795
SELECT w0=12795
SELECT w1=6356
SELECT w2=7216
BUSY TASK ewma=997
DMA IRQ c0=0
DMA IRQ c1=3
DMA IRQ c2=0
DMA IRQ c3=0
SELECT busy=12819
SELECT w0=12818
SELECT w1=6366
SELECT w2=7228
BUSY TASK ewma=997
DMA IRQ c0=0
DMA IRQ c1=3
DMA IRQ c2=0
DMA IRQ c3=0
SELECT busy=12845
SELECT w0=12845
SELECT w1=6381
SELECT w2=7247
BUSY TASK ewma=997
DMA IRQ c0=0
DMA IRQ c1=3
DMA IRQ c2=0
DMA IRQ c3=0
SELECT busy=12867
SELECT w0=12867
SELECT w1=6391
SELECT w2=7261
BUSY TASK ewma=997
DMA IRQ c0=0
DMA IRQ c1=3
DMA IRQ c2=0
DMA IRQ c3=0
SELECT busy=12890
SELECT w0=12890
SELECT w1=6402
SELECT w2=7275
BUSY TASK ewma=997
DMA IRQ c0=0
DMA IRQ c1=3
DMA IRQ c2=0
DMA IRQ c3=0
SELECT busy=12914
SELECT w0=12914
SELECT w1=6413
SELECT w2=7288
BUSY TASK ewma=997
DMA IRQ c0=0
DMA IRQ c1=3
DMA IRQ c2=0
DMA IRQ c3=0
SELECT busy=12929
SELECT w0=12929
SELECT w1=6420
SELECT w2=7299
BUSY TASK ewma=997
DMA IRQ c0=0
DMA IRQ c1=3
DMA IRQ c2=0
DMA IRQ c3=0
SELECT busy=12947
SELECT w0=12947
SELECT w1=6429
SELECT w2=7313
BUSY TASK ewma=997
DMA IRQ c0=0
DMA IRQ c1=3
DMA IRQ c2=0
DMA IRQ c3=0
SELECT busy=12959
SELECT w0=12959
SELECT w1=6434
SELECT w2=7323
BUSY TASK ewma=997
DMA IRQ c0=0
DMA IRQ c1=3
DMA IRQ c2=0
DMA IRQ c3=0
SELECT busy=12975
SELECT w0=12975
SELECT w1=6443
SELECT w2=7334
BUSY TASK ewma=997
DMA IRQ c0=0
DMA IRQ c1=3
DMA IRQ c2=0
DMA IRQ c3=0
SELECT busy=13007
SELECT w0=13006
SELECT w1=6457
SELECT w2=7348
BUSY TASK ewma=997
DMA IRQ c0=0
DMA IRQ c1=3
DMA IRQ c2=0
DMA IRQ c3=0
SELECT busy=13026
SELECT w0=13026
SELECT w1=6465
SELECT w2=7360
BUSY TASK ewma=997
DMA IRQ c0=0
DMA IRQ c1=3
DMA IRQ c2=0
DMA IRQ c3=0
SELECT busy=13045
SELECT w0=13045
SELECT w1=6474
SELECT w2=7368
BUSY TASK ewma=997
DMA IRQ c0=0
DMA IRQ c1=3
DMA IRQ c2=0
DMA IRQ c3=0
SELECT busy=13060
SELECT w0=13060
SELECT w1=6482
SELECT w2=7377
BUSY TASK ewma=997
DMA IRQ c0=0
DMA IRQ c1=3
DMA IRQ c2=0
DMA IRQ c3=0
SELECT busy=13078
SELECT w0=13077
SELECT w1=6492
SELECT w2=7389
BUSY TASK ewma=997
DMA IRQ c0=0
DMA IRQ c1=3
DMA IRQ c2=0
DMA IRQ c3=0
SELECT busy=13096
SELECT w0=13096
SELECT w1=6498
SELECT w2=7397
BUSY TASK ewma=997
DMA IRQ c0=0
DMA IRQ c1=3
DMA IRQ c2=0
DMA IRQ c3=0
SELECT busy=13115
SELECT w0=13114
SELECT w1=6505
SELECT w2=7405
BUSY TASK ewma=997
DMA IRQ c0=0
DMA IRQ c1=3
DMA IRQ c2=0
DMA IRQ c3=0
SELECT busy=13129
SELECT w0=13128
SELECT w1=6510
SELECT w2=7412
BUSY TASK ewma=997
DMA IRQ c0=0
DMA IRQ c1=3
DMA IRQ c2=0
DMA IRQ c3=0
SELECT busy=13139
SELECT w0=13138
SELECT w1=6514
SELECT w2=7419
BUSY TASK ewma=997
DMA IRQ c0=0
DMA IRQ c1=3
DMA IRQ c2=0
DMA IRQ c3=0
SELECT busy=13157
SELECT w0=13157
SELECT w1=6524
SELECT w2=7432
BUSY TASK ewma=997
DMA IRQ c0=0
DMA IRQ c1=3
DMA IRQ c2=0
DMA IRQ c3=0
SELECT busy=13178
SELECT w0=13178
SELECT w1=6532
SELECT w2=7441
BUSY TASK ewma=997
DMA IRQ c0=0
DMA IRQ c1=3
DMA IRQ c2=0
DMA IRQ c3=0
SELECT busy=13199
SELECT w0=13198
SELECT w1=6541
SELECT w2=7452
BUSY TASK ewma=997
DMA IRQ c0=0
DMA IRQ c1=3
DMA IRQ c2=0
DMA IRQ c3=0
SELECT busy=13219
SELECT w0=13219
SELECT w1=6549
SELECT w2=7462
BUSY TASK ewma=997
DMA IRQ c0=0
DMA IRQ c1=3
DMA IRQ c2=0
DMA IRQ c3=0
SELECT busy=13239
SELECT w0=13238
SELECT w1=6559
SELECT w2=7473
BUSY TASK ewma=997
DMA IRQ c0=0
DMA IRQ c1=3
DMA IRQ c2=0
DMA IRQ c3=0
SELECT busy=13264
SELECT w0=13263
SELECT w1=6567
SELECT w2=7483
BUSY TASK ewma=997
DMA IRQ c0=0
DMA IRQ c1=3
DMA IRQ c2=0
DMA IRQ c3=0
SELECT busy=13288
SELECT w0=13287
SELECT w1=6576
SELECT w2=7494
BUSY TASK ewma=997
DMA IRQ c0=0
DMA IRQ c1=3
DMA IRQ c2=0
DMA IRQ c3=0
SELECT busy=13308
SELECT w0=13308
SELECT w1=6586
SELECT w2=7510
BUSY TASK ewma=997
DMA IRQ c0=0
DMA IRQ c1=3
DMA IRQ c2=0
DMA IRQ c3=0
SELECT busy=13324
SELECT w0=13323
SELECT w1=6595
SELECT w2=7520
BUSY TASK ewma=997
DMA IRQ c0=0
DMA IRQ c1=3
DMA IRQ c2=0
DMA IRQ c3=0
SELECT busy=13358
SELECT w0=13357
SELECT w1=6610
SELECT w2=7543
BUSY TASK ewma=997
DMA IRQ c0=0
DMA IRQ c1=3
DMA IRQ c2=0
DMA IRQ c3=0
SELECT busy=13393
SELECT w0=13392
SELECT w1=6622
SELECT w2=7558
BUSY TASK ewma=997
DMA IRQ c0=0
DMA IRQ c1=3
DMA IRQ c2=0
DMA IRQ c3=0
SELECT busy=13431
SELECT w0=13430
SELECT w1=6637
SELECT w2=7576
BUSY TASK ewma=997
IRQ counts: cpu0=26919 cpu1=30390 cpu2=30315 cpu3=30038
SCHED secondaries: calls=90753 unexpected=0
SECTEST switches=90731 cpu1=326649562,318128597 cpu2=275416810,276025235 cpu3=392489735,387522852
PINGPONG rounds=2000 pongs=2000
DMA IRQ c0=0
DMA IRQ c1=3
DMA IRQ c2=0
DMA IRQ c3=0
SELECT busy=13472
SELECT w0=13472
SELECT w1=6655
SELECT w2=7597
BUSY TASK ewma=997
DMA IRQ c0=0
DMA IRQ c1=3
DMA IRQ c2=0
DMA IRQ c3=0
SELECT busy=13493
SELECT w0=13492
SELECT w1=6662
SELECT w2=7606
BUSY TASK ewma=997
DMA IRQ c0=0
DMA IRQ c1=3
DMA IRQ c2=0
DMA IRQ c3=0
SELECT busy=13511
SELECT w0=13511
SELECT w1=6671
SELECT w2=7620
BUSY TASK ewma=997
DMA IRQ c0=0
DMA IRQ c1=3
DMA IRQ c2=0
DMA IRQ c3=0
SELECT busy=13530
SELECT w0=13530
SELECT w1=6681
SELECT w2=7637
BUSY TASK ewma=997
DMA IRQ c0=0
DMA IRQ c1=3
DMA IRQ c2=0
DMA IRQ c3=0
SELECT busy=13549
SELECT w0=13548
SELECT w1=6687
SELECT w2=7645
BUSY TASK ewma=997
DMA IRQ c0=0
DMA IRQ c1=3
DMA IRQ c2=0
DMA IRQ c3=0
SELECT busy=13569
SELECT w0=13568
SELECT w1=6694
SELECT w2=7656
BUSY TASK ewma=997
DMA IRQ c0=0
DMA IRQ c1=3
DMA IRQ c2=0
DMA IRQ c3=0
SELECT busy=13586
SELECT w0=13586
SELECT w1=6702
SELECT w2=7669
BUSY TASK ewma=997
DMA IRQ c0=0
DMA IRQ c1=3
DMA IRQ c2=0
DMA IRQ c3=0
SELECT busy=13604
SELECT w0=13604
SELECT w1=6711
SELECT w2=7683
BUSY TASK ewma=997
DMA IRQ c0=0
DMA IRQ c1=3
DMA IRQ c2=0
DMA IRQ c3=0
SELECT busy=13620
SELECT w0=13620
SELECT w1=6718
SELECT w2=7694
BUSY TASK ewma=997
DMA IRQ c0=0
DMA IRQ c1=3
DMA IRQ c2=0
DMA IRQ c3=0
SELECT busy=13642
SELECT w0=13641
SELECT w1=6729
SELECT w2=7705
BUSY TASK ewma=997
DMA IRQ c0=0
DMA IRQ c1=3
DMA IRQ c2=0
DMA IRQ c3=0
SELECT busy=13657
SELECT w0=13656
SELECT w1=6735
SELECT w2=7714
BUSY TASK ewma=997
DMA IRQ c0=0
DMA IRQ c1=3
DMA IRQ c2=0
DMA IRQ c3=0
SELECT busy=13676
SELECT w0=13675
SELECT w1=6744
SELECT w2=7725
BUSY TASK ewma=997
DMA IRQ c0=0
DMA IRQ c1=3
DMA IRQ c2=0
DMA IRQ c3=0
SELECT busy=13691
SELECT w0=13690
SELECT w1=6752
SELECT w2=7735
BUSY TASK ewma=997
DMA IRQ c0=0
DMA IRQ c1=3
DMA IRQ c2=0
DMA IRQ c3=0
SELECT busy=13709
SELECT w0=13709
SELECT w1=6763
SELECT w2=7746
BUSY TASK ewma=997
DMA IRQ c0=0
DMA IRQ c1=3
DMA IRQ c2=0
DMA IRQ c3=0
SELECT busy=13730
SELECT w0=13729
SELECT w1=6771
SELECT w2=7756
BUSY TASK ewma=997
DMA IRQ c0=0
DMA IRQ c1=3
DMA IRQ c2=0
DMA IRQ c3=0
SELECT busy=13748
SELECT w0=13747
SELECT w1=6779
SELECT w2=7764
BUSY TASK ewma=997
DMA IRQ c0=0
DMA IRQ c1=3
DMA IRQ c2=0
DMA IRQ c3=0
SELECT busy=13769
SELECT w0=13768
SELECT w1=6787
SELECT w2=7773
BUSY TASK ewma=997
DMA IRQ c0=0
DMA IRQ c1=3
DMA IRQ c2=0
DMA IRQ c3=0
SELECT busy=13788
SELECT w0=13787
SELECT w1=6796
SELECT w2=7785
BUSY TASK ewma=997
DMA IRQ c0=0
DMA IRQ c1=3
DMA IRQ c2=0
DMA IRQ c3=0
SELECT busy=13809
SELECT w0=13809
SELECT w1=6806
SELECT w2=7794
BUSY TASK ewma=997
DMA IRQ c0=0
DMA IRQ c1=3
DMA IRQ c2=0
DMA IRQ c3=0
SELECT busy=13827
SELECT w0=13826
SELECT w1=6814
SELECT w2=7803
BUSY TASK ewma=997
DMA IRQ c0=0
DMA IRQ c1=3
DMA IRQ c2=0
DMA IRQ c3=0
SELECT busy=13847
SELECT w0=13847
SELECT w1=6825
SELECT w2=7817
BUSY TASK ewma=997
DMA IRQ c0=0
DMA IRQ c1=3
DMA IRQ c2=0
DMA IRQ c3=0
SELECT busy=13865
SELECT w0=13864
SELECT w1=6832
SELECT w2=7826
BUSY TASK ewma=997
DMA IRQ c0=0
DMA IRQ c1=3
DMA IRQ c2=0
DMA IRQ c3=0
SELECT busy=13881
SELECT w0=13881
SELECT w1=6838
SELECT w2=7834
BUSY TASK ewma=997
DMA IRQ c0=0
DMA IRQ c1=3
DMA IRQ c2=0
DMA IRQ c3=0
SELECT busy=13900
SELECT w0=13900
SELECT w1=6848
SELECT w2=7845
BUSY TASK ewma=997
DMA IRQ c0=0
DMA IRQ c1=3
DMA IRQ c2=0
DMA IRQ c3=0
SELECT busy=13918
SELECT w0=13918
SELECT w1=6857
SELECT w2=7854
BUSY TASK ewma=997
DMA IRQ c0=0
DMA IRQ c1=3
DMA IRQ c2=0
DMA IRQ c3=0
SELECT busy=13937
SELECT w0=13937
SELECT w1=6865
SELECT w2=7863
BUSY TASK ewma=997
DMA IRQ c0=0
DMA IRQ c1=3
DMA IRQ c2=0
DMA IRQ c3=0
SELECT busy=13956
SELECT w0=13956
SELECT w1=6873
SELECT w2=7873
BUSY TASK ewma=997
DMA IRQ c0=0
DMA IRQ c1=3
DMA IRQ c2=0
DMA IRQ c3=0
SELECT busy=13975
SELECT w0=13974
SELECT w1=6878
SELECT w2=7882
BUSY TASK ewma=997
DMA IRQ c0=0
DMA IRQ c1=3
DMA IRQ c2=0
DMA IRQ c3=0
SELECT busy=13993
SELECT w0=13992
SELECT w1=6884
SELECT w2=7890
BUSY TASK ewma=997
DMA IRQ c0=0
DMA IRQ c1=3
DMA IRQ c2=0
DMA IRQ c3=0
SELECT busy=14008
SELECT w0=14008
SELECT w1=6893
SELECT w2=7901
BUSY TASK ewma=997
DMA IRQ c0=0
DMA IRQ c1=3
DMA IRQ c2=0
DMA IRQ c3=0
SELECT busy=14027
SELECT w0=14027
SELECT w1=6905
SELECT w2=7914
BUSY TASK ewma=997
DMA IRQ c0=0
DMA IRQ c1=3
DMA IRQ c2=0
DMA IRQ c3=0
SELECT busy=14049
SELECT w0=14052
SELECT w1=6918
SELECT w2=7930
BUSY TASK ewma=997
DMA IRQ c0=0
DMA IRQ c1=3
DMA IRQ c2=0
DMA IRQ c3=0
SELECT busy=14074
SELECT w0=14074
SELECT w1=6927
SELECT w2=7940
BUSY TASK ewma=997
DMA IRQ c0=0
DMA IRQ c1=3
DMA IRQ c2=0
DMA IRQ c3=0
SELECT busy=14093
SELECT w0=14092
SELECT w1=6936
SELECT w2=7952
BUSY TASK ewma=997
DMA IRQ c0=0
DMA IRQ c1=3
DMA IRQ c2=0
DMA IRQ c3=0
SELECT busy=14112
SELECT w0=14112
SELECT w1=6942
SELECT w2=7962
BUSY TASK ewma=997
DMA IRQ c0=0
DMA IRQ c1=3
DMA IRQ c2=0
DMA IRQ c3=0
SELECT busy=14130
SELECT w0=14130
SELECT w1=6950
SELECT w2=7973
BUSY TASK ewma=997
DMA IRQ c0=0
DMA IRQ c1=3
DMA IRQ c2=0
DMA IRQ c3=0
SELECT busy=14149
SELECT w0=14149
SELECT w1=6961
SELECT w2=7985
BUSY TASK ewma=997
DMA IRQ c0=0
DMA IRQ c1=3
DMA IRQ c2=0
DMA IRQ c3=0
SELECT busy=14167
SELECT w0=14167
SELECT w1=6968
SELECT w2=7999
BUSY TASK ewma=997
DMA IRQ c0=0
DMA IRQ c1=3
DMA IRQ c2=0
DMA IRQ c3=0
SELECT busy=14184
SELECT w0=14184
SELECT w1=6976
SELECT w2=8007
BUSY TASK ewma=997
DMA IRQ c0=0
DMA IRQ c1=3
DMA IRQ c2=0
DMA IRQ c3=0
SELECT busy=14201
SELECT w0=14201
SELECT w1=6985
SELECT w2=8017
BUSY TASK ewma=997
DMA IRQ c0=0
DMA IRQ c1=3
DMA IRQ c2=0
DMA IRQ c3=0
SELECT busy=14218
SELECT w0=14217
SELECT w1=6992
SELECT w2=8026
BUSY TASK ewma=997
DMA IRQ c0=0
DMA IRQ c1=3
DMA IRQ c2=0
DMA IRQ c3=0
SELECT busy=14233
SELECT w0=14232
SELECT w1=6999
SELECT w2=8034
BUSY TASK ewma=997
DMA IRQ c0=0
DMA IRQ c1=3
DMA IRQ c2=0
DMA IRQ c3=0
SELECT busy=14247
SELECT w0=14246
SELECT w1=7006
SELECT w2=8042
BUSY TASK ewma=997
DMA IRQ c0=0
DMA IRQ c1=3
DMA IRQ c2=0
DMA IRQ c3=0
SELECT busy=14265
SELECT w0=14264
SELECT w1=7014
SELECT w2=8054
BUSY TASK ewma=997
DMA IRQ c0=0
DMA IRQ c1=3
DMA IRQ c2=0
DMA IRQ c3=0
SELECT busy=14285
SELECT w0=14284
SELECT w1=7022
SELECT w2=8064
BUSY TASK ewma=997
DMA IRQ c0=0
DMA IRQ c1=3
DMA IRQ c2=0
DMA IRQ c3=0
SELECT busy=14305
SELECT w0=14304
SELECT w1=7030
SELECT w2=8072
BUSY TASK ewma=997
DMA IRQ c0=0
DMA IRQ c1=3
DMA IRQ c2=0
DMA IRQ c3=0
SELECT busy=14319
SELECT w0=14319
SELECT w1=7038
SELECT w2=8083
BUSY TASK ewma=997
DMA IRQ c0=0
DMA IRQ c1=3
DMA IRQ c2=0
DMA IRQ c3=0
SELECT busy=14344
SELECT w0=14344
SELECT w1=7050
SELECT w2=8102
BUSY TASK ewma=997
DMA IRQ c0=0
DMA IRQ c1=3
DMA IRQ c2=0
DMA IRQ c3=0
SELECT busy=14370
SELECT w0=14370
SELECT w1=7062
SELECT w2=8122
BUSY TASK ewma=997
DMA IRQ c0=0
DMA IRQ c1=3
DMA IRQ c2=0
DMA IRQ c3=0
SELECT busy=14392
SELECT w0=14392
SELECT w1=7071
SELECT w2=8135
qemu-system-aarch64: terminating on signal 15 from pid 208089 (timeout)
