P4 M7: full integration test boot OK
CPU0: MPIDR_EL1=0x0000000080000000
CPU0: psci_cpu_on target=1 rc=0
CPU1: alive, MPIDR_EL1=0x0000000080000001 this_cpu()->cpu_id=1
CPU0: psci_cpu_on target=2 rc=0
CPU2: alive, MPIDR_EL1=0x0000000080000002 this_cpu()->cpu_id=2
CPU0: psci_cpu_on target=3 rc=0
CPU3: alive, MPIDR_EL1=0x0000000080000003 this_cpu()->cpu_id=3
CPUs online: 4
D2b: worker 1 runs on CPU1
D2b: worker 2 runs on CPU2
D2b: worker 0 runs on CPU0
P4 M7: worker submitted cmd_id=2
P4 M7: worker submitted cmd_id=3
P4 M7: worker submitted cmd_id=1
BUSY TASK ewma=985
DMA IRQ c0=0
DMA IRQ c1=0
DMA IRQ c2=0
DMA IRQ c3=0
SELECT busy=16
SELECT w0=3
SELECT w1=7
SELECT w2=4
BUSY TASK ewma=997
DMA IRQ c0=0
DMA IRQ c1=0
DMA IRQ c2=0
DMA IRQ c3=0
SELECT busy=33
SELECT w0=3
P4 M7: worker DATA OK, cmd_id=1
SELECT w1=8
WORKER ewma=916
P4 M7: worker DATA OK, cmd_id=2
P4 M7: worker DATA OK, cmd_id=3
WORKER ewma=759
WORKER ewma=759
SELECT w2=21
BUSY TASK ewma=997
DMA IRQ c0=3
DMA IRQ c1=0
DMA IRQ c2=0
DMA IRQ c3=0
SELECT busy=61
SELECT w0=40
SELECT w1=71
SELECT w2=48
BUSY TASK ewma=997
DMA IRQ c0=3
DMA IRQ c1=0
DMA IRQ c2=0
DMA IRQ c3=0
SELECT busy=86
SELECT w0=65
SELECT w1=112
SELECT w2=87
BUSY TASK ewma=997
DMA IRQ c0=3
DMA IRQ c1=0
DMA IRQ c2=0
DMA IRQ c3=0
SELECT busy=118
SELECT w0=98
SELECT w1=157
SELECT w2=132
BUSY TASK ewma=997
DMA IRQ c0=3
DMA IRQ c1=0
DMA IRQ c2=0
DMA IRQ c3=0
SELECT busy=155
SELECT w0=135
SELECT w1=176
SELECT w2=154
BUSY TASK ewma=997
DMA IRQ c0=3
DMA IRQ c1=0
DMA IRQ c2=0
DMA IRQ c3=0
SELECT busy=186
SELECT w0=166
SELECT w1=192
SELECT w2=174
BUSY TASK ewma=997
DMA IRQ c0=3
DMA IRQ c1=0
DMA IRQ c2=0
DMA IRQ c3=0
SELECT busy=220
SELECT w0=201
SELECT w1=212
SELECT w2=192
BUSY TASK ewma=997
DMA IRQ c0=3
DMA IRQ c1=0
DMA IRQ c2=0
DMA IRQ c3=0
SELECT busy=250
SELECT w0=229
SELECT w1=227
SELECT w2=206
BUSY TASK ewma=997
DMA IRQ c0=3
DMA IRQ c1=0
DMA IRQ c2=0
DMA IRQ c3=0
SELECT busy=267
SELECT w0=247
SELECT w1=238
SELECT w2=216
BUSY TASK ewma=997
DMA IRQ c0=3
DMA IRQ c1=0
DMA IRQ c2=0
DMA IRQ c3=0
SELECT busy=299
SELECT w0=278
SELECT w1=255
SELECT w2=230
BUSY TASK ewma=997
DMA IRQ c0=3
DMA IRQ c1=0
DMA IRQ c2=0
DMA IRQ c3=0
SELECT busy=337
SELECT w0=316
SELECT w1=274
SELECT w2=251
BUSY TASK ewma=997
DMA IRQ c0=3
DMA IRQ c1=0
DMA IRQ c2=0
DMA IRQ c3=0
SELECT busy=381
SELECT w0=362
SELECT w1=296
SELECT w2=273
BUSY TASK ewma=997
DMA IRQ c0=3
DMA IRQ c1=0
DMA IRQ c2=0
DMA IRQ c3=0
SELECT busy=407
SELECT w0=386
SELECT w1=307
SELECT w2=284
BUSY TASK ewma=997
DMA IRQ c0=3
DMA IRQ c1=0
DMA IRQ c2=0
DMA IRQ c3=0
SELECT busy=424
SELECT w0=403
SELECT w1=319
SELECT w2=296
BUSY TASK ewma=997
DMA IRQ c0=3
DMA IRQ c1=0
DMA IRQ c2=0
DMA IRQ c3=0
SELECT busy=453
SELECT w0=433
SELECT w1=335
SELECT w2=308
BUSY TASK ewma=997
DMA IRQ c0=3
DMA IRQ c1=0
DMA IRQ c2=0
DMA IRQ c3=0
SELECT busy=473
SELECT w0=452
SELECT w1=346
SELECT w2=319
BUSY TASK ewma=997
DMA IRQ c0=3
DMA IRQ c1=0
DMA IRQ c2=0
DMA IRQ c3=0
SELECT busy=491
SELECT w0=470
SELECT w1=354
SELECT w2=327
BUSY TASK ewma=997
DMA IRQ c0=3
DMA IRQ c1=0
DMA IRQ c2=0
DMA IRQ c3=0
SELECT busy=512
SELECT w0=492
SELECT w1=365
SELECT w2=339
BUSY TASK ewma=997
DMA IRQ c0=3
DMA IRQ c1=0
DMA IRQ c2=0
DMA IRQ c3=0
SELECT busy=537
SELECT w0=516
SELECT w1=386
SELECT w2=351
BUSY TASK ewma=997
DMA IRQ c0=3
DMA IRQ c1=0
DMA IRQ c2=0
DMA IRQ c3=0
SELECT busy=557
SELECT w0=537
SELECT w1=400
SELECT w2=366
BUSY TASK ewma=997
DMA IRQ c0=3
DMA IRQ c1=0
DMA IRQ c2=0
DMA IRQ c3=0
SELECT busy=580
SELECT w0=560
SELECT w1=412
SELECT w2=378
BUSY TASK ewma=997
DMA IRQ c0=3
DMA IRQ c1=0
DMA IRQ c2=0
DMA IRQ c3=0
SELECT busy=603
SELECT w0=583
SELECT w1=429
SELECT w2=392
BUSY TASK ewma=997
DMA IRQ c0=3
DMA IRQ c1=0
DMA IRQ c2=0
DMA IRQ c3=0
SELECT busy=629
SELECT w0=609
SELECT w1=445
SELECT w2=407
BUSY TASK ewma=997
DMA IRQ c0=3
DMA IRQ c1=0
DMA IRQ c2=0
DMA IRQ c3=0
SELECT busy=659
SELECT w0=639
SELECT w1=469
SELECT w2=425
BUSY TASK ewma=997
DMA IRQ c0=3
DMA IRQ c1=0
DMA IRQ c2=0
DMA IRQ c3=0
SELECT busy=684
SELECT w0=663
SELECT w1=479
SELECT w2=435
BUSY TASK ewma=997
DMA IRQ c0=3
DMA IRQ c1=0
DMA IRQ c2=0
DMA IRQ c3=0
SELECT busy=704
SELECT w0=684
SELECT w1=491
SELECT w2=446
BUSY TASK ewma=997
DMA IRQ c0=3
DMA IRQ c1=0
DMA IRQ c2=0
DMA IRQ c3=0
SELECT busy=726
SELECT w0=705
SELECT w1=507
SELECT w2=458
BUSY TASK ewma=997
DMA IRQ c0=3
DMA IRQ c1=0
DMA IRQ c2=0
DMA IRQ c3=0
SELECT busy=745
SELECT w0=724
SELECT w1=514
SELECT w2=465
BUSY TASK ewma=997
DMA IRQ c0=3
DMA IRQ c1=0
DMA IRQ c2=0
DMA IRQ c3=0
SELECT busy=767
SELECT w0=747
SELECT w1=526
SELECT w2=477
BUSY TASK ewma=997
DMA IRQ c0=3
DMA IRQ c1=0
DMA IRQ c2=0
DMA IRQ c3=0
SELECT busy=788
SELECT w0=769
SELECT w1=542
SELECT w2=491
BUSY TASK ewma=997
DMA IRQ c0=3
DMA IRQ c1=0
DMA IRQ c2=0
DMA IRQ c3=0
SELECT busy=805
SELECT w0=784
SELECT w1=554
SELECT w2=501
BUSY TASK ewma=997
DMA IRQ c0=3
DMA IRQ c1=0
DMA IRQ c2=0
DMA IRQ c3=0
SELECT busy=839
SELECT w0=818
SELECT w1=572
SELECT w2=516
BUSY TASK ewma=997
DMA IRQ c0=3
DMA IRQ c1=0
DMA IRQ c2=0
DMA IRQ c3=0
SELECT busy=864
SELECT w0=844
SELECT w1=587
SELECT w2=539
BUSY TASK ewma=997
DMA IRQ c0=3
DMA IRQ c1=0
DMA IRQ c2=0
DMA IRQ c3=0
SELECT busy=895
SELECT w0=874
SELECT w1=605
SELECT w2=552
BUSY TASK ewma=997
DMA IRQ c0=3
DMA IRQ c1=0
DMA IRQ c2=0
DMA IRQ c3=0
SELECT busy=912
SELECT w0=892
SELECT w1=620
SELECT w2=569
BUSY TASK ewma=997
DMA IRQ c0=3
DMA IRQ c1=0
DMA IRQ c2=0
DMA IRQ c3=0
SELECT busy=939
SELECT w0=919
SELECT w1=635
SELECT w2=594
BUSY TASK ewma=997
DMA IRQ c0=3
DMA IRQ c1=0
DMA IRQ c2=0
DMA IRQ c3=0
SELECT busy=964
SELECT w0=944
SELECT w1=650
SELECT w2=610
BUSY TASK ewma=997
DMA IRQ c0=3
DMA IRQ c1=0
DMA IRQ c2=0
DMA IRQ c3=0
SELECT busy=990
SELECT w0=971
SELECT w1=666
SELECT w2=628
BUSY TASK ewma=997
DMA IRQ c0=3
DMA IRQ c1=0
DMA IRQ c2=0
DMA IRQ c3=0
SELECT busy=1018
SELECT w0=998
SELECT w1=679
SELECT w2=643
BUSY TASK ewma=997
DMA IRQ c0=3
DMA IRQ c1=0
DMA IRQ c2=0
DMA IRQ c3=0
SELECT busy=1042
SELECT w0=1022
SELECT w1=694
SELECT w2=657
BUSY TASK ewma=997
DMA IRQ c0=3
DMA IRQ c1=0
DMA IRQ c2=0
DMA IRQ c3=0
SELECT busy=1071
SELECT w0=1051
SELECT w1=712
SELECT w2=681
BUSY TASK ewma=997
DMA IRQ c0=3
DMA IRQ c1=0
DMA IRQ c2=0
DMA IRQ c3=0
SELECT busy=1098
SELECT w0=1078
SELECT w1=725
SELECT w2=695
BUSY TASK ewma=997
DMA IRQ c0=3
DMA IRQ c1=0
DMA IRQ c2=0
DMA IRQ c3=0
SELECT busy=1119
SELECT w0=1099
SELECT w1=736
SELECT w2=708
BUSY TASK ewma=997
DMA IRQ c0=3
DMA IRQ c1=0
DMA IRQ c2=0
DMA IRQ c3=0
SELECT busy=1141
SELECT w0=1120
SELECT w1=748
SELECT w2=720
BUSY TASK ewma=997
DMA IRQ c0=3
DMA IRQ c1=0
DMA IRQ c2=0
DMA IRQ c3=0
SELECT busy=1162
SELECT w0=1141
SELECT w1=761
SELECT w2=733
BUSY TASK ewma=997
DMA IRQ c0=3
DMA IRQ c1=0
DMA IRQ c2=0
DMA IRQ c3=0
SELECT busy=1181
SELECT w0=1161
SELECT w1=774
SELECT w2=746
BUSY TASK ewma=997
DMA IRQ c0=3
DMA IRQ c1=0
DMA IRQ c2=0
DMA IRQ c3=0
SELECT busy=1196
SELECT w0=1176
SELECT w1=783
SELECT w2=755
BUSY TASK ewma=997
DMA IRQ c0=3
DMA IRQ c1=0
DMA IRQ c2=0
DMA IRQ c3=0
SELECT busy=1211
SELECT w0=1190
SELECT w1=793
SELECT w2=765
BUSY TASK ewma=997
DMA IRQ c0=3
DMA IRQ c1=0
DMA IRQ c2=0
DMA IRQ c3=0
SELECT busy=1226
SELECT w0=1206
SELECT w1=804
SELECT w2=776
BUSY TASK ewma=997
DMA IRQ c0=3
DMA IRQ c1=0
DMA IRQ c2=0
DMA IRQ c3=0
SELECT busy=1245
SELECT w0=1224
SELECT w1=817
SELECT w2=786
BUSY TASK ewma=997
DMA IRQ c0=3
DMA IRQ c1=0
DMA IRQ c2=0
DMA IRQ c3=0
SELECT busy=1263
SELECT w0=1243
SELECT w1=829
SELECT w2=800
BUSY TASK ewma=997
DMA IRQ c0=3
DMA IRQ c1=0
DMA IRQ c2=0
DMA IRQ c3=0
SELECT busy=1281
SELECT w0=1261
SELECT w1=841
SELECT w2=810
BUSY TASK ewma=997
DMA IRQ c0=3
DMA IRQ c1=0
DMA IRQ c2=0
DMA IRQ c3=0
SELECT busy=1298
SELECT w0=1277
SELECT w1=851
SELECT w2=822
BUSY TASK ewma=997
DMA IRQ c0=3
DMA IRQ c1=0
DMA IRQ c2=0
DMA IRQ c3=0
SELECT busy=1314
SELECT w0=1293
SELECT w1=861
SELECT w2=831
BUSY TASK ewma=997
DMA IRQ c0=3
DMA IRQ c1=0
DMA IRQ c2=0
DMA IRQ c3=0
SELECT busy=1329
SELECT w0=1309
SELECT w1=871
SELECT w2=844
BUSY TASK ewma=997
DMA IRQ c0=3
DMA IRQ c1=0
DMA IRQ c2=0
DMA IRQ c3=0
SELECT busy=1347
SELECT w0=1327
SELECT w1=881
SELECT w2=855
BUSY TASK ewma=997
DMA IRQ c0=3
DMA IRQ c1=0
DMA IRQ c2=0
DMA IRQ c3=0
SELECT busy=1362
SELECT w0=1342
SELECT w1=890
SELECT w2=866
BUSY TASK ewma=997
DMA IRQ c0=3
DMA IRQ c1=0
DMA IRQ c2=0
DMA IRQ c3=0
SELECT busy=1379
SELECT w0=1359
SELECT w1=899
SELECT w2=878
BUSY TASK ewma=997
DMA IRQ c0=3
DMA IRQ c1=0
DMA IRQ c2=0
DMA IRQ c3=0
SELECT busy=1393
SELECT w0=1373
SELECT w1=908
SELECT w2=890
BUSY TASK ewma=997
DMA IRQ c0=3
DMA IRQ c1=0
DMA IRQ c2=0
DMA IRQ c3=0
SELECT busy=1413
SELECT w0=1393
SELECT w1=923
SELECT w2=907
BUSY TASK ewma=997
DMA IRQ c0=3
DMA IRQ c1=0
DMA IRQ c2=0
DMA IRQ c3=0
SELECT busy=1431
SELECT w0=1411
SELECT w1=933
SELECT w2=920
BUSY TASK ewma=997
DMA IRQ c0=3
DMA IRQ c1=0
DMA IRQ c2=0
DMA IRQ c3=0
SELECT busy=1447
SELECT w0=1426
SELECT w1=939
SELECT w2=927
BUSY TASK ewma=997
IRQ counts: cpu0=2908 cpu1=3506 cpu2=3545 cpu3=3464
SCHED secondaries: calls=10535 unexpected=0
SECTEST switches=10509 cpu1=35090344,33614729 cpu2=27484593,26448030 cpu3=41924363,39424911
PINGPONG rounds=762 pongs=763
DMA IRQ c0=3
DMA IRQ c1=0
DMA IRQ c2=0
DMA IRQ c3=0
SELECT busy=1484
SELECT w0=1464
SELECT w1=963
SELECT w2=954
BUSY TASK ewma=997
DMA IRQ c0=3
DMA IRQ c1=0
DMA IRQ c2=0
DMA IRQ c3=0
SELECT busy=1516
SELECT w0=1496
SELECT w1=982
SELECT w2=975
BUSY TASK ewma=997
DMA IRQ c0=3
DMA IRQ c1=0
DMA IRQ c2=0
DMA IRQ c3=0
SELECT busy=1535
SELECT w0=1515
SELECT w1=992
SELECT w2=984
BUSY TASK ewma=997
DMA IRQ c0=3
DMA IRQ c1=0
DMA IRQ c2=0
DMA IRQ c3=0
SELECT busy=1552
SELECT w0=1531
SELECT w1=1002
SELECT w2=994
BUSY TASK ewma=997
DMA IRQ c0=3
DMA IRQ c1=0
DMA IRQ c2=0
DMA IRQ c3=0
SELECT busy=1570
SELECT w0=1550
SELECT w1=1014
SELECT w2=1008
BUSY TASK ewma=997
DMA IRQ c0=3
DMA IRQ c1=0
DMA IRQ c2=0
DMA IRQ c3=0
SELECT busy=1584
SELECT w0=1563
SELECT w1=1020
SELECT w2=1013
BUSY TASK ewma=997
DMA IRQ c0=3
DMA IRQ c1=0
DMA IRQ c2=0
DMA IRQ c3=0
SELECT busy=1601
SELECT w0=1580
SELECT w1=1027
SELECT w2=1020
BUSY TASK ewma=997
DMA IRQ c0=3
DMA IRQ c1=0
DMA IRQ c2=0
DMA IRQ c3=0
SELECT busy=1620
SELECT w0=1599
SELECT w1=1037
SELECT w2=1033
BUSY TASK ewma=997
DMA IRQ c0=3
DMA IRQ c1=0
DMA IRQ c2=0
DMA IRQ c3=0
SELECT busy=1641
SELECT w0=1620
SELECT w1=1047
SELECT w2=1047
BUSY TASK ewma=997
DMA IRQ c0=3
DMA IRQ c1=0
DMA IRQ c2=0
DMA IRQ c3=0
SELECT busy=1663
SELECT w0=1642
SELECT w1=1058
SELECT w2=1058
BUSY TASK ewma=997
DMA IRQ c0=3
DMA IRQ c1=0
DMA IRQ c2=0
DMA IRQ c3=0
SELECT busy=1679
SELECT w0=1659
SELECT w1=1068
SELECT w2=1070
BUSY TASK ewma=997
DMA IRQ c0=3
DMA IRQ c1=0
DMA IRQ c2=0
DMA IRQ c3=0
SELECT busy=1700
SELECT w0=1679
SELECT w1=1076
SELECT w2=1080
BUSY TASK ewma=997
DMA IRQ c0=3
DMA IRQ c1=0
DMA IRQ c2=0
DMA IRQ c3=0
SELECT busy=1721
SELECT w0=1702
SELECT w1=1085
SELECT w2=1091
BUSY TASK ewma=997
DMA IRQ c0=3
DMA IRQ c1=0
DMA IRQ c2=0
DMA IRQ c3=0
SELECT busy=1741
SELECT w0=1720
SELECT w1=1096
SELECT w2=1100
BUSY TASK ewma=997
DMA IRQ c0=3
DMA IRQ c1=0
DMA IRQ c2=0
DMA IRQ c3=0
SELECT busy=1759
SELECT w0=1738
SELECT w1=1105
SELECT w2=1109
BUSY TASK ewma=997
DMA IRQ c0=3
DMA IRQ c1=0
DMA IRQ c2=0
DMA IRQ c3=0
SELECT busy=1779
SELECT w0=1759
SELECT w1=1116
SELECT w2=1118
BUSY TASK ewma=997
DMA IRQ c0=3
DMA IRQ c1=0
DMA IRQ c2=0
DMA IRQ c3=0
SELECT busy=1802
SELECT w0=1782
SELECT w1=1134
SELECT w2=1133
BUSY TASK ewma=997
DMA IRQ c0=3
DMA IRQ c1=0
DMA IRQ c2=0
DMA IRQ c3=0
SELECT busy=1816
SELECT w0=1796
SELECT w1=1143
SELECT w2=1141
BUSY TASK ewma=997
DMA IRQ c0=3
DMA IRQ c1=0
DMA IRQ c2=0
DMA IRQ c3=0
SELECT busy=1833
SELECT w0=1812
SELECT w1=1151
SELECT w2=1148
BUSY TASK ewma=997
DMA IRQ c0=3
DMA IRQ c1=0
DMA IRQ c2=0
DMA IRQ c3=0
SELECT busy=1846
SELECT w0=1826
SELECT w1=1158
SELECT w2=1156
BUSY TASK ewma=997
DMA IRQ c0=3
DMA IRQ c1=0
DMA IRQ c2=0
DMA IRQ c3=0
SELECT busy=1865
SELECT w0=1844
SELECT w1=1167
SELECT w2=1166
BUSY TASK ewma=997
DMA IRQ c0=3
DMA IRQ c1=0
DMA IRQ c2=0
DMA IRQ c3=0
SELECT busy=1885
SELECT w0=1865
SELECT w1=1174
SELECT w2=1173
BUSY TASK ewma=997
DMA IRQ c0=3
DMA IRQ c1=0
DMA IRQ c2=0
DMA IRQ c3=0
SELECT busy=1905
SELECT w0=1885
SELECT w1=1185
SELECT w2=1185
BUSY TASK ewma=997
DMA IRQ c0=3
DMA IRQ c1=0
DMA IRQ c2=0
DMA IRQ c3=0
SELECT busy=1923
SELECT w0=1903
SELECT w1=1194
SELECT w2=1194
BUSY TASK ewma=997
DMA IRQ c0=3
DMA IRQ c1=0
DMA IRQ c2=0
DMA IRQ c3=0
SELECT busy=1947
SELECT w0=1927
SELECT w1=1210
SELECT w2=1208
BUSY TASK ewma=997
DMA IRQ c0=3
DMA IRQ c1=0
DMA IRQ c2=0
DMA IRQ c3=0
SELECT busy=1973
SELECT w0=1952
SELECT w1=1223
SELECT w2=1220
BUSY TASK ewma=997
DMA IRQ c0=3
DMA IRQ c1=0
DMA IRQ c2=0
DMA IRQ c3=0
SELECT busy=2006
SELECT w0=1986
SELECT w1=1240
SELECT w2=1235
BUSY TASK ewma=997
DMA IRQ c0=3
DMA IRQ c1=0
DMA IRQ c2=0
DMA IRQ c3=0
SELECT busy=2028
SELECT w0=2009
SELECT w1=1255
SELECT w2=1250
BUSY TASK ewma=997
DMA IRQ c0=3
DMA IRQ c1=0
DMA IRQ c2=0
DMA IRQ c3=0
SELECT busy=2045
SELECT w0=2024
SELECT w1=1262
SELECT w2=1260
BUSY TASK ewma=997
DMA IRQ c0=3
DMA IRQ c1=0
DMA IRQ c2=0
DMA IRQ c3=0
SELECT busy=2065
SELECT w0=2045
SELECT w1=1278
SELECT w2=1272
BUSY TASK ewma=997
DMA IRQ c0=3
DMA IRQ c1=0
DMA IRQ c2=0
DMA IRQ c3=0
SELECT busy=2085
SELECT w0=2065
SELECT w1=1289
SELECT w2=1282
BUSY TASK ewma=997
DMA IRQ c0=3
DMA IRQ c1=0
DMA IRQ c2=0
DMA IRQ c3=0
SELECT busy=2103
SELECT w0=2083
SELECT w1=1298
SELECT w2=1291
BUSY TASK ewma=997
DMA IRQ c0=3
DMA IRQ c1=0
DMA IRQ c2=0
DMA IRQ c3=0
SELECT busy=2120
SELECT w0=2100
SELECT w1=1308
SELECT w2=1303
BUSY TASK ewma=997
DMA IRQ c0=3
DMA IRQ c1=0
DMA IRQ c2=0
DMA IRQ c3=0
SELECT busy=2140
SELECT w0=2120
SELECT w1=1320
SELECT w2=1313
BUSY TASK ewma=997
DMA IRQ c0=3
DMA IRQ c1=0
DMA IRQ c2=0
DMA IRQ c3=0
SELECT busy=2160
SELECT w0=2140
SELECT w1=1328
SELECT w2=1320
BUSY TASK ewma=997
DMA IRQ c0=3
DMA IRQ c1=0
DMA IRQ c2=0
DMA IRQ c3=0
SELECT busy=2182
SELECT w0=2161
SELECT w1=1337
SELECT w2=1331
BUSY TASK ewma=997
DMA IRQ c0=3
DMA IRQ c1=0
DMA IRQ c2=0
DMA IRQ c3=0
SELECT busy=2205
SELECT w0=2185
SELECT w1=1346
SELECT w2=1340
BUSY TASK ewma=997
DMA IRQ c0=3
DMA IRQ c1=0
DMA IRQ c2=0
DMA IRQ c3=0
SELECT busy=2228
SELECT w0=2208
SELECT w1=1359
SELECT w2=1354
BUSY TASK ewma=997
DMA IRQ c0=3
DMA IRQ c1=0
DMA IRQ c2=0
DMA IRQ c3=0
SELECT busy=2250
SELECT w0=2230
SELECT w1=1372
SELECT w2=1363
BUSY TASK ewma=997
DMA IRQ c0=3
DMA IRQ c1=0
DMA IRQ c2=0
DMA IRQ c3=0
SELECT busy=2269
SELECT w0=2249
SELECT w1=1384
SELECT w2=1375
BUSY TASK ewma=997
DMA IRQ c0=3
DMA IRQ c1=0
DMA IRQ c2=0
DMA IRQ c3=0
SELECT busy=2292
SELECT w0=2272
SELECT w1=1397
SELECT w2=1385
BUSY TASK ewma=997
DMA IRQ c0=3
DMA IRQ c1=0
DMA IRQ c2=0
DMA IRQ c3=0
SELECT busy=2314
SELECT w0=2295
SELECT w1=1411
SELECT w2=1399
BUSY TASK ewma=997
DMA IRQ c0=3
DMA IRQ c1=0
DMA IRQ c2=0
DMA IRQ c3=0
SELECT busy=2337
SELECT w0=2316
SELECT w1=1422
SELECT w2=1412
BUSY TASK ewma=997
DMA IRQ c0=3
DMA IRQ c1=0
DMA IRQ c2=0
DMA IRQ c3=0
SELECT busy=2369
SELECT w0=2348
SELECT w1=1436
SELECT w2=1425
BUSY TASK ewma=997
DMA IRQ c0=3
DMA IRQ c1=0
DMA IRQ c2=0
DMA IRQ c3=0
SELECT busy=2403
SELECT w0=2383
SELECT w1=1453
SELECT w2=1442
BUSY TASK ewma=997
DMA IRQ c0=3
DMA IRQ c1=0
DMA IRQ c2=0
DMA IRQ c3=0
SELECT busy=2434
SELECT w0=2413
SELECT w1=1468
SELECT w2=1457
BUSY TASK ewma=997
DMA IRQ c0=3
DMA IRQ c1=0
DMA IRQ c2=0
DMA IRQ c3=0
SELECT busy=2455
SELECT w0=2434
SELECT w1=1481
SELECT w2=1469
BUSY TASK ewma=997
DMA IRQ c0=3
DMA IRQ c1=0
DMA IRQ c2=0
DMA IRQ c3=0
SELECT busy=2476
SELECT w0=2455
SELECT w1=1494
SELECT w2=1480
BUSY TASK ewma=997
DMA IRQ c0=3
DMA IRQ c1=0
DMA IRQ c2=0
DMA IRQ c3=0
SELECT busy=2492
SELECT w0=2472
SELECT w1=1504
SELECT w2=1493
BUSY TASK ewma=997
DMA IRQ c0=3
DMA IRQ c1=0
DMA IRQ c2=0
DMA IRQ c3=0
SELECT busy=2519
SELECT w0=2499
SELECT w1=1518
SELECT w2=1508
BUSY TASK ewma=997
DMA IRQ c0=3
DMA IRQ c1=0
DMA IRQ c2=0
DMA IRQ c3=0
SELECT busy=2556
SELECT w0=2535
SELECT w1=1539
SELECT w2=1528
BUSY TASK ewma=997
DMA IRQ c0=3
DMA IRQ c1=0
DMA IRQ c2=0
DMA IRQ c3=0
SELECT busy=2592
SELECT w0=2572
SELECT w1=1555
SELECT w2=1546
BUSY TASK ewma=997
DMA IRQ c0=3
DMA IRQ c1=0
DMA IRQ c2=0
DMA IRQ c3=0
SELECT busy=2637
SELECT w0=2616
SELECT w1=1579
SELECT w2=1572
BUSY TASK ewma=997
DMA IRQ c0=3
DMA IRQ c1=0
DMA IRQ c2=0
DMA IRQ c3=0
SELECT busy=2668
SELECT w0=2649
SELECT w1=1598
SELECT w2=1592
BUSY TASK ewma=997
DMA IRQ c0=3
DMA IRQ c1=0
DMA IRQ c2=0
DMA IRQ c3=0
SELECT busy=2692
SELECT w0=2672
SELECT w1=1609
SELECT w2=1601
BUSY TASK ewma=997
DMA IRQ c0=3
DMA IRQ c1=0
DMA IRQ c2=0
DMA IRQ c3=0
SELECT busy=2710
SELECT w0=2690
SELECT w1=1617
SELECT w2=1609
BUSY TASK ewma=997
DMA IRQ c0=3
DMA IRQ c1=0
DMA IRQ c2=0
DMA IRQ c3=0
SELECT busy=2732
SELECT w0=2711
SELECT w1=1627
SELECT w2=1620
BUSY TASK ewma=997
DMA IRQ c0=3
DMA IRQ c1=0
DMA IRQ c2=0
DMA IRQ c3=0
SELECT busy=2753
SELECT w0=2733
SELECT w1=1642
SELECT w2=1637
BUSY TASK ewma=997
DMA IRQ c0=3
DMA IRQ c1=0
DMA IRQ c2=0
DMA IRQ c3=0
SELECT busy=2770
SELECT w0=2750
SELECT w1=1653
SELECT w2=1648
BUSY TASK ewma=997
DMA IRQ c0=3
DMA IRQ c1=0
DMA IRQ c2=0
DMA IRQ c3=0
SELECT busy=2788
SELECT w0=2768
SELECT w1=1661
SELECT w2=1657
BUSY TASK ewma=997
DMA IRQ c0=3
DMA IRQ c1=0
DMA IRQ c2=0
DMA IRQ c3=0
SELECT busy=2808
SELECT w0=2788
SELECT w1=1672
SELECT w2=1671
BUSY TASK ewma=997
DMA IRQ c0=3
DMA IRQ c1=0
DMA IRQ c2=0
DMA IRQ c3=0
SELECT busy=2826
SELECT w0=2806
SELECT w1=1685
SELECT w2=1684
BUSY TASK ewma=997
DMA IRQ c0=3
DMA IRQ c1=0
DMA IRQ c2=0
DMA IRQ c3=0
SELECT busy=2850
SELECT w0=2831
SELECT w1=1698
SELECT w2=1699
BUSY TASK ewma=997
DMA IRQ c0=3
DMA IRQ c1=0
DMA IRQ c2=0
DMA IRQ c3=0
SELECT busy=2868
SELECT w0=2848
SELECT w1=1709
SELECT w2=1711
BUSY TASK ewma=997
IRQ counts: cpu0=5748 cpu1=6619 cpu2=6717 cpu3=6702
SCHED secondaries: calls=20061 unexpected=0
SECTEST switches=20019 cpu1=73749293,71330016 cpu2=54060569,52379807 cpu3=82526500,79226126
PINGPONG rounds=1361 pongs=1362
DMA IRQ c0=3
DMA IRQ c1=0
DMA IRQ c2=0
DMA IRQ c3=0
SELECT busy=2897
SELECT w0=2877
SELECT w1=1730
SELECT w2=1728
BUSY TASK ewma=997
DMA IRQ c0=3
DMA IRQ c1=0
DMA IRQ c2=0
DMA IRQ c3=0
SELECT busy=2918
SELECT w0=2897
SELECT w1=1741
SELECT w2=1738
BUSY TASK ewma=997
DMA IRQ c0=3
DMA IRQ c1=0
DMA IRQ c2=0
DMA IRQ c3=0
SELECT busy=2936
SELECT w0=2915
SELECT w1=1749
SELECT w2=1746
BUSY TASK ewma=997
DMA IRQ c0=3
DMA IRQ c1=0
DMA IRQ c2=0
DMA IRQ c3=0
SELECT busy=2955
SELECT w0=2934
SELECT w1=1759
SELECT w2=1755
BUSY TASK ewma=997
DMA IRQ c0=3
DMA IRQ c1=0
DMA IRQ c2=0
DMA IRQ c3=0
SELECT busy=2970
SELECT w0=2949
SELECT w1=1766
SELECT w2=1763
BUSY TASK ewma=997
DMA IRQ c0=3
DMA IRQ c1=0
DMA IRQ c2=0
DMA IRQ c3=0
SELECT busy=3000
SELECT w0=2980
SELECT w1=1781
SELECT w2=1779
BUSY TASK ewma=997
DMA IRQ c0=3
DMA IRQ c1=0
DMA IRQ c2=0
DMA IRQ c3=0
SELECT busy=3028
SELECT w0=3008
SELECT w1=1791
SELECT w2=1792
BUSY TASK ewma=997
DMA IRQ c0=3
DMA IRQ c1=0
DMA IRQ c2=0
DMA IRQ c3=0
SELECT busy=3058
SELECT w0=3038
SELECT w1=1816
SELECT w2=1812
BUSY TASK ewma=997
DMA IRQ c0=3
DMA IRQ c1=0
DMA IRQ c2=0
DMA IRQ c3=0
SELECT busy=3076
SELECT w0=3056
SELECT w1=1828
SELECT w2=1820
BUSY TASK ewma=997
DMA IRQ c0=3
DMA IRQ c1=0
DMA IRQ c2=0
DMA IRQ c3=0
SELECT busy=3092
SELECT w0=3071
SELECT w1=1836
SELECT w2=1827
BUSY TASK ewma=997
DMA IRQ c0=3
DMA IRQ c1=0
DMA IRQ c2=0
DMA IRQ c3=0
SELECT busy=3110
SELECT w0=3089
SELECT w1=1843
SELECT w2=1835
BUSY TASK ewma=997
DMA IRQ c0=3
DMA IRQ c1=0
DMA IRQ c2=0
DMA IRQ c3=0
SELECT busy=3129
SELECT w0=3108
SELECT w1=1853
SELECT w2=1844
BUSY TASK ewma=997
DMA IRQ c0=3
DMA IRQ c1=0
DMA IRQ c2=0
DMA IRQ c3=0
SELECT busy=3145
SELECT w0=3124
SELECT w1=1861
SELECT w2=1853
BUSY TASK ewma=997
DMA IRQ c0=3
DMA IRQ c1=0
DMA IRQ c2=0
DMA IRQ c3=0
SELECT busy=3160
SELECT w0=3139
SELECT w1=1869
SELECT w2=1860
BUSY TASK ewma=997
DMA IRQ c0=3
DMA IRQ c1=0
DMA IRQ c2=0
DMA IRQ c3=0
SELECT busy=3172
SELECT w0=3152
SELECT w1=1877
SELECT w2=1867
BUSY TASK ewma=997
DMA IRQ c0=3
DMA IRQ c1=0
DMA IRQ c2=0
DMA IRQ c3=0
SELECT busy=3191
SELECT w0=3170
SELECT w1=1885
SELECT w2=1875
BUSY TASK ewma=997
DMA IRQ c0=3
DMA IRQ c1=0
DMA IRQ c2=0
DMA IRQ c3=0
SELECT busy=3206
SELECT w0=3185
SELECT w1=1894
SELECT w2=1883
BUSY TASK ewma=997
DMA IRQ c0=3
DMA IRQ c1=0
DMA IRQ c2=0
DMA IRQ c3=0
SELECT busy=3224
SELECT w0=3204
SELECT w1=1903
SELECT w2=1894
BUSY TASK ewma=997
DMA IRQ c0=3
DMA IRQ c1=0
DMA IRQ c2=0
DMA IRQ c3=0
SELECT busy=3243
SELECT w0=3222
SELECT w1=1913
SELECT w2=1903
BUSY TASK ewma=997
DMA IRQ c0=3
DMA IRQ c1=0
DMA IRQ c2=0
DMA IRQ c3=0
SELECT busy=3264
SELECT w0=3244
SELECT w1=1926
SELECT w2=1917
BUSY TASK ewma=997
DMA IRQ c0=3
DMA IRQ c1=0
DMA IRQ c2=0
DMA IRQ c3=0
SELECT busy=3286
SELECT w0=3265
SELECT w1=1937
SELECT w2=1928
BUSY TASK ewma=997
DMA IRQ c0=3
DMA IRQ c1=0
DMA IRQ c2=0
DMA IRQ c3=0
SELECT busy=3305
SELECT w0=3284
SELECT w1=1947
SELECT w2=1938
BUSY TASK ewma=997
DMA IRQ c0=3
DMA IRQ c1=0
DMA IRQ c2=0
DMA IRQ c3=0
SELECT busy=3324
SELECT w0=3303
SELECT w1=1956
SELECT w2=1948
BUSY TASK ewma=997
DMA IRQ c0=3
DMA IRQ c1=0
DMA IRQ c2=0
DMA IRQ c3=0
SELECT busy=3343
SELECT w0=3322
SELECT w1=1965
SELECT w2=1957
BUSY TASK ewma=997
DMA IRQ c0=3
DMA IRQ c1=0
DMA IRQ c2=0
DMA IRQ c3=0
SELECT busy=3362
SELECT w0=3341
SELECT w1=1973
SELECT w2=1964
BUSY TASK ewma=997
DMA IRQ c0=3
DMA IRQ c1=0
DMA IRQ c2=0
DMA IRQ c3=0
SELECT busy=3380
SELECT w0=3359
SELECT w1=1983
SELECT w2=1973
BUSY TASK ewma=997
DMA IRQ c0=3
DMA IRQ c1=0
DMA IRQ c2=0
DMA IRQ c3=0
SELECT busy=3399
SELECT w0=3379
SELECT w1=1990
SELECT w2=1981
BUSY TASK ewma=997
DMA IRQ c0=3
DMA IRQ c1=0
DMA IRQ c2=0
DMA IRQ c3=0
SELECT busy=3418
SELECT w0=3397
SELECT w1=1998
SELECT w2=1990
BUSY TASK ewma=997
DMA IRQ c0=3
DMA IRQ c1=0
DMA IRQ c2=0
DMA IRQ c3=0
SELECT busy=3436
SELECT w0=3415
SELECT w1=2007
SELECT w2=2000
BUSY TASK ewma=997
DMA IRQ c0=3
DMA IRQ c1=0
DMA IRQ c2=0
DMA IRQ c3=0
SELECT busy=3455
SELECT w0=3434
SELECT w1=2015
SELECT w2=2008
BUSY TASK ewma=997
DMA IRQ c0=3
DMA IRQ c1=0
DMA IRQ c2=0
DMA IRQ c3=0
SELECT busy=3474
SELECT w0=3453
SELECT w1=2022
SELECT w2=2017
BUSY TASK ewma=997
DMA IRQ c0=3
DMA IRQ c1=0
DMA IRQ c2=0
DMA IRQ c3=0
SELECT busy=3490
SELECT w0=3469
SELECT w1=2032
SELECT w2=2024
BUSY TASK ewma=997
DMA IRQ c0=3
DMA IRQ c1=0
DMA IRQ c2=0
DMA IRQ c3=0
SELECT busy=3510
SELECT w0=3490
SELECT w1=2046
SELECT w2=2037
BUSY TASK ewma=997
DMA IRQ c0=3
DMA IRQ c1=0
DMA IRQ c2=0
DMA IRQ c3=0
SELECT busy=3532
SELECT w0=3512
SELECT w1=2062
SELECT w2=2049
BUSY TASK ewma=997
DMA IRQ c0=3
DMA IRQ c1=0
DMA IRQ c2=0
DMA IRQ c3=0
SELECT busy=3552
SELECT w0=3531
SELECT w1=2072
SELECT w2=2058
BUSY TASK ewma=997
DMA IRQ c0=3
DMA IRQ c1=0
DMA IRQ c2=0
DMA IRQ c3=0
SELECT busy=3567
SELECT w0=3547
SELECT w1=2082
SELECT w2=2068
BUSY TASK ewma=997
DMA IRQ c0=3
DMA IRQ c1=0
DMA IRQ c2=0
DMA IRQ c3=0
SELECT busy=3584
SELECT w0=3564
SELECT w1=2094
SELECT w2=2079
BUSY TASK ewma=997
DMA IRQ c0=3
DMA IRQ c1=0
DMA IRQ c2=0
DMA IRQ c3=0
SELECT busy=3608
SELECT w0=3588
SELECT w1=2109
SELECT w2=2092
BUSY TASK ewma=997
DMA IRQ c0=3
DMA IRQ c1=0
DMA IRQ c2=0
DMA IRQ c3=0
SELECT busy=3629
SELECT w0=3608
SELECT w1=2121
SELECT w2=2104
BUSY TASK ewma=997
DMA IRQ c0=3
DMA IRQ c1=0
DMA IRQ c2=0
DMA IRQ c3=0
SELECT busy=3654
SELECT w0=3633
SELECT w1=2135
SELECT w2=2116
BUSY TASK ewma=997
DMA IRQ c0=3
DMA IRQ c1=0
DMA IRQ c2=0
DMA IRQ c3=0
SELECT busy=3672
SELECT w0=3651
SELECT w1=2147
SELECT w2=2133
BUSY TASK ewma=997
DMA IRQ c0=3
DMA IRQ c1=0
DMA IRQ c2=0
DMA IRQ c3=0
SELECT busy=3697
SELECT w0=3677
SELECT w1=2159
SELECT w2=2143
BUSY TASK ewma=997
DMA IRQ c0=3
DMA IRQ c1=0
DMA IRQ c2=0
DMA IRQ c3=0
SELECT busy=3715
SELECT w0=3695
SELECT w1=2167
SELECT w2=2151
BUSY TASK ewma=997
DMA IRQ c0=3
DMA IRQ c1=0
DMA IRQ c2=0
DMA IRQ c3=0
SELECT busy=3742
SELECT w0=3721
SELECT w1=2181
SELECT w2=2166
BUSY TASK ewma=997
DMA IRQ c0=3
DMA IRQ c1=0
DMA IRQ c2=0
DMA IRQ c3=0
SELECT busy=3762
SELECT w0=3741
SELECT w1=2192
SELECT w2=2177
BUSY TASK ewma=997
DMA IRQ c0=3
DMA IRQ c1=0
DMA IRQ c2=0
DMA IRQ c3=0
SELECT busy=3782
SELECT w0=3762
SELECT w1=2201
SELECT w2=2188
BUSY TASK ewma=997
DMA IRQ c0=3
DMA IRQ c1=0
DMA IRQ c2=0
DMA IRQ c3=0
SELECT busy=3803
SELECT w0=3783
SELECT w1=2211
SELECT w2=2198
BUSY TASK ewma=997
DMA IRQ c0=3
DMA IRQ c1=0
DMA IRQ c2=0
DMA IRQ c3=0
SELECT busy=3823
SELECT w0=3802
SELECT w1=2224
SELECT w2=2208
BUSY TASK ewma=997
DMA IRQ c0=3
DMA IRQ c1=0
DMA IRQ c2=0
DMA IRQ c3=0
SELECT busy=3842
SELECT w0=3821
SELECT w1=2235
SELECT w2=2219
BUSY TASK ewma=997
DMA IRQ c0=3
DMA IRQ c1=0
DMA IRQ c2=0
DMA IRQ c3=0
SELECT busy=3861
SELECT w0=3840
SELECT w1=2244
SELECT w2=2229
BUSY TASK ewma=997
DMA IRQ c0=3
DMA IRQ c1=0
DMA IRQ c2=0
DMA IRQ c3=0
SELECT busy=3882
SELECT w0=3862
SELECT w1=2255
SELECT w2=2242
BUSY TASK ewma=997
DMA IRQ c0=3
DMA IRQ c1=0
DMA IRQ c2=0
DMA IRQ c3=0
SELECT busy=3903
SELECT w0=3882
SELECT w1=2263
SELECT w2=2253
BUSY TASK ewma=997
DMA IRQ c0=3
DMA IRQ c1=0
DMA IRQ c2=0
DMA IRQ c3=0
SELECT busy=3919
SELECT w0=3899
SELECT w1=2273
SELECT w2=2262
BUSY TASK ewma=997
DMA IRQ c0=3
DMA IRQ c1=0
DMA IRQ c2=0
DMA IRQ c3=0
SELECT busy=3936
SELECT w0=3916
SELECT w1=2284
SELECT w2=2275
BUSY TASK ewma=997
DMA IRQ c0=3
DMA IRQ c1=0
DMA IRQ c2=0
DMA IRQ c3=0
SELECT busy=3959
SELECT w0=3938
SELECT w1=2294
SELECT w2=2285
BUSY TASK ewma=997
DMA IRQ c0=3
DMA IRQ c1=0
DMA IRQ c2=0
DMA IRQ c3=0
SELECT busy=3973
SELECT w0=3953
SELECT w1=2303
SELECT w2=2294
BUSY TASK ewma=997
DMA IRQ c0=3
DMA IRQ c1=0
DMA IRQ c2=0
DMA IRQ c3=0
SELECT busy=3994
SELECT w0=3975
SELECT w1=2322
SELECT w2=2310
BUSY TASK ewma=997
DMA IRQ c0=3
DMA IRQ c1=0
DMA IRQ c2=0
DMA IRQ c3=0
SELECT busy=4018
SELECT w0=3998
SELECT w1=2337
SELECT w2=2324
BUSY TASK ewma=997
DMA IRQ c0=3
DMA IRQ c1=0
DMA IRQ c2=0
DMA IRQ c3=0
SELECT busy=4043
SELECT w0=4023
SELECT w1=2350
SELECT w2=2340
BUSY TASK ewma=997
DMA IRQ c0=3
DMA IRQ c1=0
DMA IRQ c2=0
DMA IRQ c3=0
SELECT busy=4062
SELECT w0=4041
SELECT w1=2359
SELECT w2=2349
BUSY TASK ewma=997
DMA IRQ c0=3
DMA IRQ c1=0
DMA IRQ c2=0
DMA IRQ c3=0
SELECT busy=4082
SELECT w0=4062
SELECT w1=2369
SELECT w2=2362
BUSY TASK ewma=997
DMA IRQ c0=3
DMA IRQ c1=0
DMA IRQ c2=0
DMA IRQ c3=0
SELECT busy=4102
SELECT w0=4081
SELECT w1=2379
SELECT w2=2373
BUSY TASK ewma=997
DMA IRQ c0=3
DMA IRQ c1=0
DMA IRQ c2=0
DMA IRQ c3=0
SELECT busy=4119
SELECT w0=4098
SELECT w1=2389
SELECT w2=2382
BUSY TASK ewma=997
DMA IRQ c0=3
DMA IRQ c1=0
DMA IRQ c2=0
DMA IRQ c3=0
SELECT busy=4138
SELECT w0=4117
SELECT w1=2401
SELECT w2=2392
BUSY TASK ewma=997
IRQ counts: cpu0=8292 cpu1=9408 cpu2=9461 cpu3=9377
SCHED secondaries: calls=28246 unexpected=0
SECTEST switches=28196 cpu1=110560193,107252934 cpu2=79469306,77430425 cpu3=122888580,117717631
PINGPONG rounds=1942 pongs=1942
DMA IRQ c0=3
DMA IRQ c1=0
DMA IRQ c2=0
DMA IRQ c3=0
SELECT busy=4165
SELECT w0=4145
SELECT w1=2420
SELECT w2=2407
BUSY TASK ewma=997
DMA IRQ c0=3
DMA IRQ c1=0
DMA IRQ c2=0
DMA IRQ c3=0
SELECT busy=4185
SELECT w0=4165
SELECT w1=2429
SELECT w2=2417
BUSY TASK ewma=997
DMA IRQ c0=3
DMA IRQ c1=0
DMA IRQ c2=0
DMA IRQ c3=0
SELECT busy=4204
SELECT w0=4186
SELECT w1=2442
SELECT w2=2428
BUSY TASK ewma=997
DMA IRQ c0=3
DMA IRQ c1=0
DMA IRQ c2=0
DMA IRQ c3=0
SELECT busy=4226
SELECT w0=4206
SELECT w1=2456
SELECT w2=2439
BUSY TASK ewma=997
DMA IRQ c0=3
DMA IRQ c1=0
DMA IRQ c2=0
DMA IRQ c3=0
SELECT busy=4242
SELECT w0=4222
SELECT w1=2465
SELECT w2=2448
BUSY TASK ewma=997
DMA IRQ c0=3
DMA IRQ c1=0
DMA IRQ c2=0
DMA IRQ c3=0
SELECT busy=4256
SELECT w0=4236
SELECT w1=2475
SELECT w2=2459
BUSY TASK ewma=997
DMA IRQ c0=3
DMA IRQ c1=0
DMA IRQ c2=0
DMA IRQ c3=0
SELECT busy=4273
SELECT w0=4253
SELECT w1=2485
SELECT w2=2472
BUSY TASK ewma=997
DMA IRQ c0=3
DMA IRQ c1=0
DMA IRQ c2=0
DMA IRQ c3=0
SELECT busy=4296
SELECT w0=4276
SELECT w1=2495
SELECT w2=2486
BUSY TASK ewma=997
DMA IRQ c0=3
DMA IRQ c1=0
DMA IRQ c2=0
DMA IRQ c3=0
SELECT busy=4311
SELECT w0=4291
SELECT w1=2503
SELECT w2=2495
BUSY TASK ewma=997
DMA IRQ c0=3
DMA IRQ c1=0
DMA IRQ c2=0
DMA IRQ c3=0
SELECT busy=4325
SELECT w0=4304
SELECT w1=2510
SELECT w2=2503
BUSY TASK ewma=997
DMA IRQ c0=3
DMA IRQ c1=0
DMA IRQ c2=0
DMA IRQ c3=0
SELECT busy=4338
SELECT w0=4318
SELECT w1=2516
SELECT w2=2511
BUSY TASK ewma=997
DMA IRQ c0=3
DMA IRQ c1=0
DMA IRQ c2=0
DMA IRQ c3=0
SELECT busy=4353
SELECT w0=4332
SELECT w1=2523
SELECT w2=2519
BUSY TASK ewma=997
DMA IRQ c0=3
DMA IRQ c1=0
DMA IRQ c2=0
DMA IRQ c3=0
SELECT busy=4368
SELECT w0=4348
SELECT w1=2530
SELECT w2=2529
BUSY TASK ewma=997
DMA IRQ c0=3
DMA IRQ c1=0
DMA IRQ c2=0
DMA IRQ c3=0
SELECT busy=4385
SELECT w0=4365
SELECT w1=2540
SELECT w2=2539
BUSY TASK ewma=997
DMA IRQ c0=3
DMA IRQ c1=0
DMA IRQ c2=0
DMA IRQ c3=0
SELECT busy=4404
SELECT w0=4383
SELECT w1=2550
SELECT w2=2547
BUSY TASK ewma=997
DMA IRQ c0=3
DMA IRQ c1=0
DMA IRQ c2=0
DMA IRQ c3=0
SELECT busy=4418
SELECT w0=4398
SELECT w1=2557
SELECT w2=2558
BUSY TASK ewma=997
DMA IRQ c0=3
DMA IRQ c1=0
DMA IRQ c2=0
DMA IRQ c3=0
SELECT busy=4434
SELECT w0=4413
SELECT w1=2565
SELECT w2=2566
BUSY TASK ewma=997
DMA IRQ c0=3
DMA IRQ c1=0
DMA IRQ c2=0
DMA IRQ c3=0
SELECT busy=4452
SELECT w0=4433
SELECT w1=2576
SELECT w2=2578
BUSY TASK ewma=997
DMA IRQ c0=3
DMA IRQ c1=0
DMA IRQ c2=0
DMA IRQ c3=0
SELECT busy=4492
SELECT w0=4472
SELECT w1=2592
SELECT w2=2604
BUSY TASK ewma=997
DMA IRQ c0=3
DMA IRQ c1=0
DMA IRQ c2=0
DMA IRQ c3=0
SELECT busy=4528
SELECT w0=4507
SELECT w1=2605
SELECT w2=2619
BUSY TASK ewma=997
DMA IRQ c0=3
DMA IRQ c1=0
DMA IRQ c2=0
DMA IRQ c3=0
SELECT busy=4566
SELECT w0=4546
SELECT w1=2624
SELECT w2=2641
BUSY TASK ewma=997
DMA IRQ c0=3
DMA IRQ c1=0
DMA IRQ c2=0
DMA IRQ c3=0
SELECT busy=4606
SELECT w0=4585
SELECT w1=2640
SELECT w2=2664
BUSY TASK ewma=997
DMA IRQ c0=3
DMA IRQ c1=0
DMA IRQ c2=0
DMA IRQ c3=0
SELECT busy=4643
SELECT w0=4622
SELECT w1=2655
SELECT w2=2682
BUSY TASK ewma=997
DMA IRQ c0=3
DMA IRQ c1=0
DMA IRQ c2=0
DMA IRQ c3=0
SELECT busy=4674
SELECT w0=4654
SELECT w1=2668
SELECT w2=2699
BUSY TASK ewma=997
DMA IRQ c0=3
DMA IRQ c1=0
DMA IRQ c2=0
DMA IRQ c3=0
SELECT busy=4706
SELECT w0=4685
SELECT w1=2680
SELECT w2=2713
BUSY TASK ewma=997
DMA IRQ c0=3
DMA IRQ c1=0
DMA IRQ c2=0
DMA IRQ c3=0
SELECT busy=4730
SELECT w0=4710
SELECT w1=2693
SELECT w2=2728
BUSY TASK ewma=997
DMA IRQ c0=3
DMA IRQ c1=0
DMA IRQ c2=0
DMA IRQ c3=0
SELECT busy=4749
SELECT w0=4728
SELECT w1=2703
SELECT w2=2741
BUSY TASK ewma=997
DMA IRQ c0=3
DMA IRQ c1=0
DMA IRQ c2=0
DMA IRQ c3=0
SELECT busy=4763
SELECT w0=4742
SELECT w1=2710
SELECT w2=2749
BUSY TASK ewma=997
DMA IRQ c0=3
DMA IRQ c1=0
DMA IRQ c2=0
DMA IRQ c3=0
SELECT busy=4782
SELECT w0=4763
SELECT w1=2717
SELECT w2=2760
BUSY TASK ewma=997
DMA IRQ c0=3
DMA IRQ c1=0
DMA IRQ c2=0
DMA IRQ c3=0
SELECT busy=4804
SELECT w0=4783
SELECT w1=2727
SELECT w2=2771
BUSY TASK ewma=997
DMA IRQ c0=3
DMA IRQ c1=0
DMA IRQ c2=0
DMA IRQ c3=0
SELECT busy=4828
SELECT w0=4807
SELECT w1=2739
SELECT w2=2786
BUSY TASK ewma=997
DMA IRQ c0=3
DMA IRQ c1=0
DMA IRQ c2=0
DMA IRQ c3=0
SELECT busy=4843
SELECT w0=4823
SELECT w1=2746
SELECT w2=2793
BUSY TASK ewma=997
DMA IRQ c0=3
DMA IRQ c1=0
DMA IRQ c2=0
DMA IRQ c3=0
SELECT busy=4858
SELECT w0=4838
SELECT w1=2753
SELECT w2=2801
BUSY TASK ewma=997
DMA IRQ c0=3
DMA IRQ c1=0
DMA IRQ c2=0
DMA IRQ c3=0
SELECT busy=4876
SELECT w0=4855
SELECT w1=2762
SELECT w2=2809
BUSY TASK ewma=997
DMA IRQ c0=3
DMA IRQ c1=0
DMA IRQ c2=0
DMA IRQ c3=0
SELECT busy=4900
SELECT w0=4880
SELECT w1=2774
SELECT w2=2824
BUSY TASK ewma=997
DMA IRQ c0=3
DMA IRQ c1=0
DMA IRQ c2=0
DMA IRQ c3=0
SELECT busy=4921
SELECT w0=4900
SELECT w1=2786
SELECT w2=2836
BUSY TASK ewma=997
DMA IRQ c0=3
DMA IRQ c1=0
DMA IRQ c2=0
DMA IRQ c3=0
SELECT busy=4941
SELECT w0=4920
SELECT w1=2792
SELECT w2=2846
BUSY TASK ewma=997
DMA IRQ c0=3
DMA IRQ c1=0
DMA IRQ c2=0
DMA IRQ c3=0
SELECT busy=4964
SELECT w0=4943
SELECT w1=2802
SELECT w2=2859
BUSY TASK ewma=997
DMA IRQ c0=3
DMA IRQ c1=0
DMA IRQ c2=0
DMA IRQ c3=0
SELECT busy=4983
SELECT w0=4965
SELECT w1=2812
SELECT w2=2874
BUSY TASK ewma=997
DMA IRQ c0=3
DMA IRQ c1=0
DMA IRQ c2=0
DMA IRQ c3=0
SELECT busy=5016
SELECT w0=4998
SELECT w1=2830
SELECT w2=2898
BUSY TASK ewma=997
DMA IRQ c0=3
DMA IRQ c1=0
DMA IRQ c2=0
DMA IRQ c3=0
SELECT busy=5040
SELECT w0=5020
SELECT w1=2840
SELECT w2=2913
BUSY TASK ewma=997
DMA IRQ c0=3
DMA IRQ c1=0
DMA IRQ c2=0
DMA IRQ c3=0
SELECT busy=5064
SELECT w0=5045
SELECT w1=2853
SELECT w2=2929
BUSY TASK ewma=997
DMA IRQ c0=3
DMA IRQ c1=0
DMA IRQ c2=0
DMA IRQ c3=0
SELECT busy=5094
SELECT w0=5073
SELECT w1=2865
SELECT w2=2946
BUSY TASK ewma=997
DMA IRQ c0=3
DMA IRQ c1=0
DMA IRQ c2=0
DMA IRQ c3=0
SELECT busy=5124
SELECT w0=5104
SELECT w1=2879
SELECT w2=2963
BUSY TASK ewma=997
DMA IRQ c0=3
DMA IRQ c1=0
DMA IRQ c2=0
DMA IRQ c3=0
SELECT busy=5156
SELECT w0=5136
SELECT w1=2891
SELECT w2=2977
BUSY TASK ewma=997
DMA IRQ c0=3
DMA IRQ c1=0
DMA IRQ c2=0
DMA IRQ c3=0
SELECT busy=5180
SELECT w0=5160
SELECT w1=2902
SELECT w2=2994
BUSY TASK ewma=997
DMA IRQ c0=3
DMA IRQ c1=0
DMA IRQ c2=0
DMA IRQ c3=0
SELECT busy=5202
SELECT w0=5182
SELECT w1=2910
SELECT w2=3003
BUSY TASK ewma=997
DMA IRQ c0=3
DMA IRQ c1=0
DMA IRQ c2=0
DMA IRQ c3=0
SELECT busy=5231
SELECT w0=5211
SELECT w1=2926
SELECT w2=3019
BUSY TASK ewma=997
DMA IRQ c0=3
DMA IRQ c1=0
DMA IRQ c2=0
DMA IRQ c3=0
SELECT busy=5255
SELECT w0=5234
SELECT w1=2935
SELECT w2=3028
BUSY TASK ewma=997
DMA IRQ c0=3
DMA IRQ c1=0
DMA IRQ c2=0
DMA IRQ c3=0
SELECT busy=5278
SELECT w0=5258
SELECT w1=2948
SELECT w2=3043
BUSY TASK ewma=997
DMA IRQ c0=3
DMA IRQ c1=0
DMA IRQ c2=0
DMA IRQ c3=0
SELECT busy=5299
SELECT w0=5279
SELECT w1=2956
SELECT w2=3054
BUSY TASK ewma=997
DMA IRQ c0=3
DMA IRQ c1=0
DMA IRQ c2=0
DMA IRQ c3=0
SELECT busy=5324
SELECT w0=5304
SELECT w1=2971
SELECT w2=3071
BUSY TASK ewma=997
DMA IRQ c0=3
DMA IRQ c1=0
DMA IRQ c2=0
DMA IRQ c3=0
SELECT busy=5347
SELECT w0=5326
SELECT w1=2980
SELECT w2=3082
BUSY TASK ewma=997
DMA IRQ c0=3
DMA IRQ c1=0
DMA IRQ c2=0
DMA IRQ c3=0
SELECT busy=5371
SELECT w0=5351
SELECT w1=2990
SELECT w2=3095
BUSY TASK ewma=997
DMA IRQ c0=3
DMA IRQ c1=0
DMA IRQ c2=0
DMA IRQ c3=0
SELECT busy=5414
SELECT w0=5393
SELECT w1=3010
SELECT w2=3120
BUSY TASK ewma=997
DMA IRQ c0=3
DMA IRQ c1=0
DMA IRQ c2=0
DMA IRQ c3=0
SELECT busy=5449
SELECT w0=5430
SELECT w1=3027
SELECT w2=3141
BUSY TASK ewma=997
DMA IRQ c0=3
DMA IRQ c1=0
DMA IRQ c2=0
DMA IRQ c3=0
SELECT busy=5493
SELECT w0=5473
SELECT w1=3047
SELECT w2=3166
BUSY TASK ewma=997
DMA IRQ c0=3
DMA IRQ c1=0
DMA IRQ c2=0
DMA IRQ c3=0
SELECT busy=5531
SELECT w0=5510
SELECT w1=3062
SELECT w2=3182
BUSY TASK ewma=997
DMA IRQ c0=3
DMA IRQ c1=0
DMA IRQ c2=0
DMA IRQ c3=0
SELECT busy=5557
SELECT w0=5536
SELECT w1=3072
SELECT w2=3194
BUSY TASK ewma=997
DMA IRQ c0=3
DMA IRQ c1=0
DMA IRQ c2=0
DMA IRQ c3=0
SELECT busy=5582
SELECT w0=5561
SELECT w1=3082
SELECT w2=3206
BUSY TASK ewma=997
DMA IRQ c0=3
DMA IRQ c1=0
DMA IRQ c2=0
DMA IRQ c3=0
SELECT busy=5604
SELECT w0=5584
SELECT w1=3094
SELECT w2=3220
BUSY TASK ewma=997
DMA IRQ c0=3
DMA IRQ c1=0
DMA IRQ c2=0
DMA IRQ c3=0
SELECT busy=5624
SELECT w0=5604
SELECT w1=3102
SELECT w2=3230
BUSY TASK ewma=997
DMA IRQ c0=3
DMA IRQ c1=0
DMA IRQ c2=0
DMA IRQ c3=0
SELECT busy=5638
SELECT w0=5617
SELECT w1=3108
SELECT w2=3237
BUSY TASK ewma=997
DMA IRQ c0=3
DMA IRQ c1=0
DMA IRQ c2=0
DMA IRQ c3=0
SELECT busy=5657
SELECT w0=5636
SELECT w1=3115
SELECT w2=3247
BUSY TASK ewma=997
IRQ counts: cpu0=11330 cpu1=12893 cpu2=12890 cpu3=12709
SCHED secondaries: calls=38494 unexpected=0
SECTEST switches=38446 cpu1=139013508,135747809 cpu2=106422427,103908309 cpu3=161837170,155284536
PINGPONG rounds=2000 pongs=2000
DMA IRQ c0=3
DMA IRQ c1=0
DMA IRQ c2=0
DMA IRQ c3=0
SELECT busy=5682
SELECT w0=5661
SELECT w1=3126
SELECT w2=3261
BUSY TASK ewma=997
DMA IRQ c0=3
DMA IRQ c1=0
DMA IRQ c2=0
DMA IRQ c3=0
SELECT busy=5697
SELECT w0=5676
SELECT w1=3133
SELECT w2=3270
BUSY TASK ewma=997
DMA IRQ c0=3
DMA IRQ c1=0
DMA IRQ c2=0
DMA IRQ c3=0
SELECT busy=5721
SELECT w0=5701
SELECT w1=3144
SELECT w2=3282
BUSY TASK ewma=997
DMA IRQ c0=3
DMA IRQ c1=0
DMA IRQ c2=0
DMA IRQ c3=0
SELECT busy=5741
SELECT w0=5721
SELECT w1=3153
SELECT w2=3292
BUSY TASK ewma=997
DMA IRQ c0=3
DMA IRQ c1=0
DMA IRQ c2=0
DMA IRQ c3=0
SELECT busy=5769
SELECT w0=5749
SELECT w1=3165
SELECT w2=3305
BUSY TASK ewma=997
DMA IRQ c0=3
DMA IRQ c1=0
DMA IRQ c2=0
DMA IRQ c3=0
SELECT busy=5802
SELECT w0=5783
SELECT w1=3177
SELECT w2=3321
BUSY TASK ewma=997
DMA IRQ c0=3
DMA IRQ c1=0
DMA IRQ c2=0
DMA IRQ c3=0
SELECT busy=5826
SELECT w0=5806
SELECT w1=3188
SELECT w2=3339
BUSY TASK ewma=997
DMA IRQ c0=3
DMA IRQ c1=0
DMA IRQ c2=0
DMA IRQ c3=0
SELECT busy=5864
SELECT w0=5845
SELECT w1=3204
SELECT w2=3359
BUSY TASK ewma=997
DMA IRQ c0=3
DMA IRQ c1=0
DMA IRQ c2=0
DMA IRQ c3=0
SELECT busy=5897
SELECT w0=5877
SELECT w1=3217
SELECT w2=3376
BUSY TASK ewma=997
DMA IRQ c0=3
DMA IRQ c1=0
DMA IRQ c2=0
DMA IRQ c3=0
SELECT busy=5913
SELECT w0=5893
SELECT w1=3225
SELECT w2=3386
BUSY TASK ewma=997
DMA IRQ c0=3
DMA IRQ c1=0
DMA IRQ c2=0
DMA IRQ c3=0
SELECT busy=5948
SELECT w0=5928
SELECT w1=3243
SELECT w2=3405
BUSY TASK ewma=997
DMA IRQ c0=3
DMA IRQ c1=0
DMA IRQ c2=0
DMA IRQ c3=0
SELECT busy=5985
SELECT w0=5966
SELECT w1=3259
SELECT w2=3426
BUSY TASK ewma=997
DMA IRQ c0=3
DMA IRQ c1=0
DMA IRQ c2=0
DMA IRQ c3=0
SELECT busy=6011
SELECT w0=5991
SELECT w1=3274
SELECT w2=3441
BUSY TASK ewma=997
DMA IRQ c0=3
DMA IRQ c1=0
DMA IRQ c2=0
DMA IRQ c3=0
SELECT busy=6033
SELECT w0=6013
SELECT w1=3286
SELECT w2=3455
BUSY TASK ewma=997
DMA IRQ c0=3
DMA IRQ c1=0
DMA IRQ c2=0
DMA IRQ c3=0
SELECT busy=6054
SELECT w0=6034
SELECT w1=3295
SELECT w2=3467
BUSY TASK ewma=997
DMA IRQ c0=3
DMA IRQ c1=0
DMA IRQ c2=0
DMA IRQ c3=0
SELECT busy=6085
SELECT w0=6066
SELECT w1=3310
SELECT w2=3486
BUSY TASK ewma=997
DMA IRQ c0=3
DMA IRQ c1=0
DMA IRQ c2=0
DMA IRQ c3=0
SELECT busy=6126
SELECT w0=6105
SELECT w1=3328
SELECT w2=3509
BUSY TASK ewma=997
DMA IRQ c0=3
DMA IRQ c1=0
DMA IRQ c2=0
DMA IRQ c3=0
SELECT busy=6162
SELECT w0=6142
SELECT w1=3342
SELECT w2=3527
BUSY TASK ewma=997
DMA IRQ c0=3
DMA IRQ c1=0
DMA IRQ c2=0
DMA IRQ c3=0
SELECT busy=6195
SELECT w0=6174
SELECT w1=3355
SELECT w2=3541
BUSY TASK ewma=997
DMA IRQ c0=3
DMA IRQ c1=0
DMA IRQ c2=0
DMA IRQ c3=0
SELECT busy=6217
SELECT w0=6196
SELECT w1=3365
SELECT w2=3557
BUSY TASK ewma=997
DMA IRQ c0=3
DMA IRQ c1=0
DMA IRQ c2=0
DMA IRQ c3=0
SELECT busy=6257
SELECT w0=6237
SELECT w1=3382
SELECT w2=3579
BUSY TASK ewma=997
DMA IRQ c0=3
DMA IRQ c1=0
DMA IRQ c2=0
DMA IRQ c3=0
SELECT busy=6298
SELECT w0=6278
SELECT w1=3402
SELECT w2=3604
BUSY TASK ewma=997
DMA IRQ c0=3
DMA IRQ c1=0
DMA IRQ c2=0
DMA IRQ c3=0
SELECT busy=6334
SELECT w0=6313
SELECT w1=3416
SELECT w2=3624
BUSY TASK ewma=997
DMA IRQ c0=3
DMA IRQ c1=0
DMA IRQ c2=0
DMA IRQ c3=0
SELECT busy=6370
SELECT w0=6351
SELECT w1=3431
SELECT w2=3647
BUSY TASK ewma=997
DMA IRQ c0=3
DMA IRQ c1=0
DMA IRQ c2=0
DMA IRQ c3=0
SELECT busy=6404
SELECT w0=6383
SELECT w1=3444
SELECT w2=3662
BUSY TASK ewma=997
DMA IRQ c0=3
DMA IRQ c1=0
DMA IRQ c2=0
DMA IRQ c3=0
SELECT busy=6429
SELECT w0=6409
SELECT w1=3455
SELECT w2=3676
BUSY TASK ewma=997
DMA IRQ c0=3
DMA IRQ c1=0
DMA IRQ c2=0
DMA IRQ c3=0
SELECT busy=6447
SELECT w0=6428
SELECT w1=3463
SELECT w2=3686
BUSY TASK ewma=997
DMA IRQ c0=3
DMA IRQ c1=0
DMA IRQ c2=0
DMA IRQ c3=0
SELECT busy=6482
SELECT w0=6462
SELECT w1=3479
SELECT w2=3705
BUSY TASK ewma=997
DMA IRQ c0=3
DMA IRQ c1=0
DMA IRQ c2=0
DMA IRQ c3=0
SELECT busy=6509
SELECT w0=6488
SELECT w1=3490
SELECT w2=3721
BUSY TASK ewma=997
DMA IRQ c0=3
DMA IRQ c1=0
DMA IRQ c2=0
DMA IRQ c3=0
SELECT busy=6524
SELECT w0=6503
SELECT w1=3497
SELECT w2=3729
BUSY TASK ewma=997
DMA IRQ c0=3
DMA IRQ c1=0
DMA IRQ c2=0
DMA IRQ c3=0
SELECT busy=6544
SELECT w0=6523
SELECT w1=3505
SELECT w2=3739
BUSY TASK ewma=997
DMA IRQ c0=3
DMA IRQ c1=0
DMA IRQ c2=0
DMA IRQ c3=0
SELECT busy=6572
SELECT w0=6552
SELECT w1=3514
SELECT w2=3752
BUSY TASK ewma=997
DMA IRQ c0=3
DMA IRQ c1=0
DMA IRQ c2=0
DMA IRQ c3=0
SELECT busy=6595
SELECT w0=6574
SELECT w1=3523
SELECT w2=3763
BUSY TASK ewma=997
DMA IRQ c0=3
DMA IRQ c1=0
DMA IRQ c2=0
DMA IRQ c3=0
SELECT busy=6612
SELECT w0=6591
SELECT w1=3530
SELECT w2=3773
BUSY TASK ewma=997
DMA IRQ c0=3
DMA IRQ c1=0
DMA IRQ c2=0
DMA IRQ c3=0
SELECT busy=6628
SELECT w0=6607
SELECT w1=3536
SELECT w2=3782
BUSY TASK ewma=997
DMA IRQ c0=3
DMA IRQ c1=0
DMA IRQ c2=0
DMA IRQ c3=0
SELECT busy=6641
SELECT w0=6621
SELECT w1=3543
SELECT w2=3791
BUSY TASK ewma=997
DMA IRQ c0=3
DMA IRQ c1=0
DMA IRQ c2=0
DMA IRQ c3=0
SELECT busy=6654
SELECT w0=6634
SELECT w1=3549
SELECT w2=3799
BUSY TASK ewma=997
DMA IRQ c0=3
DMA IRQ c1=0
DMA IRQ c2=0
DMA IRQ c3=0
SELECT busy=6672
SELECT w0=6651
SELECT w1=3556
SELECT w2=3807
BUSY TASK ewma=997
DMA IRQ c0=3
DMA IRQ c1=0
DMA IRQ c2=0
DMA IRQ c3=0
SELECT busy=6687
SELECT w0=6666
SELECT w1=3562
SELECT w2=3817
BUSY TASK ewma=997
DMA IRQ c0=3
DMA IRQ c1=0
DMA IRQ c2=0
DMA IRQ c3=0
SELECT busy=6702
SELECT w0=6682
SELECT w1=3569
SELECT w2=3827
BUSY TASK ewma=997
DMA IRQ c0=3
DMA IRQ c1=0
DMA IRQ c2=0
DMA IRQ c3=0
SELECT busy=6722
SELECT w0=6702
SELECT w1=3579
SELECT w2=3840
BUSY TASK ewma=997
DMA IRQ c0=3
DMA IRQ c1=0
DMA IRQ c2=0
DMA IRQ c3=0
SELECT busy=6740
SELECT w0=6719
SELECT w1=3588
SELECT w2=3852
BUSY TASK ewma=997
DMA IRQ c0=3
DMA IRQ c1=0
DMA IRQ c2=0
DMA IRQ c3=0
SELECT busy=6757
SELECT w0=6737
SELECT w1=3597
SELECT w2=3863
BUSY TASK ewma=997
DMA IRQ c0=3
DMA IRQ c1=0
DMA IRQ c2=0
DMA IRQ c3=0
SELECT busy=6778
SELECT w0=6757
SELECT w1=3606
SELECT w2=3874
BUSY TASK ewma=997
DMA IRQ c0=3
DMA IRQ c1=0
DMA IRQ c2=0
DMA IRQ c3=0
SELECT busy=6796
SELECT w0=6775
SELECT w1=3612
SELECT w2=3882
BUSY TASK ewma=997
DMA IRQ c0=3
DMA IRQ c1=0
DMA IRQ c2=0
DMA IRQ c3=0
SELECT busy=6816
SELECT w0=6795
SELECT w1=3620
SELECT w2=3892
BUSY TASK ewma=997
DMA IRQ c0=3
DMA IRQ c1=0
DMA IRQ c2=0
DMA IRQ c3=0
SELECT busy=6832
SELECT w0=6812
SELECT w1=3631
SELECT w2=3903
BUSY TASK ewma=997
DMA IRQ c0=3
DMA IRQ c1=0
DMA IRQ c2=0
DMA IRQ c3=0
SELECT busy=6850
SELECT w0=6830
SELECT w1=3640
SELECT w2=3913
BUSY TASK ewma=997
DMA IRQ c0=3
DMA IRQ c1=0
DMA IRQ c2=0
DMA IRQ c3=0
SELECT busy=6869
SELECT w0=6849
SELECT w1=3647
SELECT w2=3922
BUSY TASK ewma=997
DMA IRQ c0=3
DMA IRQ c1=0
DMA IRQ c2=0
DMA IRQ c3=0
SELECT busy=6886
SELECT w0=6865
SELECT w1=3656
SELECT w2=3934
BUSY TASK ewma=997
DMA IRQ c0=3
DMA IRQ c1=0
DMA IRQ c2=0
DMA IRQ c3=0
SELECT busy=6908
SELECT w0=6887
SELECT w1=3668
SELECT w2=3944
BUSY TASK ewma=997
DMA IRQ c0=3
DMA IRQ c1=0
DMA IRQ c2=0
DMA IRQ c3=0
SELECT busy=6932
SELECT w0=6912
SELECT w1=3679
SELECT w2=3959
BUSY TASK ewma=997
DMA IRQ c0=3
DMA IRQ c1=0
DMA IRQ c2=0
DMA IRQ c3=0
SELECT busy=6968
SELECT w0=6947
SELECT w1=3693
SELECT w2=3977
BUSY TASK ewma=997
DMA IRQ c0=3
DMA IRQ c1=0
DMA IRQ c2=0
DMA IRQ c3=0
SELECT busy=7007
SELECT w0=6987
SELECT w1=3708
SELECT w2=3995
BUSY TASK ewma=997
DMA IRQ c0=3
DMA IRQ c1=0
DMA IRQ c2=0
DMA IRQ c3=0
SELECT busy=7035
SELECT w0=7015
SELECT w1=3723
SELECT w2=4012
BUSY TASK ewma=997
DMA IRQ c0=3
DMA IRQ c1=0
DMA IRQ c2=0
DMA IRQ c3=0
SELECT busy=7070
SELECT w0=7053
SELECT w1=3740
SELECT w2=4032
BUSY TASK ewma=997
DMA IRQ c0=3
DMA IRQ c1=0
DMA IRQ c2=0
DMA IRQ c3=0
SELECT busy=7104
SELECT w0=7083
SELECT w1=3750
SELECT w2=4045
BUSY TASK ewma=997
DMA IRQ c0=3
DMA IRQ c1=0
DMA IRQ c2=0
DMA IRQ c3=0
SELECT busy=7119
SELECT w0=7099
SELECT w1=3758
SELECT w2=4055
BUSY TASK ewma=997
DMA IRQ c0=3
DMA IRQ c1=0
DMA IRQ c2=0
DMA IRQ c3=0
SELECT busy=7137
SELECT w0=7117
SELECT w1=3766
SELECT w2=4064
BUSY TASK ewma=997
DMA IRQ c0=3
DMA IRQ c1=0
DMA IRQ c2=0
DMA IRQ c3=0
SELECT busy=7162
SELECT w0=7142
SELECT w1=3776
SELECT w2=4078
BUSY TASK ewma=997
DMA IRQ c0=3
DMA IRQ c1=0
DMA IRQ c2=0
DMA IRQ c3=0
SELECT busy=7182
SELECT w0=7162
SELECT w1=3783
SELECT w2=4087
BUSY TASK ewma=997
DMA IRQ c0=3
DMA IRQ c1=0
DMA IRQ c2=0
DMA IRQ c3=0
SELECT busy=7205
SELECT w0=7184
SELECT w1=3792
SELECT w2=4099
BUSY TASK ewma=997
DMA IRQ c0=3
DMA IRQ c1=0
DMA IRQ c2=0
DMA IRQ c3=0
SELECT busy=7226
SELECT w0=7206
SELECT w1=3804
SELECT w2=4113
BUSY TASK ewma=997
DMA IRQ c0=3
DMA IRQ c1=0
DMA IRQ c2=0
DMA IRQ c3=0
SELECT busy=7240
SELECT w0=7220
SELECT w1=3810
SELECT w2=4122
BUSY TASK ewma=997
IRQ counts: cpu0=14488 cpu1=16373 cpu2=16385 cpu3=16225
SCHED secondaries: calls=48988 unexpected=0
SECTEST switches=48941 cpu1=167303232,164128914 cpu2=131837655,128851387 cpu3=198156112,189023072
PINGPONG rounds=2000 pongs=2000
DMA IRQ c0=3
DMA IRQ c1=0
DMA IRQ c2=0
DMA IRQ c3=0
SELECT busy=7267
SELECT w0=7247
SELECT w1=3825
SELECT w2=4141
BUSY TASK ewma=997
DMA IRQ c0=3
DMA IRQ c1=0
DMA IRQ c2=0
DMA IRQ c3=0
SELECT busy=7304
SELECT w0=7287
SELECT w1=3844
SELECT w2=4166
BUSY TASK ewma=997
DMA IRQ c0=3
DMA IRQ c1=0
DMA IRQ c2=0
DMA IRQ c3=0
SELECT busy=7348
SELECT w0=7327
SELECT w1=3859
SELECT w2=4183
BUSY TASK ewma=997
DMA IRQ c0=3
DMA IRQ c1=0
DMA IRQ c2=0
DMA IRQ c3=0
SELECT busy=7367
SELECT w0=7346
SELECT w1=3865
SELECT w2=4191
BUSY TASK ewma=997
DMA IRQ c0=3
DMA IRQ c1=0
DMA IRQ c2=0
DMA IRQ c3=0
SELECT busy=7388
SELECT w0=7367
SELECT w1=3879
SELECT w2=4203
BUSY TASK ewma=997
DMA IRQ c0=3
DMA IRQ c1=0
DMA IRQ c2=0
DMA IRQ c3=0
SELECT busy=7402
SELECT w0=7381
SELECT w1=3884
SELECT w2=4210
BUSY TASK ewma=997
DMA IRQ c0=3
DMA IRQ c1=0
DMA IRQ c2=0
DMA IRQ c3=0
SELECT busy=7421
SELECT w0=7401
SELECT w1=3893
SELECT w2=4221
BUSY TASK ewma=997
DMA IRQ c0=3
DMA IRQ c1=0
DMA IRQ c2=0
DMA IRQ c3=0
SELECT busy=7448
SELECT w0=7428
SELECT w1=3906
SELECT w2=4238
BUSY TASK ewma=997
DMA IRQ c0=3
DMA IRQ c1=0
DMA IRQ c2=0
DMA IRQ c3=0
SELECT busy=7490
SELECT w0=7470
SELECT w1=3923
SELECT w2=4260
BUSY TASK ewma=997
DMA IRQ c0=3
DMA IRQ c1=0
DMA IRQ c2=0
DMA IRQ c3=0
SELECT busy=7529
SELECT w0=7509
SELECT w1=3940
SELECT w2=4280
BUSY TASK ewma=997
DMA IRQ c0=3
DMA IRQ c1=0
DMA IRQ c2=0
DMA IRQ c3=0
SELECT busy=7565
SELECT w0=7545
SELECT w1=3956
SELECT w2=4302
BUSY TASK ewma=997
DMA IRQ c0=3
DMA IRQ c1=0
DMA IRQ c2=0
DMA IRQ c3=0
SELECT busy=7610
SELECT w0=7590
SELECT w1=3977
SELECT w2=4328
BUSY TASK ewma=997
DMA IRQ c0=3
DMA IRQ c1=0
DMA IRQ c2=0
DMA IRQ c3=0
SELECT busy=7653
SELECT w0=7632
SELECT w1=3993
SELECT w2=4349
BUSY TASK ewma=997
DMA IRQ c0=3
DMA IRQ c1=0
DMA IRQ c2=0
DMA IRQ c3=0
SELECT busy=7683
SELECT w0=7662
SELECT w1=4006
SELECT w2=4364
BUSY TASK ewma=997
DMA IRQ c0=3
DMA IRQ c1=0
DMA IRQ c2=0
DMA IRQ c3=0
SELECT busy=7698
SELECT w0=7677
SELECT w1=4015
SELECT w2=4375
BUSY TASK ewma=997
DMA IRQ c0=3
DMA IRQ c1=0
DMA IRQ c2=0
DMA IRQ c3=0
SELECT busy=7729
SELECT w0=7708
SELECT w1=4029
SELECT w2=4393
BUSY TASK ewma=997
DMA IRQ c0=3
DMA IRQ c1=0
DMA IRQ c2=0
DMA IRQ c3=0
SELECT busy=7762
SELECT w0=7741
SELECT w1=4041
SELECT w2=4405
BUSY TASK ewma=997
DMA IRQ c0=3
DMA IRQ c1=0
DMA IRQ c2=0
DMA IRQ c3=0
SELECT busy=7779
SELECT w0=7758
SELECT w1=4048
SELECT w2=4414
BUSY TASK ewma=997
DMA IRQ c0=3
DMA IRQ c1=0
DMA IRQ c2=0
DMA IRQ c3=0
SELECT busy=7794
SELECT w0=7774
SELECT w1=4055
SELECT w2=4425
BUSY TASK ewma=997
DMA IRQ c0=3
DMA IRQ c1=0
DMA IRQ c2=0
DMA IRQ c3=0
SELECT busy=7808
SELECT w0=7788
SELECT w1=4062
SELECT w2=4435
BUSY TASK ewma=997
DMA IRQ c0=3
DMA IRQ c1=0
DMA IRQ c2=0
DMA IRQ c3=0
SELECT busy=7829
SELECT w0=7808
SELECT w1=4070
SELECT w2=4445
BUSY TASK ewma=997
DMA IRQ c0=3
DMA IRQ c1=0
DMA IRQ c2=0
DMA IRQ c3=0
SELECT busy=7853
SELECT w0=7833
SELECT w1=4079
SELECT w2=4457
BUSY TASK ewma=997
DMA IRQ c0=3
DMA IRQ c1=0
DMA IRQ c2=0
DMA IRQ c3=0
SELECT busy=7885
SELECT w0=7865
SELECT w1=4093
SELECT w2=4476
BUSY TASK ewma=997
DMA IRQ c0=3
DMA IRQ c1=0
DMA IRQ c2=0
DMA IRQ c3=0
SELECT busy=7914
SELECT w0=7894
SELECT w1=4109
SELECT w2=4492
BUSY TASK ewma=997
DMA IRQ c0=3
DMA IRQ c1=0
DMA IRQ c2=0
DMA IRQ c3=0
SELECT busy=7935
SELECT w0=7915
SELECT w1=4117
SELECT w2=4499
BUSY TASK ewma=997
DMA IRQ c0=3
DMA IRQ c1=0
DMA IRQ c2=0
DMA IRQ c3=0
SELECT busy=7957
SELECT w0=7936
SELECT w1=4125
SELECT w2=4510
BUSY TASK ewma=997
DMA IRQ c0=3
DMA IRQ c1=0
DMA IRQ c2=0
DMA IRQ c3=0
SELECT busy=7977
SELECT w0=7957
SELECT w1=4134
SELECT w2=4522
BUSY TASK ewma=997
DMA IRQ c0=3
DMA IRQ c1=0
DMA IRQ c2=0
DMA IRQ c3=0
SELECT busy=7997
SELECT w0=7976
SELECT w1=4142
SELECT w2=4535
BUSY TASK ewma=997
DMA IRQ c0=3
DMA IRQ c1=0
DMA IRQ c2=0
DMA IRQ c3=0
SELECT busy=8010
SELECT w0=7990
SELECT w1=4149
SELECT w2=4542
BUSY TASK ewma=997
DMA IRQ c0=3
DMA IRQ c1=0
DMA IRQ c2=0
DMA IRQ c3=0
SELECT busy=8025
SELECT w0=8005
SELECT w1=4157
SELECT w2=4551
BUSY TASK ewma=997
DMA IRQ c0=3
DMA IRQ c1=0
DMA IRQ c2=0
DMA IRQ c3=0
SELECT busy=8038
SELECT w0=8018
SELECT w1=4164
SELECT w2=4558
BUSY TASK ewma=997
DMA IRQ c0=3
DMA IRQ c1=0
DMA IRQ c2=0
DMA IRQ c3=0
SELECT busy=8055
SELECT w0=8034
SELECT w1=4170
SELECT w2=4565
BUSY TASK ewma=997
DMA IRQ c0=3
DMA IRQ c1=0
DMA IRQ c2=0
DMA IRQ c3=0
SELECT busy=8071
SELECT w0=8051
SELECT w1=4177
SELECT w2=4574
BUSY TASK ewma=997
DMA IRQ c0=3
DMA IRQ c1=0
DMA IRQ c2=0
DMA IRQ c3=0
SELECT busy=8085
SELECT w0=8065
SELECT w1=4184
SELECT w2=4581
BUSY TASK ewma=997
DMA IRQ c0=3
DMA IRQ c1=0
DMA IRQ c2=0
DMA IRQ c3=0
SELECT busy=8105
SELECT w0=8085
SELECT w1=4191
SELECT w2=4592
BUSY TASK ewma=997
DMA IRQ c0=3
DMA IRQ c1=0
DMA IRQ c2=0
DMA IRQ c3=0
SELECT busy=8121
SELECT w0=8101
SELECT w1=4200
SELECT w2=4603
BUSY TASK ewma=997
DMA IRQ c0=3
DMA IRQ c1=0
DMA IRQ c2=0
DMA IRQ c3=0
SELECT busy=8135
SELECT w0=8115
SELECT w1=4207
SELECT w2=4613
BUSY TASK ewma=997
DMA IRQ c0=3
DMA IRQ c1=0
DMA IRQ c2=0
DMA IRQ c3=0
SELECT busy=8151
SELECT w0=8131
SELECT w1=4215
SELECT w2=4623
BUSY TASK ewma=997
DMA IRQ c0=3
DMA IRQ c1=0
DMA IRQ c2=0
DMA IRQ c3=0
SELECT busy=8179
SELECT w0=8158
SELECT w1=4227
SELECT w2=4638
BUSY TASK ewma=997
DMA IRQ c0=3
DMA IRQ c1=0
DMA IRQ c2=0
DMA IRQ c3=0
SELECT busy=8209
SELECT w0=8189
SELECT w1=4241
SELECT w2=4654
BUSY TASK ewma=997
DMA IRQ c0=3
DMA IRQ c1=0
DMA IRQ c2=0
DMA IRQ c3=0
SELECT busy=8250
SELECT w0=8229
SELECT w1=4260
SELECT w2=4677
BUSY TASK ewma=997
DMA IRQ c0=3
DMA IRQ c1=0
DMA IRQ c2=0
DMA IRQ c3=0
SELECT busy=8274
SELECT w0=8254
SELECT w1=4272
SELECT w2=4691
BUSY TASK ewma=997
DMA IRQ c0=3
DMA IRQ c1=0
DMA IRQ c2=0
DMA IRQ c3=0
SELECT busy=8301
SELECT w0=8281
SELECT w1=4284
SELECT w2=4705
BUSY TASK ewma=997
DMA IRQ c0=3
DMA IRQ c1=0
DMA IRQ c2=0
DMA IRQ c3=0
SELECT busy=8329
SELECT w0=8308
SELECT w1=4293
SELECT w2=4719
BUSY TASK ewma=997
DMA IRQ c0=3
DMA IRQ c1=0
DMA IRQ c2=0
DMA IRQ c3=0
SELECT busy=8355
SELECT w0=8334
SELECT w1=4304
SELECT w2=4733
BUSY TASK ewma=997
DMA IRQ c0=3
DMA IRQ c1=0
DMA IRQ c2=0
DMA IRQ c3=0
SELECT busy=8381
SELECT w0=8361
SELECT w1=4316
SELECT w2=4748
BUSY TASK ewma=997
DMA IRQ c0=3
DMA IRQ c1=0
DMA IRQ c2=0
DMA IRQ c3=0
SELECT busy=8414
SELECT w0=8393
SELECT w1=4331
SELECT w2=4768
BUSY TASK ewma=997
DMA IRQ c0=3
DMA IRQ c1=0
DMA IRQ c2=0
DMA IRQ c3=0
SELECT busy=8438
SELECT w0=8417
SELECT w1=4341
SELECT w2=4784
BUSY TASK ewma=997
DMA IRQ c0=3
DMA IRQ c1=0
DMA IRQ c2=0
DMA IRQ c3=0
SELECT busy=8468
SELECT w0=8447
SELECT w1=4357
SELECT w2=4798
BUSY TASK ewma=997
DMA IRQ c0=3
DMA IRQ c1=0
DMA IRQ c2=0
DMA IRQ c3=0
SELECT busy=8486
SELECT w0=8466
SELECT w1=4362
SELECT w2=4804
BUSY TASK ewma=997
DMA IRQ c0=3
DMA IRQ c1=0
DMA IRQ c2=0
DMA IRQ c3=0
SELECT busy=8513
SELECT w0=8494
SELECT w1=4376
SELECT w2=4821
BUSY TASK ewma=997
DMA IRQ c0=3
DMA IRQ c1=0
DMA IRQ c2=0
DMA IRQ c3=0
SELECT busy=8537
SELECT w0=8516
SELECT w1=4383
SELECT w2=4832
BUSY TASK ewma=997
DMA IRQ c0=3
DMA IRQ c1=0
DMA IRQ c2=0
DMA IRQ c3=0
SELECT busy=8559
SELECT w0=8538
SELECT w1=4391
SELECT w2=4842
BUSY TASK ewma=997
DMA IRQ c0=3
DMA IRQ c1=0
DMA IRQ c2=0
DMA IRQ c3=0
SELECT busy=8581
SELECT w0=8560
SELECT w1=4403
SELECT w2=4859
BUSY TASK ewma=997
DMA IRQ c0=3
DMA IRQ c1=0
DMA IRQ c2=0
DMA IRQ c3=0
SELECT busy=8609
SELECT w0=8589
SELECT w1=4415
SELECT w2=4878
BUSY TASK ewma=997
DMA IRQ c0=3
DMA IRQ c1=0
DMA IRQ c2=0
DMA IRQ c3=0
SELECT busy=8628
SELECT w0=8607
SELECT w1=4423
SELECT w2=4888
BUSY TASK ewma=997
DMA IRQ c0=3
DMA IRQ c1=0
DMA IRQ c2=0
DMA IRQ c3=0
SELECT busy=8645
SELECT w0=8625
SELECT w1=4431
SELECT w2=4898
BUSY TASK ewma=997
DMA IRQ c0=3
DMA IRQ c1=0
DMA IRQ c2=0
DMA IRQ c3=0
SELECT busy=8660
SELECT w0=8639
SELECT w1=4438
SELECT w2=4906
BUSY TASK ewma=997
DMA IRQ c0=3
DMA IRQ c1=0
DMA IRQ c2=0
DMA IRQ c3=0
SELECT busy=8673
SELECT w0=8653
SELECT w1=4444
SELECT w2=4915
BUSY TASK ewma=997
DMA IRQ c0=3
DMA IRQ c1=0
DMA IRQ c2=0
DMA IRQ c3=0
SELECT busy=8688
SELECT w0=8668
SELECT w1=4451
SELECT w2=4925
BUSY TASK ewma=997
DMA IRQ c0=3
DMA IRQ c1=0
DMA IRQ c2=0
DMA IRQ c3=0
SELECT busy=8707
SELECT w0=8687
SELECT w1=4459
SELECT w2=4935
BUSY TASK ewma=997
DMA IRQ c0=3
DMA IRQ c1=0
DMA IRQ c2=0
DMA IRQ c3=0
SELECT busy=8727
SELECT w0=8707
SELECT w1=4468
SELECT w2=4947
BUSY TASK ewma=997
DMA IRQ c0=3
DMA IRQ c1=0
DMA IRQ c2=0
DMA IRQ c3=0
SELECT busy=8747
SELECT w0=8726
SELECT w1=4476
SELECT w2=4957
BUSY TASK ewma=997
DMA IRQ c0=3
DMA IRQ c1=0
DMA IRQ c2=0
DMA IRQ c3=0
SELECT busy=8768
SELECT w0=8747
SELECT w1=4487
SELECT w2=4969
BUSY TASK ewma=997
IRQ counts: cpu0=17548 cpu1=19743 cpu2=19770 cpu3=19582
SCHED secondaries: calls=59095 unexpected=0
SECTEST switches=59051 cpu1=195443727,191226447 cpu2=157087864,153409601 cpu3=233654435,221311225
PINGPONG rounds=2000 pongs=2000
DMA IRQ c0=3
DMA IRQ c1=0
DMA IRQ c2=0
DMA IRQ c3=0
SELECT busy=8799
SELECT w0=8779
SELECT w1=4502
SELECT w2=4989
BUSY TASK ewma=997
DMA IRQ c0=3
DMA IRQ c1=0
DMA IRQ c2=0
DMA IRQ c3=0
SELECT busy=8822
SELECT w0=8803
SELECT w1=4512
SELECT w2=4999
BUSY TASK ewma=997
DMA IRQ c0=3
DMA IRQ c1=0
DMA IRQ c2=0
DMA IRQ c3=0
SELECT busy=8841
SELECT w0=8821
SELECT w1=4521
SELECT w2=5011
BUSY TASK ewma=997
DMA IRQ c0=3
DMA IRQ c1=0
DMA IRQ c2=0
DMA IRQ c3=0
SELECT busy=8858
SELECT w0=8837
SELECT w1=4529
SELECT w2=5019
BUSY TASK ewma=997
DMA IRQ c0=3
DMA IRQ c1=0
DMA IRQ c2=0
DMA IRQ c3=0
SELECT busy=8879
SELECT w0=8858
SELECT w1=4536
SELECT w2=5027
BUSY TASK ewma=997
DMA IRQ c0=3
DMA IRQ c1=0
DMA IRQ c2=0
DMA IRQ c3=0
SELECT busy=8899
SELECT w0=8879
SELECT w1=4545
SELECT w2=5040
BUSY TASK ewma=997
DMA IRQ c0=3
DMA IRQ c1=0
DMA IRQ c2=0
DMA IRQ c3=0
SELECT busy=8923
SELECT w0=8903
SELECT w1=4558
SELECT w2=5055
BUSY TASK ewma=997
DMA IRQ c0=3
DMA IRQ c1=0
DMA IRQ c2=0
DMA IRQ c3=0
SELECT busy=8943
SELECT w0=8923
SELECT w1=4568
SELECT w2=5066
BUSY TASK ewma=997
DMA IRQ c0=3
DMA IRQ c1=0
DMA IRQ c2=0
DMA IRQ c3=0
SELECT busy=8959
SELECT w0=8939
SELECT w1=4575
SELECT w2=5076
BUSY TASK ewma=997
DMA IRQ c0=3
DMA IRQ c1=0
DMA IRQ c2=0
DMA IRQ c3=0
SELECT busy=8987
SELECT w0=8966
SELECT w1=4586
SELECT w2=5089
BUSY TASK ewma=997
DMA IRQ c0=3
DMA IRQ c1=0
DMA IRQ c2=0
DMA IRQ c3=0
SELECT busy=9021
SELECT w0=9000
SELECT w1=4600
SELECT w2=5110
BUSY TASK ewma=997
DMA IRQ c0=3
DMA IRQ c1=0
DMA IRQ c2=0
DMA IRQ c3=0
SELECT busy=9043
SELECT w0=9023
SELECT w1=4611
SELECT w2=5128
BUSY TASK ewma=997
DMA IRQ c0=3
DMA IRQ c1=0
DMA IRQ c2=0
DMA IRQ c3=0
SELECT busy=9064
SELECT w0=9044
SELECT w1=4621
SELECT w2=5141
BUSY TASK ewma=997
DMA IRQ c0=3
DMA IRQ c1=0
DMA IRQ c2=0
DMA IRQ c3=0
SELECT busy=9085
SELECT w0=9065
SELECT w1=4630
SELECT w2=5154
BUSY TASK ewma=997
DMA IRQ c0=3
DMA IRQ c1=0
DMA IRQ c2=0
DMA IRQ c3=0
SELECT busy=9110
SELECT w0=9089
SELECT w1=4640
SELECT w2=5168
BUSY TASK ewma=997
DMA IRQ c0=3
DMA IRQ c1=0
DMA IRQ c2=0
DMA IRQ c3=0
SELECT busy=9144
SELECT w0=9124
SELECT w1=4655
SELECT w2=5188
BUSY TASK ewma=997
DMA IRQ c0=3
DMA IRQ c1=0
DMA IRQ c2=0
DMA IRQ c3=0
SELECT busy=9171
SELECT w0=9151
SELECT w1=4669
SELECT w2=5205
BUSY TASK ewma=997
DMA IRQ c0=3
DMA IRQ c1=0
DMA IRQ c2=0
DMA IRQ c3=0
SELECT busy=9194
SELECT w0=9174
SELECT w1=4687
SELECT w2=5224
BUSY TASK ewma=997
DMA IRQ c0=3
DMA IRQ c1=0
DMA IRQ c2=0
DMA IRQ c3=0
SELECT busy=9215
SELECT w0=9194
SELECT w1=4697
SELECT w2=5234
BUSY TASK ewma=997
DMA IRQ c0=3
DMA IRQ c1=0
DMA IRQ c2=0
DMA IRQ c3=0
SELECT busy=9237
SELECT w0=9217
SELECT w1=4711
SELECT w2=5247
BUSY TASK ewma=997
DMA IRQ c0=3
DMA IRQ c1=0
DMA IRQ c2=0
DMA IRQ c3=0
SELECT busy=9256
SELECT w0=9235
SELECT w1=4720
SELECT w2=5257
BUSY TASK ewma=997
DMA IRQ c0=3
DMA IRQ c1=0
DMA IRQ c2=0
DMA IRQ c3=0
SELECT busy=9272
SELECT w0=9252
SELECT w1=4730
SELECT w2=5267
BUSY TASK ewma=997
DMA IRQ c0=3
DMA IRQ c1=0
DMA IRQ c2=0
DMA IRQ c3=0
SELECT busy=9288
SELECT w0=9267
SELECT w1=4736
SELECT w2=5275
BUSY TASK ewma=997
DMA IRQ c0=3
DMA IRQ c1=0
DMA IRQ c2=0
DMA IRQ c3=0
SELECT busy=9306
SELECT w0=9285
SELECT w1=4744
SELECT w2=5285
BUSY TASK ewma=997
DMA IRQ c0=3
DMA IRQ c1=0
DMA IRQ c2=0
DMA IRQ c3=0
SELECT busy=9322
SELECT w0=9302
SELECT w1=4754
SELECT w2=5294
BUSY TASK ewma=997
DMA IRQ c0=3
DMA IRQ c1=0
DMA IRQ c2=0
DMA IRQ c3=0
SELECT busy=9341
SELECT w0=9320
SELECT w1=4763
SELECT w2=5304
BUSY TASK ewma=997
DMA IRQ c0=3
DMA IRQ c1=0
DMA IRQ c2=0
DMA IRQ c3=0
SELECT busy=9360
SELECT w0=9340
SELECT w1=4775
SELECT w2=5317
BUSY TASK ewma=997
DMA IRQ c0=3
DMA IRQ c1=0
DMA IRQ c2=0
DMA IRQ c3=0
SELECT busy=9383
SELECT w0=9362
SELECT w1=4784
SELECT w2=5327
BUSY TASK ewma=997
DMA IRQ c0=3
DMA IRQ c1=0
DMA IRQ c2=0
DMA IRQ c3=0
SELECT busy=9399
SELECT w0=9378
SELECT w1=4791
SELECT w2=5334
BUSY TASK ewma=997
DMA IRQ c0=3
DMA IRQ c1=0
DMA IRQ c2=0
DMA IRQ c3=0
SELECT busy=9420
SELECT w0=9399
SELECT w1=4799
SELECT w2=5344
BUSY TASK ewma=997
DMA IRQ c0=3
DMA IRQ c1=0
DMA IRQ c2=0
DMA IRQ c3=0
SELECT busy=9438
SELECT w0=9417
SELECT w1=4806
SELECT w2=5352
BUSY TASK ewma=997
DMA IRQ c0=3
DMA IRQ c1=0
DMA IRQ c2=0
DMA IRQ c3=0
SELECT busy=9454
SELECT w0=9433
SELECT w1=4814
SELECT w2=5360
BUSY TASK ewma=997
DMA IRQ c0=3
DMA IRQ c1=0
DMA IRQ c2=0
DMA IRQ c3=0
SELECT busy=9473
SELECT w0=9452
SELECT w1=4821
SELECT w2=5369
BUSY TASK ewma=997
DMA IRQ c0=3
DMA IRQ c1=0
DMA IRQ c2=0
DMA IRQ c3=0
SELECT busy=9490
SELECT w0=9470
SELECT w1=4828
SELECT w2=5380
BUSY TASK ewma=997
DMA IRQ c0=3
DMA IRQ c1=0
DMA IRQ c2=0
DMA IRQ c3=0
SELECT busy=9505
SELECT w0=9484
SELECT w1=4834
SELECT w2=5388
BUSY TASK ewma=997
DMA IRQ c0=3
DMA IRQ c1=0
DMA IRQ c2=0
DMA IRQ c3=0
SELECT busy=9518
SELECT w0=9497
SELECT w1=4841
SELECT w2=5400
BUSY TASK ewma=997
DMA IRQ c0=3
DMA IRQ c1=0
DMA IRQ c2=0
DMA IRQ c3=0
SELECT busy=9532
SELECT w0=9512
SELECT w1=4849
SELECT w2=5409
BUSY TASK ewma=997
DMA IRQ c0=3
DMA IRQ c1=0
DMA IRQ c2=0
DMA IRQ c3=0
SELECT busy=9556
SELECT w0=9535
SELECT w1=4859
SELECT w2=5421
BUSY TASK ewma=997
DMA IRQ c0=3
DMA IRQ c1=0
DMA IRQ c2=0
DMA IRQ c3=0
SELECT busy=9580
SELECT w0=9560
SELECT w1=4867
SELECT w2=5430
BUSY TASK ewma=997
DMA IRQ c0=3
DMA IRQ c1=0
DMA IRQ c2=0
DMA IRQ c3=0
SELECT busy=9614
SELECT w0=9593
SELECT w1=4879
SELECT w2=5446
BUSY TASK ewma=997
DMA IRQ c0=3
DMA IRQ c1=0
DMA IRQ c2=0
DMA IRQ c3=0
SELECT busy=9644
SELECT w0=9623
SELECT w1=4890
SELECT w2=5460
BUSY TASK ewma=997
DMA IRQ c0=3
DMA IRQ c1=0
DMA IRQ c2=0
DMA IRQ c3=0
SELECT busy=9663
SELECT w0=9643
SELECT w1=4904
SELECT w2=5473
BUSY TASK ewma=997
DMA IRQ c0=3
DMA IRQ c1=0
DMA IRQ c2=0
DMA IRQ c3=0
SELECT busy=9686
SELECT w0=9665
SELECT w1=4911
SELECT w2=5483
BUSY TASK ewma=997
DMA IRQ c0=3
DMA IRQ c1=0
DMA IRQ c2=0
DMA IRQ c3=0
SELECT busy=9706
SELECT w0=9685
SELECT w1=4920
SELECT w2=5496
BUSY TASK ewma=997
DMA IRQ c0=3
DMA IRQ c1=0
DMA IRQ c2=0
DMA IRQ c3=0
SELECT busy=9723
SELECT w0=9703
SELECT w1=4929
SELECT w2=5508
BUSY TASK ewma=997
DMA IRQ c0=3
DMA IRQ c1=0
DMA IRQ c2=0
DMA IRQ c3=0
SELECT busy=9740
SELECT w0=9720
SELECT w1=4936
SELECT w2=5519
BUSY TASK ewma=997
DMA IRQ c0=3
DMA IRQ c1=0
DMA IRQ c2=0
DMA IRQ c3=0
SELECT busy=9759
SELECT w0=9738
SELECT w1=4943
SELECT w2=5529
BUSY TASK ewma=997
DMA IRQ c0=3
DMA IRQ c1=0
DMA IRQ c2=0
DMA IRQ c3=0
SELECT busy=9779
SELECT w0=9758
SELECT w1=4951
SELECT w2=5537
BUSY TASK ewma=997
DMA IRQ c0=3
DMA IRQ c1=0
DMA IRQ c2=0
DMA IRQ c3=0
SELECT busy=9805
SELECT w0=9785
SELECT w1=4964
SELECT w2=5550
BUSY TASK ewma=997
DMA IRQ c0=3
DMA IRQ c1=0
DMA IRQ c2=0
DMA IRQ c3=0
SELECT busy=9827
SELECT w0=9807
SELECT w1=4972
SELECT w2=5560
BUSY TASK ewma=997
DMA IRQ c0=3
DMA IRQ c1=0
DMA IRQ c2=0
DMA IRQ c3=0
SELECT busy=9879
SELECT w0=9858
SELECT w1=4994
SELECT w2=5586
BUSY TASK ewma=997
DMA IRQ c0=3
DMA IRQ c1=0
DMA IRQ c2=0
DMA IRQ c3=0
SELECT busy=9914
SELECT w0=9895
SELECT w1=5008
SELECT w2=5605
BUSY TASK ewma=997
DMA IRQ c0=3
DMA IRQ c1=0
DMA IRQ c2=0
DMA IRQ c3=0
SELECT busy=9939
SELECT w0=9919
SELECT w1=5019
SELECT w2=5619
BUSY TASK ewma=997
DMA IRQ c0=3
DMA IRQ c1=0
DMA IRQ c2=0
DMA IRQ c3=0
SELECT busy=9957
SELECT w0=9937
SELECT w1=5028
SELECT w2=5629
BUSY TASK ewma=997
DMA IRQ c0=3
DMA IRQ c1=0
DMA IRQ c2=0
DMA IRQ c3=0
SELECT busy=9974
SELECT w0=9954
SELECT w1=5036
SELECT w2=5639
BUSY TASK ewma=997
DMA IRQ c0=3
DMA IRQ c1=0
DMA IRQ c2=0
DMA IRQ c3=0
SELECT busy=9990
SELECT w0=9970
SELECT w1=5044
SELECT w2=5649
BUSY TASK ewma=997
DMA IRQ c0=3
DMA IRQ c1=0
DMA IRQ c2=0
DMA IRQ c3=0
SELECT busy=10007
SELECT w0=9987
SELECT w1=5051
SELECT w2=5658
BUSY TASK ewma=997
DMA IRQ c0=3
DMA IRQ c1=0
DMA IRQ c2=0
DMA IRQ c3=0
SELECT busy=10022
SELECT w0=10001
SELECT w1=5058
SELECT w2=5666
BUSY TASK ewma=997
DMA IRQ c0=3
DMA IRQ c1=0
DMA IRQ c2=0
DMA IRQ c3=0
SELECT busy=10037
SELECT w0=10017
SELECT w1=5067
SELECT w2=5677
BUSY TASK ewma=997
DMA IRQ c0=3
DMA IRQ c1=0
DMA IRQ c2=0
DMA IRQ c3=0
SELECT busy=10056
SELECT w0=10037
SELECT w1=5077
SELECT w2=5695
BUSY TASK ewma=997
DMA IRQ c0=3
DMA IRQ c1=0
DMA IRQ c2=0
DMA IRQ c3=0
SELECT busy=10074
SELECT w0=10053
SELECT w1=5084
SELECT w2=5704
BUSY TASK ewma=997
DMA IRQ c0=3
DMA IRQ c1=0
DMA IRQ c2=0
DMA IRQ c3=0
SELECT busy=10090
SELECT w0=10070
SELECT w1=5093
SELECT w2=5716
BUSY TASK ewma=997
DMA IRQ c0=3
DMA IRQ c1=0
DMA IRQ c2=0
DMA IRQ c3=0
SELECT busy=10112
SELECT w0=10092
SELECT w1=5105
SELECT w2=5736
BUSY TASK ewma=997
DMA IRQ c0=3
DMA IRQ c1=0
DMA IRQ c2=0
DMA IRQ c3=0
SELECT busy=10132
SELECT w0=10112
SELECT w1=5114
SELECT w2=5748
BUSY TASK ewma=997
IRQ counts: cpu0=20268 cpu1=22873 cpu2=22876 cpu3=22717
SCHED secondaries: calls=68475 unexpected=0
SECTEST switches=68427 cpu1=225500108,221635525 cpu2=185433867,181346683 cpu3=271257329,257947648
PINGPONG rounds=2000 pongs=2000
DMA IRQ c0=3
DMA IRQ c1=0
DMA IRQ c2=0
DMA IRQ c3=0
SELECT busy=10154
SELECT w0=10134
SELECT w1=5125
SELECT w2=5762
BUSY TASK ewma=997
DMA IRQ c0=3
DMA IRQ c1=0
DMA IRQ c2=0
DMA IRQ c3=0
SELECT busy=10172
SELECT w0=10152
SELECT w1=5134
SELECT w2=5775
BUSY TASK ewma=997
DMA IRQ c0=3
DMA IRQ c1=0
DMA IRQ c2=0
DMA IRQ c3=0
SELECT busy=10188
SELECT w0=10168
SELECT w1=5142
SELECT w2=5784
BUSY TASK ewma=997
DMA IRQ c0=3
DMA IRQ c1=0
DMA IRQ c2=0
DMA IRQ c3=0
SELECT busy=10207
SELECT w0=10186
SELECT w1=5148
SELECT w2=5793
BUSY TASK ewma=997
DMA IRQ c0=3
DMA IRQ c1=0
DMA IRQ c2=0
DMA IRQ c3=0
SELECT busy=10221
SELECT w0=10200
SELECT w1=5153
SELECT w2=5801
BUSY TASK ewma=997
DMA IRQ c0=3
DMA IRQ c1=0
DMA IRQ c2=0
DMA IRQ c3=0
SELECT busy=10240
SELECT w0=10220
SELECT w1=5165
SELECT w2=5815
BUSY TASK ewma=997
DMA IRQ c0=3
DMA IRQ c1=0
DMA IRQ c2=0
DMA IRQ c3=0
SELECT busy=10281
SELECT w0=10261
SELECT w1=5188
SELECT w2=5839
BUSY TASK ewma=997
DMA IRQ c0=3
DMA IRQ c1=0
DMA IRQ c2=0
DMA IRQ c3=0
SELECT busy=10323
SELECT w0=10303
SELECT w1=5207
SELECT w2=5862
BUSY TASK ewma=997
DMA IRQ c0=3
DMA IRQ c1=0
DMA IRQ c2=0
DMA IRQ c3=0
SELECT busy=10349
SELECT w0=10329
SELECT w1=5218
SELECT w2=5876
BUSY TASK ewma=997
DMA IRQ c0=3
DMA IRQ c1=0
DMA IRQ c2=0
DMA IRQ c3=0
SELECT busy=10369
SELECT w0=10348
SELECT w1=5229
SELECT w2=5889
BUSY TASK ewma=997
DMA IRQ c0=3
DMA IRQ c1=0
DMA IRQ c2=0
DMA IRQ c3=0
SELECT busy=10408
SELECT w0=10389
SELECT w1=5248
SELECT w2=5911
BUSY TASK ewma=997
DMA IRQ c0=3
DMA IRQ c1=0
DMA IRQ c2=0
DMA IRQ c3=0
SELECT busy=10426
SELECT w0=10406
SELECT w1=5257
SELECT w2=5920
BUSY TASK ewma=997
DMA IRQ c0=3
DMA IRQ c1=0
DMA IRQ c2=0
DMA IRQ c3=0
SELECT busy=10444
SELECT w0=10424
SELECT w1=5266
SELECT w2=5931
BUSY TASK ewma=997
DMA IRQ c0=3
DMA IRQ c1=0
DMA IRQ c2=0
DMA IRQ c3=0
SELECT busy=10482
SELECT w0=10463
SELECT w1=5286
SELECT w2=5952
BUSY TASK ewma=997
DMA IRQ c0=3
DMA IRQ c1=0
DMA IRQ c2=0
DMA IRQ c3=0
SELECT busy=10521
SELECT w0=10501
SELECT w1=5302
SELECT w2=5971
BUSY TASK ewma=997
DMA IRQ c0=3
DMA IRQ c1=0
DMA IRQ c2=0
DMA IRQ c3=0
SELECT busy=10556
SELECT w0=10535
SELECT w1=5315
SELECT w2=5986
BUSY TASK ewma=997
DMA IRQ c0=3
DMA IRQ c1=0
DMA IRQ c2=0
DMA IRQ c3=0
SELECT busy=10594
SELECT w0=10576
SELECT w1=5331
SELECT w2=6008
BUSY TASK ewma=997
DMA IRQ c0=3
DMA IRQ c1=0
DMA IRQ c2=0
DMA IRQ c3=0
SELECT busy=10624
SELECT w0=10604
SELECT w1=5341
SELECT w2=6018
BUSY TASK ewma=997
DMA IRQ c0=3
DMA IRQ c1=0
DMA IRQ c2=0
DMA IRQ c3=0
SELECT busy=10660
SELECT w0=10640
SELECT w1=5356
SELECT w2=6037
BUSY TASK ewma=997
DMA IRQ c0=3
DMA IRQ c1=0
DMA IRQ c2=0
DMA IRQ c3=0
SELECT busy=10681
SELECT w0=10661
SELECT w1=5366
SELECT w2=6051
BUSY TASK ewma=997
DMA IRQ c0=3
DMA IRQ c1=0
DMA IRQ c2=0
DMA IRQ c3=0
SELECT busy=10712
SELECT w0=10692
SELECT w1=5377
SELECT w2=6066
BUSY TASK ewma=997
DMA IRQ c0=3
DMA IRQ c1=0
DMA IRQ c2=0
DMA IRQ c3=0
SELECT busy=10747
SELECT w0=10727
SELECT w1=5393
SELECT w2=6085
BUSY TASK ewma=997
DMA IRQ c0=3
DMA IRQ c1=0
DMA IRQ c2=0
DMA IRQ c3=0
SELECT busy=10769
SELECT w0=10749
SELECT w1=5403
SELECT w2=6099
BUSY TASK ewma=997
DMA IRQ c0=3
DMA IRQ c1=0
DMA IRQ c2=0
DMA IRQ c3=0
SELECT busy=10785
SELECT w0=10765
SELECT w1=5411
SELECT w2=6108
BUSY TASK ewma=997
DMA IRQ c0=3
DMA IRQ c1=0
DMA IRQ c2=0
DMA IRQ c3=0
SELECT busy=10800
SELECT w0=10779
SELECT w1=5419
SELECT w2=6117
BUSY TASK ewma=997
DMA IRQ c0=3
DMA IRQ c1=0
DMA IRQ c2=0
DMA IRQ c3=0
SELECT busy=10813
SELECT w0=10793
SELECT w1=5427
SELECT w2=6126
BUSY TASK ewma=997
DMA IRQ c0=3
DMA IRQ c1=0
DMA IRQ c2=0
DMA IRQ c3=0
SELECT busy=10828
SELECT w0=10808
SELECT w1=5434
SELECT w2=6135
BUSY TASK ewma=997
DMA IRQ c0=3
DMA IRQ c1=0
DMA IRQ c2=0
DMA IRQ c3=0
SELECT busy=10846
SELECT w0=10825
SELECT w1=5444
SELECT w2=6146
BUSY TASK ewma=997
DMA IRQ c0=3
DMA IRQ c1=0
DMA IRQ c2=0
DMA IRQ c3=0
SELECT busy=10862
SELECT w0=10841
SELECT w1=5451
SELECT w2=6156
BUSY TASK ewma=997
DMA IRQ c0=3
DMA IRQ c1=0
DMA IRQ c2=0
DMA IRQ c3=0
SELECT busy=10896
SELECT w0=10876
SELECT w1=5466
SELECT w2=6176
BUSY TASK ewma=997
DMA IRQ c0=3
DMA IRQ c1=0
DMA IRQ c2=0
DMA IRQ c3=0
SELECT busy=10924
SELECT w0=10904
SELECT w1=5481
SELECT w2=6194
BUSY TASK ewma=997
DMA IRQ c0=3
DMA IRQ c1=0
DMA IRQ c2=0
DMA IRQ c3=0
SELECT busy=10961
SELECT w0=10941
SELECT w1=5498
SELECT w2=6215
BUSY TASK ewma=997
DMA IRQ c0=3
DMA IRQ c1=0
DMA IRQ c2=0
DMA IRQ c3=0
SELECT busy=10998
SELECT w0=10977
SELECT w1=5513
SELECT w2=6233
BUSY TASK ewma=997
DMA IRQ c0=3
DMA IRQ c1=0
DMA IRQ c2=0
DMA IRQ c3=0
SELECT busy=11015
SELECT w0=10994
SELECT w1=5520
SELECT w2=6242
BUSY TASK ewma=997
DMA IRQ c0=3
DMA IRQ c1=0
DMA IRQ c2=0
DMA IRQ c3=0
SELECT busy=11028
SELECT w0=11007
SELECT w1=5525
SELECT w2=6248
BUSY TASK ewma=997
DMA IRQ c0=3
DMA IRQ c1=0
DMA IRQ c2=0
DMA IRQ c3=0
SELECT busy=11048
SELECT w0=11027
SELECT w1=5535
SELECT w2=6259
BUSY TASK ewma=997
DMA IRQ c0=3
DMA IRQ c1=0
DMA IRQ c2=0
DMA IRQ c3=0
SELECT busy=11082
SELECT w0=11061
SELECT w1=5546
SELECT w2=6273
BUSY TASK ewma=997
DMA IRQ c0=3
DMA IRQ c1=0
DMA IRQ c2=0
DMA IRQ c3=0
SELECT busy=11116
SELECT w0=11096
SELECT w1=5564
SELECT w2=6295
BUSY TASK ewma=997
DMA IRQ c0=3
DMA IRQ c1=0
DMA IRQ c2=0
DMA IRQ c3=0
SELECT busy=11138
SELECT w0=11118
SELECT w1=5573
SELECT w2=6305
BUSY TASK ewma=997
DMA IRQ c0=3
DMA IRQ c1=0
DMA IRQ c2=0
DMA IRQ c3=0
SELECT busy=11156
SELECT w0=11136
SELECT w1=5582
SELECT w2=6317
BUSY TASK ewma=997
DMA IRQ c0=3
DMA IRQ c1=0
DMA IRQ c2=0
DMA IRQ c3=0
SELECT busy=11173
SELECT w0=11153
SELECT w1=5591
SELECT w2=6328
BUSY TASK ewma=997
DMA IRQ c0=3
DMA IRQ c1=0
DMA IRQ c2=0
DMA IRQ c3=0
SELECT busy=11192
SELECT w0=11171
SELECT w1=5598
SELECT w2=6338
BUSY TASK ewma=997
DMA IRQ c0=3
DMA IRQ c1=0
DMA IRQ c2=0
DMA IRQ c3=0
SELECT busy=11209
SELECT w0=11188
SELECT w1=5606
SELECT w2=6349
BUSY TASK ewma=997
DMA IRQ c0=3
DMA IRQ c1=0
DMA IRQ c2=0
DMA IRQ c3=0
SELECT busy=11226
SELECT w0=11206
SELECT w1=5618
SELECT w2=6365
BUSY TASK ewma=997
DMA IRQ c0=3
DMA IRQ c1=0
DMA IRQ c2=0
DMA IRQ c3=0
SELECT busy=11247
SELECT w0=11226
SELECT w1=5625
SELECT w2=6373
BUSY TASK ewma=997
DMA IRQ c0=3
DMA IRQ c1=0
DMA IRQ c2=0
DMA IRQ c3=0
SELECT busy=11260
SELECT w0=11240
SELECT w1=5632
SELECT w2=6381
BUSY TASK ewma=997
DMA IRQ c0=3
DMA IRQ c1=0
DMA IRQ c2=0
DMA IRQ c3=0
SELECT busy=11272
SELECT w0=11251
SELECT w1=5638
SELECT w2=6388
BUSY TASK ewma=997
DMA IRQ c0=3
DMA IRQ c1=0
DMA IRQ c2=0
DMA IRQ c3=0
SELECT busy=11288
SELECT w0=11268
SELECT w1=5647
SELECT w2=6400
BUSY TASK ewma=997
DMA IRQ c0=3
DMA IRQ c1=0
DMA IRQ c2=0
DMA IRQ c3=0
SELECT busy=11309
SELECT w0=11289
SELECT w1=5657
SELECT w2=6410
BUSY TASK ewma=997
DMA IRQ c0=3
DMA IRQ c1=0
DMA IRQ c2=0
DMA IRQ c3=0
SELECT busy=11328
SELECT w0=11308
SELECT w1=5667
SELECT w2=6421
BUSY TASK ewma=997
DMA IRQ c0=3
DMA IRQ c1=0
DMA IRQ c2=0
DMA IRQ c3=0
SELECT busy=11347
SELECT w0=11327
SELECT w1=5677
SELECT w2=6433
BUSY TASK ewma=997
DMA IRQ c0=3
DMA IRQ c1=0
DMA IRQ c2=0
DMA IRQ c3=0
SELECT busy=11366
SELECT w0=11346
SELECT w1=5686
SELECT w2=6444
BUSY TASK ewma=997
DMA IRQ c0=3
DMA IRQ c1=0
DMA IRQ c2=0
DMA IRQ c3=0
SELECT busy=11385
SELECT w0=11365
SELECT w1=5697
SELECT w2=6457
BUSY TASK ewma=997
DMA IRQ c0=3
DMA IRQ c1=0
DMA IRQ c2=0
DMA IRQ c3=0
SELECT busy=11402
SELECT w0=11382
SELECT w1=5709
SELECT w2=6469
BUSY TASK ewma=997
DMA IRQ c0=3
DMA IRQ c1=0
DMA IRQ c2=0
DMA IRQ c3=0
SELECT busy=11424
SELECT w0=11403
SELECT w1=5721
SELECT w2=6481
BUSY TASK ewma=997
DMA IRQ c0=3
DMA IRQ c1=0
DMA IRQ c2=0
DMA IRQ c3=0
SELECT busy=11459
SELECT w0=11438
SELECT w1=5735
SELECT w2=6496
BUSY TASK ewma=997
DMA IRQ c0=3
DMA IRQ c1=0
DMA IRQ c2=0
DMA IRQ c3=0
SELECT busy=11490
SELECT w0=11470
SELECT w1=5751
SELECT w2=6513
BUSY TASK ewma=997
DMA IRQ c0=3
DMA IRQ c1=0
DMA IRQ c2=0
DMA IRQ c3=0
SELECT busy=11527
SELECT w0=11506
SELECT w1=5768
SELECT w2=6530
BUSY TASK ewma=997
DMA IRQ c0=3
DMA IRQ c1=0
DMA IRQ c2=0
DMA IRQ c3=0
SELECT busy=11568
SELECT w0=11547
SELECT w1=5787
SELECT w2=6553
BUSY TASK ewma=997
DMA IRQ c0=3
DMA IRQ c1=0
DMA IRQ c2=0
DMA IRQ c3=0
SELECT busy=11617
SELECT w0=11599
SELECT w1=5816
SELECT w2=6581
BUSY TASK ewma=997
DMA IRQ c0=3
DMA IRQ c1=0
DMA IRQ c2=0
DMA IRQ c3=0
SELECT busy=11642
SELECT w0=11621
SELECT w1=5823
SELECT w2=6590
BUSY TASK ewma=997
DMA IRQ c0=3
DMA IRQ c1=0
DMA IRQ c2=0
DMA IRQ c3=0
SELECT busy=11670
SELECT w0=11649
SELECT w1=5829
SELECT w2=6600
BUSY TASK ewma=997
DMA IRQ c0=3
DMA IRQ c1=0
DMA IRQ c2=0
DMA IRQ c3=0
SELECT busy=11697
SELECT w0=11677
SELECT w1=5840
SELECT w2=6613
BUSY TASK ewma=997
DMA IRQ c0=3
DMA IRQ c1=0
DMA IRQ c2=0
DMA IRQ c3=0
SELECT busy=11728
SELECT w0=11707
SELECT w1=5854
SELECT w2=6630
BUSY TASK ewma=997
IRQ counts: cpu0=23472 cpu1=26582 cpu2=26413 cpu3=26246
SCHED secondaries: calls=79245 unexpected=0
SECTEST switches=79204 cpu1=255284214,250465301 cpu2=212180319,206409364 cpu3=308735984,294859399
PINGPONG rounds=2000 pongs=2000
DMA IRQ c0=3
DMA IRQ c1=0
DMA IRQ c2=0
DMA IRQ c3=0
SELECT busy=11760
SELECT w0=11740
SELECT w1=5869
SELECT w2=6648
BUSY TASK ewma=997
DMA IRQ c0=3
DMA IRQ c1=0
DMA IRQ c2=0
DMA IRQ c3=0
SELECT busy=11780
SELECT w0=11759
SELECT w1=5879
SELECT w2=6657
BUSY TASK ewma=997
DMA IRQ c0=3
DMA IRQ c1=0
DMA IRQ c2=0
DMA IRQ c3=0
SELECT busy=11804
SELECT w0=11784
SELECT w1=5890
SELECT w2=6671
BUSY TASK ewma=997
DMA IRQ c0=3
DMA IRQ c1=0
DMA IRQ c2=0
DMA IRQ c3=0
SELECT busy=11833
SELECT w0=11812
SELECT w1=5905
SELECT w2=6688
BUSY TASK ewma=997
DMA IRQ c0=3
DMA IRQ c1=0
DMA IRQ c2=0
DMA IRQ c3=0
SELECT busy=11862
SELECT w0=11841
SELECT w1=5922
SELECT w2=6705
BUSY TASK ewma=997
DMA IRQ c0=3
DMA IRQ c1=0
DMA IRQ c2=0
DMA IRQ c3=0
SELECT busy=11890
SELECT w0=11869
SELECT w1=5933
SELECT w2=6717
BUSY TASK ewma=997
DMA IRQ c0=3
DMA IRQ c1=0
DMA IRQ c2=0
DMA IRQ c3=0
SELECT busy=11920
SELECT w0=11899
SELECT w1=5945
SELECT w2=6734
BUSY TASK ewma=997
DMA IRQ c0=3
DMA IRQ c1=0
DMA IRQ c2=0
DMA IRQ c3=0
SELECT busy=11950
SELECT w0=11929
SELECT w1=5957
SELECT w2=6747
BUSY TASK ewma=997
DMA IRQ c0=3
DMA IRQ c1=0
DMA IRQ c2=0
DMA IRQ c3=0
SELECT busy=11980
SELECT w0=11959
SELECT w1=5969
SELECT w2=6760
BUSY TASK ewma=997
DMA IRQ c0=3
DMA IRQ c1=0
DMA IRQ c2=0
DMA IRQ c3=0
SELECT busy=12007
SELECT w0=11986
SELECT w1=5978
SELECT w2=6772
BUSY TASK ewma=997
DMA IRQ c0=3
DMA IRQ c1=0
DMA IRQ c2=0
DMA IRQ c3=0
SELECT busy=12042
SELECT w0=12021
SELECT w1=5994
SELECT w2=6787
BUSY TASK ewma=997
DMA IRQ c0=3
DMA IRQ c1=0
DMA IRQ c2=0
DMA IRQ c3=0
SELECT busy=12073
SELECT w0=12053
SELECT w1=6009
SELECT w2=6805
BUSY TASK ewma=997
DMA IRQ c0=3
DMA IRQ c1=0
DMA IRQ c2=0
DMA IRQ c3=0
SELECT busy=12114
SELECT w0=12093
SELECT w1=6025
SELECT w2=6831
BUSY TASK ewma=997
DMA IRQ c0=3
DMA IRQ c1=0
DMA IRQ c2=0
DMA IRQ c3=0
SELECT busy=12137
SELECT w0=12117
SELECT w1=6036
SELECT w2=6843
BUSY TASK ewma=997
DMA IRQ c0=3
DMA IRQ c1=0
DMA IRQ c2=0
DMA IRQ c3=0
SELECT busy=12157
SELECT w0=12136
SELECT w1=6045
SELECT w2=6855
BUSY TASK ewma=997
DMA IRQ c0=3
DMA IRQ c1=0
DMA IRQ c2=0
DMA IRQ c3=0
SELECT busy=12188
SELECT w0=12168
SELECT w1=6057
SELECT w2=6869
BUSY TASK ewma=997
DMA IRQ c0=3
DMA IRQ c1=0
DMA IRQ c2=0
DMA IRQ c3=0
SELECT busy=12220
SELECT w0=12199
SELECT w1=6070
SELECT w2=6883
BUSY TASK ewma=997
DMA IRQ c0=3
DMA IRQ c1=0
DMA IRQ c2=0
DMA IRQ c3=0
SELECT busy=12240
SELECT w0=12219
SELECT w1=6078
SELECT w2=6892
BUSY TASK ewma=997
DMA IRQ c0=3
DMA IRQ c1=0
DMA IRQ c2=0
DMA IRQ c3=0
SELECT busy=12275
SELECT w0=12255
SELECT w1=6092
SELECT w2=6909
BUSY TASK ewma=997
DMA IRQ c0=3
DMA IRQ c1=0
DMA IRQ c2=0
DMA IRQ c3=0
SELECT busy=12300
SELECT w0=12280
SELECT w1=6103
SELECT w2=6921
BUSY TASK ewma=997
DMA IRQ c0=3
DMA IRQ c1=0
DMA IRQ c2=0
DMA IRQ c3=0
SELECT busy=12334
SELECT w0=12313
SELECT w1=6118
SELECT w2=6940
BUSY TASK ewma=997
DMA IRQ c0=3
DMA IRQ c1=0
DMA IRQ c2=0
DMA IRQ c3=0
SELECT busy=12369
SELECT w0=12348
SELECT w1=6132
SELECT w2=6958
BUSY TASK ewma=997
DMA IRQ c0=3
DMA IRQ c1=0
DMA IRQ c2=0
DMA IRQ c3=0
SELECT busy=12394
SELECT w0=12374
SELECT w1=6141
SELECT w2=6969
BUSY TASK ewma=997
DMA IRQ c0=3
DMA IRQ c1=0
DMA IRQ c2=0
DMA IRQ c3=0
SELECT busy=12423
SELECT w0=12402
SELECT w1=6151
SELECT w2=6981
BUSY TASK ewma=997
DMA IRQ c0=3
DMA IRQ c1=0
DMA IRQ c2=0
DMA IRQ c3=0
SELECT busy=12453
SELECT w0=12433
SELECT w1=6164
SELECT w2=6998
BUSY TASK ewma=997
DMA IRQ c0=3
DMA IRQ c1=0
DMA IRQ c2=0
DMA IRQ c3=0
SELECT busy=12472
SELECT w0=12452
SELECT w1=6171
SELECT w2=7007
BUSY TASK ewma=997
DMA IRQ c0=3
DMA IRQ c1=0
DMA IRQ c2=0
DMA IRQ c3=0
SELECT busy=12493
SELECT w0=12472
SELECT w1=6179
SELECT w2=7018
BUSY TASK ewma=997
DMA IRQ c0=3
DMA IRQ c1=0
DMA IRQ c2=0
DMA IRQ c3=0
SELECT busy=12516
SELECT w0=12496
SELECT w1=6191
SELECT w2=7036
BUSY TASK ewma=997
DMA IRQ c0=3
DMA IRQ c1=0
DMA IRQ c2=0
DMA IRQ c3=0
SELECT busy=12536
SELECT w0=12515
SELECT w1=6200
SELECT w2=7048
BUSY TASK ewma=997
DMA IRQ c0=3
DMA IRQ c1=0
DMA IRQ c2=0
DMA IRQ c3=0
SELECT busy=12552
SELECT w0=12531
SELECT w1=6207
SELECT w2=7056
BUSY TASK ewma=997
DMA IRQ c0=3
DMA IRQ c1=0
DMA IRQ c2=0
DMA IRQ c3=0
SELECT busy=12570
SELECT w0=12550
SELECT w1=6215
SELECT w2=7068
BUSY TASK ewma=997
DMA IRQ c0=3
DMA IRQ c1=0
DMA IRQ c2=0
DMA IRQ c3=0
SELECT busy=12606
SELECT w0=12586
SELECT w1=6234
SELECT w2=7086
BUSY TASK ewma=997
DMA IRQ c0=3
DMA IRQ c1=0
DMA IRQ c2=0
DMA IRQ c3=0
SELECT busy=12634
SELECT w0=12614
SELECT w1=6248
SELECT w2=7102
BUSY TASK ewma=997
DMA IRQ c0=3
DMA IRQ c1=0
DMA IRQ c2=0
DMA IRQ c3=0
SELECT busy=12671
SELECT w0=12651
SELECT w1=6261
SELECT w2=7123
BUSY TASK ewma=997
DMA IRQ c0=3
DMA IRQ c1=0
DMA IRQ c2=0
DMA IRQ c3=0
SELECT busy=12715
SELECT w0=12695
SELECT w1=6277
SELECT w2=7145
BUSY TASK ewma=997
DMA IRQ c0=3
DMA IRQ c1=0
DMA IRQ c2=0
DMA IRQ c3=0
SELECT busy=12741
SELECT w0=12720
SELECT w1=6287
SELECT w2=7156
BUSY TASK ewma=997
DMA IRQ c0=3
DMA IRQ c1=0
DMA IRQ c2=0
DMA IRQ c3=0
SELECT busy=12755
SELECT w0=12734
SELECT w1=6292
SELECT w2=7164
BUSY TASK ewma=997
DMA IRQ c0=3
DMA IRQ c1=0
DMA IRQ c2=0
DMA IRQ c3=0
SELECT busy=12787
SELECT w0=12766
SELECT w1=6304
SELECT w2=7180
BUSY TASK ewma=997
DMA IRQ c0=3
DMA IRQ c1=0
DMA IRQ c2=0
DMA IRQ c3=0
SELECT busy=12812
SELECT w0=12791
SELECT w1=6313
SELECT w2=7192
BUSY TASK ewma=997
DMA IRQ c0=3
DMA IRQ c1=0
DMA IRQ c2=0
DMA IRQ c3=0
SELECT busy=12831
SELECT w0=12810
SELECT w1=6321
SELECT w2=7202
BUSY TASK ewma=997
DMA IRQ c0=3
DMA IRQ c1=0
DMA IRQ c2=0
DMA IRQ c3=0
SELECT busy=12850
SELECT w0=12829
SELECT w1=6327
SELECT w2=7212
BUSY TASK ewma=997
DMA IRQ c0=3
DMA IRQ c1=0
DMA IRQ c2=0
DMA IRQ c3=0
SELECT busy=12870
SELECT w0=12849
SELECT w1=6335
SELECT w2=7223
BUSY TASK ewma=997
DMA IRQ c0=3
DMA IRQ c1=0
DMA IRQ c2=0
DMA IRQ c3=0
SELECT busy=12890
SELECT w0=12870
SELECT w1=6342
SELECT w2=7232
BUSY TASK ewma=997
DMA IRQ c0=3
DMA IRQ c1=0
DMA IRQ c2=0
DMA IRQ c3=0
SELECT busy=12908
SELECT w0=12887
SELECT w1=6348
SELECT w2=7241
BUSY TASK ewma=997
DMA IRQ c0=3
DMA IRQ c1=0
DMA IRQ c2=0
DMA IRQ c3=0
SELECT busy=12923
SELECT w0=12903
SELECT w1=6356
SELECT w2=7252
BUSY TASK ewma=997
DMA IRQ c0=3
DMA IRQ c1=0
DMA IRQ c2=0
DMA IRQ c3=0
SELECT busy=12943
SELECT w0=12924
SELECT w1=6368
SELECT w2=7265
BUSY TASK ewma=997
DMA IRQ c0=3
DMA IRQ c1=0
DMA IRQ c2=0
DMA IRQ c3=0
SELECT busy=12964
SELECT w0=12944
SELECT w1=6384
SELECT w2=7278
BUSY TASK ewma=997
DMA IRQ c0=3
DMA IRQ c1=0
DMA IRQ c2=0
DMA IRQ c3=0
SELECT busy=12979
SELECT w0=12959
SELECT w1=6392
SELECT w2=7287
BUSY TASK ewma=997
DMA IRQ c0=3
DMA IRQ c1=0
DMA IRQ c2=0
DMA IRQ c3=0
SELECT busy=13002
SELECT w0=12982
SELECT w1=6406
SELECT w2=7301
BUSY TASK ewma=997
DMA IRQ c0=3
DMA IRQ c1=0
DMA IRQ c2=0
DMA IRQ c3=0
SELECT busy=13019
SELECT w0=12999
SELECT w1=6414
SELECT w2=7310
BUSY TASK ewma=997
DMA IRQ c0=3
DMA IRQ c1=0
DMA IRQ c2=0
DMA IRQ c3=0
SELECT busy=13031
SELECT w0=13011
SELECT w1=6423
SELECT w2=7318
BUSY TASK ewma=997
DMA IRQ c0=3
DMA IRQ c1=0
DMA IRQ c2=0
DMA IRQ c3=0
SELECT busy=13046
SELECT w0=13026
SELECT w1=6429
SELECT w2=7324
BUSY TASK ewma=997
DMA IRQ c0=3
DMA IRQ c1=0
DMA IRQ c2=0
DMA IRQ c3=0
SELECT busy=13069
SELECT w0=13048
SELECT w1=6439
SELECT w2=7336
BUSY TASK ewma=997
DMA IRQ c0=3
DMA IRQ c1=0
DMA IRQ c2=0
DMA IRQ c3=0
SELECT busy=13090
SELECT w0=13070
SELECT w1=6448
SELECT w2=7348
BUSY TASK ewma=997
DMA IRQ c0=3
DMA IRQ c1=0
DMA IRQ c2=0
DMA IRQ c3=0
SELECT busy=13114
SELECT w0=13093
SELECT w1=6457
SELECT w2=7358
BUSY TASK ewma=997
DMA IRQ c0=3
DMA IRQ c1=0
DMA IRQ c2=0
DMA IRQ c3=0
SELECT busy=13131
SELECT w0=13111
SELECT w1=6463
SELECT w2=7365
BUSY TASK ewma=997
DMA IRQ c0=3
DMA IRQ c1=0
DMA IRQ c2=0
DMA IRQ c3=0
SELECT busy=13154
SELECT w0=13134
SELECT w1=6473
SELECT w2=7381
BUSY TASK ewma=997
DMA IRQ c0=3
DMA IRQ c1=0
DMA IRQ c2=0
DMA IRQ c3=0
SELECT busy=13170
SELECT w0=13150
SELECT w1=6483
SELECT w2=7394
BUSY TASK ewma=997
DMA IRQ c0=3
DMA IRQ c1=0
DMA IRQ c2=0
DMA IRQ c3=0
SELECT busy=13189
SELECT w0=13169
SELECT w1=6491
SELECT w2=7407
BUSY TASK ewma=997
DMA IRQ c0=3
DMA IRQ c1=0
DMA IRQ c2=0
DMA IRQ c3=0
SELECT busy=13209
SELECT w0=13188
SELECT w1=6500
SELECT w2=7417
BUSY TASK ewma=997
DMA IRQ c0=3
DMA IRQ c1=0
DMA IRQ c2=0
DMA IRQ c3=0
SELECT busy=13227
SELECT w0=13207
SELECT w1=6509
SELECT w2=7428
BUSY TASK ewma=997
DMA IRQ c0=3
DMA IRQ c1=0
DMA IRQ c2=0
DMA IRQ c3=0
SELECT busy=13243
SELECT w0=13223
SELECT w1=6520
SELECT w2=7441
BUSY TASK ewma=997
DMA IRQ c0=3
DMA IRQ c1=0
DMA IRQ c2=0
DMA IRQ c3=0
SELECT busy=13264
SELECT w0=13243
SELECT w1=6530
SELECT w2=7453
BUSY TASK ewma=997
DMA IRQ c0=3
DMA IRQ c1=0
DMA IRQ c2=0
DMA IRQ c3=0
SELECT busy=13283
SELECT w0=13262
SELECT w1=6538
SELECT w2=7464
BUSY TASK ewma=997
IRQ counts: cpu0=26580 cpu1=29994 cpu2=29741 cpu3=29616
SCHED secondaries: calls=89356 unexpected=0
SECTEST switches=89307 cpu1=285635441,279771931 cpu2=238381991,233434857 cpu3=346879128,330622822
PINGPONG rounds=2000 pongs=2000
DMA IRQ c0=3
DMA IRQ c1=0
DMA IRQ c2=0
DMA IRQ c3=0
SELECT busy=13307
SELECT w0=13286
SELECT w1=6547
SELECT w2=7474
BUSY TASK ewma=997
DMA IRQ c0=3
DMA IRQ c1=0
DMA IRQ c2=0
DMA IRQ c3=0
SELECT busy=13335
SELECT w0=13315
SELECT w1=6556
SELECT w2=7487
BUSY TASK ewma=997
DMA IRQ c0=3
DMA IRQ c1=0
DMA IRQ c2=0
DMA IRQ c3=0
SELECT busy=13358
SELECT w0=13338
SELECT w1=6569
SELECT w2=7502
BUSY TASK ewma=997
DMA IRQ c0=3
DMA IRQ c1=0
DMA IRQ c2=0
DMA IRQ c3=0
SELECT busy=13376
SELECT w0=13356
SELECT w1=6578
SELECT w2=7511
BUSY TASK ewma=997
DMA IRQ c0=3
DMA IRQ c1=0
DMA IRQ c2=0
DMA IRQ c3=0
SELECT busy=13398
SELECT w0=13378
SELECT w1=6589
SELECT w2=7524
BUSY TASK ewma=997
DMA IRQ c0=3
DMA IRQ c1=0
DMA IRQ c2=0
DMA IRQ c3=0
SELECT busy=13417
SELECT w0=13397
SELECT w1=6599
SELECT w2=7536
BUSY TASK ewma=997
DMA IRQ c0=3
DMA IRQ c1=0
DMA IRQ c2=0
DMA IRQ c3=0
SELECT busy=13434
SELECT w0=13414
SELECT w1=6607
SELECT w2=7548
BUSY TASK ewma=997
DMA IRQ c0=3
DMA IRQ c1=0
DMA IRQ c2=0
DMA IRQ c3=0
SELECT busy=13451
SELECT w0=13430
SELECT w1=6614
SELECT w2=7558
BUSY TASK ewma=997
DMA IRQ c0=3
DMA IRQ c1=0
DMA IRQ c2=0
DMA IRQ c3=0
SELECT busy=13465
SELECT w0=13445
SELECT w1=6621
SELECT w2=7567
BUSY TASK ewma=997
DMA IRQ c0=3
DMA IRQ c1=0
DMA IRQ c2=0
DMA IRQ c3=0
SELECT busy=13481
SELECT w0=13461
SELECT w1=6628
SELECT w2=7578
BUSY TASK ewma=997
DMA IRQ c0=3
DMA IRQ c1=0
DMA IRQ c2=0
DMA IRQ c3=0
SELECT busy=13499
SELECT w0=13479
SELECT w1=6636
SELECT w2=7591
BUSY TASK ewma=997
DMA IRQ c0=3
DMA IRQ c1=0
DMA IRQ c2=0
DMA IRQ c3=0
SELECT busy=13519
SELECT w0=13499
SELECT w1=6646
SELECT w2=7602
BUSY TASK ewma=997
DMA IRQ c0=3
DMA IRQ c1=0
DMA IRQ c2=0
DMA IRQ c3=0
SELECT busy=13536
SELECT w0=13515
SELECT w1=6653
SELECT w2=7610
BUSY TASK ewma=997
DMA IRQ c0=3
DMA IRQ c1=0
DMA IRQ c2=0
DMA IRQ c3=0
SELECT busy=13555
SELECT w0=13535
SELECT w1=6662
SELECT w2=7621
BUSY TASK ewma=997
DMA IRQ c0=3
DMA IRQ c1=0
DMA IRQ c2=0
DMA IRQ c3=0
SELECT busy=13581
SELECT w0=13560
SELECT w1=6675
SELECT w2=7635
BUSY TASK ewma=997
DMA IRQ c0=3
DMA IRQ c1=0
DMA IRQ c2=0
DMA IRQ c3=0
SELECT busy=13605
SELECT w0=13585
SELECT w1=6684
SELECT w2=7649
BUSY TASK ewma=997
DMA IRQ c0=3
DMA IRQ c1=0
DMA IRQ c2=0
DMA IRQ c3=0
SELECT busy=13627
SELECT w0=13607
SELECT w1=6694
SELECT w2=7666
BUSY TASK ewma=997
DMA IRQ c0=3
DMA IRQ c1=0
DMA IRQ c2=0
DMA IRQ c3=0
SELECT busy=13647
SELECT w0=13626
SELECT w1=6704
SELECT w2=7677
BUSY TASK ewma=997
DMA IRQ c0=3
DMA IRQ c1=0
DMA IRQ c2=0
DMA IRQ c3=0
SELECT busy=13676
SELECT w0=13656
SELECT w1=6720
SELECT w2=7695
BUSY TASK ewma=997
DMA IRQ c0=3
DMA IRQ c1=0
DMA IRQ c2=0
DMA IRQ c3=0
SELECT busy=13702
SELECT w0=13683
SELECT w1=6738
SELECT w2=7714
BUSY TASK ewma=997
DMA IRQ c0=3
DMA IRQ c1=0
DMA IRQ c2=0
DMA IRQ c3=0
SELECT busy=13727
SELECT w0=13706
SELECT w1=6744
SELECT w2=7722
BUSY TASK ewma=997
DMA IRQ c0=3
DMA IRQ c1=0
DMA IRQ c2=0
DMA IRQ c3=0
SELECT busy=13747
SELECT w0=13727
SELECT w1=6753
SELECT w2=7733
BUSY TASK ewma=997
DMA IRQ c0=3
DMA IRQ c1=0
DMA IRQ c2=0
DMA IRQ c3=0
SELECT busy=13761
SELECT w0=13741
SELECT w1=6759
SELECT w2=7741
BUSY TASK ewma=997
DMA IRQ c0=3
DMA IRQ c1=0
DMA IRQ c2=0
DMA IRQ c3=0
SELECT busy=13776
SELECT w0=13755
SELECT w1=6767
SELECT w2=7752
BUSY TASK ewma=997
DMA IRQ c0=3
DMA IRQ c1=0
DMA IRQ c2=0
DMA IRQ c3=0
SELECT busy=13797
SELECT w0=13777
SELECT w1=6779
SELECT w2=7769
BUSY TASK ewma=997
DMA IRQ c0=3
DMA IRQ c1=0
DMA IRQ c2=0
DMA IRQ c3=0
SELECT busy=13822
SELECT w0=13802
SELECT w1=6789
SELECT w2=7781
BUSY TASK ewma=997
DMA IRQ c0=3
DMA IRQ c1=0
DMA IRQ c2=0
DMA IRQ c3=0
SELECT busy=13841
SELECT w0=13821
SELECT w1=6798
SELECT w2=7793
BUSY TASK ewma=997
DMA IRQ c0=3
DMA IRQ c1=0
DMA IRQ c2=0
DMA IRQ c3=0
SELECT busy=13866
SELECT w0=13845
SELECT w1=6807
SELECT w2=7805
BUSY TASK ewma=997
DMA IRQ c0=3
DMA IRQ c1=0
DMA IRQ c2=0
DMA IRQ c3=0
SELECT busy=13889
SELECT w0=13868
SELECT w1=6816
SELECT w2=7816
BUSY TASK ewma=997
DMA IRQ c0=3
DMA IRQ c1=0
DMA IRQ c2=0
DMA IRQ c3=0
SELECT busy=13908
SELECT w0=13888
SELECT w1=6825
SELECT w2=7825
BUSY TASK ewma=997
DMA IRQ c0=3
DMA IRQ c1=0
DMA IRQ c2=0
DMA IRQ c3=0
SELECT busy=13927
SELECT w0=13906
SELECT w1=6832
SELECT w2=7835
BUSY TASK ewma=997
DMA IRQ c0=3
DMA IRQ c1=0
DMA IRQ c2=0
DMA IRQ c3=0
SELECT busy=13946
SELECT w0=13925
SELECT w1=6840
SELECT w2=7843
BUSY TASK ewma=997
DMA IRQ c0=3
DMA IRQ c1=0
DMA IRQ c2=0
DMA IRQ c3=0
SELECT busy=13965
SELECT w0=13944
SELECT w1=6846
SELECT w2=7851
BUSY TASK ewma=997
DMA IRQ c0=3
DMA IRQ c1=0
DMA IRQ c2=0
DMA IRQ c3=0
SELECT busy=13984
SELECT w0=13963
SELECT w1=6852
SELECT w2=7858
BUSY TASK ewma=997
DMA IRQ c0=3
DMA IRQ c1=0
DMA IRQ c2=0
DMA IRQ c3=0
SELECT busy=14002
SELECT w0=13982
SELECT w1=6861
SELECT w2=7868
BUSY TASK ewma=997
DMA IRQ c0=3
DMA IRQ c1=0
DMA IRQ c2=0
DMA IRQ c3=0
SELECT busy=14018
SELECT w0=13997
SELECT w1=6867
SELECT w2=7878
BUSY TASK ewma=997
DMA IRQ c0=3
DMA IRQ c1=0
DMA IRQ c2=0
DMA IRQ c3=0
SELECT busy=14036
SELECT w0=14016
SELECT w1=6873
SELECT w2=7886
BUSY TASK ewma=997
DMA IRQ c0=3
DMA IRQ c1=0
DMA IRQ c2=0
DMA IRQ c3=0
SELECT busy=14056
SELECT w0=14036
SELECT w1=6881
SELECT w2=7896
BUSY TASK ewma=997
DMA IRQ c0=3
DMA IRQ c1=0
DMA IRQ c2=0
DMA IRQ c3=0
SELECT busy=14075
SELECT w0=14054
SELECT w1=6887
SELECT w2=7904
BUSY TASK ewma=997
DMA IRQ c0=3
DMA IRQ c1=0
DMA IRQ c2=0
DMA IRQ c3=0
SELECT busy=14091
SELECT w0=14071
SELECT w1=6897
SELECT w2=7916
BUSY TASK ewma=997
DMA IRQ c0=3
DMA IRQ c1=0
DMA IRQ c2=0
DMA IRQ c3=0
SELECT busy=14119
SELECT w0=14101
SELECT w1=6909
SELECT w2=7932
BUSY TASK ewma=997
DMA IRQ c0=3
DMA IRQ c1=0
DMA IRQ c2=0
DMA IRQ c3=0
SELECT busy=14143
SELECT w0=14122
SELECT w1=6916
SELECT w2=7942
BUSY TASK ewma=997
DMA IRQ c0=3
DMA IRQ c1=0
DMA IRQ c2=0
DMA IRQ c3=0
SELECT busy=14159
SELECT w0=14139
SELECT w1=6922
SELECT w2=7950
BUSY TASK ewma=997
DMA IRQ c0=3
DMA IRQ c1=0
DMA IRQ c2=0
DMA IRQ c3=0
SELECT busy=14175
SELECT w0=14154
SELECT w1=6929
SELECT w2=7959
BUSY TASK ewma=997
DMA IRQ c0=3
DMA IRQ c1=0
DMA IRQ c2=0
DMA IRQ c3=0
SELECT busy=14195
SELECT w0=14176
SELECT w1=6939
SELECT w2=7975
BUSY TASK ewma=997
DMA IRQ c0=3
DMA IRQ c1=0
DMA IRQ c2=0
DMA IRQ c3=0
SELECT busy=14218
SELECT w0=14198
SELECT w1=6952
SELECT w2=7992
BUSY TASK ewma=997
DMA IRQ c0=3
DMA IRQ c1=0
DMA IRQ c2=0
DMA IRQ c3=0
SELECT busy=14238
SELECT w0=14217
SELECT w1=6961
SELECT w2=8003
BUSY TASK ewma=997
DMA IRQ c0=3
DMA IRQ c1=0
DMA IRQ c2=0
DMA IRQ c3=0
SELECT busy=14259
SELECT w0=14239
SELECT w1=6971
SELECT w2=8018
BUSY TASK ewma=997
DMA IRQ c0=3
DMA IRQ c1=0
DMA IRQ c2=0
DMA IRQ c3=0
SELECT busy=14278
SELECT w0=14258
SELECT w1=6981
SELECT w2=8034
BUSY TASK ewma=997
DMA IRQ c0=3
DMA IRQ c1=0
DMA IRQ c2=0
DMA IRQ c3=0
SELECT busy=14301
SELECT w0=14280
SELECT w1=6990
SELECT w2=8047
BUSY TASK ewma=997
DMA IRQ c0=3
DMA IRQ c1=0
DMA IRQ c2=0
DMA IRQ c3=0
SELECT busy=14320
SELECT w0=14300
SELECT w1=6997
SELECT w2=8056
BUSY TASK ewma=997
DMA IRQ c0=3
DMA IRQ c1=0
DMA IRQ c2=0
DMA IRQ c3=0
SELECT busy=14343
SELECT w0=14323
SELECT w1=7007
SELECT w2=8069
BUSY TASK ewma=997
DMA IRQ c0=3
DMA IRQ c1=0
DMA IRQ c2=0
DMA IRQ c3=0
SELECT busy=14363
SELECT w0=14343
SELECT w1=7016
SELECT w2=8083
BUSY TASK ewma=997
DMA IRQ c0=3
DMA IRQ c1=0
DMA IRQ c2=0
DMA IRQ c3=0
SELECT busy=14390
SELECT w0=14370
SELECT w1=7030
SELECT w2=8105
BUSY TASK ewma=997
DMA IRQ c0=3
DMA IRQ c1=0
DMA IRQ c2=0
DMA IRQ c3=0
SELECT busy=14424
SELECT w0=14404
SELECT w1=7044
SELECT w2=8121
BUSY TASK ewma=997
DMA IRQ c0=3
DMA IRQ c1=0
DMA IRQ c2=0
DMA IRQ c3=0
SELECT busy=14444
SELECT w0=14424
SELECT w1=7056
SELECT w2=8133
BUSY TASK ewma=997
DMA IRQ c0=3
DMA IRQ c1=0
DMA IRQ c2=0
DMA IRQ c3=0
SELECT busy=14478
SELECT w0=14458
SELECT w1=7071
SELECT w2=8151
BUSY TASK ewma=997
DMA IRQ c0=3
DMA IRQ c1=0
DMA IRQ c2=0
DMA IRQ c3=0
SELECT busy=14513
SELECT w0=14492
SELECT w1=7083
SELECT w2=8167
BUSY TASK ewma=997
DMA IRQ c0=3
DMA IRQ c1=0
DMA IRQ c2=0
DMA IRQ c3=0
SELECT busy=14539
SELECT w0=14518
SELECT w1=7096
SELECT w2=8182
BUSY TASK ewma=997
DMA IRQ c0=3
DMA IRQ c1=0
DMA IRQ c2=0
DMA IRQ c3=0
SELECT busy=14571
SELECT w0=14551
SELECT w1=7109
SELECT w2=8198
BUSY TASK ewma=997
DMA IRQ c0=3
DMA IRQ c1=0
DMA IRQ c2=0
DMA IRQ c3=0
SELECT busy=14590
SELECT w0=14570
SELECT w1=7118
SELECT w2=8211
BUSY TASK ewma=997
DMA IRQ c0=3
DMA IRQ c1=0
DMA IRQ c2=0
DMA IRQ c3=0
SELECT busy=14626
SELECT w0=14605
SELECT w1=7131
SELECT w2=8225
BUSY TASK ewma=997
DMA IRQ c0=3
DMA IRQ c1=0
DMA IRQ c2=0
DMA IRQ c3=0
SELECT busy=14658
SELECT w0=14638
SELECT w1=7145
SELECT w2=8239
BUSY TASK ewma=997
DMA IRQ c0=3
DMA IRQ c1=0
DMA IRQ c2=0
DMA IRQ c3=0
SELECT busy=14692
SELECT w0=14672
SELECT w1=7158
SELECT w2=8255
BUSY TASK ewma=997
IRQ counts: cpu0=29402 cpu1=33110 cpu2=32923 cpu3=32763
SCHED secondaries: calls=98797 unexpected=0
SECTEST switches=98743 cpu1=317062572,311563246 cpu2=265814907,261387150 cpu3=385977497,369208917
PINGPONG rounds=2000 pongs=2000
DMA IRQ c0=3
DMA IRQ c1=0
DMA IRQ c2=0
DMA IRQ c3=0
SELECT busy=14719
SELECT w0=14699
SELECT w1=7169
SELECT w2=8269
BUSY TASK ewma=997
DMA IRQ c0=3
DMA IRQ c1=0
DMA IRQ c2=0
DMA IRQ c3=0
SELECT busy=14739
SELECT w0=14718
SELECT w1=7176
SELECT w2=8279
BUSY TASK ewma=997
DMA IRQ c0=3
DMA IRQ c1=0
DMA IRQ c2=0
DMA IRQ c3=0
SELECT busy=14757
SELECT w0=14736
SELECT w1=7184
SELECT w2=8289
BUSY TASK ewma=997
DMA IRQ c0=3
DMA IRQ c1=0
DMA IRQ c2=0
DMA IRQ c3=0
SELECT busy=14775
SELECT w0=14755
SELECT w1=7194
SELECT w2=8300
BUSY TASK ewma=997
DMA IRQ c0=3
DMA IRQ c1=0
DMA IRQ c2=0
DMA IRQ c3=0
SELECT busy=14798
SELECT w0=14777
SELECT w1=7207
SELECT w2=8315
BUSY TASK ewma=997
DMA IRQ c0=3
DMA IRQ c1=0
DMA IRQ c2=0
DMA IRQ c3=0
SELECT busy=14813
SELECT w0=14792
SELECT w1=7216
SELECT w2=8324
BUSY TASK ewma=997
DMA IRQ c0=3
DMA IRQ c1=0
DMA IRQ c2=0
DMA IRQ c3=0
SELECT busy=14831
SELECT w0=14811
SELECT w1=7226
SELECT w2=8336
BUSY TASK ewma=997
DMA IRQ c0=3
DMA IRQ c1=0
DMA IRQ c2=0
DMA IRQ c3=0
SELECT busy=14850
SELECT w0=14830
SELECT w1=7235
SELECT w2=8346
BUSY TASK ewma=997
DMA IRQ c0=3
DMA IRQ c1=0
DMA IRQ c2=0
DMA IRQ c3=0
SELECT busy=14873
SELECT w0=14852
SELECT w1=7246
SELECT w2=8360
BUSY TASK ewma=997
DMA IRQ c0=3
DMA IRQ c1=0
DMA IRQ c2=0
DMA IRQ c3=0
SELECT busy=14895
SELECT w0=14874
SELECT w1=7255
SELECT w2=8371
BUSY TASK ewma=997
DMA IRQ c0=3
DMA IRQ c1=0
DMA IRQ c2=0
DMA IRQ c3=0
SELECT busy=14909
SELECT w0=14889
SELECT w1=7263
SELECT w2=8381
BUSY TASK ewma=997
DMA IRQ c0=3
DMA IRQ c1=0
DMA IRQ c2=0
DMA IRQ c3=0
SELECT busy=14936
SELECT w0=14915
SELECT w1=7274
SELECT w2=8395
BUSY TASK ewma=997
DMA IRQ c0=3
DMA IRQ c1=0
DMA IRQ c2=0
DMA IRQ c3=0
SELECT busy=14955
SELECT w0=14935
SELECT w1=7281
SELECT w2=8403
BUSY TASK ewma=997
DMA IRQ c0=3
DMA IRQ c1=0
DMA IRQ c2=0
DMA IRQ c3=0
SELECT busy=14975
SELECT w0=14954
SELECT w1=7289
SELECT w2=8412
BUSY TASK ewma=997
DMA IRQ c0=3
DMA IRQ c1=0
DMA IRQ c2=0
DMA IRQ c3=0
SELECT busy=14992
SELECT w0=14972
SELECT w1=7299
SELECT w2=8423
BUSY TASK ewma=997
DMA IRQ c0=3
DMA IRQ c1=0
DMA IRQ c2=0
DMA IRQ c3=0
SELECT busy=15007
SELECT w0=14987
SELECT w1=7305
SELECT w2=8430
BUSY TASK ewma=997
DMA IRQ c0=3
DMA IRQ c1=0
DMA IRQ c2=0
DMA IRQ c3=0
SELECT busy=15032
SELECT w0=15012
SELECT w1=7319
SELECT w2=8447
BUSY TASK ewma=997
DMA IRQ c0=3
DMA IRQ c1=0
DMA IRQ c2=0
DMA IRQ c3=0
SELECT busy=15065
SELECT w0=15045
SELECT w1=7334
SELECT w2=8463
BUSY TASK ewma=997
DMA IRQ c0=3
DMA IRQ c1=0
DMA IRQ c2=0
DMA IRQ c3=0
SELECT busy=15081
SELECT w0=15061
SELECT w1=7342
SELECT w2=8474
BUSY TASK ewma=997
DMA IRQ c0=3
DMA IRQ c1=0
DMA IRQ c2=0
DMA IRQ c3=0
SELECT busy=15096
SELECT w0=15075
SELECT w1=7348
SELECT w2=8482
BUSY TASK ewma=997
DMA IRQ c0=3
DMA IRQ c1=0
DMA IRQ c2=0
DMA IRQ c3=0
SELECT busy=15121
SELECT w0=15101
SELECT w1=7360
SELECT w2=8497
BUSY TASK ewma=997
DMA IRQ c0=3
DMA IRQ c1=0
DMA IRQ c2=0
DMA IRQ c3=0
SELECT busy=15143
SELECT w0=15124
SELECT w1=7372
SELECT w2=8510
BUSY TASK ewma=997
DMA IRQ c0=3
DMA IRQ c1=0
DMA IRQ c2=0
DMA IRQ c3=0
SELECT busy=15175
SELECT w0=15155
SELECT w1=7388
SELECT w2=8532
BUSY TASK ewma=997
DMA IRQ c0=3
DMA IRQ c1=0
DMA IRQ c2=0
DMA IRQ c3=0
SELECT busy=15200
SELECT w0=15180
SELECT w1=7399
SELECT w2=8549
BUSY TASK ewma=997
DMA IRQ c0=3
DMA IRQ c1=0
DMA IRQ c2=0
DMA IRQ c3=0
SELECT busy=15216
SELECT w0=15196
SELECT w1=7406
SELECT w2=8559
BUSY TASK ewma=997
DMA IRQ c0=3
DMA IRQ c1=0
DMA IRQ c2=0
DMA IRQ c3=0
SELECT busy=15230
SELECT w0=15210
SELECT w1=7412
SELECT w2=8568
BUSY TASK ewma=997
DMA IRQ c0=3
DMA IRQ c1=0
DMA IRQ c2=0
DMA IRQ c3=0
SELECT busy=15249
SELECT w0=15228
SELECT w1=7420
SELECT w2=8578
BUSY TASK ewma=997
DMA IRQ c0=3
DMA IRQ c1=0
DMA IRQ c2=0
DMA IRQ c3=0
SELECT busy=15266
SELECT w0=15246
SELECT w1=7428
SELECT w2=8589
BUSY TASK ewma=997
DMA IRQ c0=3
DMA IRQ c1=0
DMA IRQ c2=0
DMA IRQ c3=0
SELECT busy=15286
SELECT w0=15266
SELECT w1=7437
SELECT w2=8602
BUSY TASK ewma=997
DMA IRQ c0=3
DMA IRQ c1=0
DMA IRQ c2=0
DMA IRQ c3=0
SELECT busy=15304
SELECT w0=15283
SELECT w1=7443
SELECT w2=8613
BUSY TASK ewma=997
DMA IRQ c0=3
DMA IRQ c1=0
DMA IRQ c2=0
DMA IRQ c3=0
SELECT busy=15319
SELECT w0=15299
SELECT w1=7450
SELECT w2=8624
BUSY TASK ewma=997
DMA IRQ c0=3
DMA IRQ c1=0
DMA IRQ c2=0
DMA IRQ c3=0
SELECT busy=15336
SELECT w0=15315
SELECT w1=7457
SELECT w2=8635
BUSY TASK ewma=997
DMA IRQ c0=3
DMA IRQ c1=0
DMA IRQ c2=0
DMA IRQ c3=0
SELECT busy=15350
SELECT w0=15329
SELECT w1=7464
SELECT w2=8643
BUSY TASK ewma=997
DMA IRQ c0=3
DMA IRQ c1=0
DMA IRQ c2=0
DMA IRQ c3=0
SELECT busy=15365
SELECT w0=15345
SELECT w1=7471
SELECT w2=8652
BUSY TASK ewma=997
DMA IRQ c0=3
DMA IRQ c1=0
DMA IRQ c2=0
DMA IRQ c3=0
SELECT busy=15383
SELECT w0=15362
SELECT w1=7478
SELECT w2=8663
BUSY TASK ewma=997
DMA IRQ c0=3
DMA IRQ c1=0
DMA IRQ c2=0
DMA IRQ c3=0
SELECT busy=15401
SELECT w0=15380
SELECT w1=7486
SELECT w2=8674
BUSY TASK ewma=997
DMA IRQ c0=3
DMA IRQ c1=0
DMA IRQ c2=0
DMA IRQ c3=0
SELECT busy=15419
SELECT w0=15398
SELECT w1=7494
SELECT w2=8683
BUSY TASK ewma=997
DMA IRQ c0=3
DMA IRQ c1=0
DMA IRQ c2=0
DMA IRQ c3=0
SELECT busy=15432
SELECT w0=15412
SELECT w1=7501
SELECT w2=8693
BUSY TASK ewma=997
DMA IRQ c0=3
DMA IRQ c1=0
DMA IRQ c2=0
DMA IRQ c3=0
SELECT busy=15453
SELECT w0=15432
SELECT w1=7510
SELECT w2=8704
BUSY TASK ewma=997
DMA IRQ c0=3
DMA IRQ c1=0
DMA IRQ c2=0
DMA IRQ c3=0
SELECT busy=15473
SELECT w0=15452
SELECT w1=7517
SELECT w2=8713
BUSY TASK ewma=997
DMA IRQ c0=3
DMA IRQ c1=0
DMA IRQ c2=0
DMA IRQ c3=0
SELECT busy=15490
SELECT w0=15469
SELECT w1=7525
SELECT w2=8723
BUSY TASK ewma=997
DMA IRQ c0=3
DMA IRQ c1=0
DMA IRQ c2=0
DMA IRQ c3=0
SELECT busy=15507
SELECT w0=15486
SELECT w1=7532
SELECT w2=8734
BUSY TASK ewma=997
DMA IRQ c0=3
DMA IRQ c1=0
DMA IRQ c2=0
DMA IRQ c3=0
SELECT busy=15523
SELECT w0=15503
SELECT w1=7539
SELECT w2=8743
BUSY TASK ewma=997
DMA IRQ c0=3
DMA IRQ c1=0
DMA IRQ c2=0
DMA IRQ c3=0
SELECT busy=15542
SELECT w0=15522
SELECT w1=7546
SELECT w2=8753
BUSY TASK ewma=997
DMA IRQ c0=3
DMA IRQ c1=0
DMA IRQ c2=0
DMA IRQ c3=0
SELECT busy=15561
SELECT w0=15540
SELECT w1=7553
SELECT w2=8762
BUSY TASK ewma=997
DMA IRQ c0=3
DMA IRQ c1=0
DMA IRQ c2=0
DMA IRQ c3=0
SELECT busy=15580
SELECT w0=15559
SELECT w1=7561
SELECT w2=8772
BUSY TASK ewma=997
DMA IRQ c0=3
DMA IRQ c1=0
DMA IRQ c2=0
DMA IRQ c3=0
SELECT busy=15597
SELECT w0=15576
SELECT w1=7568
SELECT w2=8784
BUSY TASK ewma=997
DMA IRQ c0=3
DMA IRQ c1=0
DMA IRQ c2=0
DMA IRQ c3=0
SELECT busy=15613
SELECT w0=15593
SELECT w1=7576
SELECT w2=8793
BUSY TASK ewma=997
DMA IRQ c0=3
DMA IRQ c1=0
DMA IRQ c2=0
DMA IRQ c3=0
SELECT busy=15642
SELECT w0=15622
SELECT w1=7587
SELECT w2=8806
BUSY TASK ewma=997
DMA IRQ c0=3
DMA IRQ c1=0
DMA IRQ c2=0
DMA IRQ c3=0
SELECT busy=15660
SELECT w0=15640
SELECT w1=7597
SELECT w2=8818
BUSY TASK ewma=997
DMA IRQ c0=3
DMA IRQ c1=0
DMA IRQ c2=0
DMA IRQ c3=0
SELECT busy=15678
SELECT w0=15657
SELECT w1=7606
SELECT w2=8829
BUSY TASK ewma=997
DMA IRQ c0=3
DMA IRQ c1=0
DMA IRQ c2=0
DMA IRQ c3=0
SELECT busy=15698
SELECT w0=15677
SELECT w1=7613
SELECT w2=8839
BUSY TASK ewma=997
DMA IRQ c0=3
DMA IRQ c1=0
DMA IRQ c2=0
DMA IRQ c3=0
SELECT busy=15716
SELECT w0=15695
SELECT w1=7621
SELECT w2=8849
BUSY TASK ewma=997
DMA IRQ c0=3
DMA IRQ c1=0
DMA IRQ c2=0
DMA IRQ c3=0
SELECT busy=15733
SELECT w0=15713
SELECT w1=7631
SELECT w2=8865
BUSY TASK ewma=997
DMA IRQ c0=3
DMA IRQ c1=0
DMA IRQ c2=0
DMA IRQ c3=0
SELECT busy=15753
SELECT w0=15733
SELECT w1=7637
SELECT w2=8874
BUSY TASK ewma=997
DMA IRQ c0=3
DMA IRQ c1=0
DMA IRQ c2=0
DMA IRQ c3=0
SELECT busy=15772
SELECT w0=15752
SELECT w1=7644
SELECT w2=8885
BUSY TASK ewma=997
DMA IRQ c0=3
DMA IRQ c1=0
DMA IRQ c2=0
DMA IRQ c3=0
SELECT busy=15786
SELECT w0=15765
SELECT w1=7651
SELECT w2=8894
BUSY TASK ewma=997
DMA IRQ c0=3
DMA IRQ c1=0
DMA IRQ c2=0
DMA IRQ c3=0
SELECT busy=15808
SELECT w0=15788
SELECT w1=7665
SELECT w2=8908
BUSY TASK ewma=997
DMA IRQ c0=3
DMA IRQ c1=0
DMA IRQ c2=0
DMA IRQ c3=0
SELECT busy=15830
SELECT w0=15810
SELECT w1=7678
SELECT w2=8921
BUSY TASK ewma=997
DMA IRQ c0=3
DMA IRQ c1=0
DMA IRQ c2=0
DMA IRQ c3=0
SELECT busy=15845
SELECT w0=15825
SELECT w1=7684
SELECT w2=8930
BUSY TASK ewma=997
DMA IRQ c0=3
DMA IRQ c1=0
DMA IRQ c2=0
DMA IRQ c3=0
SELECT busy=15865
SELECT w0=15844
SELECT w1=7691
SELECT w2=8940
BUSY TASK ewma=997
DMA IRQ c0=3
DMA IRQ c1=0
DMA IRQ c2=0
DMA IRQ c3=0
SELECT busy=15883
SELECT w0=15862
SELECT w1=7696
SELECT w2=8947
BUSY TASK ewma=997
DMA IRQ c0=3
DMA IRQ c1=0
DMA IRQ c2=0
DMA IRQ c3=0
SELECT busy=15907
SELECT w0=15886
SELECT w1=7708
SELECT w2=8960
BUSY TASK ewma=997
DMA IRQ c0=3
DMA IRQ c1=0
DMA IRQ c2=0
DMA IRQ c3=0
SELECT busy=15932
SELECT w0=15911
SELECT w1=7721
SELECT w2=8974
BUSY TASK ewma=997
IRQ counts: cpu0=31876 cpu1=35911 cpu2=35790 cpu3=35556
SCHED secondaries: calls=107263 unexpected=0
SECTEST switches=107217 cpu1=348882125,343909167 cpu2=292318248,287658808 cpu3=421394123,404647744
PINGPONG rounds=2000 pongs=2000
DMA IRQ c0=3
DMA IRQ c1=0
DMA IRQ c2=0
DMA IRQ c3=0
SELECT busy=15959
SELECT w0=15938
SELECT w1=7732
SELECT w2=8990
BUSY TASK ewma=997
DMA IRQ c0=3
DMA IRQ c1=0
DMA IRQ c2=0
DMA IRQ c3=0
SELECT busy=15976
SELECT w0=15956
SELECT w1=7741
SELECT w2=9002
BUSY TASK ewma=997
DMA IRQ c0=3
DMA IRQ c1=0
DMA IRQ c2=0
DMA IRQ c3=0
SELECT busy=15996
SELECT w0=15975
SELECT w1=7749
SELECT w2=9010
BUSY TASK ewma=997
DMA IRQ c0=3
DMA IRQ c1=0
DMA IRQ c2=0
DMA IRQ c3=0
SELECT busy=16014
SELECT w0=15994
SELECT w1=7757
SELECT w2=9019
BUSY TASK ewma=997
DMA IRQ c0=3
DMA IRQ c1=0
DMA IRQ c2=0
DMA IRQ c3=0
SELECT busy=16029
SELECT w0=16009
SELECT w1=7766
SELECT w2=9030
BUSY TASK ewma=997
DMA IRQ c0=3
DMA IRQ c1=0
DMA IRQ c2=0
DMA IRQ c3=0
SELECT busy=16051
SELECT w0=16031
SELECT w1=7777
SELECT w2=9045
BUSY TASK ewma=997
DMA IRQ c0=3
DMA IRQ c1=0
DMA IRQ c2=0
DMA IRQ c3=0
SELECT busy=16066
SELECT w0=16046
SELECT w1=7782
SELECT w2=9053
BUSY TASK ewma=997
DMA IRQ c0=3
DMA IRQ c1=0
DMA IRQ c2=0
DMA IRQ c3=0
SELECT busy=16087
SELECT w0=16067
SELECT w1=7792
SELECT w2=9066
BUSY TASK ewma=997
DMA IRQ c0=3
DMA IRQ c1=0
DMA IRQ c2=0
DMA IRQ c3=0
SELECT busy=16101
SELECT w0=16081
SELECT w1=7799
SELECT w2=9074
BUSY TASK ewma=997
DMA IRQ c0=3
DMA IRQ c1=0
DMA IRQ c2=0
DMA IRQ c3=0
SELECT busy=16121
SELECT w0=16100
SELECT w1=7805
SELECT w2=9085
BUSY TASK ewma=997
DMA IRQ c0=3
DMA IRQ c1=0
DMA IRQ c2=0
DMA IRQ c3=0
SELECT busy=16140
SELECT w0=16119
SELECT w1=7813
SELECT w2=9096
BUSY TASK ewma=997
DMA IRQ c0=3
DMA IRQ c1=0
DMA IRQ c2=0
DMA IRQ c3=0
SELECT busy=16158
SELECT w0=16138
SELECT w1=7822
SELECT w2=9110
BUSY TASK ewma=997
DMA IRQ c0=3
DMA IRQ c1=0
DMA IRQ c2=0
DMA IRQ c3=0
SELECT busy=16174
SELECT w0=16153
SELECT w1=7829
SELECT w2=9119
BUSY TASK ewma=997
DMA IRQ c0=3
DMA IRQ c1=0
DMA IRQ c2=0
DMA IRQ c3=0
SELECT busy=16192
SELECT w0=16172
SELECT w1=7837
SELECT w2=9131
BUSY TASK ewma=997
DMA IRQ c0=3
DMA IRQ c1=0
DMA IRQ c2=0
DMA IRQ c3=0
SELECT busy=16207
SELECT w0=16187
SELECT w1=7844
SELECT w2=9141
BUSY TASK ewma=997
DMA IRQ c0=3
DMA IRQ c1=0
DMA IRQ c2=0
DMA IRQ c3=0
SELECT busy=16226
SELECT w0=16205
SELECT w1=7852
SELECT w2=9156
BUSY TASK ewma=997
DMA IRQ c0=3
DMA IRQ c1=0
DMA IRQ c2=0
DMA IRQ c3=0
SELECT busy=16243
SELECT w0=16223
SELECT w1=7861
SELECT w2=9169
BUSY TASK ewma=997
DMA IRQ c0=3
DMA IRQ c1=0
DMA IRQ c2=0
DMA IRQ c3=0
SELECT busy=16261
SELECT w0=16241
SELECT w1=7869
SELECT w2=9179
BUSY TASK ewma=997
DMA IRQ c0=3
DMA IRQ c1=0
DMA IRQ c2=0
DMA IRQ c3=0
SELECT busy=16284
SELECT w0=16264
SELECT w1=7880
SELECT w2=9192
BUSY TASK ewma=997
DMA IRQ c0=3
DMA IRQ c1=0
DMA IRQ c2=0
DMA IRQ c3=0
SELECT busy=16302
SELECT w0=16281
SELECT w1=7889
SELECT w2=9203
BUSY TASK ewma=997
DMA IRQ c0=3
DMA IRQ c1=0
DMA IRQ c2=0
DMA IRQ c3=0
SELECT busy=16321
SELECT w0=16301
SELECT w1=7902
SELECT w2=9216
BUSY TASK ewma=997
DMA IRQ c0=3
DMA IRQ c1=0
DMA IRQ c2=0
DMA IRQ c3=0
SELECT busy=16341
SELECT w0=16321
SELECT w1=7912
SELECT w2=9229
BUSY TASK ewma=997
DMA IRQ c0=3
DMA IRQ c1=0
DMA IRQ c2=0
DMA IRQ c3=0
SELECT busy=16359
SELECT w0=16339
SELECT w1=7921
SELECT w2=9240
BUSY TASK ewma=997
DMA IRQ c0=3
DMA IRQ c1=0
DMA IRQ c2=0
DMA IRQ c3=0
SELECT busy=16377
SELECT w0=16357
SELECT w1=7929
SELECT w2=9250
BUSY TASK ewma=997
DMA IRQ c0=3
DMA IRQ c1=0
DMA IRQ c2=0
DMA IRQ c3=0
SELECT busy=16394
SELECT w0=16374
SELECT w1=7937
SELECT w2=9259
BUSY TASK ewma=997
DMA IRQ c0=3
DMA IRQ c1=0
DMA IRQ c2=0
DMA IRQ c3=0
SELECT busy=16412
SELECT w0=16391
SELECT w1=7943
SELECT w2=9271
BUSY TASK ewma=997
DMA IRQ c0=3
DMA IRQ c1=0
DMA IRQ c2=0
DMA IRQ c3=0
SELECT busy=16439
SELECT w0=16419
SELECT w1=7958
SELECT w2=9286
BUSY TASK ewma=997
DMA IRQ c0=3
DMA IRQ c1=0
DMA IRQ c2=0
DMA IRQ c3=0
SELECT busy=16459
SELECT w0=16439
SELECT w1=7964
SELECT w2=9294
BUSY TASK ewma=997
DMA IRQ c0=3
DMA IRQ c1=0
DMA IRQ c2=0
DMA IRQ c3=0
SELECT busy=16479
SELECT w0=16458
SELECT w1=7972
SELECT w2=9305
BUSY TASK ewma=997
DMA IRQ c0=3
DMA IRQ c1=0
DMA IRQ c2=0
DMA IRQ c3=0
SELECT busy=16509
SELECT w0=16489
SELECT w1=7983
SELECT w2=9317
BUSY TASK ewma=997
DMA IRQ c0=3
DMA IRQ c1=0
DMA IRQ c2=0
DMA IRQ c3=0
SELECT busy=16541
SELECT w0=16520
SELECT w1=7996
SELECT w2=9333
BUSY TASK ewma=997
DMA IRQ c0=3
DMA IRQ c1=0
DMA IRQ c2=0
DMA IRQ c3=0
SELECT busy=16556
SELECT w0=16536
SELECT w1=8002
SELECT w2=9342
BUSY TASK ewma=997
DMA IRQ c0=3
DMA IRQ c1=0
DMA IRQ c2=0
DMA IRQ c3=0
SELECT busy=16590
SELECT w0=16569
SELECT w1=8015
SELECT w2=9359
BUSY TASK ewma=997
DMA IRQ c0=3
DMA IRQ c1=0
DMA IRQ c2=0
DMA IRQ c3=0
SELECT busy=16615
SELECT w0=16595
SELECT w1=8026
SELECT w2=9373
BUSY TASK ewma=997
DMA IRQ c0=3
DMA IRQ c1=0
DMA IRQ c2=0
DMA IRQ c3=0
SELECT busy=16635
SELECT w0=16615
SELECT w1=8036
SELECT w2=9384
BUSY TASK ewma=997
DMA IRQ c0=3
DMA IRQ c1=0
DMA IRQ c2=0
DMA IRQ c3=0
SELECT busy=16650
SELECT w0=16630
SELECT w1=8043
SELECT w2=9393
BUSY TASK ewma=997
DMA IRQ c0=3
DMA IRQ c1=0
DMA IRQ c2=0
DMA IRQ c3=0
SELECT busy=16679
SELECT w0=16659
SELECT w1=8058
SELECT w2=9412
BUSY TASK ewma=997
DMA IRQ c0=3
DMA IRQ c1=0
DMA IRQ c2=0
DMA IRQ c3=0
SELECT busy=16710
SELECT w0=16689
SELECT w1=8069
SELECT w2=9430
BUSY TASK ewma=997
DMA IRQ c0=3
DMA IRQ c1=0
DMA IRQ c2=0
DMA IRQ c3=0
SELECT busy=16735
SELECT w0=16714
SELECT w1=8080
SELECT w2=9443
BUSY TASK ewma=997
DMA IRQ c0=3
DMA IRQ c1=0
DMA IRQ c2=0
DMA IRQ c3=0
SELECT busy=16753
SELECT w0=16733
SELECT w1=8088
SELECT w2=9454
BUSY TASK ewma=997
DMA IRQ c0=3
DMA IRQ c1=0
DMA IRQ c2=0
DMA IRQ c3=0
SELECT busy=16772
SELECT w0=16752
SELECT w1=8097
SELECT w2=9463
BUSY TASK ewma=997
DMA IRQ c0=3
DMA IRQ c1=0
DMA IRQ c2=0
DMA IRQ c3=0
SELECT busy=16787
SELECT w0=16767
SELECT w1=8105
SELECT w2=9471
BUSY TASK ewma=997
DMA IRQ c0=3
DMA IRQ c1=0
DMA IRQ c2=0
DMA IRQ c3=0
SELECT busy=16804
SELECT w0=16784
SELECT w1=8114
SELECT w2=9481
BUSY TASK ewma=997
DMA IRQ c0=3
DMA IRQ c1=0
DMA IRQ c2=0
DMA IRQ c3=0
SELECT busy=16820
SELECT w0=16801
SELECT w1=8123
SELECT w2=9493
BUSY TASK ewma=997
DMA IRQ c0=3
DMA IRQ c1=0
DMA IRQ c2=0
DMA IRQ c3=0
SELECT busy=16839
SELECT w0=16820
SELECT w1=8133
SELECT w2=9505
BUSY TASK ewma=997
DMA IRQ c0=3
DMA IRQ c1=0
DMA IRQ c2=0
DMA IRQ c3=0
SELECT busy=16858
SELECT w0=16838
SELECT w1=8143
SELECT w2=9516
BUSY TASK ewma=997
DMA IRQ c0=3
DMA IRQ c1=0
DMA IRQ c2=0
DMA IRQ c3=0
SELECT busy=16880
SELECT w0=16860
SELECT w1=8153
SELECT w2=9530
BUSY TASK ewma=997
DMA IRQ c0=3
DMA IRQ c1=0
DMA IRQ c2=0
DMA IRQ c3=0
SELECT busy=16899
SELECT w0=16879
SELECT w1=8162
SELECT w2=9543
BUSY TASK ewma=997
DMA IRQ c0=3
DMA IRQ c1=0
DMA IRQ c2=0
DMA IRQ c3=0
SELECT busy=16924
SELECT w0=16903
SELECT w1=8172
SELECT w2=9555
BUSY TASK ewma=997
DMA IRQ c0=3
DMA IRQ c1=0
DMA IRQ c2=0
DMA IRQ c3=0
SELECT busy=16956
SELECT w0=16936
SELECT w1=8184
SELECT w2=9569
BUSY TASK ewma=997
DMA IRQ c0=3
DMA IRQ c1=0
DMA IRQ c2=0
DMA IRQ c3=0
SELECT busy=16992
SELECT w0=16972
SELECT w1=8197
SELECT w2=9586
BUSY TASK ewma=997
DMA IRQ c0=3
DMA IRQ c1=0
DMA IRQ c2=0
DMA IRQ c3=0
SELECT busy=17019
SELECT w0=16999
SELECT w1=8213
SELECT w2=9606
BUSY TASK ewma=997
DMA IRQ c0=3
DMA IRQ c1=0
DMA IRQ c2=0
DMA IRQ c3=0
SELECT busy=17045
SELECT w0=17025
SELECT w1=8225
SELECT w2=9618
BUSY TASK ewma=997
DMA IRQ c0=3
DMA IRQ c1=0
DMA IRQ c2=0
DMA IRQ c3=0
SELECT busy=17065
SELECT w0=17045
SELECT w1=8235
SELECT w2=9632
BUSY TASK ewma=997
DMA IRQ c0=3
DMA IRQ c1=0
DMA IRQ c2=0
DMA IRQ c3=0
SELECT busy=17085
SELECT w0=17065
SELECT w1=8242
SELECT w2=9642
BUSY TASK ewma=997
DMA IRQ c0=3
DMA IRQ c1=0
DMA IRQ c2=0
DMA IRQ c3=0
SELECT busy=17105
SELECT w0=17084
SELECT w1=8250
SELECT w2=9652
BUSY TASK ewma=997
DMA IRQ c0=3
DMA IRQ c1=0
DMA IRQ c2=0
DMA IRQ c3=0
SELECT busy=17120
SELECT w0=17100
SELECT w1=8258
SELECT w2=9661
BUSY TASK ewma=997
DMA IRQ c0=3
DMA IRQ c1=0
DMA IRQ c2=0
DMA IRQ c3=0
SELECT busy=17140
SELECT w0=17120
SELECT w1=8271
SELECT w2=9675
BUSY TASK ewma=997
DMA IRQ c0=3
DMA IRQ c1=0
DMA IRQ c2=0
DMA IRQ c3=0
SELECT busy=17163
SELECT w0=17143
SELECT w1=8282
SELECT w2=9688
BUSY TASK ewma=997
DMA IRQ c0=3
DMA IRQ c1=0
DMA IRQ c2=0
DMA IRQ c3=0
SELECT busy=17184
SELECT w0=17163
SELECT w1=8292
SELECT w2=9700
qemu-system-aarch64: terminating on signal 15 from pid 253312 (timeout)
