P4 M7: full integration test boot OK
CPU0: MPIDR_EL1=0x0000000080000000
CPU0: psci_cpu_on target=1 rc=0
CPU1: alive, MPIDR_EL1=0x0000000080000001 this_cpu()->cpu_id=1
CPU0: psci_cpu_on target=2 rc=0
CPU2: alive, MPIDR_EL1=0x0000000080000002 this_cpu()->cpu_id=2
CPU0: psci_cpu_on target=3 rc=0
CPU3: alive, MPIDR_EL1=0x0000000080000003 this_cpu()->cpu_id=3
CPUs online: 4
D2b: worker 2 runs on CPU2
D2b: worker 1 runs on CPU1
D2b: worker 0 runs on CPU0
P4 M7: worker submitted cmd_id=2
P4 M7: worker submitted cmd_id=1
P4 M7: worker submitted cmd_id=3
BUSY TASK ewma=992
DMA IRQ c0=0
DMA IRQ c1=0
DMA IRQ c2=0
DMA IRQ c3=0
SELECT busy=18
SELECT w0=3
SELECT w1=5
SELECT w2=6
BUSY TASK ewma=997
DMA IRQ c0=0
DMA IRQ c1=0
DMA IRQ c2=0
P4 M7: worker DATA OK, cmd_id=1
DMA IRQ c3=0
WORKER ewma=831
P4 M7: worker DATA OK, cmd_id=2
SELECT busy=44
WORKER ewma=831
P4 M7: worker DATA OK, cmd_id=3
WORKER ewma=759
SELECT w0=18
SELECT w1=42
SELECT w2=65
BUSY TASK ewma=997
DMA IRQ c0=2
DMA IRQ c1=0
DMA IRQ c2=0
DMA IRQ c3=0
SELECT busy=66
SELECT w0=40
SELECT w1=89
SELECT w2=112
BUSY TASK ewma=997
DMA IRQ c0=2
DMA IRQ c1=0
DMA IRQ c2=0
DMA IRQ c3=0
SELECT busy=94
SELECT w0=68
SELECT w1=133
SELECT w2=155
BUSY TASK ewma=997
DMA IRQ c0=2
DMA IRQ c1=0
DMA IRQ c2=0
DMA IRQ c3=0
SELECT busy=115
SELECT w0=88
SELECT w1=166
SELECT w2=187
BUSY TASK ewma=997
DMA IRQ c0=2
DMA IRQ c1=0
DMA IRQ c2=0
DMA IRQ c3=0
SELECT busy=135
SELECT w0=108
SELECT w1=185
SELECT w2=204
BUSY TASK ewma=997
DMA IRQ c0=2
DMA IRQ c1=0
DMA IRQ c2=0
DMA IRQ c3=0
SELECT busy=158
SELECT w0=132
SELECT w1=234
SELECT w2=256
BUSY TASK ewma=997
DMA IRQ c0=2
DMA IRQ c1=0
DMA IRQ c2=0
DMA IRQ c3=0
SELECT busy=179
SELECT w0=153
SELECT w1=280
SELECT w2=304
BUSY TASK ewma=997
DMA IRQ c0=2
DMA IRQ c1=0
DMA IRQ c2=0
DMA IRQ c3=0
SELECT busy=199
SELECT w0=172
SELECT w1=307
SELECT w2=325
BUSY TASK ewma=997
DMA IRQ c0=2
DMA IRQ c1=0
DMA IRQ c2=0
DMA IRQ c3=0
SELECT busy=218
SELECT w0=192
SELECT w1=317
SELECT w2=334
BUSY TASK ewma=997
DMA IRQ c0=2
DMA IRQ c1=0
DMA IRQ c2=0
DMA IRQ c3=0
SELECT busy=241
SELECT w0=214
SELECT w1=329
SELECT w2=346
BUSY TASK ewma=997
DMA IRQ c0=2
DMA IRQ c1=0
DMA IRQ c2=0
DMA IRQ c3=0
SELECT busy=270
SELECT w0=245
SELECT w1=357
SELECT w2=370
BUSY TASK ewma=997
DMA IRQ c0=2
DMA IRQ c1=0
DMA IRQ c2=0
DMA IRQ c3=0
SELECT busy=296
SELECT w0=270
SELECT w1=371
SELECT w2=382
BUSY TASK ewma=997
DMA IRQ c0=2
DMA IRQ c1=0
DMA IRQ c2=0
DMA IRQ c3=0
SELECT busy=319
SELECT w0=292
SELECT w1=381
SELECT w2=391
BUSY TASK ewma=997
DMA IRQ c0=2
DMA IRQ c1=0
DMA IRQ c2=0
DMA IRQ c3=0
SELECT busy=338
SELECT w0=312
SELECT w1=394
SELECT w2=403
BUSY TASK ewma=997
DMA IRQ c0=2
DMA IRQ c1=0
DMA IRQ c2=0
DMA IRQ c3=0
SELECT busy=364
SELECT w0=338
SELECT w1=415
SELECT w2=421
BUSY TASK ewma=997
DMA IRQ c0=2
DMA IRQ c1=0
DMA IRQ c2=0
DMA IRQ c3=0
SELECT busy=381
SELECT w0=354
SELECT w1=425
SELECT w2=435
BUSY TASK ewma=997
DMA IRQ c0=2
DMA IRQ c1=0
DMA IRQ c2=0
DMA IRQ c3=0
SELECT busy=399
SELECT w0=373
SELECT w1=437
SELECT w2=447
BUSY TASK ewma=997
DMA IRQ c0=2
DMA IRQ c1=0
DMA IRQ c2=0
DMA IRQ c3=0
SELECT busy=423
SELECT w0=397
SELECT w1=450
SELECT w2=467
BUSY TASK ewma=997
DMA IRQ c0=2
DMA IRQ c1=0
DMA IRQ c2=0
DMA IRQ c3=0
SELECT busy=444
SELECT w0=417
SELECT w1=460
SELECT w2=479
BUSY TASK ewma=997
DMA IRQ c0=2
DMA IRQ c1=0
DMA IRQ c2=0
DMA IRQ c3=0
SELECT busy=464
SELECT w0=438
SELECT w1=471
SELECT w2=491
BUSY TASK ewma=997
DMA IRQ c0=2
DMA IRQ c1=0
DMA IRQ c2=0
DMA IRQ c3=0
SELECT busy=492
SELECT w0=466
SELECT w1=489
SELECT w2=509
BUSY TASK ewma=997
DMA IRQ c0=2
DMA IRQ c1=0
DMA IRQ c2=0
DMA IRQ c3=0
SELECT busy=512
SELECT w0=485
SELECT w1=501
SELECT w2=519
BUSY TASK ewma=997
DMA IRQ c0=2
DMA IRQ c1=0
DMA IRQ c2=0
DMA IRQ c3=0
SELECT busy=531
SELECT w0=504
SELECT w1=511
SELECT w2=527
BUSY TASK ewma=997
DMA IRQ c0=2
DMA IRQ c1=0
DMA IRQ c2=0
DMA IRQ c3=0
SELECT busy=555
SELECT w0=529
SELECT w1=529
SELECT w2=544
BUSY TASK ewma=997
DMA IRQ c0=2
DMA IRQ c1=0
DMA IRQ c2=0
DMA IRQ c3=0
SELECT busy=580
SELECT w0=553
SELECT w1=550
SELECT w2=558
BUSY TASK ewma=997
DMA IRQ c0=2
DMA IRQ c1=0
DMA IRQ c2=0
DMA IRQ c3=0
SELECT busy=601
SELECT w0=574
SELECT w1=562
SELECT w2=572
BUSY TASK ewma=997
DMA IRQ c0=2
DMA IRQ c1=0
DMA IRQ c2=0
DMA IRQ c3=0
SELECT busy=620
SELECT w0=593
SELECT w1=576
SELECT w2=587
BUSY TASK ewma=997
DMA IRQ c0=2
DMA IRQ c1=0
DMA IRQ c2=0
DMA IRQ c3=0
SELECT busy=643
SELECT w0=617
SELECT w1=590
SELECT w2=600
BUSY TASK ewma=997
DMA IRQ c0=2
DMA IRQ c1=0
DMA IRQ c2=0
DMA IRQ c3=0
SELECT busy=661
SELECT w0=635
SELECT w1=600
SELECT w2=613
BUSY TASK ewma=997
DMA IRQ c0=2
DMA IRQ c1=0
DMA IRQ c2=0
DMA IRQ c3=0
SELECT busy=679
SELECT w0=653
SELECT w1=609
SELECT w2=624
BUSY TASK ewma=997
DMA IRQ c0=2
DMA IRQ c1=0
DMA IRQ c2=0
DMA IRQ c3=0
SELECT busy=696
SELECT w0=670
SELECT w1=619
SELECT w2=633
BUSY TASK ewma=997
DMA IRQ c0=2
DMA IRQ c1=0
DMA IRQ c2=0
DMA IRQ c3=0
SELECT busy=712
SELECT w0=685
SELECT w1=627
SELECT w2=642
BUSY TASK ewma=997
DMA IRQ c0=2
DMA IRQ c1=0
DMA IRQ c2=0
DMA IRQ c3=0
SELECT busy=732
SELECT w0=705
SELECT w1=639
SELECT w2=654
BUSY TASK ewma=997
DMA IRQ c0=2
DMA IRQ c1=0
DMA IRQ c2=0
DMA IRQ c3=0
SELECT busy=754
SELECT w0=727
SELECT w1=651
SELECT w2=667
BUSY TASK ewma=997
DMA IRQ c0=2
DMA IRQ c1=0
DMA IRQ c2=0
DMA IRQ c3=0
SELECT busy=771
SELECT w0=744
SELECT w1=663
SELECT w2=676
BUSY TASK ewma=997
DMA IRQ c0=2
DMA IRQ c1=0
DMA IRQ c2=0
DMA IRQ c3=0
SELECT busy=788
SELECT w0=762
SELECT w1=675
SELECT w2=685
BUSY TASK ewma=997
DMA IRQ c0=2
DMA IRQ c1=0
DMA IRQ c2=0
DMA IRQ c3=0
SELECT busy=811
SELECT w0=784
SELECT w1=688
SELECT w2=698
BUSY TASK ewma=997
DMA IRQ c0=2
DMA IRQ c1=0
DMA IRQ c2=0
DMA IRQ c3=0
SELECT busy=831
SELECT w0=804
SELECT w1=696
SELECT w2=706
BUSY TASK ewma=997
DMA IRQ c0=2
DMA IRQ c1=0
DMA IRQ c2=0
DMA IRQ c3=0
SELECT busy=853
SELECT w0=827
SELECT w1=711
SELECT w2=719
BUSY TASK ewma=997
DMA IRQ c0=2
DMA IRQ c1=0
DMA IRQ c2=0
DMA IRQ c3=0
SELECT busy=870
SELECT w0=844
SELECT w1=722
SELECT w2=729
BUSY TASK ewma=997
DMA IRQ c0=2
DMA IRQ c1=0
DMA IRQ c2=0
DMA IRQ c3=0
SELECT busy=888
SELECT w0=861
SELECT w1=731
SELECT w2=738
BUSY TASK ewma=997
DMA IRQ c0=2
DMA IRQ c1=0
DMA IRQ c2=0
DMA IRQ c3=0
SELECT busy=902
SELECT w0=875
SELECT w1=741
SELECT w2=747
BUSY TASK ewma=997
DMA IRQ c0=2
DMA IRQ c1=0
DMA IRQ c2=0
DMA IRQ c3=0
SELECT busy=917
SELECT w0=890
SELECT w1=748
SELECT w2=755
BUSY TASK ewma=997
DMA IRQ c0=2
DMA IRQ c1=0
DMA IRQ c2=0
DMA IRQ c3=0
SELECT busy=931
SELECT w0=905
SELECT w1=757
SELECT w2=764
BUSY TASK ewma=997
DMA IRQ c0=2
DMA IRQ c1=0
DMA IRQ c2=0
DMA IRQ c3=0
SELECT busy=949
SELECT w0=923
SELECT w1=771
SELECT w2=775
BUSY TASK ewma=997
DMA IRQ c0=2
DMA IRQ c1=0
DMA IRQ c2=0
DMA IRQ c3=0
SELECT busy=969
SELECT w0=942
SELECT w1=779
SELECT w2=784
BUSY TASK ewma=997
DMA IRQ c0=2
DMA IRQ c1=0
DMA IRQ c2=0
DMA IRQ c3=0
SELECT busy=991
SELECT w0=964
SELECT w1=792
SELECT w2=798
BUSY TASK ewma=997
DMA IRQ c0=2
DMA IRQ c1=0
DMA IRQ c2=0
DMA IRQ c3=0
SELECT busy=1018
SELECT w0=991
SELECT w1=805
SELECT w2=810
BUSY TASK ewma=997
DMA IRQ c0=2
DMA IRQ c1=0
DMA IRQ c2=0
DMA IRQ c3=0
SELECT busy=1038
SELECT w0=1012
SELECT w1=820
SELECT w2=825
BUSY TASK ewma=997
DMA IRQ c0=2
DMA IRQ c1=0
DMA IRQ c2=0
DMA IRQ c3=0
SELECT busy=1058
SELECT w0=1031
SELECT w1=830
SELECT w2=838
BUSY TASK ewma=997
DMA IRQ c0=2
DMA IRQ c1=0
DMA IRQ c2=0
DMA IRQ c3=0
SELECT busy=1080
SELECT w0=1053
SELECT w1=842
SELECT w2=849
BUSY TASK ewma=997
DMA IRQ c0=2
DMA IRQ c1=0
DMA IRQ c2=0
DMA IRQ c3=0
SELECT busy=1120
SELECT w0=1094
SELECT w1=868
SELECT w2=875
BUSY TASK ewma=997
DMA IRQ c0=2
DMA IRQ c1=0
DMA IRQ c2=0
DMA IRQ c3=0
SELECT busy=1142
SELECT w0=1115
SELECT w1=881
SELECT w2=884
BUSY TASK ewma=997
DMA IRQ c0=2
DMA IRQ c1=0
DMA IRQ c2=0
DMA IRQ c3=0
SELECT busy=1161
SELECT w0=1134
SELECT w1=891
SELECT w2=895
BUSY TASK ewma=997
DMA IRQ c0=2
DMA IRQ c1=0
DMA IRQ c2=0
DMA IRQ c3=0
SELECT busy=1187
SELECT w0=1163
SELECT w1=911
SELECT w2=911
BUSY TASK ewma=997
DMA IRQ c0=2
DMA IRQ c1=0
DMA IRQ c2=0
DMA IRQ c3=0
SELECT busy=1220
SELECT w0=1194
SELECT w1=929
SELECT w2=929
BUSY TASK ewma=997
DMA IRQ c0=2
DMA IRQ c1=0
DMA IRQ c2=0
DMA IRQ c3=0
SELECT busy=1239
SELECT w0=1212
SELECT w1=938
SELECT w2=938
BUSY TASK ewma=997
DMA IRQ c0=2
DMA IRQ c1=0
DMA IRQ c2=0
DMA IRQ c3=0
SELECT busy=1265
SELECT w0=1238
SELECT w1=951
SELECT w2=951
BUSY TASK ewma=997
DMA IRQ c0=2
DMA IRQ c1=0
DMA IRQ c2=0
DMA IRQ c3=0
SELECT busy=1280
SELECT w0=1254
SELECT w1=961
SELECT w2=964
BUSY TASK ewma=997
DMA IRQ c0=2
DMA IRQ c1=0
DMA IRQ c2=0
DMA IRQ c3=0
SELECT busy=1296
SELECT w0=1270
SELECT w1=971
SELECT w2=975
BUSY TASK ewma=997
DMA IRQ c0=2
DMA IRQ c1=0
DMA IRQ c2=0
DMA IRQ c3=0
SELECT busy=1310
SELECT w0=1284
SELECT w1=986
SELECT w2=984
BUSY TASK ewma=997
DMA IRQ c0=2
DMA IRQ c1=0
DMA IRQ c2=0
DMA IRQ c3=0
SELECT busy=1334
SELECT w0=1308
SELECT w1=997
SELECT w2=999
BUSY TASK ewma=997
IRQ counts: cpu0=2676 cpu1=3274 cpu2=3240 cpu3=3193
SCHED secondaries: calls=9730 unexpected=0
SECTEST switches=9692 cpu1=35837515,32642347 cpu2=28301912,27065044 cpu3=42226911,39039677
PINGPONG rounds=935 pongs=937
DMA IRQ c0=2
DMA IRQ c1=0
DMA IRQ c2=0
DMA IRQ c3=0
SELECT busy=1363
SELECT w0=1337
SELECT w1=1019
SELECT w2=1018
BUSY TASK ewma=997
DMA IRQ c0=2
DMA IRQ c1=0
DMA IRQ c2=0
DMA IRQ c3=0
SELECT busy=1381
SELECT w0=1355
SELECT w1=1032
SELECT w2=1037
BUSY TASK ewma=997
DMA IRQ c0=2
DMA IRQ c1=0
DMA IRQ c2=0
DMA IRQ c3=0
SELECT busy=1401
SELECT w0=1374
SELECT w1=1039
SELECT w2=1043
BUSY TASK ewma=997
DMA IRQ c0=2
DMA IRQ c1=0
DMA IRQ c2=0
DMA IRQ c3=0
SELECT busy=1422
SELECT w0=1395
SELECT w1=1046
SELECT w2=1051
BUSY TASK ewma=997
DMA IRQ c0=2
DMA IRQ c1=0
DMA IRQ c2=0
DMA IRQ c3=0
SELECT busy=1442
SELECT w0=1415
SELECT w1=1054
SELECT w2=1059
BUSY TASK ewma=997
DMA IRQ c0=2
DMA IRQ c1=0
DMA IRQ c2=0
DMA IRQ c3=0
SELECT busy=1462
SELECT w0=1435
SELECT w1=1061
SELECT w2=1066
BUSY TASK ewma=997
DMA IRQ c0=2
DMA IRQ c1=0
DMA IRQ c2=0
DMA IRQ c3=0
SELECT busy=1477
SELECT w0=1451
SELECT w1=1071
SELECT w2=1077
BUSY TASK ewma=997
DMA IRQ c0=2
DMA IRQ c1=0
DMA IRQ c2=0
DMA IRQ c3=0
SELECT busy=1495
SELECT w0=1468
SELECT w1=1078
SELECT w2=1086
BUSY TASK ewma=997
DMA IRQ c0=2
DMA IRQ c1=0
DMA IRQ c2=0
DMA IRQ c3=0
SELECT busy=1514
SELECT w0=1488
SELECT w1=1095
SELECT w2=1099
BUSY TASK ewma=997
DMA IRQ c0=2
DMA IRQ c1=0
DMA IRQ c2=0
DMA IRQ c3=0
SELECT busy=1535
SELECT w0=1509
SELECT w1=1106
SELECT w2=1113
BUSY TASK ewma=997
DMA IRQ c0=2
DMA IRQ c1=0
DMA IRQ c2=0
DMA IRQ c3=0
SELECT busy=1552
SELECT w0=1525
SELECT w1=1115
SELECT w2=1122
BUSY TASK ewma=997
DMA IRQ c0=2
DMA IRQ c1=0
DMA IRQ c2=0
DMA IRQ c3=0
SELECT busy=1567
SELECT w0=1541
SELECT w1=1125
SELECT w2=1134
BUSY TASK ewma=997
DMA IRQ c0=2
DMA IRQ c1=0
DMA IRQ c2=0
DMA IRQ c3=0
SELECT busy=1583
SELECT w0=1557
SELECT w1=1135
SELECT w2=1144
BUSY TASK ewma=997
DMA IRQ c0=2
DMA IRQ c1=0
DMA IRQ c2=0
DMA IRQ c3=0
SELECT busy=1603
SELECT w0=1577
SELECT w1=1147
SELECT w2=1157
BUSY TASK ewma=997
DMA IRQ c0=2
DMA IRQ c1=0
DMA IRQ c2=0
DMA IRQ c3=0
SELECT busy=1627
SELECT w0=1601
SELECT w1=1161
SELECT w2=1174
BUSY TASK ewma=997
DMA IRQ c0=2
DMA IRQ c1=0
DMA IRQ c2=0
DMA IRQ c3=0
SELECT busy=1643
SELECT w0=1616
SELECT w1=1171
SELECT w2=1185
BUSY TASK ewma=997
DMA IRQ c0=2
DMA IRQ c1=0
DMA IRQ c2=0
DMA IRQ c3=0
SELECT busy=1658
SELECT w0=1632
SELECT w1=1182
SELECT w2=1196
BUSY TASK ewma=997
DMA IRQ c0=2
DMA IRQ c1=0
DMA IRQ c2=0
DMA IRQ c3=0
SELECT busy=1676
SELECT w0=1649
SELECT w1=1190
SELECT w2=1204
BUSY TASK ewma=997
DMA IRQ c0=2
DMA IRQ c1=0
DMA IRQ c2=0
DMA IRQ c3=0
SELECT busy=1692
SELECT w0=1666
SELECT w1=1199
SELECT w2=1214
BUSY TASK ewma=997
DMA IRQ c0=2
DMA IRQ c1=0
DMA IRQ c2=0
DMA IRQ c3=0
SELECT busy=1707
SELECT w0=1681
SELECT w1=1207
SELECT w2=1222
BUSY TASK ewma=997
DMA IRQ c0=2
DMA IRQ c1=0
DMA IRQ c2=0
DMA IRQ c3=0
SELECT busy=1723
SELECT w0=1696
SELECT w1=1213
SELECT w2=1228
BUSY TASK ewma=997
DMA IRQ c0=2
DMA IRQ c1=0
DMA IRQ c2=0
DMA IRQ c3=0
SELECT busy=1741
SELECT w0=1715
SELECT w1=1223
SELECT w2=1236
BUSY TASK ewma=997
DMA IRQ c0=2
DMA IRQ c1=0
DMA IRQ c2=0
DMA IRQ c3=0
SELECT busy=1762
SELECT w0=1736
SELECT w1=1234
SELECT w2=1248
BUSY TASK ewma=997
DMA IRQ c0=2
DMA IRQ c1=0
DMA IRQ c2=0
DMA IRQ c3=0
SELECT busy=1783
SELECT w0=1757
SELECT w1=1247
SELECT w2=1260
BUSY TASK ewma=997
DMA IRQ c0=2
DMA IRQ c1=0
DMA IRQ c2=0
DMA IRQ c3=0
SELECT busy=1801
SELECT w0=1775
SELECT w1=1258
SELECT w2=1272
BUSY TASK ewma=997
DMA IRQ c0=2
DMA IRQ c1=0
DMA IRQ c2=0
DMA IRQ c3=0
SELECT busy=1822
SELECT w0=1796
SELECT w1=1270
SELECT w2=1284
BUSY TASK ewma=997
DMA IRQ c0=2
DMA IRQ c1=0
DMA IRQ c2=0
DMA IRQ c3=0
SELECT busy=1842
SELECT w0=1816
SELECT w1=1282
SELECT w2=1297
BUSY TASK ewma=997
DMA IRQ c0=2
DMA IRQ c1=0
DMA IRQ c2=0
DMA IRQ c3=0
SELECT busy=1863
SELECT w0=1836
SELECT w1=1295
SELECT w2=1313
BUSY TASK ewma=997
DMA IRQ c0=2
DMA IRQ c1=0
DMA IRQ c2=0
DMA IRQ c3=0
SELECT busy=1884
SELECT w0=1858
SELECT w1=1306
SELECT w2=1323
BUSY TASK ewma=997
DMA IRQ c0=2
DMA IRQ c1=0
DMA IRQ c2=0
DMA IRQ c3=0
SELECT busy=1900
SELECT w0=1874
SELECT w1=1315
SELECT w2=1332
BUSY TASK ewma=997
DMA IRQ c0=2
DMA IRQ c1=0
DMA IRQ c2=0
DMA IRQ c3=0
SELECT busy=1921
SELECT w0=1895
SELECT w1=1330
SELECT w2=1349
BUSY TASK ewma=997
DMA IRQ c0=2
DMA IRQ c1=0
DMA IRQ c2=0
DMA IRQ c3=0
SELECT busy=1937
SELECT w0=1910
SELECT w1=1340
SELECT w2=1361
BUSY TASK ewma=997
DMA IRQ c0=2
DMA IRQ c1=0
DMA IRQ c2=0
DMA IRQ c3=0
SELECT busy=1955
SELECT w0=1928
SELECT w1=1350
SELECT w2=1373
BUSY TASK ewma=997
DMA IRQ c0=2
DMA IRQ c1=0
DMA IRQ c2=0
DMA IRQ c3=0
SELECT busy=1970
SELECT w0=1943
SELECT w1=1359
SELECT w2=1383
BUSY TASK ewma=997
DMA IRQ c0=2
DMA IRQ c1=0
DMA IRQ c2=0
DMA IRQ c3=0
SELECT busy=1990
SELECT w0=1963
SELECT w1=1371
SELECT w2=1395
BUSY TASK ewma=997
DMA IRQ c0=2
DMA IRQ c1=0
DMA IRQ c2=0
DMA IRQ c3=0
SELECT busy=2012
SELECT w0=1986
SELECT w1=1387
SELECT w2=1408
BUSY TASK ewma=997
DMA IRQ c0=2
DMA IRQ c1=0
DMA IRQ c2=0
DMA IRQ c3=0
SELECT busy=2029
SELECT w0=2003
SELECT w1=1400
SELECT w2=1419
BUSY TASK ewma=997
DMA IRQ c0=2
DMA IRQ c1=0
DMA IRQ c2=0
DMA IRQ c3=0
SELECT busy=2046
SELECT w0=2020
SELECT w1=1410
SELECT w2=1431
BUSY TASK ewma=997
DMA IRQ c0=2
DMA IRQ c1=0
DMA IRQ c2=0
DMA IRQ c3=0
SELECT busy=2062
SELECT w0=2035
SELECT w1=1419
SELECT w2=1438
BUSY TASK ewma=997
DMA IRQ c0=2
DMA IRQ c1=0
DMA IRQ c2=0
DMA IRQ c3=0
SELECT busy=2080
SELECT w0=2053
SELECT w1=1429
SELECT w2=1447
BUSY TASK ewma=997
DMA IRQ c0=2
DMA IRQ c1=0
DMA IRQ c2=0
DMA IRQ c3=0
SELECT busy=2096
SELECT w0=2069
SELECT w1=1436
SELECT w2=1455
BUSY TASK ewma=997
DMA IRQ c0=2
DMA IRQ c1=0
DMA IRQ c2=0
DMA IRQ c3=0
SELECT busy=2115
SELECT w0=2089
SELECT w1=1444
SELECT w2=1463
BUSY TASK ewma=997
DMA IRQ c0=2
DMA IRQ c1=0
DMA IRQ c2=0
DMA IRQ c3=0
SELECT busy=2130
SELECT w0=2103
SELECT w1=1453
SELECT w2=1472
BUSY TASK ewma=997
DMA IRQ c0=2
DMA IRQ c1=0
DMA IRQ c2=0
DMA IRQ c3=0
SELECT busy=2150
SELECT w0=2123
SELECT w1=1460
SELECT w2=1479
BUSY TASK ewma=997
DMA IRQ c0=2
DMA IRQ c1=0
DMA IRQ c2=0
DMA IRQ c3=0
SELECT busy=2167
SELECT w0=2141
SELECT w1=1469
SELECT w2=1487
BUSY TASK ewma=997
DMA IRQ c0=2
DMA IRQ c1=0
DMA IRQ c2=0
DMA IRQ c3=0
SELECT busy=2184
SELECT w0=2157
SELECT w1=1477
SELECT w2=1496
BUSY TASK ewma=997
DMA IRQ c0=2
DMA IRQ c1=0
DMA IRQ c2=0
DMA IRQ c3=0
SELECT busy=2204
SELECT w0=2177
SELECT w1=1486
SELECT w2=1507
BUSY TASK ewma=997
DMA IRQ c0=2
DMA IRQ c1=0
DMA IRQ c2=0
DMA IRQ c3=0
SELECT busy=2225
SELECT w0=2199
SELECT w1=1499
SELECT w2=1524
BUSY TASK ewma=997
DMA IRQ c0=2
DMA IRQ c1=0
DMA IRQ c2=0
DMA IRQ c3=0
SELECT busy=2248
SELECT w0=2222
SELECT w1=1512
SELECT w2=1536
BUSY TASK ewma=997
DMA IRQ c0=2
DMA IRQ c1=0
DMA IRQ c2=0
DMA IRQ c3=0
SELECT busy=2266
SELECT w0=2240
SELECT w1=1522
SELECT w2=1549
BUSY TASK ewma=997
DMA IRQ c0=2
DMA IRQ c1=0
DMA IRQ c2=0
DMA IRQ c3=0
SELECT busy=2287
SELECT w0=2260
SELECT w1=1531
SELECT w2=1559
BUSY TASK ewma=997
DMA IRQ c0=2
DMA IRQ c1=0
DMA IRQ c2=0
DMA IRQ c3=0
SELECT busy=2308
SELECT w0=2282
SELECT w1=1543
SELECT w2=1572
BUSY TASK ewma=997
DMA IRQ c0=2
DMA IRQ c1=0
DMA IRQ c2=0
DMA IRQ c3=0
SELECT busy=2327
SELECT w0=2300
SELECT w1=1552
SELECT w2=1581
BUSY TASK ewma=997
DMA IRQ c0=2
DMA IRQ c1=0
DMA IRQ c2=0
DMA IRQ c3=0
SELECT busy=2347
SELECT w0=2320
SELECT w1=1560
SELECT w2=1590
BUSY TASK ewma=997
DMA IRQ c0=2
DMA IRQ c1=0
DMA IRQ c2=0
DMA IRQ c3=0
SELECT busy=2365
SELECT w0=2338
SELECT w1=1566
SELECT w2=1597
BUSY TASK ewma=997
DMA IRQ c0=2
DMA IRQ c1=0
DMA IRQ c2=0
DMA IRQ c3=0
SELECT busy=2384
SELECT w0=2357
SELECT w1=1576
SELECT w2=1609
BUSY TASK ewma=997
DMA IRQ c0=2
DMA IRQ c1=0
DMA IRQ c2=0
DMA IRQ c3=0
SELECT busy=2402
SELECT w0=2375
SELECT w1=1587
SELECT w2=1618
BUSY TASK ewma=997
DMA IRQ c0=2
DMA IRQ c1=0
DMA IRQ c2=0
DMA IRQ c3=0
SELECT busy=2423
SELECT w0=2397
SELECT w1=1598
SELECT w2=1628
BUSY TASK ewma=997
DMA IRQ c0=2
DMA IRQ c1=0
DMA IRQ c2=0
DMA IRQ c3=0
SELECT busy=2441
SELECT w0=2415
SELECT w1=1608
SELECT w2=1639
BUSY TASK ewma=997
DMA IRQ c0=2
DMA IRQ c1=0
DMA IRQ c2=0
DMA IRQ c3=0
SELECT busy=2459
SELECT w0=2432
SELECT w1=1616
SELECT w2=1647
BUSY TASK ewma=997
DMA IRQ c0=2
DMA IRQ c1=0
DMA IRQ c2=0
DMA IRQ c3=0
SELECT busy=2474
SELECT w0=2447
SELECT w1=1624
SELECT w2=1653
BUSY TASK ewma=997
DMA IRQ c0=2
DMA IRQ c1=0
DMA IRQ c2=0
DMA IRQ c3=0
SELECT busy=2489
SELECT w0=2462
SELECT w1=1633
SELECT w2=1663
BUSY TASK ewma=997
DMA IRQ c0=2
DMA IRQ c1=0
DMA IRQ c2=0
DMA IRQ c3=0
SELECT busy=2511
SELECT w0=2486
SELECT w1=1646
SELECT w2=1676
BUSY TASK ewma=997
DMA IRQ c0=2
DMA IRQ c1=0
DMA IRQ c2=0
DMA IRQ c3=0
SELECT busy=2530
SELECT w0=2504
SELECT w1=1655
SELECT w2=1685
BUSY TASK ewma=997
IRQ counts: cpu0=5066 cpu1=5903 cpu2=5979 cpu3=5957
SCHED secondaries: calls=17844 unexpected=0
SECTEST switches=17801 cpu1=77701398,73456870 cpu2=54190776,52922191 cpu3=82413292,77395853
PINGPONG rounds=1486 pongs=1487
DMA IRQ c0=2
DMA IRQ c1=0
DMA IRQ c2=0
DMA IRQ c3=0
SELECT busy=2553
SELECT w0=2526
SELECT w1=1666
SELECT w2=1696
BUSY TASK ewma=997
DMA IRQ c0=2
DMA IRQ c1=0
DMA IRQ c2=0
DMA IRQ c3=0
SELECT busy=2572
SELECT w0=2546
SELECT w1=1677
SELECT w2=1710
BUSY TASK ewma=997
DMA IRQ c0=2
DMA IRQ c1=0
DMA IRQ c2=0
DMA IRQ c3=0
SELECT busy=2588
SELECT w0=2562
SELECT w1=1686
SELECT w2=1719
BUSY TASK ewma=997
DMA IRQ c0=2
DMA IRQ c1=0
DMA IRQ c2=0
DMA IRQ c3=0
SELECT busy=2604
SELECT w0=2577
SELECT w1=1693
SELECT w2=1726
BUSY TASK ewma=997
DMA IRQ c0=2
DMA IRQ c1=0
DMA IRQ c2=0
DMA IRQ c3=0
SELECT busy=2621
SELECT w0=2595
SELECT w1=1703
SELECT w2=1738
BUSY TASK ewma=997
DMA IRQ c0=2
DMA IRQ c1=0
DMA IRQ c2=0
DMA IRQ c3=0
SELECT busy=2650
SELECT w0=2623
SELECT w1=1721
SELECT w2=1753
BUSY TASK ewma=997
DMA IRQ c0=2
DMA IRQ c1=0
DMA IRQ c2=0
DMA IRQ c3=0
SELECT busy=2675
SELECT w0=2649
SELECT w1=1736
SELECT w2=1767
BUSY TASK ewma=997
DMA IRQ c0=2
DMA IRQ c1=0
DMA IRQ c2=0
DMA IRQ c3=0
SELECT busy=2695
SELECT w0=2668
SELECT w1=1749
SELECT w2=1778
BUSY TASK ewma=997
DMA IRQ c0=2
DMA IRQ c1=0
DMA IRQ c2=0
DMA IRQ c3=0
SELECT busy=2720
SELECT w0=2694
SELECT w1=1762
SELECT w2=1793
BUSY TASK ewma=997
DMA IRQ c0=2
DMA IRQ c1=0
DMA IRQ c2=0
DMA IRQ c3=0
SELECT busy=2743
SELECT w0=2716
SELECT w1=1775
SELECT w2=1804
BUSY TASK ewma=997
DMA IRQ c0=2
DMA IRQ c1=0
DMA IRQ c2=0
DMA IRQ c3=0
SELECT busy=2766
SELECT w0=2740
SELECT w1=1790
SELECT w2=1819
BUSY TASK ewma=997
DMA IRQ c0=2
DMA IRQ c1=0
DMA IRQ c2=0
DMA IRQ c3=0
SELECT busy=2788
SELECT w0=2761
SELECT w1=1804
SELECT w2=1829
BUSY TASK ewma=997
DMA IRQ c0=2
DMA IRQ c1=0
DMA IRQ c2=0
DMA IRQ c3=0
SELECT busy=2808
SELECT w0=2781
SELECT w1=1815
SELECT w2=1840
BUSY TASK ewma=997
DMA IRQ c0=2
DMA IRQ c1=0
DMA IRQ c2=0
DMA IRQ c3=0
SELECT busy=2833
SELECT w0=2806
SELECT w1=1825
SELECT w2=1852
BUSY TASK ewma=997
DMA IRQ c0=2
DMA IRQ c1=0
DMA IRQ c2=0
DMA IRQ c3=0
SELECT busy=2847
SELECT w0=2821
SELECT w1=1834
SELECT w2=1861
BUSY TASK ewma=997
DMA IRQ c0=2
DMA IRQ c1=0
DMA IRQ c2=0
DMA IRQ c3=0
SELECT busy=2866
SELECT w0=2842
SELECT w1=1854
SELECT w2=1877
BUSY TASK ewma=997
DMA IRQ c0=2
DMA IRQ c1=0
DMA IRQ c2=0
DMA IRQ c3=0
SELECT busy=2890
SELECT w0=2863
SELECT w1=1864
SELECT w2=1890
BUSY TASK ewma=997
DMA IRQ c0=2
DMA IRQ c1=0
DMA IRQ c2=0
DMA IRQ c3=0
SELECT busy=2908
SELECT w0=2882
SELECT w1=1875
SELECT w2=1899
BUSY TASK ewma=997
DMA IRQ c0=2
DMA IRQ c1=0
DMA IRQ c2=0
DMA IRQ c3=0
SELECT busy=2926
SELECT w0=2899
SELECT w1=1884
SELECT w2=1907
BUSY TASK ewma=997
DMA IRQ c0=2
DMA IRQ c1=0
DMA IRQ c2=0
DMA IRQ c3=0
SELECT busy=2940
SELECT w0=2914
SELECT w1=1894
SELECT w2=1918
BUSY TASK ewma=997
DMA IRQ c0=2
DMA IRQ c1=0
DMA IRQ c2=0
DMA IRQ c3=0
SELECT busy=2957
SELECT w0=2930
SELECT w1=1903
SELECT w2=1928
BUSY TASK ewma=997
DMA IRQ c0=2
DMA IRQ c1=0
DMA IRQ c2=0
DMA IRQ c3=0
SELECT busy=2979
SELECT w0=2952
SELECT w1=1919
SELECT w2=1939
BUSY TASK ewma=997
DMA IRQ c0=2
DMA IRQ c1=0
DMA IRQ c2=0
DMA IRQ c3=0
SELECT busy=3000
SELECT w0=2973
SELECT w1=1934
SELECT w2=1952
BUSY TASK ewma=997
DMA IRQ c0=2
DMA IRQ c1=0
DMA IRQ c2=0
DMA IRQ c3=0
SELECT busy=3019
SELECT w0=2993
SELECT w1=1947
SELECT w2=1968
BUSY TASK ewma=997
DMA IRQ c0=2
DMA IRQ c1=0
DMA IRQ c2=0
DMA IRQ c3=0
SELECT busy=3037
SELECT w0=3010
SELECT w1=1956
SELECT w2=1978
BUSY TASK ewma=997
DMA IRQ c0=2
DMA IRQ c1=0
DMA IRQ c2=0
DMA IRQ c3=0
SELECT busy=3055
SELECT w0=3029
SELECT w1=1964
SELECT w2=1986
BUSY TASK ewma=997
DMA IRQ c0=2
DMA IRQ c1=0
DMA IRQ c2=0
DMA IRQ c3=0
SELECT busy=3081
SELECT w0=3055
SELECT w1=1978
SELECT w2=2001
BUSY TASK ewma=997
DMA IRQ c0=2
DMA IRQ c1=0
DMA IRQ c2=0
DMA IRQ c3=0
SELECT busy=3104
SELECT w0=3077
SELECT w1=1990
SELECT w2=2012
BUSY TASK ewma=997
DMA IRQ c0=2
DMA IRQ c1=0
DMA IRQ c2=0
DMA IRQ c3=0
SELECT busy=3122
SELECT w0=3096
SELECT w1=2000
SELECT w2=2021
BUSY TASK ewma=997
DMA IRQ c0=2
DMA IRQ c1=0
DMA IRQ c2=0
DMA IRQ c3=0
SELECT busy=3145
SELECT w0=3119
SELECT w1=2012
SELECT w2=2033
BUSY TASK ewma=997
DMA IRQ c0=2
DMA IRQ c1=0
DMA IRQ c2=0
DMA IRQ c3=0
SELECT busy=3164
SELECT w0=3138
SELECT w1=2023
SELECT w2=2043
BUSY TASK ewma=997
DMA IRQ c0=2
DMA IRQ c1=0
DMA IRQ c2=0
DMA IRQ c3=0
SELECT busy=3183
SELECT w0=3157
SELECT w1=2036
SELECT w2=2057
BUSY TASK ewma=997
DMA IRQ c0=2
DMA IRQ c1=0
DMA IRQ c2=0
DMA IRQ c3=0
SELECT busy=3213
SELECT w0=3186
SELECT w1=2053
SELECT w2=2069
BUSY TASK ewma=997
DMA IRQ c0=2
DMA IRQ c1=0
DMA IRQ c2=0
DMA IRQ c3=0
SELECT busy=3239
SELECT w0=3213
SELECT w1=2071
SELECT w2=2086
BUSY TASK ewma=997
DMA IRQ c0=2
DMA IRQ c1=0
DMA IRQ c2=0
DMA IRQ c3=0
SELECT busy=3255
SELECT w0=3228
SELECT w1=2080
SELECT w2=2093
BUSY TASK ewma=997
DMA IRQ c0=2
DMA IRQ c1=0
DMA IRQ c2=0
DMA IRQ c3=0
SELECT busy=3270
SELECT w0=3244
SELECT w1=2087
SELECT w2=2100
BUSY TASK ewma=997
DMA IRQ c0=2
DMA IRQ c1=0
DMA IRQ c2=0
DMA IRQ c3=0
SELECT busy=3293
SELECT w0=3266
SELECT w1=2096
SELECT w2=2110
BUSY TASK ewma=997
DMA IRQ c0=2
DMA IRQ c1=0
DMA IRQ c2=0
DMA IRQ c3=0
SELECT busy=3331
SELECT w0=3305
SELECT w1=2116
SELECT w2=2129
BUSY TASK ewma=997
DMA IRQ c0=2
DMA IRQ c1=0
DMA IRQ c2=0
DMA IRQ c3=0
SELECT busy=3366
SELECT w0=3340
SELECT w1=2136
SELECT w2=2151
BUSY TASK ewma=997
DMA IRQ c0=2
DMA IRQ c1=0
DMA IRQ c2=0
DMA IRQ c3=0
SELECT busy=3407
SELECT w0=3381
SELECT w1=2157
SELECT w2=2171
BUSY TASK ewma=997
DMA IRQ c0=2
DMA IRQ c1=0
DMA IRQ c2=0
DMA IRQ c3=0
SELECT busy=3441
SELECT w0=3414
SELECT w1=2171
SELECT w2=2188
BUSY TASK ewma=997
DMA IRQ c0=2
DMA IRQ c1=0
DMA IRQ c2=0
DMA IRQ c3=0
SELECT busy=3476
SELECT w0=3450
SELECT w1=2190
SELECT w2=2207
BUSY TASK ewma=997
DMA IRQ c0=2
DMA IRQ c1=0
DMA IRQ c2=0
DMA IRQ c3=0
SELECT busy=3520
SELECT w0=3493
SELECT w1=2211
SELECT w2=2229
BUSY TASK ewma=997
DMA IRQ c0=2
DMA IRQ c1=0
DMA IRQ c2=0
DMA IRQ c3=0
SELECT busy=3544
SELECT w0=3518
SELECT w1=2226
SELECT w2=2241
BUSY TASK ewma=997
DMA IRQ c0=2
DMA IRQ c1=0
DMA IRQ c2=0
DMA IRQ c3=0
SELECT busy=3562
SELECT w0=3536
SELECT w1=2238
SELECT w2=2250
BUSY TASK ewma=997
DMA IRQ c0=2
DMA IRQ c1=0
DMA IRQ c2=0
DMA IRQ c3=0
SELECT busy=3585
SELECT w0=3559
SELECT w1=2252
SELECT w2=2264
BUSY TASK ewma=997
DMA IRQ c0=2
DMA IRQ c1=0
DMA IRQ c2=0
DMA IRQ c3=0
SELECT busy=3608
SELECT w0=3581
SELECT w1=2267
SELECT w2=2275
BUSY TASK ewma=997
DMA IRQ c0=2
DMA IRQ c1=0
DMA IRQ c2=0
DMA IRQ c3=0
SELECT busy=3632
SELECT w0=3606
SELECT w1=2280
SELECT w2=2289
BUSY TASK ewma=997
DMA IRQ c0=2
DMA IRQ c1=0
DMA IRQ c2=0
DMA IRQ c3=0
SELECT busy=3652
SELECT w0=3626
SELECT w1=2290
SELECT w2=2298
BUSY TASK ewma=997
DMA IRQ c0=2
DMA IRQ c1=0
DMA IRQ c2=0
DMA IRQ c3=0
SELECT busy=3669
SELECT w0=3642
SELECT w1=2299
SELECT w2=2307
BUSY TASK ewma=997
DMA IRQ c0=2
DMA IRQ c1=0
DMA IRQ c2=0
DMA IRQ c3=0
SELECT busy=3687
SELECT w0=3660
SELECT w1=2309
SELECT w2=2316
BUSY TASK ewma=997
DMA IRQ c0=2
DMA IRQ c1=0
DMA IRQ c2=0
DMA IRQ c3=0
SELECT busy=3706
SELECT w0=3680
SELECT w1=2318
SELECT w2=2329
BUSY TASK ewma=997
DMA IRQ c0=2
DMA IRQ c1=0
DMA IRQ c2=0
DMA IRQ c3=0
SELECT busy=3727
SELECT w0=3700
SELECT w1=2330
SELECT w2=2340
BUSY TASK ewma=997
DMA IRQ c0=2
DMA IRQ c1=0
DMA IRQ c2=0
DMA IRQ c3=0
SELECT busy=3747
SELECT w0=3720
SELECT w1=2339
SELECT w2=2351
BUSY TASK ewma=997
DMA IRQ c0=2
DMA IRQ c1=0
DMA IRQ c2=0
DMA IRQ c3=0
SELECT busy=3763
SELECT w0=3737
SELECT w1=2347
SELECT w2=2363
BUSY TASK ewma=997
DMA IRQ c0=2
DMA IRQ c1=0
DMA IRQ c2=0
DMA IRQ c3=0
SELECT busy=3783
SELECT w0=3757
SELECT w1=2354
SELECT w2=2373
BUSY TASK ewma=997
DMA IRQ c0=2
DMA IRQ c1=0
DMA IRQ c2=0
DMA IRQ c3=0
SELECT busy=3801
SELECT w0=3775
SELECT w1=2362
SELECT w2=2385
BUSY TASK ewma=997
DMA IRQ c0=2
DMA IRQ c1=0
DMA IRQ c2=0
DMA IRQ c3=0
SELECT busy=3816
SELECT w0=3789
SELECT w1=2368
SELECT w2=2392
BUSY TASK ewma=997
DMA IRQ c0=2
DMA IRQ c1=0
DMA IRQ c2=0
DMA IRQ c3=0
SELECT busy=3830
SELECT w0=3804
SELECT w1=2375
SELECT w2=2401
BUSY TASK ewma=997
DMA IRQ c0=2
DMA IRQ c1=0
DMA IRQ c2=0
DMA IRQ c3=0
SELECT busy=3844
SELECT w0=3818
SELECT w1=2382
SELECT w2=2410
BUSY TASK ewma=997
DMA IRQ c0=2
DMA IRQ c1=0
DMA IRQ c2=0
DMA IRQ c3=0
SELECT busy=3863
SELECT w0=3837
SELECT w1=2393
SELECT w2=2423
BUSY TASK ewma=997
DMA IRQ c0=2
DMA IRQ c1=0
DMA IRQ c2=0
DMA IRQ c3=0
SELECT busy=3883
SELECT w0=3856
SELECT w1=2401
SELECT w2=2432
BUSY TASK ewma=997
DMA IRQ c0=2
DMA IRQ c1=0
DMA IRQ c2=0
DMA IRQ c3=0
SELECT busy=3899
SELECT w0=3873
SELECT w1=2409
SELECT w2=2444
BUSY TASK ewma=997
DMA IRQ c0=2
DMA IRQ c1=0
DMA IRQ c2=0
DMA IRQ c3=0
SELECT busy=3918
SELECT w0=3891
SELECT w1=2417
SELECT w2=2454
BUSY TASK ewma=997
IRQ counts: cpu0=7838 cpu1=9070 cpu2=9098 cpu3=9144
SCHED secondaries: calls=27318 unexpected=0
SECTEST switches=27290 cpu1=112581743,108242720 cpu2=80981561,79364980 cpu3=121365720,114716930
PINGPONG rounds=2000 pongs=2000
DMA IRQ c0=2
DMA IRQ c1=0
DMA IRQ c2=0
DMA IRQ c3=0
SELECT busy=3952
SELECT w0=3926
SELECT w1=2436
SELECT w2=2474
BUSY TASK ewma=997
DMA IRQ c0=2
DMA IRQ c1=0
DMA IRQ c2=0
DMA IRQ c3=0
SELECT busy=3972
SELECT w0=3946
SELECT w1=2446
SELECT w2=2486
BUSY TASK ewma=997
DMA IRQ c0=2
DMA IRQ c1=0
DMA IRQ c2=0
DMA IRQ c3=0
SELECT busy=3990
SELECT w0=3964
SELECT w1=2455
SELECT w2=2497
BUSY TASK ewma=997
DMA IRQ c0=2
DMA IRQ c1=0
DMA IRQ c2=0
DMA IRQ c3=0
SELECT busy=4009
SELECT w0=3983
SELECT w1=2464
SELECT w2=2509
BUSY TASK ewma=997
DMA IRQ c0=2
DMA IRQ c1=0
DMA IRQ c2=0
DMA IRQ c3=0
SELECT busy=4029
SELECT w0=4003
SELECT w1=2474
SELECT w2=2522
BUSY TASK ewma=997
DMA IRQ c0=2
DMA IRQ c1=0
DMA IRQ c2=0
DMA IRQ c3=0
SELECT busy=4065
SELECT w0=4038
SELECT w1=2489
SELECT w2=2538
BUSY TASK ewma=997
DMA IRQ c0=2
DMA IRQ c1=0
DMA IRQ c2=0
DMA IRQ c3=0
SELECT busy=4101
SELECT w0=4074
SELECT w1=2505
SELECT w2=2557
BUSY TASK ewma=997
DMA IRQ c0=2
DMA IRQ c1=0
DMA IRQ c2=0
DMA IRQ c3=0
SELECT busy=4136
SELECT w0=4109
SELECT w1=2521
SELECT w2=2575
BUSY TASK ewma=997
DMA IRQ c0=2
DMA IRQ c1=0
DMA IRQ c2=0
DMA IRQ c3=0
SELECT busy=4163
SELECT w0=4136
SELECT w1=2532
SELECT w2=2589
BUSY TASK ewma=997
DMA IRQ c0=2
DMA IRQ c1=0
DMA IRQ c2=0
DMA IRQ c3=0
SELECT busy=4188
SELECT w0=4161
SELECT w1=2540
SELECT w2=2600
BUSY TASK ewma=997
DMA IRQ c0=2
DMA IRQ c1=0
DMA IRQ c2=0
DMA IRQ c3=0
SELECT busy=4214
SELECT w0=4188
SELECT w1=2554
SELECT w2=2618
BUSY TASK ewma=997
DMA IRQ c0=2
DMA IRQ c1=0
DMA IRQ c2=0
DMA IRQ c3=0
SELECT busy=4253
SELECT w0=4227
SELECT w1=2571
SELECT w2=2636
BUSY TASK ewma=997
DMA IRQ c0=2
DMA IRQ c1=0
DMA IRQ c2=0
DMA IRQ c3=0
SELECT busy=4289
SELECT w0=4262
SELECT w1=2585
SELECT w2=2653
BUSY TASK ewma=997
DMA IRQ c0=2
DMA IRQ c1=0
DMA IRQ c2=0
DMA IRQ c3=0
SELECT busy=4321
SELECT w0=4295
SELECT w1=2600
SELECT w2=2673
BUSY TASK ewma=997
DMA IRQ c0=2
DMA IRQ c1=0
DMA IRQ c2=0
DMA IRQ c3=0
SELECT busy=4342
SELECT w0=4315
SELECT w1=2610
SELECT w2=2685
BUSY TASK ewma=997
DMA IRQ c0=2
DMA IRQ c1=0
DMA IRQ c2=0
DMA IRQ c3=0
SELECT busy=4369
SELECT w0=4342
SELECT w1=2623
SELECT w2=2699
BUSY TASK ewma=997
DMA IRQ c0=2
DMA IRQ c1=0
DMA IRQ c2=0
DMA IRQ c3=0
SELECT busy=4406
SELECT w0=4379
SELECT w1=2640
SELECT w2=2719
BUSY TASK ewma=997
DMA IRQ c0=2
DMA IRQ c1=0
DMA IRQ c2=0
DMA IRQ c3=0
SELECT busy=4439
SELECT w0=4413
SELECT w1=2654
SELECT w2=2736
BUSY TASK ewma=997
DMA IRQ c0=2
DMA IRQ c1=0
DMA IRQ c2=0
DMA IRQ c3=0
SELECT busy=4458
SELECT w0=4432
SELECT w1=2662
SELECT w2=2746
BUSY TASK ewma=997
DMA IRQ c0=2
DMA IRQ c1=0
DMA IRQ c2=0
DMA IRQ c3=0
SELECT busy=4488
SELECT w0=4461
SELECT w1=2674
SELECT w2=2761
BUSY TASK ewma=997
DMA IRQ c0=2
DMA IRQ c1=0
DMA IRQ c2=0
DMA IRQ c3=0
SELECT busy=4513
SELECT w0=4486
SELECT w1=2684
SELECT w2=2774
BUSY TASK ewma=997
DMA IRQ c0=2
DMA IRQ c1=0
DMA IRQ c2=0
DMA IRQ c3=0
SELECT busy=4534
SELECT w0=4508
SELECT w1=2695
SELECT w2=2790
BUSY TASK ewma=997
DMA IRQ c0=2
DMA IRQ c1=0
DMA IRQ c2=0
DMA IRQ c3=0
SELECT busy=4553
SELECT w0=4526
SELECT w1=2704
SELECT w2=2800
BUSY TASK ewma=997
DMA IRQ c0=2
DMA IRQ c1=0
DMA IRQ c2=0
DMA IRQ c3=0
SELECT busy=4572
SELECT w0=4545
SELECT w1=2711
SELECT w2=2810
BUSY TASK ewma=997
DMA IRQ c0=2
DMA IRQ c1=0
DMA IRQ c2=0
DMA IRQ c3=0
SELECT busy=4591
SELECT w0=4564
SELECT w1=2719
SELECT w2=2821
BUSY TASK ewma=997
DMA IRQ c0=2
DMA IRQ c1=0
DMA IRQ c2=0
DMA IRQ c3=0
SELECT busy=4607
SELECT w0=4581
SELECT w1=2730
SELECT w2=2835
BUSY TASK ewma=997
DMA IRQ c0=2
DMA IRQ c1=0
DMA IRQ c2=0
DMA IRQ c3=0
SELECT busy=4623
SELECT w0=4597
SELECT w1=2739
SELECT w2=2846
BUSY TASK ewma=997
DMA IRQ c0=2
DMA IRQ c1=0
DMA IRQ c2=0
DMA IRQ c3=0
SELECT busy=4642
SELECT w0=4617
SELECT w1=2751
SELECT w2=2855
BUSY TASK ewma=997
DMA IRQ c0=2
DMA IRQ c1=0
DMA IRQ c2=0
DMA IRQ c3=0
SELECT busy=4657
SELECT w0=4630
SELECT w1=2755
SELECT w2=2864
BUSY TASK ewma=997
DMA IRQ c0=2
DMA IRQ c1=0
DMA IRQ c2=0
DMA IRQ c3=0
SELECT busy=4672
SELECT w0=4646
SELECT w1=2763
SELECT w2=2875
BUSY TASK ewma=997
DMA IRQ c0=2
DMA IRQ c1=0
DMA IRQ c2=0
DMA IRQ c3=0
SELECT busy=4699
SELECT w0=4672
SELECT w1=2774
SELECT w2=2887
BUSY TASK ewma=997
DMA IRQ c0=2
DMA IRQ c1=0
DMA IRQ c2=0
DMA IRQ c3=0
SELECT busy=4716
SELECT w0=4690
SELECT w1=2784
SELECT w2=2897
BUSY TASK ewma=997
DMA IRQ c0=2
DMA IRQ c1=0
DMA IRQ c2=0
DMA IRQ c3=0
SELECT busy=4743
SELECT w0=4717
SELECT w1=2797
SELECT w2=2911
BUSY TASK ewma=997
DMA IRQ c0=2
DMA IRQ c1=0
DMA IRQ c2=0
DMA IRQ c3=0
SELECT busy=4762
SELECT w0=4735
SELECT w1=2805
SELECT w2=2921
BUSY TASK ewma=997
DMA IRQ c0=2
DMA IRQ c1=0
DMA IRQ c2=0
DMA IRQ c3=0
SELECT busy=4780
SELECT w0=4754
SELECT w1=2814
SELECT w2=2931
BUSY TASK ewma=997
DMA IRQ c0=2
DMA IRQ c1=0
DMA IRQ c2=0
DMA IRQ c3=0
SELECT busy=4801
SELECT w0=4774
SELECT w1=2822
SELECT w2=2942
BUSY TASK ewma=997
DMA IRQ c0=2
DMA IRQ c1=0
DMA IRQ c2=0
DMA IRQ c3=0
SELECT busy=4823
SELECT w0=4798
SELECT w1=2835
SELECT w2=2958
BUSY TASK ewma=997
DMA IRQ c0=2
DMA IRQ c1=0
DMA IRQ c2=0
DMA IRQ c3=0
SELECT busy=4844
SELECT w0=4818
SELECT w1=2843
SELECT w2=2969
BUSY TASK ewma=997
DMA IRQ c0=2
DMA IRQ c1=0
DMA IRQ c2=0
DMA IRQ c3=0
SELECT busy=4860
SELECT w0=4833
SELECT w1=2849
SELECT w2=2977
BUSY TASK ewma=997
DMA IRQ c0=2
DMA IRQ c1=0
DMA IRQ c2=0
DMA IRQ c3=0
SELECT busy=4878
SELECT w0=4851
SELECT w1=2856
SELECT w2=2985
BUSY TASK ewma=997
DMA IRQ c0=2
DMA IRQ c1=0
DMA IRQ c2=0
DMA IRQ c3=0
SELECT busy=4897
SELECT w0=4870
SELECT w1=2864
SELECT w2=2994
BUSY TASK ewma=997
DMA IRQ c0=2
DMA IRQ c1=0
DMA IRQ c2=0
DMA IRQ c3=0
SELECT busy=4917
SELECT w0=4891
SELECT w1=2874
SELECT w2=3007
BUSY TASK ewma=997
DMA IRQ c0=2
DMA IRQ c1=0
DMA IRQ c2=0
DMA IRQ c3=0
SELECT busy=4937
SELECT w0=4910
SELECT w1=2882
SELECT w2=3016
BUSY TASK ewma=997
DMA IRQ c0=2
DMA IRQ c1=0
DMA IRQ c2=0
DMA IRQ c3=0
SELECT busy=4957
SELECT w0=4931
SELECT w1=2891
SELECT w2=3031
BUSY TASK ewma=997
DMA IRQ c0=2
DMA IRQ c1=0
DMA IRQ c2=0
DMA IRQ c3=0
SELECT busy=4974
SELECT w0=4948
SELECT w1=2900
SELECT w2=3042
BUSY TASK ewma=997
DMA IRQ c0=2
DMA IRQ c1=0
DMA IRQ c2=0
DMA IRQ c3=0
SELECT busy=4989
SELECT w0=4962
SELECT w1=2907
SELECT w2=3050
BUSY TASK ewma=997
DMA IRQ c0=2
DMA IRQ c1=0
DMA IRQ c2=0
DMA IRQ c3=0
SELECT busy=5004
SELECT w0=4977
SELECT w1=2913
SELECT w2=3058
BUSY TASK ewma=997
DMA IRQ c0=2
DMA IRQ c1=0
DMA IRQ c2=0
DMA IRQ c3=0
SELECT busy=5024
SELECT w0=4997
SELECT w1=2921
SELECT w2=3069
BUSY TASK ewma=997
DMA IRQ c0=2
DMA IRQ c1=0
DMA IRQ c2=0
DMA IRQ c3=0
SELECT busy=5040
SELECT w0=5015
SELECT w1=2929
SELECT w2=3079
BUSY TASK ewma=997
DMA IRQ c0=2
DMA IRQ c1=0
DMA IRQ c2=0
DMA IRQ c3=0
SELECT busy=5060
SELECT w0=5034
SELECT w1=2936
SELECT w2=3089
BUSY TASK ewma=997
DMA IRQ c0=2
DMA IRQ c1=0
DMA IRQ c2=0
DMA IRQ c3=0
SELECT busy=5090
SELECT w0=5063
SELECT w1=2949
SELECT w2=3105
BUSY TASK ewma=997
DMA IRQ c0=2
DMA IRQ c1=0
DMA IRQ c2=0
DMA IRQ c3=0
SELECT busy=5116
SELECT w0=5089
SELECT w1=2959
SELECT w2=3117
BUSY TASK ewma=997
DMA IRQ c0=2
DMA IRQ c1=0
DMA IRQ c2=0
DMA IRQ c3=0
SELECT busy=5159
SELECT w0=5133
SELECT w1=2977
SELECT w2=3138
BUSY TASK ewma=997
DMA IRQ c0=2
DMA IRQ c1=0
DMA IRQ c2=0
DMA IRQ c3=0
SELECT busy=5206
SELECT w0=5179
SELECT w1=2996
SELECT w2=3160
BUSY TASK ewma=997
DMA IRQ c0=2
DMA IRQ c1=0
DMA IRQ c2=0
DMA IRQ c3=0
SELECT busy=5242
SELECT w0=5216
SELECT w1=3015
SELECT w2=3185
BUSY TASK ewma=997
DMA IRQ c0=2
DMA IRQ c1=0
DMA IRQ c2=0
DMA IRQ c3=0
SELECT busy=5260
SELECT w0=5233
SELECT w1=3022
SELECT w2=3192
BUSY TASK ewma=997
DMA IRQ c0=2
DMA IRQ c1=0
DMA IRQ c2=0
DMA IRQ c3=0
SELECT busy=5277
SELECT w0=5251
SELECT w1=3031
SELECT w2=3205
BUSY TASK ewma=997
DMA IRQ c0=2
DMA IRQ c1=0
DMA IRQ c2=0
DMA IRQ c3=0
SELECT busy=5292
SELECT w0=5265
SELECT w1=3036
SELECT w2=3213
BUSY TASK ewma=997
DMA IRQ c0=2
DMA IRQ c1=0
DMA IRQ c2=0
DMA IRQ c3=0
SELECT busy=5307
SELECT w0=5281
SELECT w1=3044
SELECT w2=3221
BUSY TASK ewma=997
DMA IRQ c0=2
DMA IRQ c1=0
DMA IRQ c2=0
DMA IRQ c3=0
SELECT busy=5328
SELECT w0=5302
SELECT w1=3053
SELECT w2=3236
BUSY TASK ewma=997
DMA IRQ c0=2
DMA IRQ c1=0
DMA IRQ c2=0
DMA IRQ c3=0
SELECT busy=5345
SELECT w0=5320
SELECT w1=3061
SELECT w2=3247
BUSY TASK ewma=997
DMA IRQ c0=2
DMA IRQ c1=0
DMA IRQ c2=0
DMA IRQ c3=0
SELECT busy=5367
SELECT w0=5340
SELECT w1=3071
SELECT w2=3259
BUSY TASK ewma=997
DMA IRQ c0=2
DMA IRQ c1=0
DMA IRQ c2=0
DMA IRQ c3=0
SELECT busy=5383
SELECT w0=5356
SELECT w1=3079
SELECT w2=3270
BUSY TASK ewma=997
DMA IRQ c0=2
DMA IRQ c1=0
DMA IRQ c2=0
DMA IRQ c3=0
SELECT busy=5404
SELECT w0=5378
SELECT w1=3089
SELECT w2=3283
BUSY TASK ewma=997
IRQ counts: cpu0=10826 cpu1=12440 cpu2=12419 cpu3=12443
SCHED secondaries: calls=37303 unexpected=0
SECTEST switches=37266 cpu1=141548053,137075493 cpu2=107566118,105872452 cpu3=159058573,150927803
PINGPONG rounds=2000 pongs=2000
DMA IRQ c0=2
DMA IRQ c1=0
DMA IRQ c2=0
DMA IRQ c3=0
SELECT busy=5436
SELECT w0=5409
SELECT w1=3102
SELECT w2=3298
BUSY TASK ewma=997
DMA IRQ c0=2
DMA IRQ c1=0
DMA IRQ c2=0
DMA IRQ c3=0
SELECT busy=5469
SELECT w0=5442
SELECT w1=3116
SELECT w2=3316
BUSY TASK ewma=997
DMA IRQ c0=2
DMA IRQ c1=0
DMA IRQ c2=0
DMA IRQ c3=0
SELECT busy=5502
SELECT w0=5476
SELECT w1=3135
SELECT w2=3337
BUSY TASK ewma=997
DMA IRQ c0=2
DMA IRQ c1=0
DMA IRQ c2=0
DMA IRQ c3=0
SELECT busy=5531
SELECT w0=5505
SELECT w1=3147
SELECT w2=3352
BUSY TASK ewma=997
DMA IRQ c0=2
DMA IRQ c1=0
DMA IRQ c2=0
DMA IRQ c3=0
SELECT busy=5556
SELECT w0=5530
SELECT w1=3156
SELECT w2=3363
BUSY TASK ewma=997
DMA IRQ c0=2
DMA IRQ c1=0
DMA IRQ c2=0
DMA IRQ c3=0
SELECT busy=5581
SELECT w0=5554
SELECT w1=3166
SELECT w2=3376
BUSY TASK ewma=997
DMA IRQ c0=2
DMA IRQ c1=0
DMA IRQ c2=0
DMA IRQ c3=0
SELECT busy=5603
SELECT w0=5577
SELECT w1=3176
SELECT w2=3389
BUSY TASK ewma=997
DMA IRQ c0=2
DMA IRQ c1=0
DMA IRQ c2=0
DMA IRQ c3=0
SELECT busy=5631
SELECT w0=5605
SELECT w1=3190
SELECT w2=3406
BUSY TASK ewma=997
DMA IRQ c0=2
DMA IRQ c1=0
DMA IRQ c2=0
DMA IRQ c3=0
SELECT busy=5656
SELECT w0=5629
SELECT w1=3201
SELECT w2=3419
BUSY TASK ewma=997
DMA IRQ c0=2
DMA IRQ c1=0
DMA IRQ c2=0
DMA IRQ c3=0
SELECT busy=5695
SELECT w0=5669
SELECT w1=3216
SELECT w2=3438
BUSY TASK ewma=997
DMA IRQ c0=2
DMA IRQ c1=0
DMA IRQ c2=0
DMA IRQ c3=0
SELECT busy=5728
SELECT w0=5701
SELECT w1=3230
SELECT w2=3453
BUSY TASK ewma=997
DMA IRQ c0=2
DMA IRQ c1=0
DMA IRQ c2=0
DMA IRQ c3=0
SELECT busy=5772
SELECT w0=5746
SELECT w1=3250
SELECT w2=3476
BUSY TASK ewma=997
DMA IRQ c0=2
DMA IRQ c1=0
DMA IRQ c2=0
DMA IRQ c3=0
SELECT busy=5804
SELECT w0=5777
SELECT w1=3263
SELECT w2=3495
BUSY TASK ewma=997
DMA IRQ c0=2
DMA IRQ c1=0
DMA IRQ c2=0
DMA IRQ c3=0
SELECT busy=5835
SELECT w0=5809
SELECT w1=3273
SELECT w2=3508
BUSY TASK ewma=997
DMA IRQ c0=2
DMA IRQ c1=0
DMA IRQ c2=0
DMA IRQ c3=0
SELECT busy=5864
SELECT w0=5839
SELECT w1=3284
SELECT w2=3522
BUSY TASK ewma=997
DMA IRQ c0=2
DMA IRQ c1=0
DMA IRQ c2=0
DMA IRQ c3=0
SELECT busy=5898
SELECT w0=5872
SELECT w1=3295
SELECT w2=3536
BUSY TASK ewma=997
DMA IRQ c0=2
DMA IRQ c1=0
DMA IRQ c2=0
DMA IRQ c3=0
SELECT busy=5939
SELECT w0=5913
SELECT w1=3316
SELECT w2=3562
BUSY TASK ewma=997
DMA IRQ c0=2
DMA IRQ c1=0
DMA IRQ c2=0
DMA IRQ c3=0
SELECT busy=5966
SELECT w0=5940
SELECT w1=3327
SELECT w2=3578
BUSY TASK ewma=997
DMA IRQ c0=2
DMA IRQ c1=0
DMA IRQ c2=0
DMA IRQ c3=0
SELECT busy=6001
SELECT w0=5974
SELECT w1=3342
SELECT w2=3595
BUSY TASK ewma=997
DMA IRQ c0=2
DMA IRQ c1=0
DMA IRQ c2=0
DMA IRQ c3=0
SELECT busy=6028
SELECT w0=6002
SELECT w1=3352
SELECT w2=3606
BUSY TASK ewma=997
DMA IRQ c0=2
DMA IRQ c1=0
DMA IRQ c2=0
DMA IRQ c3=0
SELECT busy=6051
SELECT w0=6025
SELECT w1=3363
SELECT w2=3618
BUSY TASK ewma=997
DMA IRQ c0=2
DMA IRQ c1=0
DMA IRQ c2=0
DMA IRQ c3=0
SELECT busy=6082
SELECT w0=6055
SELECT w1=3375
SELECT w2=3634
BUSY TASK ewma=997
DMA IRQ c0=2
DMA IRQ c1=0
DMA IRQ c2=0
DMA IRQ c3=0
SELECT busy=6104
SELECT w0=6078
SELECT w1=3386
SELECT w2=3648
BUSY TASK ewma=997
DMA IRQ c0=2
DMA IRQ c1=0
DMA IRQ c2=0
DMA IRQ c3=0
SELECT busy=6128
SELECT w0=6101
SELECT w1=3397
SELECT w2=3660
BUSY TASK ewma=997
DMA IRQ c0=2
DMA IRQ c1=0
DMA IRQ c2=0
DMA IRQ c3=0
SELECT busy=6164
SELECT w0=6138
SELECT w1=3412
SELECT w2=3680
BUSY TASK ewma=997
DMA IRQ c0=2
DMA IRQ c1=0
DMA IRQ c2=0
DMA IRQ c3=0
SELECT busy=6203
SELECT w0=6176
SELECT w1=3427
SELECT w2=3696
BUSY TASK ewma=997
DMA IRQ c0=2
DMA IRQ c1=0
DMA IRQ c2=0
DMA IRQ c3=0
SELECT busy=6244
SELECT w0=6217
SELECT w1=3450
SELECT w2=3720
BUSY TASK ewma=997
DMA IRQ c0=2
DMA IRQ c1=0
DMA IRQ c2=0
DMA IRQ c3=0
SELECT busy=6274
SELECT w0=6248
SELECT w1=3461
SELECT w2=3734
BUSY TASK ewma=997
DMA IRQ c0=2
DMA IRQ c1=0
DMA IRQ c2=0
DMA IRQ c3=0
SELECT busy=6297
SELECT w0=6271
SELECT w1=3472
SELECT w2=3754
BUSY TASK ewma=997
DMA IRQ c0=2
DMA IRQ c1=0
DMA IRQ c2=0
DMA IRQ c3=0
SELECT busy=6337
SELECT w0=6310
SELECT w1=3487
SELECT w2=3770
BUSY TASK ewma=997
DMA IRQ c0=2
DMA IRQ c1=0
DMA IRQ c2=0
DMA IRQ c3=0
SELECT busy=6366
SELECT w0=6339
SELECT w1=3499
SELECT w2=3786
BUSY TASK ewma=997
DMA IRQ c0=2
DMA IRQ c1=0
DMA IRQ c2=0
DMA IRQ c3=0
SELECT busy=6396
SELECT w0=6369
SELECT w1=3510
SELECT w2=3801
BUSY TASK ewma=997
DMA IRQ c0=2
DMA IRQ c1=0
DMA IRQ c2=0
DMA IRQ c3=0
SELECT busy=6431
SELECT w0=6405
SELECT w1=3525
SELECT w2=3816
BUSY TASK ewma=997
DMA IRQ c0=2
DMA IRQ c1=0
DMA IRQ c2=0
DMA IRQ c3=0
SELECT busy=6455
SELECT w0=6430
SELECT w1=3540
SELECT w2=3830
BUSY TASK ewma=997
DMA IRQ c0=2
DMA IRQ c1=0
DMA IRQ c2=0
DMA IRQ c3=0
SELECT busy=6487
SELECT w0=6461
SELECT w1=3554
SELECT w2=3844
BUSY TASK ewma=997
DMA IRQ c0=2
DMA IRQ c1=0
DMA IRQ c2=0
DMA IRQ c3=0
SELECT busy=6526
SELECT w0=6499
SELECT w1=3570
SELECT w2=3863
BUSY TASK ewma=997
DMA IRQ c0=2
DMA IRQ c1=0
DMA IRQ c2=0
DMA IRQ c3=0
SELECT busy=6546
SELECT w0=6520
SELECT w1=3578
SELECT w2=3873
BUSY TASK ewma=997
DMA IRQ c0=2
DMA IRQ c1=0
DMA IRQ c2=0
DMA IRQ c3=0
SELECT busy=6565
SELECT w0=6538
SELECT w1=3586
SELECT w2=3883
BUSY TASK ewma=997
DMA IRQ c0=2
DMA IRQ c1=0
DMA IRQ c2=0
DMA IRQ c3=0
SELECT busy=6596
SELECT w0=6569
SELECT w1=3603
SELECT w2=3901
BUSY TASK ewma=997
DMA IRQ c0=2
DMA IRQ c1=0
DMA IRQ c2=0
DMA IRQ c3=0
SELECT busy=6615
SELECT w0=6588
SELECT w1=3611
SELECT w2=3911
BUSY TASK ewma=997
DMA IRQ c0=2
DMA IRQ c1=0
DMA IRQ c2=0
DMA IRQ c3=0
SELECT busy=6634
SELECT w0=6607
SELECT w1=3617
SELECT w2=3918
BUSY TASK ewma=997
DMA IRQ c0=2
DMA IRQ c1=0
DMA IRQ c2=0
DMA IRQ c3=0
SELECT busy=6654
SELECT w0=6627
SELECT w1=3626
SELECT w2=3929
BUSY TASK ewma=997
DMA IRQ c0=2
DMA IRQ c1=0
DMA IRQ c2=0
DMA IRQ c3=0
SELECT busy=6668
SELECT w0=6641
SELECT w1=3632
SELECT w2=3938
BUSY TASK ewma=997
DMA IRQ c0=2
DMA IRQ c1=0
DMA IRQ c2=0
DMA IRQ c3=0
SELECT busy=6686
SELECT w0=6660
SELECT w1=3639
SELECT w2=3946
BUSY TASK ewma=997
DMA IRQ c0=2
DMA IRQ c1=0
DMA IRQ c2=0
DMA IRQ c3=0
SELECT busy=6704
SELECT w0=6678
SELECT w1=3647
SELECT w2=3958
BUSY TASK ewma=997
DMA IRQ c0=2
DMA IRQ c1=0
DMA IRQ c2=0
DMA IRQ c3=0
SELECT busy=6723
SELECT w0=6697
SELECT w1=3657
SELECT w2=3970
BUSY TASK ewma=997
DMA IRQ c0=2
DMA IRQ c1=0
DMA IRQ c2=0
DMA IRQ c3=0
SELECT busy=6739
SELECT w0=6712
SELECT w1=3663
SELECT w2=3980
BUSY TASK ewma=997
DMA IRQ c0=2
DMA IRQ c1=0
DMA IRQ c2=0
DMA IRQ c3=0
SELECT busy=6758
SELECT w0=6733
SELECT w1=3674
SELECT w2=3994
BUSY TASK ewma=997
DMA IRQ c0=2
DMA IRQ c1=0
DMA IRQ c2=0
DMA IRQ c3=0
SELECT busy=6791
SELECT w0=6764
SELECT w1=3692
SELECT w2=4010
BUSY TASK ewma=997
DMA IRQ c0=2
DMA IRQ c1=0
DMA IRQ c2=0
DMA IRQ c3=0
SELECT busy=6817
SELECT w0=6790
SELECT w1=3704
SELECT w2=4023
BUSY TASK ewma=997
DMA IRQ c0=2
DMA IRQ c1=0
DMA IRQ c2=0
DMA IRQ c3=0
SELECT busy=6841
SELECT w0=6814
SELECT w1=3717
SELECT w2=4036
BUSY TASK ewma=997
DMA IRQ c0=2
DMA IRQ c1=0
DMA IRQ c2=0
DMA IRQ c3=0
SELECT busy=6863
SELECT w0=6836
SELECT w1=3726
SELECT w2=4045
BUSY TASK ewma=997
DMA IRQ c0=2
DMA IRQ c1=0
DMA IRQ c2=0
DMA IRQ c3=0
SELECT busy=6883
SELECT w0=6856
SELECT w1=3734
SELECT w2=4056
BUSY TASK ewma=997
DMA IRQ c0=2
DMA IRQ c1=0
DMA IRQ c2=0
DMA IRQ c3=0
SELECT busy=6902
SELECT w0=6875
SELECT w1=3741
SELECT w2=4064
BUSY TASK ewma=997
DMA IRQ c0=2
DMA IRQ c1=0
DMA IRQ c2=0
DMA IRQ c3=0
SELECT busy=6918
SELECT w0=6892
SELECT w1=3750
SELECT w2=4077
BUSY TASK ewma=997
DMA IRQ c0=2
DMA IRQ c1=0
DMA IRQ c2=0
DMA IRQ c3=0
SELECT busy=6936
SELECT w0=6909
SELECT w1=3758
SELECT w2=4087
BUSY TASK ewma=997
DMA IRQ c0=2
DMA IRQ c1=0
DMA IRQ c2=0
DMA IRQ c3=0
SELECT busy=6954
SELECT w0=6928
SELECT w1=3767
SELECT w2=4097
BUSY TASK ewma=997
DMA IRQ c0=2
DMA IRQ c1=0
DMA IRQ c2=0
DMA IRQ c3=0
SELECT busy=6972
SELECT w0=6945
SELECT w1=3773
SELECT w2=4105
BUSY TASK ewma=997
DMA IRQ c0=2
DMA IRQ c1=0
DMA IRQ c2=0
DMA IRQ c3=0
SELECT busy=6987
SELECT w0=6961
SELECT w1=3779
SELECT w2=4114
BUSY TASK ewma=997
DMA IRQ c0=2
DMA IRQ c1=0
DMA IRQ c2=0
DMA IRQ c3=0
SELECT busy=7006
SELECT w0=6979
SELECT w1=3785
SELECT w2=4124
BUSY TASK ewma=997
DMA IRQ c0=2
DMA IRQ c1=0
DMA IRQ c2=0
DMA IRQ c3=0
SELECT busy=7027
SELECT w0=7001
SELECT w1=3796
SELECT w2=4137
BUSY TASK ewma=997
DMA IRQ c0=2
DMA IRQ c1=0
DMA IRQ c2=0
DMA IRQ c3=0
SELECT busy=7047
SELECT w0=7020
SELECT w1=3804
SELECT w2=4147
BUSY TASK ewma=997
DMA IRQ c0=2
DMA IRQ c1=0
DMA IRQ c2=0
DMA IRQ c3=0
SELECT busy=7066
SELECT w0=7040
SELECT w1=3814
SELECT w2=4157
BUSY TASK ewma=997
DMA IRQ c0=2
DMA IRQ c1=0
DMA IRQ c2=0
DMA IRQ c3=0
SELECT busy=7083
SELECT w0=7056
SELECT w1=3821
SELECT w2=4169
BUSY TASK ewma=997
IRQ counts: cpu0=14164 cpu1=16082 cpu2=15964 cpu3=16077
SCHED secondaries: calls=48141 unexpected=0
SECTEST switches=48126 cpu1=171444653,166398850 cpu2=134388796,131895201 cpu3=197036903,187676516
PINGPONG rounds=2000 pongs=2000
DMA IRQ c0=2
DMA IRQ c1=0
DMA IRQ c2=0
DMA IRQ c3=0
SELECT busy=7112
SELECT w0=7086
SELECT w1=3836
SELECT w2=4192
BUSY TASK ewma=997
DMA IRQ c0=2
DMA IRQ c1=0
DMA IRQ c2=0
DMA IRQ c3=0
SELECT busy=7131
SELECT w0=7105
SELECT w1=3846
SELECT w2=4206
BUSY TASK ewma=997
DMA IRQ c0=2
DMA IRQ c1=0
DMA IRQ c2=0
DMA IRQ c3=0
SELECT busy=7151
SELECT w0=7124
SELECT w1=3853
SELECT w2=4214
BUSY TASK ewma=997
DMA IRQ c0=2
DMA IRQ c1=0
DMA IRQ c2=0
DMA IRQ c3=0
SELECT busy=7170
SELECT w0=7143
SELECT w1=3859
SELECT w2=4223
BUSY TASK ewma=997
DMA IRQ c0=2
DMA IRQ c1=0
DMA IRQ c2=0
DMA IRQ c3=0
SELECT busy=7192
SELECT w0=7166
SELECT w1=3867
SELECT w2=4232
BUSY TASK ewma=997
DMA IRQ c0=2
DMA IRQ c1=0
DMA IRQ c2=0
DMA IRQ c3=0
SELECT busy=7212
SELECT w0=7185
SELECT w1=3876
SELECT w2=4243
BUSY TASK ewma=997
DMA IRQ c0=2
DMA IRQ c1=0
DMA IRQ c2=0
DMA IRQ c3=0
SELECT busy=7229
SELECT w0=7202
SELECT w1=3885
SELECT w2=4254
BUSY TASK ewma=997
DMA IRQ c0=2
DMA IRQ c1=0
DMA IRQ c2=0
DMA IRQ c3=0
SELECT busy=7249
SELECT w0=7222
SELECT w1=3896
SELECT w2=4265
BUSY TASK ewma=997
DMA IRQ c0=2
DMA IRQ c1=0
DMA IRQ c2=0
DMA IRQ c3=0
SELECT busy=7276
SELECT w0=7249
SELECT w1=3912
SELECT w2=4282
BUSY TASK ewma=997
DMA IRQ c0=2
DMA IRQ c1=0
DMA IRQ c2=0
DMA IRQ c3=0
SELECT busy=7299
SELECT w0=7273
SELECT w1=3920
SELECT w2=4292
BUSY TASK ewma=997
DMA IRQ c0=2
DMA IRQ c1=0
DMA IRQ c2=0
DMA IRQ c3=0
SELECT busy=7322
SELECT w0=7295
SELECT w1=3930
SELECT w2=4305
BUSY TASK ewma=997
DMA IRQ c0=2
DMA IRQ c1=0
DMA IRQ c2=0
DMA IRQ c3=0
SELECT busy=7341
SELECT w0=7314
SELECT w1=3939
SELECT w2=4317
BUSY TASK ewma=997
DMA IRQ c0=2
DMA IRQ c1=0
DMA IRQ c2=0
DMA IRQ c3=0
SELECT busy=7363
SELECT w0=7336
SELECT w1=3947
SELECT w2=4326
BUSY TASK ewma=997
DMA IRQ c0=2
DMA IRQ c1=0
DMA IRQ c2=0
DMA IRQ c3=0
SELECT busy=7379
SELECT w0=7353
SELECT w1=3956
SELECT w2=4337
BUSY TASK ewma=997
DMA IRQ c0=2
DMA IRQ c1=0
DMA IRQ c2=0
DMA IRQ c3=0
SELECT busy=7411
SELECT w0=7385
SELECT w1=3970
SELECT w2=4353
BUSY TASK ewma=997
DMA IRQ c0=2
DMA IRQ c1=0
DMA IRQ c2=0
DMA IRQ c3=0
SELECT busy=7441
SELECT w0=7415
SELECT w1=3983
SELECT w2=4369
BUSY TASK ewma=997
DMA IRQ c0=2
DMA IRQ c1=0
DMA IRQ c2=0
DMA IRQ c3=0
SELECT busy=7476
SELECT w0=7449
SELECT w1=3995
SELECT w2=4388
BUSY TASK ewma=997
DMA IRQ c0=2
DMA IRQ c1=0
DMA IRQ c2=0
DMA IRQ c3=0
SELECT busy=7498
SELECT w0=7472
SELECT w1=4009
SELECT w2=4403
BUSY TASK ewma=997
DMA IRQ c0=2
DMA IRQ c1=0
DMA IRQ c2=0
DMA IRQ c3=0
SELECT busy=7514
SELECT w0=7488
SELECT w1=4016
SELECT w2=4411
BUSY TASK ewma=997
DMA IRQ c0=2
DMA IRQ c1=0
DMA IRQ c2=0
DMA IRQ c3=0
SELECT busy=7530
SELECT w0=7504
SELECT w1=4024
SELECT w2=4422
BUSY TASK ewma=997
DMA IRQ c0=2
DMA IRQ c1=0
DMA IRQ c2=0
DMA IRQ c3=0
SELECT busy=7552
SELECT w0=7526
SELECT w1=4039
SELECT w2=4437
BUSY TASK ewma=997
DMA IRQ c0=2
DMA IRQ c1=0
DMA IRQ c2=0
DMA IRQ c3=0
SELECT busy=7571
SELECT w0=7545
SELECT w1=4046
SELECT w2=4449
BUSY TASK ewma=997
DMA IRQ c0=2
DMA IRQ c1=0
DMA IRQ c2=0
DMA IRQ c3=0
SELECT busy=7594
SELECT w0=7568
SELECT w1=4057
SELECT w2=4465
BUSY TASK ewma=997
DMA IRQ c0=2
DMA IRQ c1=0
DMA IRQ c2=0
DMA IRQ c3=0
SELECT busy=7609
SELECT w0=7583
SELECT w1=4065
SELECT w2=4475
BUSY TASK ewma=997
DMA IRQ c0=2
DMA IRQ c1=0
DMA IRQ c2=0
DMA IRQ c3=0
SELECT busy=7630
SELECT w0=7604
SELECT w1=4075
SELECT w2=4490
BUSY TASK ewma=997
DMA IRQ c0=2
DMA IRQ c1=0
DMA IRQ c2=0
DMA IRQ c3=0
SELECT busy=7647
SELECT w0=7620
SELECT w1=4082
SELECT w2=4498
BUSY TASK ewma=997
DMA IRQ c0=2
DMA IRQ c1=0
DMA IRQ c2=0
DMA IRQ c3=0
SELECT busy=7670
SELECT w0=7644
SELECT w1=4095
SELECT w2=4510
BUSY TASK ewma=997
DMA IRQ c0=2
DMA IRQ c1=0
DMA IRQ c2=0
DMA IRQ c3=0
SELECT busy=7685
SELECT w0=7659
SELECT w1=4102
SELECT w2=4519
BUSY TASK ewma=997
DMA IRQ c0=2
DMA IRQ c1=0
DMA IRQ c2=0
DMA IRQ c3=0
SELECT busy=7703
SELECT w0=7676
SELECT w1=4113
SELECT w2=4527
BUSY TASK ewma=997
DMA IRQ c0=2
DMA IRQ c1=0
DMA IRQ c2=0
DMA IRQ c3=0
SELECT busy=7721
SELECT w0=7694
SELECT w1=4119
SELECT w2=4537
BUSY TASK ewma=997
DMA IRQ c0=2
DMA IRQ c1=0
DMA IRQ c2=0
DMA IRQ c3=0
SELECT busy=7737
SELECT w0=7711
SELECT w1=4126
SELECT w2=4546
BUSY TASK ewma=997
DMA IRQ c0=2
DMA IRQ c1=0
DMA IRQ c2=0
DMA IRQ c3=0
SELECT busy=7756
SELECT w0=7730
SELECT w1=4134
SELECT w2=4557
BUSY TASK ewma=997
DMA IRQ c0=2
DMA IRQ c1=0
DMA IRQ c2=0
DMA IRQ c3=0
SELECT busy=7778
SELECT w0=7751
SELECT w1=4141
SELECT w2=4567
BUSY TASK ewma=997
DMA IRQ c0=2
DMA IRQ c1=0
DMA IRQ c2=0
DMA IRQ c3=0
SELECT busy=7800
SELECT w0=7773
SELECT w1=4150
SELECT w2=4578
BUSY TASK ewma=997
DMA IRQ c0=2
DMA IRQ c1=0
DMA IRQ c2=0
DMA IRQ c3=0
SELECT busy=7819
SELECT w0=7793
SELECT w1=4162
SELECT w2=4591
BUSY TASK ewma=997
DMA IRQ c0=2
DMA IRQ c1=0
DMA IRQ c2=0
DMA IRQ c3=0
SELECT busy=7839
SELECT w0=7812
SELECT w1=4170
SELECT w2=4601
BUSY TASK ewma=997
DMA IRQ c0=2
DMA IRQ c1=0
DMA IRQ c2=0
DMA IRQ c3=0
SELECT busy=7853
SELECT w0=7826
SELECT w1=4176
SELECT w2=4609
BUSY TASK ewma=997
DMA IRQ c0=2
DMA IRQ c1=0
DMA IRQ c2=0
DMA IRQ c3=0
SELECT busy=7875
SELECT w0=7848
SELECT w1=4185
SELECT w2=4621
BUSY TASK ewma=997
DMA IRQ c0=2
DMA IRQ c1=0
DMA IRQ c2=0
DMA IRQ c3=0
SELECT busy=7893
SELECT w0=7866
SELECT w1=4192
SELECT w2=4628
BUSY TASK ewma=997
DMA IRQ c0=2
DMA IRQ c1=0
DMA IRQ c2=0
DMA IRQ c3=0
SELECT busy=7916
SELECT w0=7890
SELECT w1=4202
SELECT w2=4642
BUSY TASK ewma=997
DMA IRQ c0=2
DMA IRQ c1=0
DMA IRQ c2=0
DMA IRQ c3=0
SELECT busy=7933
SELECT w0=7907
SELECT w1=4209
SELECT w2=4650
BUSY TASK ewma=997
DMA IRQ c0=2
DMA IRQ c1=0
DMA IRQ c2=0
DMA IRQ c3=0
SELECT busy=7947
SELECT w0=7921
SELECT w1=4216
SELECT w2=4659
BUSY TASK ewma=997
DMA IRQ c0=2
DMA IRQ c1=0
DMA IRQ c2=0
DMA IRQ c3=0
SELECT busy=7964
SELECT w0=7938
SELECT w1=4225
SELECT w2=4672
BUSY TASK ewma=997
DMA IRQ c0=2
DMA IRQ c1=0
DMA IRQ c2=0
DMA IRQ c3=0
SELECT busy=7982
SELECT w0=7955
SELECT w1=4231
SELECT w2=4685
BUSY TASK ewma=997
DMA IRQ c0=2
DMA IRQ c1=0
DMA IRQ c2=0
DMA IRQ c3=0
SELECT busy=7999
SELECT w0=7974
SELECT w1=4241
SELECT w2=4700
BUSY TASK ewma=997
DMA IRQ c0=2
DMA IRQ c1=0
DMA IRQ c2=0
DMA IRQ c3=0
SELECT busy=8022
SELECT w0=7995
SELECT w1=4252
SELECT w2=4711
BUSY TASK ewma=997
DMA IRQ c0=2
DMA IRQ c1=0
DMA IRQ c2=0
DMA IRQ c3=0
SELECT busy=8035
SELECT w0=8009
SELECT w1=4260
SELECT w2=4718
BUSY TASK ewma=997
DMA IRQ c0=2
DMA IRQ c1=0
DMA IRQ c2=0
DMA IRQ c3=0
SELECT busy=8050
SELECT w0=8024
SELECT w1=4267
SELECT w2=4726
BUSY TASK ewma=997
DMA IRQ c0=2
DMA IRQ c1=0
DMA IRQ c2=0
DMA IRQ c3=0
SELECT busy=8068
SELECT w0=8043
SELECT w1=4275
SELECT w2=4738
BUSY TASK ewma=997
DMA IRQ c0=2
DMA IRQ c1=0
DMA IRQ c2=0
DMA IRQ c3=0
SELECT busy=8093
SELECT w0=8066
SELECT w1=4285
SELECT w2=4748
BUSY TASK ewma=997
DMA IRQ c0=2
DMA IRQ c1=0
DMA IRQ c2=0
DMA IRQ c3=0
SELECT busy=8107
SELECT w0=8081
SELECT w1=4295
SELECT w2=4757
BUSY TASK ewma=997
DMA IRQ c0=2
DMA IRQ c1=0
DMA IRQ c2=0
DMA IRQ c3=0
SELECT busy=8127
SELECT w0=8101
SELECT w1=4303
SELECT w2=4767
BUSY TASK ewma=997
DMA IRQ c0=2
DMA IRQ c1=0
DMA IRQ c2=0
DMA IRQ c3=0
SELECT busy=8146
SELECT w0=8120
SELECT w1=4314
SELECT w2=4778
BUSY TASK ewma=997
DMA IRQ c0=2
DMA IRQ c1=0
DMA IRQ c2=0
DMA IRQ c3=0
SELECT busy=8162
SELECT w0=8136
SELECT w1=4322
SELECT w2=4787
BUSY TASK ewma=997
DMA IRQ c0=2
DMA IRQ c1=0
DMA IRQ c2=0
DMA IRQ c3=0
SELECT busy=8180
SELECT w0=8153
SELECT w1=4330
SELECT w2=4796
BUSY TASK ewma=997
DMA IRQ c0=2
DMA IRQ c1=0
DMA IRQ c2=0
DMA IRQ c3=0
SELECT busy=8196
SELECT w0=8170
SELECT w1=4337
SELECT w2=4806
BUSY TASK ewma=997
DMA IRQ c0=2
DMA IRQ c1=0
DMA IRQ c2=0
DMA IRQ c3=0
SELECT busy=8213
SELECT w0=8186
SELECT w1=4345
SELECT w2=4816
BUSY TASK ewma=997
DMA IRQ c0=2
DMA IRQ c1=0
DMA IRQ c2=0
DMA IRQ c3=0
SELECT busy=8227
SELECT w0=8201
SELECT w1=4351
SELECT w2=4824
BUSY TASK ewma=997
DMA IRQ c0=2
DMA IRQ c1=0
DMA IRQ c2=0
DMA IRQ c3=0
SELECT busy=8245
SELECT w0=8219
SELECT w1=4359
SELECT w2=4835
BUSY TASK ewma=997
DMA IRQ c0=2
DMA IRQ c1=0
DMA IRQ c2=0
DMA IRQ c3=0
SELECT busy=8260
SELECT w0=8233
SELECT w1=4365
SELECT w2=4843
BUSY TASK ewma=997
DMA IRQ c0=2
DMA IRQ c1=0
DMA IRQ c2=0
DMA IRQ c3=0
SELECT busy=8275
SELECT w0=8249
SELECT w1=4372
SELECT w2=4852
BUSY TASK ewma=997
DMA IRQ c0=2
DMA IRQ c1=0
DMA IRQ c2=0
DMA IRQ c3=0
SELECT busy=8295
SELECT w0=8268
SELECT w1=4381
SELECT w2=4860
BUSY TASK ewma=997
DMA IRQ c0=2
DMA IRQ c1=0
DMA IRQ c2=0
DMA IRQ c3=0
SELECT busy=8314
SELECT w0=8287
SELECT w1=4390
SELECT w2=4873
BUSY TASK ewma=997
DMA IRQ c0=2
DMA IRQ c1=0
DMA IRQ c2=0
DMA IRQ c3=0
SELECT busy=8336
SELECT w0=8310
SELECT w1=4399
SELECT w2=4882
BUSY TASK ewma=997
IRQ counts: cpu0=16678 cpu1=18975 cpu2=18814 cpu3=18982
SCHED secondaries: calls=56810 unexpected=0
SECTEST switches=56774 cpu1=201894294,194812236 cpu2=161960217,159142887 cpu3=234826821,225620422
PINGPONG rounds=2000 pongs=2000
DMA IRQ c0=2
DMA IRQ c1=0
DMA IRQ c2=0
DMA IRQ c3=0
SELECT busy=8374
SELECT w0=8348
SELECT w1=4417
SELECT w2=4910
BUSY TASK ewma=997
DMA IRQ c0=2
DMA IRQ c1=0
DMA IRQ c2=0
DMA IRQ c3=0
SELECT busy=8394
SELECT w0=8368
SELECT w1=4424
SELECT w2=4919
BUSY TASK ewma=997
DMA IRQ c0=2
DMA IRQ c1=0
DMA IRQ c2=0
DMA IRQ c3=0
SELECT busy=8410
SELECT w0=8383
SELECT w1=4430
SELECT w2=4926
BUSY TASK ewma=997
DMA IRQ c0=2
DMA IRQ c1=0
DMA IRQ c2=0
DMA IRQ c3=0
SELECT busy=8430
SELECT w0=8404
SELECT w1=4439
SELECT w2=4938
BUSY TASK ewma=997
DMA IRQ c0=2
DMA IRQ c1=0
DMA IRQ c2=0
DMA IRQ c3=0
SELECT busy=8445
SELECT w0=8419
SELECT w1=4447
SELECT w2=4950
BUSY TASK ewma=997
DMA IRQ c0=2
DMA IRQ c1=0
DMA IRQ c2=0
DMA IRQ c3=0
SELECT busy=8468
SELECT w0=8442
SELECT w1=4456
SELECT w2=4964
BUSY TASK ewma=997
DMA IRQ c0=2
DMA IRQ c1=0
DMA IRQ c2=0
DMA IRQ c3=0
SELECT busy=8484
SELECT w0=8458
SELECT w1=4464
SELECT w2=4975
BUSY TASK ewma=997
DMA IRQ c0=2
DMA IRQ c1=0
DMA IRQ c2=0
DMA IRQ c3=0
SELECT busy=8504
SELECT w0=8478
SELECT w1=4475
SELECT w2=4986
BUSY TASK ewma=997
DMA IRQ c0=2
DMA IRQ c1=0
DMA IRQ c2=0
DMA IRQ c3=0
SELECT busy=8520
SELECT w0=8494
SELECT w1=4483
SELECT w2=4999
BUSY TASK ewma=997
DMA IRQ c0=2
DMA IRQ c1=0
DMA IRQ c2=0
DMA IRQ c3=0
SELECT busy=8537
SELECT w0=8511
SELECT w1=4491
SELECT w2=5009
BUSY TASK ewma=997
DMA IRQ c0=2
DMA IRQ c1=0
DMA IRQ c2=0
DMA IRQ c3=0
SELECT busy=8553
SELECT w0=8527
SELECT w1=4501
SELECT w2=5020
BUSY TASK ewma=997
DMA IRQ c0=2
DMA IRQ c1=0
DMA IRQ c2=0
DMA IRQ c3=0
SELECT busy=8570
SELECT w0=8543
SELECT w1=4510
SELECT w2=5030
BUSY TASK ewma=997
DMA IRQ c0=2
DMA IRQ c1=0
DMA IRQ c2=0
DMA IRQ c3=0
SELECT busy=8588
SELECT w0=8561
SELECT w1=4517
SELECT w2=5038
BUSY TASK ewma=997
DMA IRQ c0=2
DMA IRQ c1=0
DMA IRQ c2=0
DMA IRQ c3=0
SELECT busy=8606
SELECT w0=8580
SELECT w1=4527
SELECT w2=5050
BUSY TASK ewma=997
DMA IRQ c0=2
DMA IRQ c1=0
DMA IRQ c2=0
DMA IRQ c3=0
SELECT busy=8629
SELECT w0=8603
SELECT w1=4538
SELECT w2=5065
BUSY TASK ewma=997
DMA IRQ c0=2
DMA IRQ c1=0
DMA IRQ c2=0
DMA IRQ c3=0
SELECT busy=8647
SELECT w0=8621
SELECT w1=4550
SELECT w2=5079
BUSY TASK ewma=997
DMA IRQ c0=2
DMA IRQ c1=0
DMA IRQ c2=0
DMA IRQ c3=0
SELECT busy=8675
SELECT w0=8648
SELECT w1=4562
SELECT w2=5094
BUSY TASK ewma=997
DMA IRQ c0=2
DMA IRQ c1=0
DMA IRQ c2=0
DMA IRQ c3=0
SELECT busy=8698
SELECT w0=8672
SELECT w1=4572
SELECT w2=5106
BUSY TASK ewma=997
DMA IRQ c0=2
DMA IRQ c1=0
DMA IRQ c2=0
DMA IRQ c3=0
SELECT busy=8722
SELECT w0=8695
SELECT w1=4583
SELECT w2=5117
BUSY TASK ewma=997
DMA IRQ c0=2
DMA IRQ c1=0
DMA IRQ c2=0
DMA IRQ c3=0
SELECT busy=8741
SELECT w0=8714
SELECT w1=4591
SELECT w2=5127
BUSY TASK ewma=997
DMA IRQ c0=2
DMA IRQ c1=0
DMA IRQ c2=0
DMA IRQ c3=0
SELECT busy=8772
SELECT w0=8745
SELECT w1=4605
SELECT w2=5143
BUSY TASK ewma=997
DMA IRQ c0=2
DMA IRQ c1=0
DMA IRQ c2=0
DMA IRQ c3=0
SELECT busy=8813
SELECT w0=8787
SELECT w1=4620
SELECT w2=5161
BUSY TASK ewma=997
DMA IRQ c0=2
DMA IRQ c1=0
DMA IRQ c2=0
DMA IRQ c3=0
SELECT busy=8849
SELECT w0=8823
SELECT w1=4635
SELECT w2=5182
BUSY TASK ewma=997
DMA IRQ c0=2
DMA IRQ c1=0
DMA IRQ c2=0
DMA IRQ c3=0
SELECT busy=8884
SELECT w0=8857
SELECT w1=4649
SELECT w2=5200
BUSY TASK ewma=997
DMA IRQ c0=2
DMA IRQ c1=0
DMA IRQ c2=0
DMA IRQ c3=0
SELECT busy=8906
SELECT w0=8879
SELECT w1=4658
SELECT w2=5208
BUSY TASK ewma=997
DMA IRQ c0=2
DMA IRQ c1=0
DMA IRQ c2=0
DMA IRQ c3=0
SELECT busy=8934
SELECT w0=8907
SELECT w1=4671
SELECT w2=5223
BUSY TASK ewma=997
DMA IRQ c0=2
DMA IRQ c1=0
DMA IRQ c2=0
DMA IRQ c3=0
SELECT busy=8952
SELECT w0=8925
SELECT w1=4679
SELECT w2=5235
BUSY TASK ewma=997
DMA IRQ c0=2
DMA IRQ c1=0
DMA IRQ c2=0
DMA IRQ c3=0
SELECT busy=8967
SELECT w0=8941
SELECT w1=4689
SELECT w2=5245
BUSY TASK ewma=997
DMA IRQ c0=2
DMA IRQ c1=0
DMA IRQ c2=0
DMA IRQ c3=0
SELECT busy=9000
SELECT w0=8974
SELECT w1=4705
SELECT w2=5262
BUSY TASK ewma=997
DMA IRQ c0=2
DMA IRQ c1=0
DMA IRQ c2=0
DMA IRQ c3=0
SELECT busy=9022
SELECT w0=8995
SELECT w1=4712
SELECT w2=5271
BUSY TASK ewma=997
DMA IRQ c0=2
DMA IRQ c1=0
DMA IRQ c2=0
DMA IRQ c3=0
SELECT busy=9040
SELECT w0=9014
SELECT w1=4721
SELECT w2=5281
BUSY TASK ewma=997
DMA IRQ c0=2
DMA IRQ c1=0
DMA IRQ c2=0
DMA IRQ c3=0
SELECT busy=9053
SELECT w0=9027
SELECT w1=4727
SELECT w2=5288
BUSY TASK ewma=997
DMA IRQ c0=2
DMA IRQ c1=0
DMA IRQ c2=0
DMA IRQ c3=0
SELECT busy=9072
SELECT w0=9046
SELECT w1=4735
SELECT w2=5297
BUSY TASK ewma=997
DMA IRQ c0=2
DMA IRQ c1=0
DMA IRQ c2=0
DMA IRQ c3=0
SELECT busy=9090
SELECT w0=9064
SELECT w1=4744
SELECT w2=5310
BUSY TASK ewma=997
DMA IRQ c0=2
DMA IRQ c1=0
DMA IRQ c2=0
DMA IRQ c3=0
SELECT busy=9106
SELECT w0=9080
SELECT w1=4752
SELECT w2=5319
BUSY TASK ewma=997
DMA IRQ c0=2
DMA IRQ c1=0
DMA IRQ c2=0
DMA IRQ c3=0
SELECT busy=9129
SELECT w0=9103
SELECT w1=4769
SELECT w2=5335
BUSY TASK ewma=997
DMA IRQ c0=2
DMA IRQ c1=0
DMA IRQ c2=0
DMA IRQ c3=0
SELECT busy=9156
SELECT w0=9130
SELECT w1=4782
SELECT w2=5352
BUSY TASK ewma=997
DMA IRQ c0=2
DMA IRQ c1=0
DMA IRQ c2=0
DMA IRQ c3=0
SELECT busy=9191
SELECT w0=9164
SELECT w1=4798
SELECT w2=5371
BUSY TASK ewma=997
DMA IRQ c0=2
DMA IRQ c1=0
DMA IRQ c2=0
DMA IRQ c3=0
SELECT busy=9204
SELECT w0=9178
SELECT w1=4805
SELECT w2=5382
BUSY TASK ewma=997
DMA IRQ c0=2
DMA IRQ c1=0
DMA IRQ c2=0
DMA IRQ c3=0
SELECT busy=9228
SELECT w0=9202
SELECT w1=4819
SELECT w2=5398
BUSY TASK ewma=997
DMA IRQ c0=2
DMA IRQ c1=0
DMA IRQ c2=0
DMA IRQ c3=0
SELECT busy=9251
SELECT w0=9225
SELECT w1=4831
SELECT w2=5411
BUSY TASK ewma=997
DMA IRQ c0=2
DMA IRQ c1=0
DMA IRQ c2=0
DMA IRQ c3=0
SELECT busy=9278
SELECT w0=9252
SELECT w1=4845
SELECT w2=5426
BUSY TASK ewma=997
DMA IRQ c0=2
DMA IRQ c1=0
DMA IRQ c2=0
DMA IRQ c3=0
SELECT busy=9295
SELECT w0=9268
SELECT w1=4852
SELECT w2=5435
BUSY TASK ewma=997
DMA IRQ c0=2
DMA IRQ c1=0
DMA IRQ c2=0
DMA IRQ c3=0
SELECT busy=9325
SELECT w0=9298
SELECT w1=4864
SELECT w2=5448
BUSY TASK ewma=997
DMA IRQ c0=2
DMA IRQ c1=0
DMA IRQ c2=0
DMA IRQ c3=0
SELECT busy=9350
SELECT w0=9323
SELECT w1=4874
SELECT w2=5463
BUSY TASK ewma=997
DMA IRQ c0=2
DMA IRQ c1=0
DMA IRQ c2=0
DMA IRQ c3=0
SELECT busy=9370
SELECT w0=9344
SELECT w1=4885
SELECT w2=5474
BUSY TASK ewma=997
DMA IRQ c0=2
DMA IRQ c1=0
DMA IRQ c2=0
DMA IRQ c3=0
SELECT busy=9394
SELECT w0=9367
SELECT w1=4894
SELECT w2=5484
BUSY TASK ewma=997
DMA IRQ c0=2
DMA IRQ c1=0
DMA IRQ c2=0
DMA IRQ c3=0
SELECT busy=9412
SELECT w0=9385
SELECT w1=4899
SELECT w2=5490
BUSY TASK ewma=997
DMA IRQ c0=2
DMA IRQ c1=0
DMA IRQ c2=0
DMA IRQ c3=0
SELECT busy=9432
SELECT w0=9406
SELECT w1=4908
SELECT w2=5501
BUSY TASK ewma=997
DMA IRQ c0=2
DMA IRQ c1=0
DMA IRQ c2=0
DMA IRQ c3=0
SELECT busy=9448
SELECT w0=9421
SELECT w1=4916
SELECT w2=5513
BUSY TASK ewma=997
DMA IRQ c0=2
DMA IRQ c1=0
DMA IRQ c2=0
DMA IRQ c3=0
SELECT busy=9465
SELECT w0=9439
SELECT w1=4925
SELECT w2=5526
BUSY TASK ewma=997
DMA IRQ c0=2
DMA IRQ c1=0
DMA IRQ c2=0
DMA IRQ c3=0
SELECT busy=9483
SELECT w0=9458
SELECT w1=4935
SELECT w2=5537
BUSY TASK ewma=997
DMA IRQ c0=2
DMA IRQ c1=0
DMA IRQ c2=0
DMA IRQ c3=0
SELECT busy=9513
SELECT w0=9487
SELECT w1=4950
SELECT w2=5552
BUSY TASK ewma=997
DMA IRQ c0=2
DMA IRQ c1=0
DMA IRQ c2=0
DMA IRQ c3=0
SELECT busy=9539
SELECT w0=9513
SELECT w1=4958
SELECT w2=5563
BUSY TASK ewma=997
DMA IRQ c0=2
DMA IRQ c1=0
DMA IRQ c2=0
DMA IRQ c3=0
SELECT busy=9561
SELECT w0=9535
SELECT w1=4969
SELECT w2=5579
BUSY TASK ewma=997
DMA IRQ c0=2
DMA IRQ c1=0
DMA IRQ c2=0
DMA IRQ c3=0
SELECT busy=9583
SELECT w0=9556
SELECT w1=4976
SELECT w2=5586
BUSY TASK ewma=997
DMA IRQ c0=2
DMA IRQ c1=0
DMA IRQ c2=0
DMA IRQ c3=0
SELECT busy=9609
SELECT w0=9583
SELECT w1=4985
SELECT w2=5598
BUSY TASK ewma=997
DMA IRQ c0=2
DMA IRQ c1=0
DMA IRQ c2=0
DMA IRQ c3=0
SELECT busy=9632
SELECT w0=9605
SELECT w1=4996
SELECT w2=5610
BUSY TASK ewma=997
DMA IRQ c0=2
DMA IRQ c1=0
DMA IRQ c2=0
DMA IRQ c3=0
SELECT busy=9665
SELECT w0=9638
SELECT w1=5009
SELECT w2=5626
BUSY TASK ewma=997
DMA IRQ c0=2
DMA IRQ c1=0
DMA IRQ c2=0
DMA IRQ c3=0
SELECT busy=9704
SELECT w0=9678
SELECT w1=5028
SELECT w2=5649
BUSY TASK ewma=997
DMA IRQ c0=2
DMA IRQ c1=0
DMA IRQ c2=0
DMA IRQ c3=0
SELECT busy=9739
SELECT w0=9713
SELECT w1=5041
SELECT w2=5668
BUSY TASK ewma=997
DMA IRQ c0=2
DMA IRQ c1=0
DMA IRQ c2=0
DMA IRQ c3=0
SELECT busy=9774
SELECT w0=9747
SELECT w1=5054
SELECT w2=5686
BUSY TASK ewma=997
DMA IRQ c0=2
DMA IRQ c1=0
DMA IRQ c2=0
DMA IRQ c3=0
SELECT busy=9796
SELECT w0=9770
SELECT w1=5065
SELECT w2=5699
BUSY TASK ewma=997
DMA IRQ c0=2
DMA IRQ c1=0
DMA IRQ c2=0
DMA IRQ c3=0
SELECT busy=9824
SELECT w0=9798
SELECT w1=5077
SELECT w2=5712
BUSY TASK ewma=997
IRQ counts: cpu0=19650 cpu1=22365 cpu2=22135 cpu3=22392
SCHED secondaries: calls=66902 unexpected=0
SECTEST switches=66890 cpu1=231360212,223397244 cpu2=187750394,184738198 cpu3=273025880,261657346
PINGPONG rounds=2000 pongs=2000
DMA IRQ c0=2
DMA IRQ c1=0
DMA IRQ c2=0
DMA IRQ c3=0
SELECT busy=9855
SELECT w0=9829
SELECT w1=5093
SELECT w2=5734
BUSY TASK ewma=997
DMA IRQ c0=2
DMA IRQ c1=0
DMA IRQ c2=0
DMA IRQ c3=0
SELECT busy=9872
SELECT w0=9845
SELECT w1=5099
SELECT w2=5742
BUSY TASK ewma=997
DMA IRQ c0=2
DMA IRQ c1=0
DMA IRQ c2=0
DMA IRQ c3=0
SELECT busy=9887
SELECT w0=9860
SELECT w1=5107
SELECT w2=5752
BUSY TASK ewma=997
DMA IRQ c0=2
DMA IRQ c1=0
DMA IRQ c2=0
DMA IRQ c3=0
SELECT busy=9921
SELECT w0=9895
SELECT w1=5125
SELECT w2=5772
BUSY TASK ewma=997
DMA IRQ c0=2
DMA IRQ c1=0
DMA IRQ c2=0
DMA IRQ c3=0
SELECT busy=9953
SELECT w0=9927
SELECT w1=5138
SELECT w2=5788
BUSY TASK ewma=997
DMA IRQ c0=2
DMA IRQ c1=0
DMA IRQ c2=0
DMA IRQ c3=0
SELECT busy=9971
SELECT w0=9945
SELECT w1=5146
SELECT w2=5798
BUSY TASK ewma=997
DMA IRQ c0=2
DMA IRQ c1=0
DMA IRQ c2=0
DMA IRQ c3=0
SELECT busy=9986
SELECT w0=9960
SELECT w1=5154
SELECT w2=5807
BUSY TASK ewma=997
DMA IRQ c0=2
DMA IRQ c1=0
DMA IRQ c2=0
DMA IRQ c3=0
SELECT busy=10002
SELECT w0=9976
SELECT w1=5162
SELECT w2=5818
BUSY TASK ewma=997
DMA IRQ c0=2
DMA IRQ c1=0
DMA IRQ c2=0
DMA IRQ c3=0
SELECT busy=10017
SELECT w0=9992
SELECT w1=5170
SELECT w2=5828
BUSY TASK ewma=997
DMA IRQ c0=2
DMA IRQ c1=0
DMA IRQ c2=0
DMA IRQ c3=0
SELECT busy=10040
SELECT w0=10013
SELECT w1=5178
SELECT w2=5838
BUSY TASK ewma=997
DMA IRQ c0=2
DMA IRQ c1=0
DMA IRQ c2=0
DMA IRQ c3=0
SELECT busy=10056
SELECT w0=10029
SELECT w1=5185
SELECT w2=5848
BUSY TASK ewma=997
DMA IRQ c0=2
DMA IRQ c1=0
DMA IRQ c2=0
DMA IRQ c3=0
SELECT busy=10075
SELECT w0=10049
SELECT w1=5192
SELECT w2=5855
BUSY TASK ewma=997
DMA IRQ c0=2
DMA IRQ c1=0
DMA IRQ c2=0
DMA IRQ c3=0
SELECT busy=10088
SELECT w0=10061
SELECT w1=5197
SELECT w2=5861
BUSY TASK ewma=997
DMA IRQ c0=2
DMA IRQ c1=0
DMA IRQ c2=0
DMA IRQ c3=0
SELECT busy=10105
SELECT w0=10079
SELECT w1=5205
SELECT w2=5870
BUSY TASK ewma=997
DMA IRQ c0=2
DMA IRQ c1=0
DMA IRQ c2=0
DMA IRQ c3=0
SELECT busy=10119
SELECT w0=10093
SELECT w1=5215
SELECT w2=5882
BUSY TASK ewma=997
DMA IRQ c0=2
DMA IRQ c1=0
DMA IRQ c2=0
DMA IRQ c3=0
SELECT busy=10137
SELECT w0=10111
SELECT w1=5224
SELECT w2=5894
BUSY TASK ewma=997
DMA IRQ c0=2
DMA IRQ c1=0
DMA IRQ c2=0
DMA IRQ c3=0
SELECT busy=10154
SELECT w0=10127
SELECT w1=5232
SELECT w2=5902
BUSY TASK ewma=997
DMA IRQ c0=2
DMA IRQ c1=0
DMA IRQ c2=0
DMA IRQ c3=0
SELECT busy=10172
SELECT w0=10146
SELECT w1=5239
SELECT w2=5911
BUSY TASK ewma=997
DMA IRQ c0=2
DMA IRQ c1=0
DMA IRQ c2=0
DMA IRQ c3=0
SELECT busy=10190
SELECT w0=10163
SELECT w1=5247
SELECT w2=5921
BUSY TASK ewma=997
DMA IRQ c0=2
DMA IRQ c1=0
DMA IRQ c2=0
DMA IRQ c3=0
SELECT busy=10212
SELECT w0=10186
SELECT w1=5255
SELECT w2=5931
BUSY TASK ewma=997
DMA IRQ c0=2
DMA IRQ c1=0
DMA IRQ c2=0
DMA IRQ c3=0
SELECT busy=10229
SELECT w0=10203
SELECT w1=5264
SELECT w2=5942
BUSY TASK ewma=997
DMA IRQ c0=2
DMA IRQ c1=0
DMA IRQ c2=0
DMA IRQ c3=0
SELECT busy=10251
SELECT w0=10225
SELECT w1=5274
SELECT w2=5955
BUSY TASK ewma=997
DMA IRQ c0=2
DMA IRQ c1=0
DMA IRQ c2=0
DMA IRQ c3=0
SELECT busy=10266
SELECT w0=10239
SELECT w1=5283
SELECT w2=5964
BUSY TASK ewma=997
DMA IRQ c0=2
DMA IRQ c1=0
DMA IRQ c2=0
DMA IRQ c3=0
SELECT busy=10282
SELECT w0=10256
SELECT w1=5292
SELECT w2=5978
BUSY TASK ewma=997
DMA IRQ c0=2
DMA IRQ c1=0
DMA IRQ c2=0
DMA IRQ c3=0
SELECT busy=10309
SELECT w0=10283
SELECT w1=5307
SELECT w2=5994
BUSY TASK ewma=997
DMA IRQ c0=2
DMA IRQ c1=0
DMA IRQ c2=0
DMA IRQ c3=0
SELECT busy=10328
SELECT w0=10301
SELECT w1=5315
SELECT w2=6004
BUSY TASK ewma=997
DMA IRQ c0=2
DMA IRQ c1=0
DMA IRQ c2=0
DMA IRQ c3=0
SELECT busy=10347
SELECT w0=10320
SELECT w1=5322
SELECT w2=6015
BUSY TASK ewma=997
DMA IRQ c0=2
DMA IRQ c1=0
DMA IRQ c2=0
DMA IRQ c3=0
SELECT busy=10367
SELECT w0=10341
SELECT w1=5332
SELECT w2=6031
BUSY TASK ewma=997
DMA IRQ c0=2
DMA IRQ c1=0
DMA IRQ c2=0
DMA IRQ c3=0
SELECT busy=10382
SELECT w0=10355
SELECT w1=5340
SELECT w2=6039
BUSY TASK ewma=997
DMA IRQ c0=2
DMA IRQ c1=0
DMA IRQ c2=0
DMA IRQ c3=0
SELECT busy=10400
SELECT w0=10374
SELECT w1=5347
SELECT w2=6047
BUSY TASK ewma=997
DMA IRQ c0=2
DMA IRQ c1=0
DMA IRQ c2=0
DMA IRQ c3=0
SELECT busy=10412
SELECT w0=10385
SELECT w1=5353
SELECT w2=6053
BUSY TASK ewma=997
DMA IRQ c0=2
DMA IRQ c1=0
DMA IRQ c2=0
DMA IRQ c3=0
SELECT busy=10432
SELECT w0=10406
SELECT w1=5362
SELECT w2=6065
BUSY TASK ewma=997
DMA IRQ c0=2
DMA IRQ c1=0
DMA IRQ c2=0
DMA IRQ c3=0
SELECT busy=10451
SELECT w0=10425
SELECT w1=5372
SELECT w2=6080
BUSY TASK ewma=997
DMA IRQ c0=2
DMA IRQ c1=0
DMA IRQ c2=0
DMA IRQ c3=0
SELECT busy=10465
SELECT w0=10439
SELECT w1=5379
SELECT w2=6088
BUSY TASK ewma=997
DMA IRQ c0=2
DMA IRQ c1=0
DMA IRQ c2=0
DMA IRQ c3=0
SELECT busy=10479
SELECT w0=10453
SELECT w1=5384
SELECT w2=6095
BUSY TASK ewma=997
DMA IRQ c0=2
DMA IRQ c1=0
DMA IRQ c2=0
DMA IRQ c3=0
SELECT busy=10498
SELECT w0=10471
SELECT w1=5391
SELECT w2=6103
BUSY TASK ewma=997
DMA IRQ c0=2
DMA IRQ c1=0
DMA IRQ c2=0
DMA IRQ c3=0
SELECT busy=10515
SELECT w0=10489
SELECT w1=5400
SELECT w2=6114
BUSY TASK ewma=997
DMA IRQ c0=2
DMA IRQ c1=0
DMA IRQ c2=0
DMA IRQ c3=0
SELECT busy=10532
SELECT w0=10505
SELECT w1=5406
SELECT w2=6122
BUSY TASK ewma=997
DMA IRQ c0=2
DMA IRQ c1=0
DMA IRQ c2=0
DMA IRQ c3=0
SELECT busy=10550
SELECT w0=10524
SELECT w1=5413
SELECT w2=6131
BUSY TASK ewma=997
DMA IRQ c0=2
DMA IRQ c1=0
DMA IRQ c2=0
DMA IRQ c3=0
SELECT busy=10569
SELECT w0=10543
SELECT w1=5423
SELECT w2=6141
BUSY TASK ewma=997
DMA IRQ c0=2
DMA IRQ c1=0
DMA IRQ c2=0
DMA IRQ c3=0
SELECT busy=10588
SELECT w0=10561
SELECT w1=5432
SELECT w2=6150
BUSY TASK ewma=997
DMA IRQ c0=2
DMA IRQ c1=0
DMA IRQ c2=0
DMA IRQ c3=0
SELECT busy=10612
SELECT w0=10588
SELECT w1=5445
SELECT w2=6167
BUSY TASK ewma=997
DMA IRQ c0=2
DMA IRQ c1=0
DMA IRQ c2=0
DMA IRQ c3=0
SELECT busy=10637
SELECT w0=10610
SELECT w1=5455
SELECT w2=6176
BUSY TASK ewma=997
DMA IRQ c0=2
DMA IRQ c1=0
DMA IRQ c2=0
DMA IRQ c3=0
SELECT busy=10656
SELECT w0=10629
SELECT w1=5463
SELECT w2=6185
BUSY TASK ewma=997
DMA IRQ c0=2
DMA IRQ c1=0
DMA IRQ c2=0
DMA IRQ c3=0
SELECT busy=10673
SELECT w0=10647
SELECT w1=5469
SELECT w2=6192
BUSY TASK ewma=997
DMA IRQ c0=2
DMA IRQ c1=0
DMA IRQ c2=0
DMA IRQ c3=0
SELECT busy=10694
SELECT w0=10667
SELECT w1=5479
SELECT w2=6203
BUSY TASK ewma=997
DMA IRQ c0=2
DMA IRQ c1=0
DMA IRQ c2=0
DMA IRQ c3=0
SELECT busy=10706
SELECT w0=10679
SELECT w1=5485
SELECT w2=6210
BUSY TASK ewma=997
DMA IRQ c0=2
DMA IRQ c1=0
DMA IRQ c2=0
DMA IRQ c3=0
SELECT busy=10719
SELECT w0=10693
SELECT w1=5492
SELECT w2=6218
BUSY TASK ewma=997
DMA IRQ c0=2
DMA IRQ c1=0
DMA IRQ c2=0
DMA IRQ c3=0
SELECT busy=10738
SELECT w0=10712
SELECT w1=5505
SELECT w2=6230
BUSY TASK ewma=997
DMA IRQ c0=2
DMA IRQ c1=0
DMA IRQ c2=0
DMA IRQ c3=0
SELECT busy=10756
SELECT w0=10730
SELECT w1=5513
SELECT w2=6239
BUSY TASK ewma=997
DMA IRQ c0=2
DMA IRQ c1=0
DMA IRQ c2=0
DMA IRQ c3=0
SELECT busy=10778
SELECT w0=10751
SELECT w1=5522
SELECT w2=6249
BUSY TASK ewma=997
DMA IRQ c0=2
DMA IRQ c1=0
DMA IRQ c2=0
DMA IRQ c3=0
SELECT busy=10796
SELECT w0=10769
SELECT w1=5530
SELECT w2=6260
BUSY TASK ewma=997
DMA IRQ c0=2
DMA IRQ c1=0
DMA IRQ c2=0
DMA IRQ c3=0
SELECT busy=10813
SELECT w0=10787
SELECT w1=5538
SELECT w2=6270
BUSY TASK ewma=997
DMA IRQ c0=2
DMA IRQ c1=0
DMA IRQ c2=0
DMA IRQ c3=0
SELECT busy=10831
SELECT w0=10805
SELECT w1=5549
SELECT w2=6281
BUSY TASK ewma=997
DMA IRQ c0=2
DMA IRQ c1=0
DMA IRQ c2=0
DMA IRQ c3=0
SELECT busy=10851
SELECT w0=10825
SELECT w1=5558
SELECT w2=6294
BUSY TASK ewma=997
DMA IRQ c0=2
DMA IRQ c1=0
DMA IRQ c2=0
DMA IRQ c3=0
SELECT busy=10869
SELECT w0=10843
SELECT w1=5568
SELECT w2=6305
BUSY TASK ewma=997
DMA IRQ c0=2
DMA IRQ c1=0
DMA IRQ c2=0
DMA IRQ c3=0
SELECT busy=10892
SELECT w0=10866
SELECT w1=5578
SELECT w2=6317
BUSY TASK ewma=997
DMA IRQ c0=2
DMA IRQ c1=0
DMA IRQ c2=0
DMA IRQ c3=0
SELECT busy=10912
SELECT w0=10885
SELECT w1=5588
SELECT w2=6328
BUSY TASK ewma=997
DMA IRQ c0=2
DMA IRQ c1=0
DMA IRQ c2=0
DMA IRQ c3=0
SELECT busy=10932
SELECT w0=10905
SELECT w1=5594
SELECT w2=6337
BUSY TASK ewma=997
DMA IRQ c0=2
DMA IRQ c1=0
DMA IRQ c2=0
DMA IRQ c3=0
SELECT busy=10948
SELECT w0=10922
SELECT w1=5600
SELECT w2=6345
BUSY TASK ewma=997
DMA IRQ c0=2
DMA IRQ c1=0
DMA IRQ c2=0
DMA IRQ c3=0
SELECT busy=10969
SELECT w0=10943
SELECT w1=5611
SELECT w2=6359
BUSY TASK ewma=997
DMA IRQ c0=2
DMA IRQ c1=0
DMA IRQ c2=0
DMA IRQ c3=0
SELECT busy=10990
SELECT w0=10964
SELECT w1=5621
SELECT w2=6370
BUSY TASK ewma=997
DMA IRQ c0=2
DMA IRQ c1=0
DMA IRQ c2=0
DMA IRQ c3=0
SELECT busy=11008
SELECT w0=10982
SELECT w1=5628
SELECT w2=6379
BUSY TASK ewma=997
DMA IRQ c0=2
DMA IRQ c1=0
DMA IRQ c2=0
DMA IRQ c3=0
SELECT busy=11027
SELECT w0=11001
SELECT w1=5637
SELECT w2=6394
BUSY TASK ewma=997
IRQ counts: cpu0=22056 cpu1=25161 cpu2=24858 cpu3=25239
SCHED secondaries: calls=75266 unexpected=0
SECTEST switches=75228 cpu1=259991434,252022032 cpu2=214964847,211592303 cpu3=314526209,300352636
PINGPONG rounds=2000 pongs=2000
DMA IRQ c0=2
DMA IRQ c1=0
DMA IRQ c2=0
DMA IRQ c3=0
SELECT busy=11051
SELECT w0=11024
SELECT w1=5647
SELECT w2=6406
BUSY TASK ewma=997
DMA IRQ c0=2
DMA IRQ c1=0
DMA IRQ c2=0
DMA IRQ c3=0
SELECT busy=11080
SELECT w0=11054
SELECT w1=5662
SELECT w2=6425
BUSY TASK ewma=997
DMA IRQ c0=2
DMA IRQ c1=0
DMA IRQ c2=0
DMA IRQ c3=0
SELECT busy=11102
SELECT w0=11076
SELECT w1=5670
SELECT w2=6436
BUSY TASK ewma=997
DMA IRQ c0=2
DMA IRQ c1=0
DMA IRQ c2=0
DMA IRQ c3=0
SELECT busy=11123
SELECT w0=11097
SELECT w1=5677
SELECT w2=6444
BUSY TASK ewma=997
DMA IRQ c0=2
DMA IRQ c1=0
DMA IRQ c2=0
DMA IRQ c3=0
SELECT busy=11143
SELECT w0=11116
SELECT w1=5686
SELECT w2=6454
BUSY TASK ewma=997
DMA IRQ c0=2
DMA IRQ c1=0
DMA IRQ c2=0
DMA IRQ c3=0
SELECT busy=11165
SELECT w0=11139
SELECT w1=5694
SELECT w2=6463
BUSY TASK ewma=997
DMA IRQ c0=2
DMA IRQ c1=0
DMA IRQ c2=0
DMA IRQ c3=0
SELECT busy=11186
SELECT w0=11160
SELECT w1=5702
SELECT w2=6474
BUSY TASK ewma=997
DMA IRQ c0=2
DMA IRQ c1=0
DMA IRQ c2=0
DMA IRQ c3=0
SELECT busy=11206
SELECT w0=11180
SELECT w1=5709
SELECT w2=6481
BUSY TASK ewma=997
DMA IRQ c0=2
DMA IRQ c1=0
DMA IRQ c2=0
DMA IRQ c3=0
SELECT busy=11226
SELECT w0=11199
SELECT w1=5718
SELECT w2=6491
BUSY TASK ewma=997
DMA IRQ c0=2
DMA IRQ c1=0
DMA IRQ c2=0
DMA IRQ c3=0
SELECT busy=11258
SELECT w0=11232
SELECT w1=5730
SELECT w2=6505
BUSY TASK ewma=997
DMA IRQ c0=2
DMA IRQ c1=0
DMA IRQ c2=0
DMA IRQ c3=0
SELECT busy=11276
SELECT w0=11250
SELECT w1=5740
SELECT w2=6517
BUSY TASK ewma=997
DMA IRQ c0=2
DMA IRQ c1=0
DMA IRQ c2=0
DMA IRQ c3=0
SELECT busy=11291
SELECT w0=11265
SELECT w1=5746
SELECT w2=6523
BUSY TASK ewma=997
DMA IRQ c0=2
DMA IRQ c1=0
DMA IRQ c2=0
DMA IRQ c3=0
SELECT busy=11309
SELECT w0=11282
SELECT w1=5753
SELECT w2=6534
BUSY TASK ewma=997
DMA IRQ c0=2
DMA IRQ c1=0
DMA IRQ c2=0
DMA IRQ c3=0
SELECT busy=11329
SELECT w0=11303
SELECT w1=5763
SELECT w2=6548
BUSY TASK ewma=997
DMA IRQ c0=2
DMA IRQ c1=0
DMA IRQ c2=0
DMA IRQ c3=0
SELECT busy=11355
SELECT w0=11328
SELECT w1=5774
SELECT w2=6562
BUSY TASK ewma=997
DMA IRQ c0=2
DMA IRQ c1=0
DMA IRQ c2=0
DMA IRQ c3=0
SELECT busy=11370
SELECT w0=11344
SELECT w1=5781
SELECT w2=6571
BUSY TASK ewma=997
DMA IRQ c0=2
DMA IRQ c1=0
DMA IRQ c2=0
DMA IRQ c3=0
SELECT busy=11384
SELECT w0=11358
SELECT w1=5788
SELECT w2=6580
BUSY TASK ewma=997
DMA IRQ c0=2
DMA IRQ c1=0
DMA IRQ c2=0
DMA IRQ c3=0
SELECT busy=11402
SELECT w0=11376
SELECT w1=5797
SELECT w2=6591
BUSY TASK ewma=997
DMA IRQ c0=2
DMA IRQ c1=0
DMA IRQ c2=0
DMA IRQ c3=0
SELECT busy=11418
SELECT w0=11392
SELECT w1=5804
SELECT w2=6603
BUSY TASK ewma=997
DMA IRQ c0=2
DMA IRQ c1=0
DMA IRQ c2=0
DMA IRQ c3=0
SELECT busy=11433
SELECT w0=11407
SELECT w1=5813
SELECT w2=6611
BUSY TASK ewma=997
DMA IRQ c0=2
DMA IRQ c1=0
DMA IRQ c2=0
DMA IRQ c3=0
SELECT busy=11451
SELECT w0=11426
SELECT w1=5823
SELECT w2=6624
BUSY TASK ewma=997
DMA IRQ c0=2
DMA IRQ c1=0
DMA IRQ c2=0
DMA IRQ c3=0
SELECT busy=11480
SELECT w0=11453
SELECT w1=5836
SELECT w2=6637
BUSY TASK ewma=997
DMA IRQ c0=2
DMA IRQ c1=0
DMA IRQ c2=0
DMA IRQ c3=0
SELECT busy=11493
SELECT w0=11467
SELECT w1=5844
SELECT w2=6651
BUSY TASK ewma=997
DMA IRQ c0=2
DMA IRQ c1=0
DMA IRQ c2=0
DMA IRQ c3=0
SELECT busy=11516
SELECT w0=11490
SELECT w1=5857
SELECT w2=6665
BUSY TASK ewma=997
DMA IRQ c0=2
DMA IRQ c1=0
DMA IRQ c2=0
DMA IRQ c3=0
SELECT busy=11539
SELECT w0=11512
SELECT w1=5868
SELECT w2=6680
BUSY TASK ewma=997
DMA IRQ c0=2
DMA IRQ c1=0
DMA IRQ c2=0
DMA IRQ c3=0
SELECT busy=11559
SELECT w0=11533
SELECT w1=5878
SELECT w2=6697
BUSY TASK ewma=997
DMA IRQ c0=2
DMA IRQ c1=0
DMA IRQ c2=0
DMA IRQ c3=0
SELECT busy=11575
SELECT w0=11549
SELECT w1=5885
SELECT w2=6707
BUSY TASK ewma=997
DMA IRQ c0=2
DMA IRQ c1=0
DMA IRQ c2=0
DMA IRQ c3=0
SELECT busy=11595
SELECT w0=11569
SELECT w1=5896
SELECT w2=6720
BUSY TASK ewma=997
DMA IRQ c0=2
DMA IRQ c1=0
DMA IRQ c2=0
DMA IRQ c3=0
SELECT busy=11609
SELECT w0=11583
SELECT w1=5902
SELECT w2=6727
BUSY TASK ewma=997
DMA IRQ c0=2
DMA IRQ c1=0
DMA IRQ c2=0
DMA IRQ c3=0
SELECT busy=11627
SELECT w0=11600
SELECT w1=5909
SELECT w2=6737
BUSY TASK ewma=997
DMA IRQ c0=2
DMA IRQ c1=0
DMA IRQ c2=0
DMA IRQ c3=0
SELECT busy=11647
SELECT w0=11621
SELECT w1=5919
SELECT w2=6750
BUSY TASK ewma=997
DMA IRQ c0=2
DMA IRQ c1=0
DMA IRQ c2=0
DMA IRQ c3=0
SELECT busy=11665
SELECT w0=11639
SELECT w1=5928
SELECT w2=6760
BUSY TASK ewma=997
DMA IRQ c0=2
DMA IRQ c1=0
DMA IRQ c2=0
DMA IRQ c3=0
SELECT busy=11680
SELECT w0=11654
SELECT w1=5937
SELECT w2=6769
BUSY TASK ewma=997
DMA IRQ c0=2
DMA IRQ c1=0
DMA IRQ c2=0
DMA IRQ c3=0
SELECT busy=11699
SELECT w0=11672
SELECT w1=5944
SELECT w2=6780
BUSY TASK ewma=997
DMA IRQ c0=2
DMA IRQ c1=0
DMA IRQ c2=0
DMA IRQ c3=0
SELECT busy=11720
SELECT w0=11694
SELECT w1=5956
SELECT w2=6793
BUSY TASK ewma=997
DMA IRQ c0=2
DMA IRQ c1=0
DMA IRQ c2=0
DMA IRQ c3=0
SELECT busy=11738
SELECT w0=11712
SELECT w1=5965
SELECT w2=6803
BUSY TASK ewma=997
DMA IRQ c0=2
DMA IRQ c1=0
DMA IRQ c2=0
DMA IRQ c3=0
SELECT busy=11762
SELECT w0=11736
SELECT w1=5978
SELECT w2=6817
BUSY TASK ewma=997
DMA IRQ c0=2
DMA IRQ c1=0
DMA IRQ c2=0
DMA IRQ c3=0
SELECT busy=11781
SELECT w0=11754
SELECT w1=5986
SELECT w2=6824
BUSY TASK ewma=997
DMA IRQ c0=2
DMA IRQ c1=0
DMA IRQ c2=0
DMA IRQ c3=0
SELECT busy=11800
SELECT w0=11773
SELECT w1=5993
SELECT w2=6833
BUSY TASK ewma=997
DMA IRQ c0=2
DMA IRQ c1=0
DMA IRQ c2=0
DMA IRQ c3=0
SELECT busy=11817
SELECT w0=11790
SELECT w1=5999
SELECT w2=6842
BUSY TASK ewma=997
DMA IRQ c0=2
DMA IRQ c1=0
DMA IRQ c2=0
DMA IRQ c3=0
SELECT busy=11836
SELECT w0=11809
SELECT w1=6007
SELECT w2=6852
BUSY TASK ewma=997
DMA IRQ c0=2
DMA IRQ c1=0
DMA IRQ c2=0
DMA IRQ c3=0
SELECT busy=11860
SELECT w0=11833
SELECT w1=6017
SELECT w2=6865
BUSY TASK ewma=997
DMA IRQ c0=2
DMA IRQ c1=0
DMA IRQ c2=0
DMA IRQ c3=0
SELECT busy=11884
SELECT w0=11858
SELECT w1=6027
SELECT w2=6877
BUSY TASK ewma=997
DMA IRQ c0=2
DMA IRQ c1=0
DMA IRQ c2=0
DMA IRQ c3=0
SELECT busy=11905
SELECT w0=11878
SELECT w1=6035
SELECT w2=6888
BUSY TASK ewma=997
DMA IRQ c0=2
DMA IRQ c1=0
DMA IRQ c2=0
DMA IRQ c3=0
SELECT busy=11933
SELECT w0=11908
SELECT w1=6054
SELECT w2=6907
BUSY TASK ewma=997
DMA IRQ c0=2
DMA IRQ c1=0
DMA IRQ c2=0
DMA IRQ c3=0
SELECT busy=11955
SELECT w0=11929
SELECT w1=6062
SELECT w2=6917
BUSY TASK ewma=997
DMA IRQ c0=2
DMA IRQ c1=0
DMA IRQ c2=0
DMA IRQ c3=0
SELECT busy=11975
SELECT w0=11949
SELECT w1=6070
SELECT w2=6926
BUSY TASK ewma=997
DMA IRQ c0=2
DMA IRQ c1=0
DMA IRQ c2=0
DMA IRQ c3=0
SELECT busy=11998
SELECT w0=11971
SELECT w1=6080
SELECT w2=6938
BUSY TASK ewma=997
DMA IRQ c0=2
DMA IRQ c1=0
DMA IRQ c2=0
DMA IRQ c3=0
SELECT busy=12015
SELECT w0=11989
SELECT w1=6087
SELECT w2=6946
BUSY TASK ewma=997
DMA IRQ c0=2
DMA IRQ c1=0
DMA IRQ c2=0
DMA IRQ c3=0
SELECT busy=12034
SELECT w0=12008
SELECT w1=6095
SELECT w2=6956
BUSY TASK ewma=997
DMA IRQ c0=2
DMA IRQ c1=0
DMA IRQ c2=0
DMA IRQ c3=0
SELECT busy=12053
SELECT w0=12026
SELECT w1=6101
SELECT w2=6963
BUSY TASK ewma=997
DMA IRQ c0=2
DMA IRQ c1=0
DMA IRQ c2=0
DMA IRQ c3=0
SELECT busy=12072
SELECT w0=12045
SELECT w1=6107
SELECT w2=6971
BUSY TASK ewma=997
DMA IRQ c0=2
DMA IRQ c1=0
DMA IRQ c2=0
DMA IRQ c3=0
SELECT busy=12090
SELECT w0=12064
SELECT w1=6115
SELECT w2=6980
BUSY TASK ewma=997
DMA IRQ c0=2
DMA IRQ c1=0
DMA IRQ c2=0
DMA IRQ c3=0
SELECT busy=12109
SELECT w0=12082
SELECT w1=6120
SELECT w2=6988
BUSY TASK ewma=997
DMA IRQ c0=2
DMA IRQ c1=0
DMA IRQ c2=0
DMA IRQ c3=0
SELECT busy=12122
SELECT w0=12096
SELECT w1=6128
SELECT w2=6996
BUSY TASK ewma=997
DMA IRQ c0=2
DMA IRQ c1=0
DMA IRQ c2=0
DMA IRQ c3=0
SELECT busy=12141
SELECT w0=12115
SELECT w1=6141
SELECT w2=7010
BUSY TASK ewma=997
DMA IRQ c0=2
DMA IRQ c1=0
DMA IRQ c2=0
DMA IRQ c3=0
SELECT busy=12168
SELECT w0=12142
SELECT w1=6155
SELECT w2=7026
BUSY TASK ewma=997
DMA IRQ c0=2
DMA IRQ c1=0
DMA IRQ c2=0
DMA IRQ c3=0
SELECT busy=12188
SELECT w0=12161
SELECT w1=6162
SELECT w2=7035
BUSY TASK ewma=997
DMA IRQ c0=2
DMA IRQ c1=0
DMA IRQ c2=0
DMA IRQ c3=0
SELECT busy=12213
SELECT w0=12186
SELECT w1=6173
SELECT w2=7051
BUSY TASK ewma=997
DMA IRQ c0=2
DMA IRQ c1=0
DMA IRQ c2=0
DMA IRQ c3=0
SELECT busy=12242
SELECT w0=12216
SELECT w1=6185
SELECT w2=7066
BUSY TASK ewma=997
DMA IRQ c0=2
DMA IRQ c1=0
DMA IRQ c2=0
DMA IRQ c3=0
SELECT busy=12270
SELECT w0=12244
SELECT w1=6197
SELECT w2=7082
BUSY TASK ewma=997
DMA IRQ c0=2
DMA IRQ c1=0
DMA IRQ c2=0
DMA IRQ c3=0
SELECT busy=12286
SELECT w0=12260
SELECT w1=6204
SELECT w2=7090
BUSY TASK ewma=997
DMA IRQ c0=2
DMA IRQ c1=0
DMA IRQ c2=0
DMA IRQ c3=0
SELECT busy=12301
SELECT w0=12275
SELECT w1=6211
SELECT w2=7099
BUSY TASK ewma=997
DMA IRQ c0=2
DMA IRQ c1=0
DMA IRQ c2=0
DMA IRQ c3=0
SELECT busy=12318
SELECT w0=12292
SELECT w1=6219
SELECT w2=7110
BUSY TASK ewma=997
IRQ counts: cpu0=24634 cpu1=28068 cpu2=27717 cpu3=28136
SCHED secondaries: calls=83927 unexpected=0
SECTEST switches=83906 cpu1=288836353,280008342 cpu2=242302380,237720973 cpu3=351693959,336449485
PINGPONG rounds=2000 pongs=2000
DMA IRQ c0=2
DMA IRQ c1=0
DMA IRQ c2=0
DMA IRQ c3=0
SELECT busy=12344
SELECT w0=12318
SELECT w1=6231
SELECT w2=7127
BUSY TASK ewma=997
DMA IRQ c0=2
DMA IRQ c1=0
DMA IRQ c2=0
DMA IRQ c3=0
SELECT busy=12363
SELECT w0=12337
SELECT w1=6240
SELECT w2=7139
BUSY TASK ewma=997
DMA IRQ c0=2
DMA IRQ c1=0
DMA IRQ c2=0
DMA IRQ c3=0
SELECT busy=12390
SELECT w0=12363
SELECT w1=6253
SELECT w2=7156
BUSY TASK ewma=997
DMA IRQ c0=2
DMA IRQ c1=0
DMA IRQ c2=0
DMA IRQ c3=0
SELECT busy=12417
SELECT w0=12391
SELECT w1=6266
SELECT w2=7172
BUSY TASK ewma=997
DMA IRQ c0=2
DMA IRQ c1=0
DMA IRQ c2=0
DMA IRQ c3=0
SELECT busy=12446
SELECT w0=12420
SELECT w1=6280
SELECT w2=7186
BUSY TASK ewma=997
DMA IRQ c0=2
DMA IRQ c1=0
DMA IRQ c2=0
DMA IRQ c3=0
SELECT busy=12477
SELECT w0=12450
SELECT w1=6290
SELECT w2=7201
BUSY TASK ewma=997
DMA IRQ c0=2
DMA IRQ c1=0
DMA IRQ c2=0
DMA IRQ c3=0
SELECT busy=12493
SELECT w0=12466
SELECT w1=6299
SELECT w2=7210
BUSY TASK ewma=997
DMA IRQ c0=2
DMA IRQ c1=0
DMA IRQ c2=0
DMA IRQ c3=0
SELECT busy=12509
SELECT w0=12482
SELECT w1=6305
SELECT w2=7219
BUSY TASK ewma=997
DMA IRQ c0=2
DMA IRQ c1=0
DMA IRQ c2=0
DMA IRQ c3=0
SELECT busy=12526
SELECT w0=12499
SELECT w1=6312
SELECT w2=7227
BUSY TASK ewma=997
DMA IRQ c0=2
DMA IRQ c1=0
DMA IRQ c2=0
DMA IRQ c3=0
SELECT busy=12549
SELECT w0=12522
SELECT w1=6320
SELECT w2=7238
BUSY TASK ewma=997
DMA IRQ c0=2
DMA IRQ c1=0
DMA IRQ c2=0
DMA IRQ c3=0
SELECT busy=12587
SELECT w0=12561
SELECT w1=6338
SELECT w2=7262
BUSY TASK ewma=997
DMA IRQ c0=2
DMA IRQ c1=0
DMA IRQ c2=0
DMA IRQ c3=0
SELECT busy=12619
SELECT w0=12593
SELECT w1=6355
SELECT w2=7282
BUSY TASK ewma=997
DMA IRQ c0=2
DMA IRQ c1=0
DMA IRQ c2=0
DMA IRQ c3=0
SELECT busy=12637
SELECT w0=12611
SELECT w1=6363
SELECT w2=7291
BUSY TASK ewma=997
DMA IRQ c0=2
DMA IRQ c1=0
DMA IRQ c2=0
DMA IRQ c3=0
SELECT busy=12652
SELECT w0=12625
SELECT w1=6369
SELECT w2=7300
BUSY TASK ewma=997
DMA IRQ c0=2
DMA IRQ c1=0
DMA IRQ c2=0
DMA IRQ c3=0
SELECT busy=12665
SELECT w0=12638
SELECT w1=6375
SELECT w2=7307
BUSY TASK ewma=997
DMA IRQ c0=2
DMA IRQ c1=0
DMA IRQ c2=0
DMA IRQ c3=0
SELECT busy=12680
SELECT w0=12654
SELECT w1=6382
SELECT w2=7318
BUSY TASK ewma=997
DMA IRQ c0=2
DMA IRQ c1=0
DMA IRQ c2=0
DMA IRQ c3=0
SELECT busy=12700
SELECT w0=12673
SELECT w1=6390
SELECT w2=7327
BUSY TASK ewma=997
DMA IRQ c0=2
DMA IRQ c1=0
DMA IRQ c2=0
DMA IRQ c3=0
SELECT busy=12722
SELECT w0=12696
SELECT w1=6401
SELECT w2=7341
BUSY TASK ewma=997
DMA IRQ c0=2
DMA IRQ c1=0
DMA IRQ c2=0
DMA IRQ c3=0
SELECT busy=12761
SELECT w0=12735
SELECT w1=6416
SELECT w2=7361
BUSY TASK ewma=997
DMA IRQ c0=2
DMA IRQ c1=0
DMA IRQ c2=0
DMA IRQ c3=0
SELECT busy=12798
SELECT w0=12771
SELECT w1=6431
SELECT w2=7380
BUSY TASK ewma=997
DMA IRQ c0=2
DMA IRQ c1=0
DMA IRQ c2=0
DMA IRQ c3=0
SELECT busy=12828
SELECT w0=12802
SELECT w1=6446
SELECT w2=7397
BUSY TASK ewma=997
DMA IRQ c0=2
DMA IRQ c1=0
DMA IRQ c2=0
DMA IRQ c3=0
SELECT busy=12868
SELECT w0=12843
SELECT w1=6468
SELECT w2=7418
BUSY TASK ewma=997
DMA IRQ c0=2
DMA IRQ c1=0
DMA IRQ c2=0
DMA IRQ c3=0
SELECT busy=12911
SELECT w0=12885
SELECT w1=6486
SELECT w2=7442
BUSY TASK ewma=997
DMA IRQ c0=2
DMA IRQ c1=0
DMA IRQ c2=0
DMA IRQ c3=0
SELECT busy=12928
SELECT w0=12903
SELECT w1=6496
SELECT w2=7454
BUSY TASK ewma=997
DMA IRQ c0=2
DMA IRQ c1=0
DMA IRQ c2=0
DMA IRQ c3=0
SELECT busy=12960
SELECT w0=12934
SELECT w1=6513
SELECT w2=7470
BUSY TASK ewma=997
DMA IRQ c0=2
DMA IRQ c1=0
DMA IRQ c2=0
DMA IRQ c3=0
SELECT busy=12979
SELECT w0=12953
SELECT w1=6524
SELECT w2=7482
BUSY TASK ewma=997
DMA IRQ c0=2
DMA IRQ c1=0
DMA IRQ c2=0
DMA IRQ c3=0
SELECT busy=12996
SELECT w0=12970
SELECT w1=6532
SELECT w2=7490
BUSY TASK ewma=997
DMA IRQ c0=2
DMA IRQ c1=0
DMA IRQ c2=0
DMA IRQ c3=0
SELECT busy=13012
SELECT w0=12985
SELECT w1=6541
SELECT w2=7501
BUSY TASK ewma=997
DMA IRQ c0=2
DMA IRQ c1=0
DMA IRQ c2=0
DMA IRQ c3=0
SELECT busy=13027
SELECT w0=13001
SELECT w1=6549
SELECT w2=7510
BUSY TASK ewma=997
DMA IRQ c0=2
DMA IRQ c1=0
DMA IRQ c2=0
DMA IRQ c3=0
SELECT busy=13047
SELECT w0=13020
SELECT w1=6558
SELECT w2=7521
BUSY TASK ewma=997
DMA IRQ c0=2
DMA IRQ c1=0
DMA IRQ c2=0
DMA IRQ c3=0
SELECT busy=13062
SELECT w0=13036
SELECT w1=6566
SELECT w2=7532
BUSY TASK ewma=997
DMA IRQ c0=2
DMA IRQ c1=0
DMA IRQ c2=0
DMA IRQ c3=0
SELECT busy=13080
SELECT w0=13053
SELECT w1=6575
SELECT w2=7543
BUSY TASK ewma=997
DMA IRQ c0=2
DMA IRQ c1=0
DMA IRQ c2=0
DMA IRQ c3=0
SELECT busy=13098
SELECT w0=13071
SELECT w1=6583
SELECT w2=7554
BUSY TASK ewma=997
DMA IRQ c0=2
DMA IRQ c1=0
DMA IRQ c2=0
DMA IRQ c3=0
SELECT busy=13119
SELECT w0=13093
SELECT w1=6591
SELECT w2=7563
BUSY TASK ewma=997
DMA IRQ c0=2
DMA IRQ c1=0
DMA IRQ c2=0
DMA IRQ c3=0
SELECT busy=13141
SELECT w0=13115
SELECT w1=6602
SELECT w2=7577
BUSY TASK ewma=997
DMA IRQ c0=2
DMA IRQ c1=0
DMA IRQ c2=0
DMA IRQ c3=0
SELECT busy=13155
SELECT w0=13128
SELECT w1=6608
SELECT w2=7586
BUSY TASK ewma=997
DMA IRQ c0=2
DMA IRQ c1=0
DMA IRQ c2=0
DMA IRQ c3=0
SELECT busy=13177
SELECT w0=13150
SELECT w1=6618
SELECT w2=7599
BUSY TASK ewma=997
DMA IRQ c0=2
DMA IRQ c1=0
DMA IRQ c2=0
DMA IRQ c3=0
SELECT busy=13203
SELECT w0=13176
SELECT w1=6629
SELECT w2=7613
BUSY TASK ewma=997
DMA IRQ c0=2
DMA IRQ c1=0
DMA IRQ c2=0
DMA IRQ c3=0
SELECT busy=13226
SELECT w0=13200
SELECT w1=6640
SELECT w2=7632
BUSY TASK ewma=997
DMA IRQ c0=2
DMA IRQ c1=0
DMA IRQ c2=0
DMA IRQ c3=0
SELECT busy=13249
SELECT w0=13222
SELECT w1=6649
SELECT w2=7646
BUSY TASK ewma=997
DMA IRQ c0=2
DMA IRQ c1=0
DMA IRQ c2=0
DMA IRQ c3=0
SELECT busy=13268
SELECT w0=13241
SELECT w1=6657
SELECT w2=7656
BUSY TASK ewma=997
DMA IRQ c0=2
DMA IRQ c1=0
DMA IRQ c2=0
DMA IRQ c3=0
SELECT busy=13287
SELECT w0=13261
SELECT w1=6667
SELECT w2=7670
BUSY TASK ewma=997
DMA IRQ c0=2
DMA IRQ c1=0
DMA IRQ c2=0
DMA IRQ c3=0
SELECT busy=13308
SELECT w0=13282
SELECT w1=6680
SELECT w2=7685
BUSY TASK ewma=997
DMA IRQ c0=2
DMA IRQ c1=0
DMA IRQ c2=0
DMA IRQ c3=0
SELECT busy=13330
SELECT w0=13304
SELECT w1=6693
SELECT w2=7701
BUSY TASK ewma=997
DMA IRQ c0=2
DMA IRQ c1=0
DMA IRQ c2=0
DMA IRQ c3=0
SELECT busy=13347
SELECT w0=13322
SELECT w1=6706
SELECT w2=7713
BUSY TASK ewma=997
DMA IRQ c0=2
DMA IRQ c1=0
DMA IRQ c2=0
DMA IRQ c3=0
SELECT busy=13368
SELECT w0=13341
SELECT w1=6715
SELECT w2=7722
BUSY TASK ewma=997
DMA IRQ c0=2
DMA IRQ c1=0
DMA IRQ c2=0
DMA IRQ c3=0
SELECT busy=13384
SELECT w0=13357
SELECT w1=6722
SELECT w2=7731
BUSY TASK ewma=997
DMA IRQ c0=2
DMA IRQ c1=0
DMA IRQ c2=0
DMA IRQ c3=0
SELECT busy=13408
SELECT w0=13382
SELECT w1=6731
SELECT w2=7743
BUSY TASK ewma=997
DMA IRQ c0=2
DMA IRQ c1=0
DMA IRQ c2=0
DMA IRQ c3=0
SELECT busy=13427
SELECT w0=13400
SELECT w1=6740
SELECT w2=7752
BUSY TASK ewma=997
DMA IRQ c0=2
DMA IRQ c1=0
DMA IRQ c2=0
DMA IRQ c3=0
SELECT busy=13446
SELECT w0=13420
SELECT w1=6748
SELECT w2=7764
BUSY TASK ewma=997
DMA IRQ c0=2
DMA IRQ c1=0
DMA IRQ c2=0
DMA IRQ c3=0
SELECT busy=13466
SELECT w0=13439
SELECT w1=6754
SELECT w2=7771
BUSY TASK ewma=997
DMA IRQ c0=2
DMA IRQ c1=0
DMA IRQ c2=0
DMA IRQ c3=0
SELECT busy=13484
SELECT w0=13457
SELECT w1=6760
SELECT w2=7778
BUSY TASK ewma=997
DMA IRQ c0=2
DMA IRQ c1=0
DMA IRQ c2=0
DMA IRQ c3=0
SELECT busy=13501
SELECT w0=13476
SELECT w1=6769
SELECT w2=7794
BUSY TASK ewma=997
DMA IRQ c0=2
DMA IRQ c1=0
DMA IRQ c2=0
DMA IRQ c3=0
SELECT busy=13522
SELECT w0=13496
SELECT w1=6776
SELECT w2=7801
BUSY TASK ewma=997
DMA IRQ c0=2
DMA IRQ c1=0
DMA IRQ c2=0
DMA IRQ c3=0
SELECT busy=13540
SELECT w0=13513
SELECT w1=6782
SELECT w2=7808
BUSY TASK ewma=997
DMA IRQ c0=2
DMA IRQ c1=0
DMA IRQ c2=0
DMA IRQ c3=0
SELECT busy=13561
SELECT w0=13534
SELECT w1=6788
SELECT w2=7815
BUSY TASK ewma=997
DMA IRQ c0=2
DMA IRQ c1=0
DMA IRQ c2=0
DMA IRQ c3=0
SELECT busy=13582
SELECT w0=13555
SELECT w1=6795
SELECT w2=7823
BUSY TASK ewma=997
DMA IRQ c0=2
DMA IRQ c1=0
DMA IRQ c2=0
DMA IRQ c3=0
SELECT busy=13602
SELECT w0=13575
SELECT w1=6800
SELECT w2=7830
BUSY TASK ewma=997
DMA IRQ c0=2
DMA IRQ c1=0
DMA IRQ c2=0
DMA IRQ c3=0
SELECT busy=13621
SELECT w0=13594
SELECT w1=6805
SELECT w2=7836
BUSY TASK ewma=997
DMA IRQ c0=2
DMA IRQ c1=0
DMA IRQ c2=0
DMA IRQ c3=0
SELECT busy=13641
SELECT w0=13615
SELECT w1=6812
SELECT w2=7845
BUSY TASK ewma=997
DMA IRQ c0=2
DMA IRQ c1=0
DMA IRQ c2=0
DMA IRQ c3=0
SELECT busy=13660
SELECT w0=13633
SELECT w1=6817
SELECT w2=7851
BUSY TASK ewma=997
DMA IRQ c0=2
DMA IRQ c1=0
DMA IRQ c2=0
DMA IRQ c3=0
SELECT busy=13680
SELECT w0=13653
SELECT w1=6824
SELECT w2=7859
BUSY TASK ewma=997
DMA IRQ c0=2
DMA IRQ c1=0
DMA IRQ c2=0
DMA IRQ c3=0
SELECT busy=13700
SELECT w0=13674
SELECT w1=6830
SELECT w2=7866
BUSY TASK ewma=997
DMA IRQ c0=2
DMA IRQ c1=0
DMA IRQ c2=0
DMA IRQ c3=0
SELECT busy=13724
SELECT w0=13697
SELECT w1=6840
SELECT w2=7882
BUSY TASK ewma=997
IRQ counts: cpu0=27462 cpu1=31197 cpu2=30819 cpu3=31234
SCHED secondaries: calls=93254 unexpected=0
SECTEST switches=93218 cpu1=317746946,308740204 cpu2=268123806,263094723 cpu3=389857889,372499522
PINGPONG rounds=2000 pongs=2000
DMA IRQ c0=2
DMA IRQ c1=0
DMA IRQ c2=0
DMA IRQ c3=0
SELECT busy=13753
SELECT w0=13727
SELECT w1=6853
SELECT w2=7896
BUSY TASK ewma=997
DMA IRQ c0=2
DMA IRQ c1=0
DMA IRQ c2=0
DMA IRQ c3=0
SELECT busy=13773
SELECT w0=13746
SELECT w1=6859
SELECT w2=7904
BUSY TASK ewma=997
DMA IRQ c0=2
DMA IRQ c1=0
DMA IRQ c2=0
DMA IRQ c3=0
SELECT busy=13792
SELECT w0=13765
SELECT w1=6867
SELECT w2=7916
BUSY TASK ewma=997
DMA IRQ c0=2
DMA IRQ c1=0
DMA IRQ c2=0
DMA IRQ c3=0
SELECT busy=13811
SELECT w0=13785
SELECT w1=6878
SELECT w2=7933
BUSY TASK ewma=997
DMA IRQ c0=2
DMA IRQ c1=0
DMA IRQ c2=0
DMA IRQ c3=0
SELECT busy=13833
SELECT w0=13806
SELECT w1=6887
SELECT w2=7946
BUSY TASK ewma=997
DMA IRQ c0=2
DMA IRQ c1=0
DMA IRQ c2=0
DMA IRQ c3=0
SELECT busy=13851
SELECT w0=13824
SELECT w1=6893
SELECT w2=7954
BUSY TASK ewma=997
DMA IRQ c0=2
DMA IRQ c1=0
DMA IRQ c2=0
DMA IRQ c3=0
SELECT busy=13869
SELECT w0=13843
SELECT w1=6901
SELECT w2=7964
BUSY TASK ewma=997
DMA IRQ c0=2
DMA IRQ c1=0
DMA IRQ c2=0
DMA IRQ c3=0
SELECT busy=13893
SELECT w0=13866
SELECT w1=6910
SELECT w2=7974
BUSY TASK ewma=997
DMA IRQ c0=2
DMA IRQ c1=0
DMA IRQ c2=0
DMA IRQ c3=0
SELECT busy=13909
SELECT w0=13883
SELECT w1=6917
SELECT w2=7982
BUSY TASK ewma=997
DMA IRQ c0=2
DMA IRQ c1=0
DMA IRQ c2=0
DMA IRQ c3=0
SELECT busy=13929
SELECT w0=13902
SELECT w1=6924
SELECT w2=7992
BUSY TASK ewma=997
DMA IRQ c0=2
DMA IRQ c1=0
DMA IRQ c2=0
DMA IRQ c3=0
SELECT busy=13953
SELECT w0=13927
SELECT w1=6939
SELECT w2=8007
BUSY TASK ewma=997
DMA IRQ c0=2
DMA IRQ c1=0
DMA IRQ c2=0
DMA IRQ c3=0
SELECT busy=13970
SELECT w0=13944
SELECT w1=6948
SELECT w2=8016
BUSY TASK ewma=997
DMA IRQ c0=2
DMA IRQ c1=0
DMA IRQ c2=0
DMA IRQ c3=0
SELECT busy=13987
SELECT w0=13961
SELECT w1=6955
SELECT w2=8023
BUSY TASK ewma=997
DMA IRQ c0=2
DMA IRQ c1=0
DMA IRQ c2=0
DMA IRQ c3=0
SELECT busy=14007
SELECT w0=13981
SELECT w1=6965
SELECT w2=8034
BUSY TASK ewma=997
DMA IRQ c0=2
DMA IRQ c1=0
DMA IRQ c2=0
DMA IRQ c3=0
SELECT busy=14023
SELECT w0=13997
SELECT w1=6975
SELECT w2=8045
BUSY TASK ewma=997
DMA IRQ c0=2
DMA IRQ c1=0
DMA IRQ c2=0
DMA IRQ c3=0
SELECT busy=14039
SELECT w0=14012
SELECT w1=6983
SELECT w2=8055
BUSY TASK ewma=997
DMA IRQ c0=2
DMA IRQ c1=0
DMA IRQ c2=0
DMA IRQ c3=0
SELECT busy=14058
SELECT w0=14031
SELECT w1=6991
SELECT w2=8065
BUSY TASK ewma=997
DMA IRQ c0=2
DMA IRQ c1=0
DMA IRQ c2=0
DMA IRQ c3=0
SELECT busy=14080
SELECT w0=14054
SELECT w1=7003
SELECT w2=8078
BUSY TASK ewma=997
DMA IRQ c0=2
DMA IRQ c1=0
DMA IRQ c2=0
DMA IRQ c3=0
SELECT busy=14103
SELECT w0=14077
SELECT w1=7012
SELECT w2=8089
BUSY TASK ewma=997
DMA IRQ c0=2
DMA IRQ c1=0
DMA IRQ c2=0
DMA IRQ c3=0
SELECT busy=14127
SELECT w0=14101
SELECT w1=7027
SELECT w2=8104
BUSY TASK ewma=997
DMA IRQ c0=2
DMA IRQ c1=0
DMA IRQ c2=0
DMA IRQ c3=0
SELECT busy=14144
SELECT w0=14118
SELECT w1=7040
SELECT w2=8117
BUSY TASK ewma=997
DMA IRQ c0=2
DMA IRQ c1=0
DMA IRQ c2=0
DMA IRQ c3=0
SELECT busy=14165
SELECT w0=14138
SELECT w1=7048
SELECT w2=8127
BUSY TASK ewma=997
DMA IRQ c0=2
DMA IRQ c1=0
DMA IRQ c2=0
DMA IRQ c3=0
SELECT busy=14183
SELECT w0=14157
SELECT w1=7060
SELECT w2=8139
BUSY TASK ewma=997
DMA IRQ c0=2
DMA IRQ c1=0
DMA IRQ c2=0
DMA IRQ c3=0
SELECT busy=14201
SELECT w0=14174
SELECT w1=7069
SELECT w2=8148
BUSY TASK ewma=997
DMA IRQ c0=2
DMA IRQ c1=0
DMA IRQ c2=0
DMA IRQ c3=0
SELECT busy=14223
SELECT w0=14197
SELECT w1=7082
SELECT w2=8161
BUSY TASK ewma=997
DMA IRQ c0=2
DMA IRQ c1=0
DMA IRQ c2=0
DMA IRQ c3=0
SELECT busy=14241
SELECT w0=14215
SELECT w1=7091
SELECT w2=8173
BUSY TASK ewma=997
DMA IRQ c0=2
DMA IRQ c1=0
DMA IRQ c2=0
DMA IRQ c3=0
SELECT busy=14263
SELECT w0=14237
SELECT w1=7101
SELECT w2=8186
BUSY TASK ewma=997
DMA IRQ c0=2
DMA IRQ c1=0
DMA IRQ c2=0
DMA IRQ c3=0
SELECT busy=14281
SELECT w0=14254
SELECT w1=7109
SELECT w2=8195
BUSY TASK ewma=997
DMA IRQ c0=2
DMA IRQ c1=0
DMA IRQ c2=0
DMA IRQ c3=0
SELECT busy=14299
SELECT w0=14272
SELECT w1=7116
SELECT w2=8205
BUSY TASK ewma=997
DMA IRQ c0=2
DMA IRQ c1=0
DMA IRQ c2=0
DMA IRQ c3=0
SELECT busy=14313
SELECT w0=14288
SELECT w1=7122
SELECT w2=8213
BUSY TASK ewma=997
DMA IRQ c0=2
DMA IRQ c1=0
DMA IRQ c2=0
DMA IRQ c3=0
SELECT busy=14327
SELECT w0=14301
SELECT w1=7129
SELECT w2=8221
BUSY TASK ewma=997
DMA IRQ c0=2
DMA IRQ c1=0
DMA IRQ c2=0
DMA IRQ c3=0
SELECT busy=14346
SELECT w0=14319
SELECT w1=7136
SELECT w2=8230
BUSY TASK ewma=997
DMA IRQ c0=2
DMA IRQ c1=0
DMA IRQ c2=0
DMA IRQ c3=0
SELECT busy=14356
SELECT w0=14331
SELECT w1=7145
SELECT w2=8239
BUSY TASK ewma=997
DMA IRQ c0=2
DMA IRQ c1=0
DMA IRQ c2=0
DMA IRQ c3=0
SELECT busy=14381
SELECT w0=14354
SELECT w1=7156
SELECT w2=8250
BUSY TASK ewma=997
DMA IRQ c0=2
DMA IRQ c1=0
DMA IRQ c2=0
DMA IRQ c3=0
SELECT busy=14401
SELECT w0=14375
SELECT w1=7164
SELECT w2=8260
BUSY TASK ewma=997
DMA IRQ c0=2
DMA IRQ c1=0
DMA IRQ c2=0
DMA IRQ c3=0
SELECT busy=14418
SELECT w0=14391
SELECT w1=7173
SELECT w2=8270
BUSY TASK ewma=997
DMA IRQ c0=2
DMA IRQ c1=0
DMA IRQ c2=0
DMA IRQ c3=0
SELECT busy=14433
SELECT w0=14407
SELECT w1=7180
SELECT w2=8278
BUSY TASK ewma=997
DMA IRQ c0=2
DMA IRQ c1=0
DMA IRQ c2=0
DMA IRQ c3=0
SELECT busy=14452
SELECT w0=14425
SELECT w1=7184
SELECT w2=8285
BUSY TASK ewma=997
DMA IRQ c0=2
DMA IRQ c1=0
DMA IRQ c2=0
DMA IRQ c3=0
SELECT busy=14475
SELECT w0=14448
SELECT w1=7193
SELECT w2=8296
BUSY TASK ewma=997
DMA IRQ c0=2
DMA IRQ c1=0
DMA IRQ c2=0
DMA IRQ c3=0
SELECT busy=14493
SELECT w0=14466
SELECT w1=7198
SELECT w2=8303
BUSY TASK ewma=997
DMA IRQ c0=2
DMA IRQ c1=0
DMA IRQ c2=0
DMA IRQ c3=0
SELECT busy=14511
SELECT w0=14485
SELECT w1=7207
SELECT w2=8314
BUSY TASK ewma=997
DMA IRQ c0=2
DMA IRQ c1=0
DMA IRQ c2=0
DMA IRQ c3=0
SELECT busy=14532
SELECT w0=14506
SELECT w1=7220
SELECT w2=8328
BUSY TASK ewma=997
DMA IRQ c0=2
DMA IRQ c1=0
DMA IRQ c2=0
DMA IRQ c3=0
SELECT busy=14555
SELECT w0=14528
SELECT w1=7228
SELECT w2=8339
BUSY TASK ewma=997
DMA IRQ c0=2
DMA IRQ c1=0
DMA IRQ c2=0
DMA IRQ c3=0
SELECT busy=14573
SELECT w0=14546
SELECT w1=7235
SELECT w2=8347
BUSY TASK ewma=997
DMA IRQ c0=2
DMA IRQ c1=0
DMA IRQ c2=0
DMA IRQ c3=0
SELECT busy=14589
SELECT w0=14562
SELECT w1=7245
SELECT w2=8356
BUSY TASK ewma=997
DMA IRQ c0=2
DMA IRQ c1=0
DMA IRQ c2=0
DMA IRQ c3=0
SELECT busy=14606
SELECT w0=14579
SELECT w1=7253
SELECT w2=8364
BUSY TASK ewma=997
DMA IRQ c0=2
DMA IRQ c1=0
DMA IRQ c2=0
DMA IRQ c3=0
SELECT busy=14621
SELECT w0=14594
SELECT w1=7258
SELECT w2=8371
BUSY TASK ewma=997
DMA IRQ c0=2
DMA IRQ c1=0
DMA IRQ c2=0
DMA IRQ c3=0
SELECT busy=14642
SELECT w0=14615
SELECT w1=7272
SELECT w2=8385
BUSY TASK ewma=997
DMA IRQ c0=2
DMA IRQ c1=0
DMA IRQ c2=0
DMA IRQ c3=0
SELECT busy=14659
SELECT w0=14633
SELECT w1=7283
SELECT w2=8399
BUSY TASK ewma=997
DMA IRQ c0=2
DMA IRQ c1=0
DMA IRQ c2=0
DMA IRQ c3=0
SELECT busy=14684
SELECT w0=14658
SELECT w1=7293
SELECT w2=8410
BUSY TASK ewma=997
DMA IRQ c0=2
DMA IRQ c1=0
DMA IRQ c2=0
DMA IRQ c3=0
SELECT busy=14703
SELECT w0=14677
SELECT w1=7307
SELECT w2=8426
BUSY TASK ewma=997
DMA IRQ c0=2
DMA IRQ c1=0
DMA IRQ c2=0
DMA IRQ c3=0
SELECT busy=14724
SELECT w0=14698
SELECT w1=7317
SELECT w2=8439
BUSY TASK ewma=997
DMA IRQ c0=2
DMA IRQ c1=0
DMA IRQ c2=0
DMA IRQ c3=0
SELECT busy=14742
SELECT w0=14716
SELECT w1=7325
SELECT w2=8450
BUSY TASK ewma=997
DMA IRQ c0=2
DMA IRQ c1=0
DMA IRQ c2=0
DMA IRQ c3=0
SELECT busy=14760
SELECT w0=14734
SELECT w1=7332
SELECT w2=8459
BUSY TASK ewma=997
DMA IRQ c0=2
DMA IRQ c1=0
DMA IRQ c2=0
DMA IRQ c3=0
SELECT busy=14784
SELECT w0=14758
SELECT w1=7341
SELECT w2=8470
BUSY TASK ewma=997
DMA IRQ c0=2
DMA IRQ c1=0
DMA IRQ c2=0
DMA IRQ c3=0
SELECT busy=14804
SELECT w0=14778
SELECT w1=7353
SELECT w2=8486
BUSY TASK ewma=997
DMA IRQ c0=2
DMA IRQ c1=0
DMA IRQ c2=0
DMA IRQ c3=0
SELECT busy=14836
SELECT w0=14810
SELECT w1=7365
SELECT w2=8506
BUSY TASK ewma=997
DMA IRQ c0=2
DMA IRQ c1=0
DMA IRQ c2=0
DMA IRQ c3=0
SELECT busy=14858
SELECT w0=14832
SELECT w1=7374
SELECT w2=8520
BUSY TASK ewma=997
DMA IRQ c0=2
DMA IRQ c1=0
DMA IRQ c2=0
DMA IRQ c3=0
SELECT busy=14878
SELECT w0=14852
SELECT w1=7383
SELECT w2=8532
BUSY TASK ewma=997
DMA IRQ c0=2
DMA IRQ c1=0
DMA IRQ c2=0
DMA IRQ c3=0
SELECT busy=14895
SELECT w0=14869
SELECT w1=7394
SELECT w2=8544
BUSY TASK ewma=997
DMA IRQ c0=2
DMA IRQ c1=0
DMA IRQ c2=0
DMA IRQ c3=0
SELECT busy=14916
SELECT w0=14889
SELECT w1=7405
SELECT w2=8552
BUSY TASK ewma=997
DMA IRQ c0=2
DMA IRQ c1=0
DMA IRQ c2=0
DMA IRQ c3=0
SELECT busy=14935
SELECT w0=14909
SELECT w1=7410
SELECT w2=8559
BUSY TASK ewma=997
DMA IRQ c0=2
DMA IRQ c1=0
DMA IRQ c2=0
DMA IRQ c3=0
SELECT busy=14954
SELECT w0=14927
SELECT w1=7416
SELECT w2=8566
BUSY TASK ewma=997
DMA IRQ c0=2
DMA IRQ c1=0
DMA IRQ c2=0
DMA IRQ c3=0
SELECT busy=14978
SELECT w0=14952
SELECT w1=7429
SELECT w2=8585
BUSY TASK ewma=997
IRQ counts: cpu0=29966 cpu1=34136 cpu2=33626 cpu3=33972
SCHED secondaries: calls=101743 unexpected=0
SECTEST switches=101729 cpu1=349365294,338557538 cpu2=297489790,292424293 cpu3=431626054,410970489
PINGPONG rounds=2000 pongs=2000
DMA IRQ c0=2
DMA IRQ c1=0
DMA IRQ c2=0
DMA IRQ c3=0
SELECT busy=15013
SELECT w0=14987
SELECT w1=7449
SELECT w2=8608
BUSY TASK ewma=997
DMA IRQ c0=2
DMA IRQ c1=0
DMA IRQ c2=0
DMA IRQ c3=0
SELECT busy=15031
SELECT w0=15005
SELECT w1=7458
SELECT w2=8619
BUSY TASK ewma=997
DMA IRQ c0=2
DMA IRQ c1=0
DMA IRQ c2=0
DMA IRQ c3=0
SELECT busy=15051
SELECT w0=15025
SELECT w1=7469
SELECT w2=8631
BUSY TASK ewma=997
DMA IRQ c0=2
DMA IRQ c1=0
DMA IRQ c2=0
DMA IRQ c3=0
SELECT busy=15070
SELECT w0=15043
SELECT w1=7480
SELECT w2=8641
BUSY TASK ewma=997
DMA IRQ c0=2
DMA IRQ c1=0
DMA IRQ c2=0
DMA IRQ c3=0
SELECT busy=15089
SELECT w0=15063
SELECT w1=7488
SELECT w2=8652
BUSY TASK ewma=997
DMA IRQ c0=2
DMA IRQ c1=0
DMA IRQ c2=0
DMA IRQ c3=0
SELECT busy=15115
SELECT w0=15088
SELECT w1=7504
SELECT w2=8668
BUSY TASK ewma=997
DMA IRQ c0=2
DMA IRQ c1=0
DMA IRQ c2=0
DMA IRQ c3=0
SELECT busy=15132
SELECT w0=15105
SELECT w1=7512
SELECT w2=8679
BUSY TASK ewma=997
DMA IRQ c0=2
DMA IRQ c1=0
DMA IRQ c2=0
DMA IRQ c3=0
SELECT busy=15153
SELECT w0=15127
SELECT w1=7520
SELECT w2=8691
BUSY TASK ewma=997
DMA IRQ c0=2
DMA IRQ c1=0
DMA IRQ c2=0
DMA IRQ c3=0
SELECT busy=15172
SELECT w0=15146
SELECT w1=7527
SELECT w2=8700
BUSY TASK ewma=997
DMA IRQ c0=2
DMA IRQ c1=0
DMA IRQ c2=0
DMA IRQ c3=0
SELECT busy=15191
SELECT w0=15164
SELECT w1=7531
SELECT w2=8706
BUSY TASK ewma=997
DMA IRQ c0=2
DMA IRQ c1=0
DMA IRQ c2=0
DMA IRQ c3=0
SELECT busy=15210
SELECT w0=15183
SELECT w1=7537
SELECT w2=8715
BUSY TASK ewma=997
DMA IRQ c0=2
DMA IRQ c1=0
DMA IRQ c2=0
DMA IRQ c3=0
SELECT busy=15227
SELECT w0=15201
SELECT w1=7544
SELECT w2=8723
BUSY TASK ewma=997
DMA IRQ c0=2
DMA IRQ c1=0
DMA IRQ c2=0
DMA IRQ c3=0
SELECT busy=15250
SELECT w0=15224
SELECT w1=7554
SELECT w2=8737
BUSY TASK ewma=997
DMA IRQ c0=2
DMA IRQ c1=0
DMA IRQ c2=0
DMA IRQ c3=0
SELECT busy=15270
SELECT w0=15243
SELECT w1=7560
SELECT w2=8745
BUSY TASK ewma=997
DMA IRQ c0=2
DMA IRQ c1=0
DMA IRQ c2=0
DMA IRQ c3=0
SELECT busy=15289
SELECT w0=15263
SELECT w1=7572
SELECT w2=8757
BUSY TASK ewma=997
DMA IRQ c0=2
DMA IRQ c1=0
DMA IRQ c2=0
DMA IRQ c3=0
SELECT busy=15309
SELECT w0=15283
SELECT w1=7581
SELECT w2=8767
BUSY TASK ewma=997
DMA IRQ c0=2
DMA IRQ c1=0
DMA IRQ c2=0
DMA IRQ c3=0
SELECT busy=15332
SELECT w0=15305
SELECT w1=7593
SELECT w2=8781
BUSY TASK ewma=997
DMA IRQ c0=2
DMA IRQ c1=0
DMA IRQ c2=0
DMA IRQ c3=0
SELECT busy=15351
SELECT w0=15325
SELECT w1=7603
SELECT w2=8793
BUSY TASK ewma=997
DMA IRQ c0=2
DMA IRQ c1=0
DMA IRQ c2=0
DMA IRQ c3=0
SELECT busy=15367
SELECT w0=15340
SELECT w1=7610
SELECT w2=8800
BUSY TASK ewma=997
DMA IRQ c0=2
DMA IRQ c1=0
DMA IRQ c2=0
DMA IRQ c3=0
SELECT busy=15385
SELECT w0=15358
SELECT w1=7617
SELECT w2=8810
BUSY TASK ewma=997
DMA IRQ c0=2
DMA IRQ c1=0
DMA IRQ c2=0
DMA IRQ c3=0
SELECT busy=15404
SELECT w0=15378
SELECT w1=7632
SELECT w2=8825
BUSY TASK ewma=997
DMA IRQ c0=2
DMA IRQ c1=0
DMA IRQ c2=0
DMA IRQ c3=0
SELECT busy=15430
SELECT w0=15403
SELECT w1=7645
SELECT w2=8842
BUSY TASK ewma=997
DMA IRQ c0=2
DMA IRQ c1=0
DMA IRQ c2=0
DMA IRQ c3=0
SELECT busy=15449
SELECT w0=15422
SELECT w1=7655
SELECT w2=8854
BUSY TASK ewma=997
DMA IRQ c0=2
DMA IRQ c1=0
DMA IRQ c2=0
DMA IRQ c3=0
SELECT busy=15471
SELECT w0=15444
SELECT w1=7663
SELECT w2=8863
BUSY TASK ewma=997
DMA IRQ c0=2
DMA IRQ c1=0
DMA IRQ c2=0
DMA IRQ c3=0
SELECT busy=15497
SELECT w0=15471
SELECT w1=7678
SELECT w2=8882
BUSY TASK ewma=997
DMA IRQ c0=2
DMA IRQ c1=0
DMA IRQ c2=0
DMA IRQ c3=0
SELECT busy=15519
SELECT w0=15492
SELECT w1=7687
SELECT w2=8893
BUSY TASK ewma=997
DMA IRQ c0=2
DMA IRQ c1=0
DMA IRQ c2=0
DMA IRQ c3=0
SELECT busy=15548
SELECT w0=15522
SELECT w1=7699
SELECT w2=8914
BUSY TASK ewma=997
DMA IRQ c0=2
DMA IRQ c1=0
DMA IRQ c2=0
DMA IRQ c3=0
SELECT busy=15575
SELECT w0=15549
SELECT w1=7708
SELECT w2=8923
BUSY TASK ewma=997
DMA IRQ c0=2
DMA IRQ c1=0
DMA IRQ c2=0
DMA IRQ c3=0
SELECT busy=15602
SELECT w0=15575
SELECT w1=7716
SELECT w2=8935
BUSY TASK ewma=997
DMA IRQ c0=2
DMA IRQ c1=0
DMA IRQ c2=0
DMA IRQ c3=0
SELECT busy=15623
SELECT w0=15596
SELECT w1=7725
SELECT w2=8945
BUSY TASK ewma=997
DMA IRQ c0=2
DMA IRQ c1=0
DMA IRQ c2=0
DMA IRQ c3=0
SELECT busy=15644
SELECT w0=15618
SELECT w1=7733
SELECT w2=8953
BUSY TASK ewma=997
DMA IRQ c0=2
DMA IRQ c1=0
DMA IRQ c2=0
DMA IRQ c3=0
SELECT busy=15663
SELECT w0=15636
SELECT w1=7739
SELECT w2=8961
BUSY TASK ewma=997
DMA IRQ c0=2
DMA IRQ c1=0
DMA IRQ c2=0
DMA IRQ c3=0
SELECT busy=15685
SELECT w0=15659
SELECT w1=7750
SELECT w2=8974
BUSY TASK ewma=997
DMA IRQ c0=2
DMA IRQ c1=0
DMA IRQ c2=0
DMA IRQ c3=0
SELECT busy=15703
SELECT w0=15678
SELECT w1=7759
SELECT w2=8984
BUSY TASK ewma=997
DMA IRQ c0=2
DMA IRQ c1=0
DMA IRQ c2=0
DMA IRQ c3=0
SELECT busy=15726
SELECT w0=15699
SELECT w1=7769
SELECT w2=8997
BUSY TASK ewma=997
DMA IRQ c0=2
DMA IRQ c1=0
DMA IRQ c2=0
DMA IRQ c3=0
SELECT busy=15741
SELECT w0=15714
SELECT w1=7775
SELECT w2=9003
BUSY TASK ewma=997
DMA IRQ c0=2
DMA IRQ c1=0
DMA IRQ c2=0
DMA IRQ c3=0
SELECT busy=15754
SELECT w0=15727
SELECT w1=7780
SELECT w2=9010
BUSY TASK ewma=997
DMA IRQ c0=2
DMA IRQ c1=0
DMA IRQ c2=0
DMA IRQ c3=0
SELECT busy=15773
SELECT w0=15748
SELECT w1=7791
SELECT w2=9024
BUSY TASK ewma=997
DMA IRQ c0=2
DMA IRQ c1=0
DMA IRQ c2=0
DMA IRQ c3=0
SELECT busy=15803
SELECT w0=15777
SELECT w1=7803
SELECT w2=9040
BUSY TASK ewma=997
DMA IRQ c0=2
DMA IRQ c1=0
DMA IRQ c2=0
DMA IRQ c3=0
SELECT busy=15821
SELECT w0=15794
SELECT w1=7811
SELECT w2=9049
BUSY TASK ewma=997
DMA IRQ c0=2
DMA IRQ c1=0
DMA IRQ c2=0
DMA IRQ c3=0
SELECT busy=15845
SELECT w0=15820
SELECT w1=7821
SELECT w2=9064
BUSY TASK ewma=997
DMA IRQ c0=2
DMA IRQ c1=0
DMA IRQ c2=0
DMA IRQ c3=0
SELECT busy=15873
SELECT w0=15847
SELECT w1=7838
SELECT w2=9085
BUSY TASK ewma=997
DMA IRQ c0=2
DMA IRQ c1=0
DMA IRQ c2=0
DMA IRQ c3=0
SELECT busy=15887
SELECT w0=15861
SELECT w1=7846
SELECT w2=9094
BUSY TASK ewma=997
DMA IRQ c0=2
DMA IRQ c1=0
DMA IRQ c2=0
DMA IRQ c3=0
SELECT busy=15912
SELECT w0=15886
SELECT w1=7861
SELECT w2=9108
BUSY TASK ewma=997
DMA IRQ c0=2
DMA IRQ c1=0
DMA IRQ c2=0
DMA IRQ c3=0
SELECT busy=15935
SELECT w0=15908
SELECT w1=7869
SELECT w2=9119
BUSY TASK ewma=997
DMA IRQ c0=2
DMA IRQ c1=0
DMA IRQ c2=0
DMA IRQ c3=0
SELECT busy=15954
SELECT w0=15927
SELECT w1=7878
SELECT w2=9129
BUSY TASK ewma=997
DMA IRQ c0=2
DMA IRQ c1=0
DMA IRQ c2=0
DMA IRQ c3=0
SELECT busy=15977
SELECT w0=15950
SELECT w1=7889
SELECT w2=9143
BUSY TASK ewma=997
DMA IRQ c0=2
DMA IRQ c1=0
DMA IRQ c2=0
DMA IRQ c3=0
SELECT busy=15995
SELECT w0=15969
SELECT w1=7899
SELECT w2=9155
BUSY TASK ewma=997
DMA IRQ c0=2
DMA IRQ c1=0
DMA IRQ c2=0
DMA IRQ c3=0
SELECT busy=16016
SELECT w0=15990
SELECT w1=7908
SELECT w2=9166
BUSY TASK ewma=997
DMA IRQ c0=2
DMA IRQ c1=0
DMA IRQ c2=0
DMA IRQ c3=0
SELECT busy=16036
SELECT w0=16009
SELECT w1=7916
SELECT w2=9176
BUSY TASK ewma=997
DMA IRQ c0=2
DMA IRQ c1=0
DMA IRQ c2=0
DMA IRQ c3=0
SELECT busy=16047
SELECT w0=16020
SELECT w1=7921
SELECT w2=9184
BUSY TASK ewma=997
DMA IRQ c0=2
DMA IRQ c1=0
DMA IRQ c2=0
DMA IRQ c3=0
SELECT busy=16065
SELECT w0=16039
SELECT w1=7929
SELECT w2=9195
BUSY TASK ewma=997
DMA IRQ c0=2
DMA IRQ c1=0
DMA IRQ c2=0
DMA IRQ c3=0
SELECT busy=16086
SELECT w0=16060
SELECT w1=7937
SELECT w2=9206
BUSY TASK ewma=997
DMA IRQ c0=2
DMA IRQ c1=0
DMA IRQ c2=0
DMA IRQ c3=0
SELECT busy=16106
SELECT w0=16079
SELECT w1=7944
SELECT w2=9216
BUSY TASK ewma=997
DMA IRQ c0=2
DMA IRQ c1=0
DMA IRQ c2=0
DMA IRQ c3=0
SELECT busy=16124
SELECT w0=16097
SELECT w1=7950
SELECT w2=9227
BUSY TASK ewma=997
DMA IRQ c0=2
DMA IRQ c1=0
DMA IRQ c2=0
DMA IRQ c3=0
SELECT busy=16144
SELECT w0=16117
SELECT w1=7957
SELECT w2=9236
BUSY TASK ewma=997
DMA IRQ c0=2
DMA IRQ c1=0
DMA IRQ c2=0
DMA IRQ c3=0
SELECT busy=16162
SELECT w0=16135
SELECT w1=7964
SELECT w2=9247
BUSY TASK ewma=997
DMA IRQ c0=2
DMA IRQ c1=0
DMA IRQ c2=0
DMA IRQ c3=0
SELECT busy=16180
SELECT w0=16154
SELECT w1=7970
SELECT w2=9255
BUSY TASK ewma=997
DMA IRQ c0=2
DMA IRQ c1=0
DMA IRQ c2=0
DMA IRQ c3=0
SELECT busy=16215
SELECT w0=16188
SELECT w1=7983
SELECT w2=9276
BUSY TASK ewma=997
DMA IRQ c0=2
DMA IRQ c1=0
DMA IRQ c2=0
DMA IRQ c3=0
SELECT busy=16242
SELECT w0=16216
SELECT w1=7996
SELECT w2=9294
BUSY TASK ewma=997
DMA IRQ c0=2
DMA IRQ c1=0
DMA IRQ c2=0
DMA IRQ c3=0
SELECT busy=16269
SELECT w0=16242
SELECT w1=8012
SELECT w2=9308
BUSY TASK ewma=997
DMA IRQ c0=2
DMA IRQ c1=0
DMA IRQ c2=0
DMA IRQ c3=0
SELECT busy=16278
SELECT w0=16251
SELECT w1=8018
SELECT w2=9318
BUSY TASK ewma=997
DMA IRQ c0=2
DMA IRQ c1=0
DMA IRQ c2=0
DMA IRQ c3=0
SELECT busy=16302
SELECT w0=16276
SELECT w1=8029
SELECT w2=9330
BUSY TASK ewma=997
DMA IRQ c0=2
DMA IRQ c1=0
DMA IRQ c2=0
DMA IRQ c3=0
SELECT busy=16328
SELECT w0=16302
SELECT w1=8040
SELECT w2=9341
BUSY TASK ewma=997
IRQ counts: cpu0=32666 cpu1=37167 cpu2=36639 cpu3=37002
SCHED secondaries: calls=110810 unexpected=0
SECTEST switches=110767 cpu1=379632254,368122495 cpu2=326369254,319957367 cpu3=474802116,451851771
PINGPONG rounds=2000 pongs=2000
DMA IRQ c0=2
DMA IRQ c1=0
DMA IRQ c2=0
DMA IRQ c3=0
SELECT busy=16354
SELECT w0=16328
SELECT w1=8047
SELECT w2=9352
BUSY TASK ewma=997
DMA IRQ c0=2
DMA IRQ c1=0
DMA IRQ c2=0
DMA IRQ c3=0
SELECT busy=16373
SELECT w0=16346
SELECT w1=8051
SELECT w2=9358
BUSY TASK ewma=997
DMA IRQ c0=2
DMA IRQ c1=0
DMA IRQ c2=0
DMA IRQ c3=0
SELECT busy=16395
SELECT w0=16369
SELECT w1=8063
SELECT w2=9373
BUSY TASK ewma=997
DMA IRQ c0=2
DMA IRQ c1=0
DMA IRQ c2=0
DMA IRQ c3=0
SELECT busy=16419
SELECT w0=16392
SELECT w1=8071
SELECT w2=9385
BUSY TASK ewma=997
DMA IRQ c0=2
DMA IRQ c1=0
DMA IRQ c2=0
DMA IRQ c3=0
SELECT busy=16437
SELECT w0=16410
SELECT w1=8078
SELECT w2=9396
BUSY TASK ewma=997
DMA IRQ c0=2
DMA IRQ c1=0
DMA IRQ c2=0
DMA IRQ c3=0
SELECT busy=16460
SELECT w0=16433
SELECT w1=8088
SELECT w2=9410
BUSY TASK ewma=997
DMA IRQ c0=2
DMA IRQ c1=0
DMA IRQ c2=0
DMA IRQ c3=0
SELECT busy=16478
SELECT w0=16451
SELECT w1=8095
SELECT w2=9418
BUSY TASK ewma=997
DMA IRQ c0=2
DMA IRQ c1=0
DMA IRQ c2=0
DMA IRQ c3=0
SELECT busy=16495
SELECT w0=16468
SELECT w1=8103
SELECT w2=9425
BUSY TASK ewma=997
DMA IRQ c0=2
DMA IRQ c1=0
DMA IRQ c2=0
DMA IRQ c3=0
SELECT busy=16517
SELECT w0=16491
SELECT w1=8111
SELECT w2=9435
BUSY TASK ewma=997
DMA IRQ c0=2
DMA IRQ c1=0
DMA IRQ c2=0
DMA IRQ c3=0
SELECT busy=16537
SELECT w0=16510
SELECT w1=8115
SELECT w2=9442
BUSY TASK ewma=997
DMA IRQ c0=2
DMA IRQ c1=0
DMA IRQ c2=0
DMA IRQ c3=0
SELECT busy=16556
SELECT w0=16530
SELECT w1=8121
SELECT w2=9449
BUSY TASK ewma=997
DMA IRQ c0=2
DMA IRQ c1=0
DMA IRQ c2=0
DMA IRQ c3=0
SELECT busy=16575
SELECT w0=16549
SELECT w1=8127
SELECT w2=9457
BUSY TASK ewma=997
DMA IRQ c0=2
DMA IRQ c1=0
DMA IRQ c2=0
DMA IRQ c3=0
SELECT busy=16593
SELECT w0=16567
SELECT w1=8134
SELECT w2=9467
BUSY TASK ewma=997
DMA IRQ c0=2
DMA IRQ c1=0
DMA IRQ c2=0
DMA IRQ c3=0
SELECT busy=16617
SELECT w0=16590
SELECT w1=8143
SELECT w2=9477
BUSY TASK ewma=997
DMA IRQ c0=2
DMA IRQ c1=0
DMA IRQ c2=0
DMA IRQ c3=0
SELECT busy=16636
SELECT w0=16609
SELECT w1=8151
SELECT w2=9486
BUSY TASK ewma=997
DMA IRQ c0=2
DMA IRQ c1=0
DMA IRQ c2=0
DMA IRQ c3=0
SELECT busy=16655
SELECT w0=16628
SELECT w1=8159
SELECT w2=9495
BUSY TASK ewma=997
DMA IRQ c0=2
DMA IRQ c1=0
DMA IRQ c2=0
DMA IRQ c3=0
SELECT busy=16671
SELECT w0=16645
SELECT w1=8167
SELECT w2=9505
BUSY TASK ewma=997
DMA IRQ c0=2
DMA IRQ c1=0
DMA IRQ c2=0
DMA IRQ c3=0
SELECT busy=16700
SELECT w0=16673
SELECT w1=8182
SELECT w2=9520
BUSY TASK ewma=997
DMA IRQ c0=2
DMA IRQ c1=0
DMA IRQ c2=0
DMA IRQ c3=0
SELECT busy=16715
SELECT w0=16691
SELECT w1=8192
SELECT w2=9532
BUSY TASK ewma=997
DMA IRQ c0=2
DMA IRQ c1=0
DMA IRQ c2=0
DMA IRQ c3=0
SELECT busy=16735
SELECT w0=16709
SELECT w1=8202
SELECT w2=9545
BUSY TASK ewma=997
DMA IRQ c0=2
DMA IRQ c1=0
DMA IRQ c2=0
DMA IRQ c3=0
SELECT busy=16759
SELECT w0=16733
SELECT w1=8214
SELECT w2=9558
BUSY TASK ewma=997
DMA IRQ c0=2
DMA IRQ c1=0
DMA IRQ c2=0
DMA IRQ c3=0
SELECT busy=16778
SELECT w0=16752
SELECT w1=8227
SELECT w2=9569
BUSY TASK ewma=997
DMA IRQ c0=2
DMA IRQ c1=0
DMA IRQ c2=0
DMA IRQ c3=0
SELECT busy=16799
SELECT w0=16773
SELECT w1=8238
SELECT w2=9581
BUSY TASK ewma=997
DMA IRQ c0=2
DMA IRQ c1=0
DMA IRQ c2=0
DMA IRQ c3=0
SELECT busy=16830
SELECT w0=16804
SELECT w1=8249
SELECT w2=9594
BUSY TASK ewma=997
DMA IRQ c0=2
DMA IRQ c1=0
DMA IRQ c2=0
DMA IRQ c3=0
SELECT busy=16861
SELECT w0=16834
SELECT w1=8258
SELECT w2=9604
BUSY TASK ewma=997
DMA IRQ c0=2
DMA IRQ c1=0
DMA IRQ c2=0
DMA IRQ c3=0
SELECT busy=16895
SELECT w0=16869
SELECT w1=8271
SELECT w2=9620
BUSY TASK ewma=997
DMA IRQ c0=2
DMA IRQ c1=0
DMA IRQ c2=0
DMA IRQ c3=0
SELECT busy=16925
SELECT w0=16899
SELECT w1=8286
SELECT w2=9643
BUSY TASK ewma=997
DMA IRQ c0=2
DMA IRQ c1=0
DMA IRQ c2=0
DMA IRQ c3=0
SELECT busy=16952
SELECT w0=16925
SELECT w1=8296
SELECT w2=9657
BUSY TASK ewma=997
DMA IRQ c0=2
DMA IRQ c1=0
DMA IRQ c2=0
DMA IRQ c3=0
SELECT busy=16975
SELECT w0=16948
SELECT w1=8309
SELECT w2=9673
BUSY TASK ewma=997
DMA IRQ c0=2
DMA IRQ c1=0
DMA IRQ c2=0
DMA IRQ c3=0
SELECT busy=16994
SELECT w0=16969
SELECT w1=8320
SELECT w2=9687
BUSY TASK ewma=997
DMA IRQ c0=2
DMA IRQ c1=0
DMA IRQ c2=0
DMA IRQ c3=0
SELECT busy=17016
SELECT w0=16990
SELECT w1=8330
SELECT w2=9701
BUSY TASK ewma=997
DMA IRQ c0=2
DMA IRQ c1=0
DMA IRQ c2=0
DMA IRQ c3=0
SELECT busy=17039
SELECT w0=17012
SELECT w1=8340
SELECT w2=9716
BUSY TASK ewma=997
DMA IRQ c0=2
DMA IRQ c1=0
DMA IRQ c2=0
DMA IRQ c3=0
SELECT busy=17060
SELECT w0=17034
SELECT w1=8350
SELECT w2=9734
qemu-system-aarch64: terminating on signal 15 from pid 253730 (timeout)
