P4 M7: full integration test boot OK
CPU0: MPIDR_EL1=0x0000000080000000
CPU0: psci_cpu_on target=1 rc=0
CPU1: alive, MPIDR_EL1=0x0000000080000001 this_cpu()->cpu_id=1
CPU0: psci_cpu_on target=2 rc=0
CPU2: alive, MPIDR_EL1=0x0000000080000002 this_cpu()->cpu_id=2
CPU0: psci_cpu_on target=3 rc=0
CPU3: alive, MPIDR_EL1=0x0000000080000003 this_cpu()->cpu_id=3
CPUs online: 4
DMA IRQ target cpu=1
D2b: worker 0 runs on CPU0
D2b: worker 2 runs on CPU2
D2b: worker 1 runs on CPU1
P4 M7: worker submitted cmd_id=1
P4 M7: worker submitted cmd_id=3
P4 M7: worker submitted cmd_id=2
BUSY TASK ewma=979
DMA IRQ c0=0
DMA IRQ c1=0
DMA IRQ c2=0
DMA IRQ c3=0
SELECT busy=13
SELECT w0=2
SELECT w1=3
SELECT w2=3
BUSY TASK ewma=997
DMA IRQ c0=0
DMA IRQ c1=0
DMA IRQ c2=0
DMA IRQ c3=0
SELECT busy=25
SELECT w0=2
SELECT w1=3
SELECT w2=3
BUSY TASK ewma=997
DMA IRQ c0=0
DMA IRQ c1=0
DMA IRQ c2=0
DMA IRQ c3=0
SELECT busy=36
SELECT w0=2
SELECT w1=3
SELECT w2=3
BUSY TASK ewma=997
DMA IRQ c0=0
DMA IRQ c1=0
DMA IRQ c2=0
DMA IRQ c3=0
SELECT busy=47
SELECT w0=2
SELECT w1=3
SELECT w2=3
BUSY TASK ewma=997
DMA IRQ c0=0
DMA IRQ c1=0
DMA IRQ c2=0
DMA IRQ c3=0
SELECT busy=58
SELECT w0=2
SELECT w1=3
SELECT w2=3
BUSY TASK ewma=997
DMA IRQ c0=0
DMA IRQ c1=0
DMA IRQ c2=0
DMA IRQ c3=0
SELECT busy=69
SELECT w0=2
SELECT w1=3
SELECT w2=3
BUSY TASK ewma=997
DMA IRQ c0=0
DMA IRQ c1=0
DMA IRQ c2=0
DMA IRQ c3=0
SELECT busy=80
SELECT w0=2
SELECT w1=3
SELECT w2=3
BUSY TASK ewma=997
DMA IRQ c0=0
DMA IRQ c1=0
DMA IRQ c2=0
DMA IRQ c3=0
SELECT busy=91
SELECT w0=2
SELECT w1=3
SELECT w2=3
P4 M7: worker DATA OK, cmd_id=1
P4 M7: worker DATA OK, cmd_id=2
WORKER ewma=657
WORKER ewma=657
P4 M7: worker DATA OK, cmd_id=3
WORKER ewma=657
BUSY TASK ewma=997
DMA IRQ c0=0
DMA IRQ c1=2
DMA IRQ c2=0
DMA IRQ c3=0
SELECT busy=103
SELECT w0=51
SELECT w1=32
SELECT w2=53
BUSY TASK ewma=997
DMA IRQ c0=0
DMA IRQ c1=2
DMA IRQ c2=0
DMA IRQ c3=0
SELECT busy=116
SELECT w0=64
SELECT w1=58
SELECT w2=80
BUSY TASK ewma=997
DMA IRQ c0=0
DMA IRQ c1=2
DMA IRQ c2=0
DMA IRQ c3=0
SELECT busy=128
SELECT w0=76
SELECT w1=75
SELECT w2=97
BUSY TASK ewma=997
DMA IRQ c0=0
DMA IRQ c1=2
DMA IRQ c2=0
DMA IRQ c3=0
SELECT busy=137
SELECT w0=85
SELECT w1=91
SELECT w2=112
BUSY TASK ewma=997
DMA IRQ c0=0
DMA IRQ c1=2
DMA IRQ c2=0
DMA IRQ c3=0
SELECT busy=145
SELECT w0=93
SELECT w1=106
SELECT w2=128
BUSY TASK ewma=997
DMA IRQ c0=0
DMA IRQ c1=2
DMA IRQ c2=0
DMA IRQ c3=0
SELECT busy=153
SELECT w0=101
SELECT w1=123
SELECT w2=144
BUSY TASK ewma=997
DMA IRQ c0=0
DMA IRQ c1=2
DMA IRQ c2=0
DMA IRQ c3=0
SELECT busy=162
SELECT w0=110
SELECT w1=140
SELECT w2=162
BUSY TASK ewma=997
DMA IRQ c0=0
DMA IRQ c1=2
DMA IRQ c2=0
DMA IRQ c3=0
SELECT busy=170
SELECT w0=118
SELECT w1=154
SELECT w2=177
BUSY TASK ewma=997
DMA IRQ c0=0
DMA IRQ c1=2
DMA IRQ c2=0
DMA IRQ c3=0
SELECT busy=179
SELECT w0=127
SELECT w1=170
SELECT w2=192
BUSY TASK ewma=997
DMA IRQ c0=0
DMA IRQ c1=2
DMA IRQ c2=0
DMA IRQ c3=0
SELECT busy=187
SELECT w0=135
SELECT w1=188
SELECT w2=210
BUSY TASK ewma=997
DMA IRQ c0=0
DMA IRQ c1=2
DMA IRQ c2=0
DMA IRQ c3=0
SELECT busy=196
SELECT w0=144
SELECT w1=204
SELECT w2=226
BUSY TASK ewma=997
DMA IRQ c0=0
DMA IRQ c1=2
DMA IRQ c2=0
DMA IRQ c3=0
SELECT busy=216
SELECT w0=164
SELECT w1=242
SELECT w2=264
BUSY TASK ewma=997
DMA IRQ c0=0
DMA IRQ c1=2
DMA IRQ c2=0
DMA IRQ c3=0
SELECT busy=239
SELECT w0=188
SELECT w1=281
SELECT w2=303
BUSY TASK ewma=997
DMA IRQ c0=0
DMA IRQ c1=2
DMA IRQ c2=0
DMA IRQ c3=0
SELECT busy=264
SELECT w0=213
SELECT w1=330
SELECT w2=351
BUSY TASK ewma=997
DMA IRQ c0=0
DMA IRQ c1=2
DMA IRQ c2=0
DMA IRQ c3=0
SELECT busy=286
SELECT w0=234
SELECT w1=370
SELECT w2=392
BUSY TASK ewma=997
DMA IRQ c0=0
DMA IRQ c1=2
DMA IRQ c2=0
DMA IRQ c3=0
SELECT busy=303
SELECT w0=251
SELECT w1=403
SELECT w2=425
BUSY TASK ewma=997
DMA IRQ c0=0
DMA IRQ c1=2
DMA IRQ c2=0
DMA IRQ c3=0
SELECT busy=317
SELECT w0=265
SELECT w1=431
SELECT w2=452
BUSY TASK ewma=997
DMA IRQ c0=0
DMA IRQ c1=2
DMA IRQ c2=0
DMA IRQ c3=0
SELECT busy=332
SELECT w0=280
SELECT w1=457
SELECT w2=478
BUSY TASK ewma=997
DMA IRQ c0=0
DMA IRQ c1=2
DMA IRQ c2=0
DMA IRQ c3=0
SELECT busy=349
SELECT w0=297
SELECT w1=491
SELECT w2=513
BUSY TASK ewma=997
DMA IRQ c0=0
DMA IRQ c1=2
DMA IRQ c2=0
DMA IRQ c3=0
SELECT busy=365
SELECT w0=314
SELECT w1=525
SELECT w2=547
BUSY TASK ewma=997
DMA IRQ c0=0
DMA IRQ c1=2
DMA IRQ c2=0
DMA IRQ c3=0
SELECT busy=383
SELECT w0=331
SELECT w1=559
SELECT w2=581
BUSY TASK ewma=997
DMA IRQ c0=0
DMA IRQ c1=2
DMA IRQ c2=0
DMA IRQ c3=0
SELECT busy=397
SELECT w0=345
SELECT w1=586
SELECT w2=609
BUSY TASK ewma=997
DMA IRQ c0=0
DMA IRQ c1=2
DMA IRQ c2=0
DMA IRQ c3=0
SELECT busy=409
SELECT w0=358
SELECT w1=607
SELECT w2=629
BUSY TASK ewma=997
DMA IRQ c0=0
DMA IRQ c1=2
DMA IRQ c2=0
DMA IRQ c3=0
SELECT busy=433
SELECT w0=381
SELECT w1=655
SELECT w2=676
BUSY TASK ewma=997
DMA IRQ c0=0
DMA IRQ c1=2
DMA IRQ c2=0
DMA IRQ c3=0
SELECT busy=456
SELECT w0=404
SELECT w1=698
SELECT w2=720
BUSY TASK ewma=997
DMA IRQ c0=0
DMA IRQ c1=2
DMA IRQ c2=0
DMA IRQ c3=0
SELECT busy=480
SELECT w0=428
SELECT w1=745
SELECT w2=766
BUSY TASK ewma=997
DMA IRQ c0=0
DMA IRQ c1=2
DMA IRQ c2=0
DMA IRQ c3=0
SELECT busy=497
SELECT w0=445
SELECT w1=778
SELECT w2=800
BUSY TASK ewma=997
DMA IRQ c0=0
DMA IRQ c1=2
DMA IRQ c2=0
DMA IRQ c3=0
SELECT busy=511
SELECT w0=459
SELECT w1=805
SELECT w2=827
BUSY TASK ewma=997
DMA IRQ c0=0
DMA IRQ c1=2
DMA IRQ c2=0
DMA IRQ c3=0
SELECT busy=521
SELECT w0=469
SELECT w1=826
SELECT w2=849
BUSY TASK ewma=997
DMA IRQ c0=0
DMA IRQ c1=2
DMA IRQ c2=0
DMA IRQ c3=0
SELECT busy=531
SELECT w0=480
SELECT w1=845
SELECT w2=866
BUSY TASK ewma=997
DMA IRQ c0=0
DMA IRQ c1=2
DMA IRQ c2=0
DMA IRQ c3=0
SELECT busy=549
SELECT w0=497
SELECT w1=878
SELECT w2=900
BUSY TASK ewma=997
DMA IRQ c0=0
DMA IRQ c1=2
DMA IRQ c2=0
DMA IRQ c3=0
SELECT busy=566
SELECT w0=514
SELECT w1=911
SELECT w2=934
BUSY TASK ewma=997
DMA IRQ c0=0
DMA IRQ c1=2
DMA IRQ c2=0
DMA IRQ c3=0
SELECT busy=583
SELECT w0=531
SELECT w1=944
SELECT w2=966
BUSY TASK ewma=997
DMA IRQ c0=0
DMA IRQ c1=2
DMA IRQ c2=0
DMA IRQ c3=0
SELECT busy=600
SELECT w0=548
SELECT w1=978
SELECT w2=999
BUSY TASK ewma=997
DMA IRQ c0=0
DMA IRQ c1=2
DMA IRQ c2=0
DMA IRQ c3=0
SELECT busy=617
SELECT w0=565
SELECT w1=1010
SELECT w2=1032
BUSY TASK ewma=997
DMA IRQ c0=0
DMA IRQ c1=2
DMA IRQ c2=0
DMA IRQ c3=0
SELECT busy=634
SELECT w0=583
SELECT w1=1044
SELECT w2=1066
BUSY TASK ewma=997
DMA IRQ c0=0
DMA IRQ c1=2
DMA IRQ c2=0
DMA IRQ c3=0
SELECT busy=651
SELECT w0=599
SELECT w1=1077
SELECT w2=1099
BUSY TASK ewma=997
DMA IRQ c0=0
DMA IRQ c1=2
DMA IRQ c2=0
DMA IRQ c3=0
SELECT busy=666
SELECT w0=615
SELECT w1=1109
SELECT w2=1131
BUSY TASK ewma=997
DMA IRQ c0=0
DMA IRQ c1=2
DMA IRQ c2=0
DMA IRQ c3=0
SELECT busy=679
SELECT w0=628
SELECT w1=1133
SELECT w2=1155
BUSY TASK ewma=997
DMA IRQ c0=0
DMA IRQ c1=2
DMA IRQ c2=0
DMA IRQ c3=0
SELECT busy=690
SELECT w0=638
SELECT w1=1153
SELECT w2=1175
BUSY TASK ewma=997
DMA IRQ c0=0
DMA IRQ c1=2
DMA IRQ c2=0
DMA IRQ c3=0
SELECT busy=699
SELECT w0=647
SELECT w1=1170
SELECT w2=1192
BUSY TASK ewma=997
DMA IRQ c0=0
DMA IRQ c1=2
DMA IRQ c2=0
DMA IRQ c3=0
SELECT busy=712
SELECT w0=660
SELECT w1=1195
SELECT w2=1217
BUSY TASK ewma=997
DMA IRQ c0=0
DMA IRQ c1=2
DMA IRQ c2=0
DMA IRQ c3=0
SELECT busy=725
SELECT w0=673
SELECT w1=1218
SELECT w2=1240
BUSY TASK ewma=997
DMA IRQ c0=0
DMA IRQ c1=2
DMA IRQ c2=0
DMA IRQ c3=0
SELECT busy=737
SELECT w0=686
SELECT w1=1244
SELECT w2=1266
BUSY TASK ewma=997
DMA IRQ c0=0
DMA IRQ c1=2
DMA IRQ c2=0
DMA IRQ c3=0
SELECT busy=750
SELECT w0=698
SELECT w1=1267
SELECT w2=1288
BUSY TASK ewma=997
DMA IRQ c0=0
DMA IRQ c1=2
DMA IRQ c2=0
DMA IRQ c3=0
SELECT busy=762
SELECT w0=710
SELECT w1=1290
SELECT w2=1313
BUSY TASK ewma=997
DMA IRQ c0=0
DMA IRQ c1=2
DMA IRQ c2=0
DMA IRQ c3=0
SELECT busy=774
SELECT w0=722
SELECT w1=1311
SELECT w2=1333
BUSY TASK ewma=997
DMA IRQ c0=0
DMA IRQ c1=2
DMA IRQ c2=0
DMA IRQ c3=0
SELECT busy=783
SELECT w0=731
SELECT w1=1329
SELECT w2=1351
BUSY TASK ewma=997
DMA IRQ c0=0
DMA IRQ c1=2
DMA IRQ c2=0
DMA IRQ c3=0
SELECT busy=791
SELECT w0=739
SELECT w1=1346
SELECT w2=1367
BUSY TASK ewma=997
DMA IRQ c0=0
DMA IRQ c1=2
DMA IRQ c2=0
DMA IRQ c3=0
SELECT busy=800
SELECT w0=748
SELECT w1=1363
SELECT w2=1385
BUSY TASK ewma=997
DMA IRQ c0=0
DMA IRQ c1=2
DMA IRQ c2=0
DMA IRQ c3=0
SELECT busy=808
SELECT w0=756
SELECT w1=1380
SELECT w2=1401
BUSY TASK ewma=997
DMA IRQ c0=0
DMA IRQ c1=2
DMA IRQ c2=0
DMA IRQ c3=0
SELECT busy=817
SELECT w0=765
SELECT w1=1398
SELECT w2=1419
BUSY TASK ewma=997
DMA IRQ c0=0
DMA IRQ c1=2
DMA IRQ c2=0
DMA IRQ c3=0
SELECT busy=826
SELECT w0=774
SELECT w1=1416
SELECT w2=1437
BUSY TASK ewma=997
DMA IRQ c0=0
DMA IRQ c1=2
DMA IRQ c2=0
DMA IRQ c3=0
SELECT busy=838
SELECT w0=786
SELECT w1=1440
SELECT w2=1461
BUSY TASK ewma=997
DMA IRQ c0=0
DMA IRQ c1=2
DMA IRQ c2=0
DMA IRQ c3=0
SELECT busy=850
SELECT w0=798
SELECT w1=1464
SELECT w2=1485
BUSY TASK ewma=997
IRQ counts: cpu0=1637 cpu1=1618 cpu2=1623 cpu3=1543
SCHED secondaries: calls=4788 unexpected=0
SECTEST switches=4784 cpu1=978724,881339 cpu2=1079974,695185 cpu3=26643756,26672244
PINGPONG rounds=1558 pongs=1560
DMA IRQ c0=0
DMA IRQ c1=2
DMA IRQ c2=0
DMA IRQ c3=0
SELECT busy=860
SELECT w0=808
SELECT w1=1484
SELECT w2=1506
BUSY TASK ewma=997
DMA IRQ c0=0
DMA IRQ c1=2
DMA IRQ c2=0
DMA IRQ c3=0
SELECT busy=868
SELECT w0=816
SELECT w1=1500
SELECT w2=1522
BUSY TASK ewma=997
DMA IRQ c0=0
DMA IRQ c1=2
DMA IRQ c2=0
DMA IRQ c3=0
SELECT busy=877
SELECT w0=825
SELECT w1=1516
SELECT w2=1538
BUSY TASK ewma=997
DMA IRQ c0=0
DMA IRQ c1=2
DMA IRQ c2=0
DMA IRQ c3=0
SELECT busy=885
SELECT w0=833
SELECT w1=1531
SELECT w2=1553
BUSY TASK ewma=997
DMA IRQ c0=0
DMA IRQ c1=2
DMA IRQ c2=0
DMA IRQ c3=0
SELECT busy=894
SELECT w0=842
SELECT w1=1548
SELECT w2=1570
BUSY TASK ewma=997
DMA IRQ c0=0
DMA IRQ c1=2
DMA IRQ c2=0
DMA IRQ c3=0
SELECT busy=902
SELECT w0=850
SELECT w1=1566
SELECT w2=1588
BUSY TASK ewma=997
DMA IRQ c0=0
DMA IRQ c1=2
DMA IRQ c2=0
DMA IRQ c3=0
SELECT busy=911
SELECT w0=859
SELECT w1=1583
SELECT w2=1604
BUSY TASK ewma=997
DMA IRQ c0=0
DMA IRQ c1=2
DMA IRQ c2=0
DMA IRQ c3=0
SELECT busy=919
SELECT w0=867
SELECT w1=1596
SELECT w2=1618
BUSY TASK ewma=997
DMA IRQ c0=0
DMA IRQ c1=2
DMA IRQ c2=0
DMA IRQ c3=0
SELECT busy=928
SELECT w0=876
SELECT w1=1614
SELECT w2=1636
BUSY TASK ewma=997
DMA IRQ c0=0
DMA IRQ c1=2
DMA IRQ c2=0
DMA IRQ c3=0
SELECT busy=937
SELECT w0=885
SELECT w1=1632
SELECT w2=1654
BUSY TASK ewma=997
DMA IRQ c0=0
DMA IRQ c1=2
DMA IRQ c2=0
DMA IRQ c3=0
SELECT busy=948
SELECT w0=896
SELECT w1=1652
SELECT w2=1673
BUSY TASK ewma=997
DMA IRQ c0=0
DMA IRQ c1=2
DMA IRQ c2=0
DMA IRQ c3=0
SELECT busy=957
SELECT w0=905
SELECT w1=1669
SELECT w2=1691
BUSY TASK ewma=997
DMA IRQ c0=0
DMA IRQ c1=2
DMA IRQ c2=0
DMA IRQ c3=0
SELECT busy=965
SELECT w0=913
SELECT w1=1686
SELECT w2=1707
BUSY TASK ewma=997
DMA IRQ c0=0
DMA IRQ c1=2
DMA IRQ c2=0
DMA IRQ c3=0
SELECT busy=974
SELECT w0=922
SELECT w1=1702
SELECT w2=1724
BUSY TASK ewma=997
DMA IRQ c0=0
DMA IRQ c1=2
DMA IRQ c2=0
DMA IRQ c3=0
SELECT busy=982
SELECT w0=930
SELECT w1=1718
SELECT w2=1740
BUSY TASK ewma=997
DMA IRQ c0=0
DMA IRQ c1=2
DMA IRQ c2=0
DMA IRQ c3=0
SELECT busy=990
SELECT w0=938
SELECT w1=1734
SELECT w2=1756
BUSY TASK ewma=997
DMA IRQ c0=0
DMA IRQ c1=2
DMA IRQ c2=0
DMA IRQ c3=0
SELECT busy=999
SELECT w0=947
SELECT w1=1751
SELECT w2=1773
BUSY TASK ewma=997
DMA IRQ c0=0
DMA IRQ c1=2
DMA IRQ c2=0
DMA IRQ c3=0
SELECT busy=1007
SELECT w0=955
SELECT w1=1768
SELECT w2=1790
BUSY TASK ewma=997
DMA IRQ c0=0
DMA IRQ c1=2
DMA IRQ c2=0
DMA IRQ c3=0
SELECT busy=1016
SELECT w0=964
SELECT w1=1785
SELECT w2=1807
BUSY TASK ewma=997
DMA IRQ c0=0
DMA IRQ c1=2
DMA IRQ c2=0
DMA IRQ c3=0
SELECT busy=1024
SELECT w0=972
SELECT w1=1803
SELECT w2=1825
BUSY TASK ewma=997
DMA IRQ c0=0
DMA IRQ c1=2
DMA IRQ c2=0
DMA IRQ c3=0
SELECT busy=1033
SELECT w0=981
SELECT w1=1820
SELECT w2=1841
BUSY TASK ewma=997
DMA IRQ c0=0
DMA IRQ c1=2
DMA IRQ c2=0
DMA IRQ c3=0
SELECT busy=1041
SELECT w0=990
SELECT w1=1837
SELECT w2=1859
BUSY TASK ewma=997
DMA IRQ c0=0
DMA IRQ c1=2
DMA IRQ c2=0
DMA IRQ c3=0
SELECT busy=1050
SELECT w0=998
SELECT w1=1854
SELECT w2=1875
BUSY TASK ewma=997
DMA IRQ c0=0
DMA IRQ c1=2
DMA IRQ c2=0
DMA IRQ c3=0
SELECT busy=1059
SELECT w0=1007
SELECT w1=1871
SELECT w2=1893
BUSY TASK ewma=997
DMA IRQ c0=0
DMA IRQ c1=2
DMA IRQ c2=0
DMA IRQ c3=0
SELECT busy=1067
SELECT w0=1015
SELECT w1=1888
SELECT w2=1909
BUSY TASK ewma=997
DMA IRQ c0=0
DMA IRQ c1=2
DMA IRQ c2=0
DMA IRQ c3=0
SELECT busy=1075
SELECT w0=1024
SELECT w1=1905
SELECT w2=1926
BUSY TASK ewma=997
DMA IRQ c0=0
DMA IRQ c1=2
DMA IRQ c2=0
DMA IRQ c3=0
SELECT busy=1084
SELECT w0=1032
SELECT w1=1921
SELECT w2=1942
BUSY TASK ewma=997
DMA IRQ c0=0
DMA IRQ c1=2
DMA IRQ c2=0
DMA IRQ c3=0
SELECT busy=1093
SELECT w0=1041
SELECT w1=1923
SELECT w2=1948
BUSY TASK ewma=997
DMA IRQ c0=0
DMA IRQ c1=2
DMA IRQ c2=0
DMA IRQ c3=0
SELECT busy=1101
SELECT w0=1049
SELECT w1=1926
SELECT w2=1952
BUSY TASK ewma=997
DMA IRQ c0=0
DMA IRQ c1=2
DMA IRQ c2=0
DMA IRQ c3=0
SELECT busy=1110
SELECT w0=1058
SELECT w1=1930
SELECT w2=1957
BUSY TASK ewma=997
DMA IRQ c0=0
DMA IRQ c1=2
DMA IRQ c2=0
DMA IRQ c3=0
SELECT busy=1118
SELECT w0=1066
SELECT w1=1933
SELECT w2=1961
BUSY TASK ewma=997
DMA IRQ c0=0
DMA IRQ c1=2
DMA IRQ c2=0
DMA IRQ c3=0
SELECT busy=1127
SELECT w0=1075
SELECT w1=1936
SELECT w2=1965
BUSY TASK ewma=997
DMA IRQ c0=0
DMA IRQ c1=2
DMA IRQ c2=0
DMA IRQ c3=0
SELECT busy=1136
SELECT w0=1084
SELECT w1=1940
SELECT w2=1969
BUSY TASK ewma=997
DMA IRQ c0=0
DMA IRQ c1=2
DMA IRQ c2=0
DMA IRQ c3=0
SELECT busy=1145
SELECT w0=1093
SELECT w1=1943
SELECT w2=1973
BUSY TASK ewma=997
DMA IRQ c0=0
DMA IRQ c1=2
DMA IRQ c2=0
DMA IRQ c3=0
SELECT busy=1153
SELECT w0=1101
SELECT w1=1946
SELECT w2=1977
BUSY TASK ewma=997
DMA IRQ c0=0
DMA IRQ c1=2
DMA IRQ c2=0
DMA IRQ c3=0
SELECT busy=1162
SELECT w0=1110
SELECT w1=1950
SELECT w2=1982
BUSY TASK ewma=997
DMA IRQ c0=0
DMA IRQ c1=2
DMA IRQ c2=0
DMA IRQ c3=0
SELECT busy=1170
SELECT w0=1118
SELECT w1=1953
SELECT w2=1986
BUSY TASK ewma=997
DMA IRQ c0=0
DMA IRQ c1=2
DMA IRQ c2=0
DMA IRQ c3=0
SELECT busy=1179
SELECT w0=1127
SELECT w1=1956
SELECT w2=1990
BUSY TASK ewma=997
DMA IRQ c0=0
DMA IRQ c1=2
DMA IRQ c2=0
DMA IRQ c3=0
SELECT busy=1187
SELECT w0=1136
SELECT w1=1960
SELECT w2=1994
BUSY TASK ewma=997
DMA IRQ c0=0
DMA IRQ c1=2
DMA IRQ c2=0
DMA IRQ c3=0
SELECT busy=1196
SELECT w0=1144
SELECT w1=1963
SELECT w2=1998
BUSY TASK ewma=997
DMA IRQ c0=0
DMA IRQ c1=2
DMA IRQ c2=0
DMA IRQ c3=0
SELECT busy=1204
SELECT w0=1152
SELECT w1=1966
SELECT w2=2002
BUSY TASK ewma=997
DMA IRQ c0=0
DMA IRQ c1=2
DMA IRQ c2=0
DMA IRQ c3=0
SELECT busy=1213
SELECT w0=1161
SELECT w1=1970
SELECT w2=2006
BUSY TASK ewma=997
DMA IRQ c0=0
DMA IRQ c1=2
DMA IRQ c2=0
DMA IRQ c3=0
SELECT busy=1221
SELECT w0=1169
SELECT w1=1973
SELECT w2=2010
BUSY TASK ewma=997
DMA IRQ c0=0
DMA IRQ c1=2
DMA IRQ c2=0
DMA IRQ c3=0
SELECT busy=1230
SELECT w0=1178
SELECT w1=1977
SELECT w2=2014
BUSY TASK ewma=997
DMA IRQ c0=0
DMA IRQ c1=2
DMA IRQ c2=0
DMA IRQ c3=0
SELECT busy=1238
SELECT w0=1187
SELECT w1=1980
SELECT w2=2018
BUSY TASK ewma=997
DMA IRQ c0=0
DMA IRQ c1=2
DMA IRQ c2=0
DMA IRQ c3=0
SELECT busy=1247
SELECT w0=1195
SELECT w1=1984
SELECT w2=2022
BUSY TASK ewma=997
DMA IRQ c0=0
DMA IRQ c1=2
DMA IRQ c2=0
DMA IRQ c3=0
SELECT busy=1255
SELECT w0=1203
SELECT w1=1987
SELECT w2=2026
BUSY TASK ewma=997
DMA IRQ c0=0
DMA IRQ c1=2
DMA IRQ c2=0
DMA IRQ c3=0
SELECT busy=1264
SELECT w0=1212
SELECT w1=1990
SELECT w2=2030
BUSY TASK ewma=997
DMA IRQ c0=0
DMA IRQ c1=2
DMA IRQ c2=0
DMA IRQ c3=0
SELECT busy=1272
SELECT w0=1221
SELECT w1=1994
SELECT w2=2034
BUSY TASK ewma=997
DMA IRQ c0=0
DMA IRQ c1=2
DMA IRQ c2=0
DMA IRQ c3=0
SELECT busy=1281
SELECT w0=1229
SELECT w1=1997
SELECT w2=2038
BUSY TASK ewma=997
DMA IRQ c0=0
DMA IRQ c1=2
DMA IRQ c2=0
DMA IRQ c3=0
SELECT busy=1288
SELECT w0=1236
SELECT w1=2000
SELECT w2=2042
BUSY TASK ewma=997
DMA IRQ c0=0
DMA IRQ c1=2
DMA IRQ c2=0
DMA IRQ c3=0
SELECT busy=1296
SELECT w0=1244
SELECT w1=2003
SELECT w2=2046
BUSY TASK ewma=997
DMA IRQ c0=0
DMA IRQ c1=2
DMA IRQ c2=0
DMA IRQ c3=0
SELECT busy=1307
SELECT w0=1255
SELECT w1=2007
SELECT w2=2051
BUSY TASK ewma=997
DMA IRQ c0=0
DMA IRQ c1=2
DMA IRQ c2=0
DMA IRQ c3=0
SELECT busy=1323
SELECT w0=1271
SELECT w1=2013
SELECT w2=2058
BUSY TASK ewma=997
DMA IRQ c0=0
DMA IRQ c1=2
DMA IRQ c2=0
DMA IRQ c3=0
SELECT busy=1340
SELECT w0=1288
SELECT w1=2020
SELECT w2=2067
BUSY TASK ewma=997
DMA IRQ c0=0
DMA IRQ c1=2
DMA IRQ c2=0
DMA IRQ c3=0
SELECT busy=1357
SELECT w0=1306
SELECT w1=2027
SELECT w2=2075
BUSY TASK ewma=997
DMA IRQ c0=0
DMA IRQ c1=2
DMA IRQ c2=0
DMA IRQ c3=0
SELECT busy=1373
SELECT w0=1321
SELECT w1=2032
SELECT w2=2082
BUSY TASK ewma=997
DMA IRQ c0=0
DMA IRQ c1=2
DMA IRQ c2=0
DMA IRQ c3=0
SELECT busy=1384
SELECT w0=1333
SELECT w1=2037
SELECT w2=2088
BUSY TASK ewma=997
DMA IRQ c0=0
DMA IRQ c1=2
DMA IRQ c2=0
DMA IRQ c3=0
SELECT busy=1393
SELECT w0=1342
SELECT w1=2040
SELECT w2=2092
BUSY TASK ewma=997
DMA IRQ c0=0
DMA IRQ c1=2
DMA IRQ c2=0
DMA IRQ c3=0
SELECT busy=1402
SELECT w0=1350
SELECT w1=2044
SELECT w2=2096
BUSY TASK ewma=997
DMA IRQ c0=0
DMA IRQ c1=2
DMA IRQ c2=0
DMA IRQ c3=0
SELECT busy=1411
SELECT w0=1359
SELECT w1=2047
SELECT w2=2100
BUSY TASK ewma=997
DMA IRQ c0=0
DMA IRQ c1=2
DMA IRQ c2=0
DMA IRQ c3=0
SELECT busy=1419
SELECT w0=1367
SELECT w1=2050
SELECT w2=2104
BUSY TASK ewma=997
DMA IRQ c0=0
DMA IRQ c1=2
DMA IRQ c2=0
DMA IRQ c3=0
SELECT busy=1428
SELECT w0=1376
SELECT w1=2053
SELECT w2=2108
BUSY TASK ewma=997
DMA IRQ c0=0
DMA IRQ c1=2
DMA IRQ c2=0
DMA IRQ c3=0
SELECT busy=1436
SELECT w0=1385
SELECT w1=2057
SELECT w2=2112
BUSY TASK ewma=997
IRQ counts: cpu0=2811 cpu1=2773 cpu2=2763 cpu3=2647
SCHED secondaries: calls=8183 unexpected=0
SECTEST switches=8162 cpu1=12447319,12431989 cpu2=10058354,9756775 cpu3=54073191,54124160
PINGPONG rounds=2000 pongs=2000
DMA IRQ c0=0
DMA IRQ c1=2
DMA IRQ c2=0
DMA IRQ c3=0
SELECT busy=1446
SELECT w0=1394
SELECT w1=2060
SELECT w2=2117
BUSY TASK ewma=997
DMA IRQ c0=0
DMA IRQ c1=2
DMA IRQ c2=0
DMA IRQ c3=0
SELECT busy=1454
SELECT w0=1402
SELECT w1=2064
SELECT w2=2121
BUSY TASK ewma=997
DMA IRQ c0=0
DMA IRQ c1=2
DMA IRQ c2=0
DMA IRQ c3=0
SELECT busy=1464
SELECT w0=1412
SELECT w1=2067
SELECT w2=2125
BUSY TASK ewma=997
DMA IRQ c0=0
DMA IRQ c1=2
DMA IRQ c2=0
DMA IRQ c3=0
SELECT busy=1476
SELECT w0=1424
SELECT w1=2072
SELECT w2=2132
BUSY TASK ewma=997
DMA IRQ c0=0
DMA IRQ c1=2
DMA IRQ c2=0
DMA IRQ c3=0
SELECT busy=1489
SELECT w0=1437
SELECT w1=2077
SELECT w2=2138
BUSY TASK ewma=997
DMA IRQ c0=0
DMA IRQ c1=2
DMA IRQ c2=0
DMA IRQ c3=0
SELECT busy=1501
SELECT w0=1449
SELECT w1=2082
SELECT w2=2144
BUSY TASK ewma=997
DMA IRQ c0=0
DMA IRQ c1=2
DMA IRQ c2=0
DMA IRQ c3=0
SELECT busy=1514
SELECT w0=1462
SELECT w1=2086
SELECT w2=2149
BUSY TASK ewma=997
DMA IRQ c0=0
DMA IRQ c1=2
DMA IRQ c2=0
DMA IRQ c3=0
SELECT busy=1528
SELECT w0=1476
SELECT w1=2092
SELECT w2=2156
BUSY TASK ewma=997
DMA IRQ c0=0
DMA IRQ c1=2
DMA IRQ c2=0
DMA IRQ c3=0
SELECT busy=1540
SELECT w0=1488
SELECT w1=2096
SELECT w2=2161
BUSY TASK ewma=997
DMA IRQ c0=0
DMA IRQ c1=2
DMA IRQ c2=0
DMA IRQ c3=0
SELECT busy=1550
SELECT w0=1498
SELECT w1=2100
SELECT w2=2166
BUSY TASK ewma=997
DMA IRQ c0=0
DMA IRQ c1=2
DMA IRQ c2=0
DMA IRQ c3=0
SELECT busy=1558
SELECT w0=1506
SELECT w1=2103
SELECT w2=2170
BUSY TASK ewma=997
DMA IRQ c0=0
DMA IRQ c1=2
DMA IRQ c2=0
DMA IRQ c3=0
SELECT busy=1566
SELECT w0=1515
SELECT w1=2107
SELECT w2=2174
BUSY TASK ewma=997
DMA IRQ c0=0
DMA IRQ c1=2
DMA IRQ c2=0
DMA IRQ c3=0
SELECT busy=1575
SELECT w0=1523
SELECT w1=2110
SELECT w2=2178
BUSY TASK ewma=997
DMA IRQ c0=0
DMA IRQ c1=2
DMA IRQ c2=0
DMA IRQ c3=0
SELECT busy=1584
SELECT w0=1532
SELECT w1=2113
SELECT w2=2182
BUSY TASK ewma=997
DMA IRQ c0=0
DMA IRQ c1=2
DMA IRQ c2=0
DMA IRQ c3=0
SELECT busy=1592
SELECT w0=1541
SELECT w1=2117
SELECT w2=2186
BUSY TASK ewma=997
DMA IRQ c0=0
DMA IRQ c1=2
DMA IRQ c2=0
DMA IRQ c3=0
SELECT busy=1601
SELECT w0=1549
SELECT w1=2120
SELECT w2=2191
BUSY TASK ewma=997
DMA IRQ c0=0
DMA IRQ c1=2
DMA IRQ c2=0
DMA IRQ c3=0
SELECT busy=1617
SELECT w0=1565
SELECT w1=2126
SELECT w2=2198
BUSY TASK ewma=997
DMA IRQ c0=0
DMA IRQ c1=2
DMA IRQ c2=0
DMA IRQ c3=0
SELECT busy=1633
SELECT w0=1581
SELECT w1=2132
SELECT w2=2205
BUSY TASK ewma=997
DMA IRQ c0=0
DMA IRQ c1=2
DMA IRQ c2=0
DMA IRQ c3=0
SELECT busy=1649
SELECT w0=1597
SELECT w1=2138
SELECT w2=2213
BUSY TASK ewma=997
DMA IRQ c0=0
DMA IRQ c1=2
DMA IRQ c2=0
DMA IRQ c3=0
SELECT busy=1666
SELECT w0=1614
SELECT w1=2144
SELECT w2=2221
BUSY TASK ewma=997
DMA IRQ c0=0
DMA IRQ c1=2
DMA IRQ c2=0
DMA IRQ c3=0
SELECT busy=1681
SELECT w0=1630
SELECT w1=2150
SELECT w2=2228
BUSY TASK ewma=997
DMA IRQ c0=0
DMA IRQ c1=2
DMA IRQ c2=0
DMA IRQ c3=0
SELECT busy=1697
SELECT w0=1646
SELECT w1=2156
SELECT w2=2236
BUSY TASK ewma=997
DMA IRQ c0=0
DMA IRQ c1=2
DMA IRQ c2=0
DMA IRQ c3=0
SELECT busy=1713
SELECT w0=1661
SELECT w1=2162
SELECT w2=2243
BUSY TASK ewma=997
DMA IRQ c0=0
DMA IRQ c1=2
DMA IRQ c2=0
DMA IRQ c3=0
SELECT busy=1729
SELECT w0=1677
SELECT w1=2168
SELECT w2=2250
BUSY TASK ewma=997
DMA IRQ c0=0
DMA IRQ c1=2
DMA IRQ c2=0
DMA IRQ c3=0
SELECT busy=1745
SELECT w0=1693
SELECT w1=2174
SELECT w2=2258
BUSY TASK ewma=997
DMA IRQ c0=0
DMA IRQ c1=2
DMA IRQ c2=0
DMA IRQ c3=0
SELECT busy=1761
SELECT w0=1709
SELECT w1=2180
SELECT w2=2265
BUSY TASK ewma=997
DMA IRQ c0=0
DMA IRQ c1=2
DMA IRQ c2=0
DMA IRQ c3=0
SELECT busy=1774
SELECT w0=1722
SELECT w1=2186
SELECT w2=2272
BUSY TASK ewma=997
DMA IRQ c0=0
DMA IRQ c1=2
DMA IRQ c2=0
DMA IRQ c3=0
SELECT busy=1786
SELECT w0=1734
SELECT w1=2190
SELECT w2=2277
BUSY TASK ewma=997
DMA IRQ c0=0
DMA IRQ c1=2
DMA IRQ c2=0
DMA IRQ c3=0
SELECT busy=1796
SELECT w0=1744
SELECT w1=2194
SELECT w2=2282
BUSY TASK ewma=997
DMA IRQ c0=0
DMA IRQ c1=2
DMA IRQ c2=0
DMA IRQ c3=0
SELECT busy=1804
SELECT w0=1752
SELECT w1=2197
SELECT w2=2285
BUSY TASK ewma=997
DMA IRQ c0=0
DMA IRQ c1=2
DMA IRQ c2=0
DMA IRQ c3=0
SELECT busy=1812
SELECT w0=1761
SELECT w1=2200
SELECT w2=2290
BUSY TASK ewma=997
DMA IRQ c0=0
DMA IRQ c1=2
DMA IRQ c2=0
DMA IRQ c3=0
SELECT busy=1821
SELECT w0=1769
SELECT w1=2203
SELECT w2=2293
BUSY TASK ewma=997
DMA IRQ c0=0
DMA IRQ c1=2
DMA IRQ c2=0
DMA IRQ c3=0
SELECT busy=1829
SELECT w0=1777
SELECT w1=2207
SELECT w2=2298
BUSY TASK ewma=997
DMA IRQ c0=0
DMA IRQ c1=2
DMA IRQ c2=0
DMA IRQ c3=0
SELECT busy=1838
SELECT w0=1786
SELECT w1=2210
SELECT w2=2302
BUSY TASK ewma=997
DMA IRQ c0=0
DMA IRQ c1=2
DMA IRQ c2=0
DMA IRQ c3=0
SELECT busy=1847
SELECT w0=1795
SELECT w1=2214
SELECT w2=2306
BUSY TASK ewma=997
DMA IRQ c0=0
DMA IRQ c1=2
DMA IRQ c2=0
DMA IRQ c3=0
SELECT busy=1855
SELECT w0=1803
SELECT w1=2217
SELECT w2=2310
BUSY TASK ewma=997
DMA IRQ c0=0
DMA IRQ c1=2
DMA IRQ c2=0
DMA IRQ c3=0
SELECT busy=1864
SELECT w0=1812
SELECT w1=2220
SELECT w2=2314
BUSY TASK ewma=997
DMA IRQ c0=0
DMA IRQ c1=2
DMA IRQ c2=0
DMA IRQ c3=0
SELECT busy=1872
SELECT w0=1820
SELECT w1=2223
SELECT w2=2318
BUSY TASK ewma=997
DMA IRQ c0=0
DMA IRQ c1=2
DMA IRQ c2=0
DMA IRQ c3=0
SELECT busy=1881
SELECT w0=1829
SELECT w1=2226
SELECT w2=2322
BUSY TASK ewma=997
DMA IRQ c0=0
DMA IRQ c1=2
DMA IRQ c2=0
DMA IRQ c3=0
SELECT busy=1889
SELECT w0=1837
SELECT w1=2230
SELECT w2=2326
BUSY TASK ewma=997
DMA IRQ c0=0
DMA IRQ c1=2
DMA IRQ c2=0
DMA IRQ c3=0
SELECT busy=1898
SELECT w0=1846
SELECT w1=2233
SELECT w2=2330
BUSY TASK ewma=997
DMA IRQ c0=0
DMA IRQ c1=2
DMA IRQ c2=0
DMA IRQ c3=0
SELECT busy=1906
SELECT w0=1855
SELECT w1=2236
SELECT w2=2334
BUSY TASK ewma=997
DMA IRQ c0=0
DMA IRQ c1=2
DMA IRQ c2=0
DMA IRQ c3=0
SELECT busy=1915
SELECT w0=1863
SELECT w1=2240
SELECT w2=2338
BUSY TASK ewma=997
DMA IRQ c0=0
DMA IRQ c1=2
DMA IRQ c2=0
DMA IRQ c3=0
SELECT busy=1924
SELECT w0=1872
SELECT w1=2244
SELECT w2=2343
BUSY TASK ewma=997
DMA IRQ c0=0
DMA IRQ c1=2
DMA IRQ c2=0
DMA IRQ c3=0
SELECT busy=1934
SELECT w0=1882
SELECT w1=2247
SELECT w2=2347
BUSY TASK ewma=997
DMA IRQ c0=0
DMA IRQ c1=2
DMA IRQ c2=0
DMA IRQ c3=0
SELECT busy=1945
SELECT w0=1893
SELECT w1=2252
SELECT w2=2353
BUSY TASK ewma=997
DMA IRQ c0=0
DMA IRQ c1=2
DMA IRQ c2=0
DMA IRQ c3=0
SELECT busy=1956
SELECT w0=1904
SELECT w1=2256
SELECT w2=2358
BUSY TASK ewma=997
DMA IRQ c0=0
DMA IRQ c1=2
DMA IRQ c2=0
DMA IRQ c3=0
SELECT busy=1968
SELECT w0=1916
SELECT w1=2260
SELECT w2=2363
BUSY TASK ewma=997
DMA IRQ c0=0
DMA IRQ c1=2
DMA IRQ c2=0
DMA IRQ c3=0
SELECT busy=1979
SELECT w0=1927
SELECT w1=2264
SELECT w2=2368
BUSY TASK ewma=997
DMA IRQ c0=0
DMA IRQ c1=2
DMA IRQ c2=0
DMA IRQ c3=0
SELECT busy=1990
SELECT w0=1938
SELECT w1=2269
SELECT w2=2374
BUSY TASK ewma=997
DMA IRQ c0=0
DMA IRQ c1=2
DMA IRQ c2=0
DMA IRQ c3=0
SELECT busy=2001
SELECT w0=1949
SELECT w1=2273
SELECT w2=2379
BUSY TASK ewma=997
DMA IRQ c0=0
DMA IRQ c1=2
DMA IRQ c2=0
DMA IRQ c3=0
SELECT busy=2012
SELECT w0=1961
SELECT w1=2277
SELECT w2=2385
BUSY TASK ewma=997
DMA IRQ c0=0
DMA IRQ c1=2
DMA IRQ c2=0
DMA IRQ c3=0
SELECT busy=2023
SELECT w0=1972
SELECT w1=2281
SELECT w2=2390
BUSY TASK ewma=997
DMA IRQ c0=0
DMA IRQ c1=2
DMA IRQ c2=0
DMA IRQ c3=0
SELECT busy=2035
SELECT w0=1983
SELECT w1=2285
SELECT w2=2395
BUSY TASK ewma=997
DMA IRQ c0=0
DMA IRQ c1=2
DMA IRQ c2=0
DMA IRQ c3=0
SELECT busy=2046
SELECT w0=1994
SELECT w1=2290
SELECT w2=2400
BUSY TASK ewma=997
DMA IRQ c0=0
DMA IRQ c1=2
DMA IRQ c2=0
DMA IRQ c3=0
SELECT busy=2057
SELECT w0=2005
SELECT w1=2294
SELECT w2=2406
BUSY TASK ewma=997
DMA IRQ c0=0
DMA IRQ c1=2
DMA IRQ c2=0
DMA IRQ c3=0
SELECT busy=2067
SELECT w0=2015
SELECT w1=2298
SELECT w2=2410
BUSY TASK ewma=997
DMA IRQ c0=0
DMA IRQ c1=2
DMA IRQ c2=0
DMA IRQ c3=0
SELECT busy=2076
SELECT w0=2024
SELECT w1=2301
SELECT w2=2415
BUSY TASK ewma=997
DMA IRQ c0=0
DMA IRQ c1=2
DMA IRQ c2=0
DMA IRQ c3=0
SELECT busy=2086
SELECT w0=2034
SELECT w1=2305
SELECT w2=2419
BUSY TASK ewma=997
DMA IRQ c0=0
DMA IRQ c1=2
DMA IRQ c2=0
DMA IRQ c3=0
SELECT busy=2097
SELECT w0=2045
SELECT w1=2309
SELECT w2=2425
BUSY TASK ewma=997
DMA IRQ c0=0
DMA IRQ c1=2
DMA IRQ c2=0
DMA IRQ c3=0
SELECT busy=2108
SELECT w0=2057
SELECT w1=2314
SELECT w2=2430
BUSY TASK ewma=997
DMA IRQ c0=0
DMA IRQ c1=2
DMA IRQ c2=0
DMA IRQ c3=0
SELECT busy=2120
SELECT w0=2068
SELECT w1=2318
SELECT w2=2436
BUSY TASK ewma=997
DMA IRQ c0=0
DMA IRQ c1=2
DMA IRQ c2=0
DMA IRQ c3=0
SELECT busy=2131
SELECT w0=2079
SELECT w1=2322
SELECT w2=2441
BUSY TASK ewma=997
DMA IRQ c0=0
DMA IRQ c1=2
DMA IRQ c2=0
DMA IRQ c3=0
SELECT busy=2140
SELECT w0=2088
SELECT w1=2326
SELECT w2=2445
BUSY TASK ewma=997
IRQ counts: cpu0=4219 cpu1=4118 cpu2=4097 cpu3=3963
SCHED secondaries: calls=12179 unexpected=0
SECTEST switches=12159 cpu1=32465945,32495978 cpu2=25905969,25887607 cpu3=76848697,77024990
PINGPONG rounds=2000 pongs=2000
DMA IRQ c0=0
DMA IRQ c1=2
DMA IRQ c2=0
DMA IRQ c3=0
SELECT busy=2150
SELECT w0=2098
SELECT w1=2330
SELECT w2=2450
BUSY TASK ewma=997
DMA IRQ c0=0
DMA IRQ c1=2
DMA IRQ c2=0
DMA IRQ c3=0
SELECT busy=2159
SELECT w0=2107
SELECT w1=2333
SELECT w2=2454
BUSY TASK ewma=997
DMA IRQ c0=0
DMA IRQ c1=2
DMA IRQ c2=0
DMA IRQ c3=0
SELECT busy=2167
SELECT w0=2115
SELECT w1=2336
SELECT w2=2458
BUSY TASK ewma=997
DMA IRQ c0=0
DMA IRQ c1=2
DMA IRQ c2=0
DMA IRQ c3=0
SELECT busy=2176
SELECT w0=2124
SELECT w1=2339
SELECT w2=2462
BUSY TASK ewma=997
DMA IRQ c0=0
DMA IRQ c1=2
DMA IRQ c2=0
DMA IRQ c3=0
SELECT busy=2184
SELECT w0=2132
SELECT w1=2343
SELECT w2=2467
BUSY TASK ewma=997
DMA IRQ c0=0
DMA IRQ c1=2
DMA IRQ c2=0
DMA IRQ c3=0
SELECT busy=2193
SELECT w0=2141
SELECT w1=2346
SELECT w2=2470
BUSY TASK ewma=997
DMA IRQ c0=0
DMA IRQ c1=2
DMA IRQ c2=0
DMA IRQ c3=0
SELECT busy=2202
SELECT w0=2150
SELECT w1=2349
SELECT w2=2475
BUSY TASK ewma=997
DMA IRQ c0=0
DMA IRQ c1=2
DMA IRQ c2=0
DMA IRQ c3=0
SELECT busy=2210
SELECT w0=2158
SELECT w1=2352
SELECT w2=2479
BUSY TASK ewma=997
DMA IRQ c0=0
DMA IRQ c1=2
DMA IRQ c2=0
DMA IRQ c3=0
SELECT busy=2219
SELECT w0=2167
SELECT w1=2356
SELECT w2=2483
BUSY TASK ewma=997
DMA IRQ c0=0
DMA IRQ c1=2
DMA IRQ c2=0
DMA IRQ c3=0
SELECT busy=2227
SELECT w0=2175
SELECT w1=2359
SELECT w2=2487
BUSY TASK ewma=997
DMA IRQ c0=0
DMA IRQ c1=2
DMA IRQ c2=0
DMA IRQ c3=0
SELECT busy=2236
SELECT w0=2184
SELECT w1=2362
SELECT w2=2491
BUSY TASK ewma=997
DMA IRQ c0=0
DMA IRQ c1=2
DMA IRQ c2=0
DMA IRQ c3=0
SELECT busy=2244
SELECT w0=2193
SELECT w1=2366
SELECT w2=2495
BUSY TASK ewma=997
DMA IRQ c0=0
DMA IRQ c1=2
DMA IRQ c2=0
DMA IRQ c3=0
SELECT busy=2253
SELECT w0=2201
SELECT w1=2369
SELECT w2=2499
BUSY TASK ewma=997
DMA IRQ c0=0
DMA IRQ c1=2
DMA IRQ c2=0
DMA IRQ c3=0
SELECT busy=2262
SELECT w0=2210
SELECT w1=2372
SELECT w2=2503
BUSY TASK ewma=997
DMA IRQ c0=0
DMA IRQ c1=2
DMA IRQ c2=0
DMA IRQ c3=0
SELECT busy=2270
SELECT w0=2218
SELECT w1=2376
SELECT w2=2507
BUSY TASK ewma=997
DMA IRQ c0=0
DMA IRQ c1=2
DMA IRQ c2=0
DMA IRQ c3=0
SELECT busy=2279
SELECT w0=2227
SELECT w1=2379
SELECT w2=2511
BUSY TASK ewma=997
DMA IRQ c0=0
DMA IRQ c1=2
DMA IRQ c2=0
DMA IRQ c3=0
SELECT busy=2288
SELECT w0=2236
SELECT w1=2382
SELECT w2=2516
BUSY TASK ewma=997
DMA IRQ c0=0
DMA IRQ c1=2
DMA IRQ c2=0
DMA IRQ c3=0
SELECT busy=2296
SELECT w0=2245
SELECT w1=2385
SELECT w2=2520
BUSY TASK ewma=997
DMA IRQ c0=0
DMA IRQ c1=2
DMA IRQ c2=0
DMA IRQ c3=0
SELECT busy=2305
SELECT w0=2253
SELECT w1=2388
SELECT w2=2524
BUSY TASK ewma=997
DMA IRQ c0=0
DMA IRQ c1=2
DMA IRQ c2=0
DMA IRQ c3=0
SELECT busy=2313
SELECT w0=2261
SELECT w1=2392
SELECT w2=2528
BUSY TASK ewma=997
DMA IRQ c0=0
DMA IRQ c1=2
DMA IRQ c2=0
DMA IRQ c3=0
SELECT busy=2322
SELECT w0=2270
SELECT w1=2395
SELECT w2=2532
BUSY TASK ewma=997
DMA IRQ c0=0
DMA IRQ c1=2
DMA IRQ c2=0
DMA IRQ c3=0
SELECT busy=2330
SELECT w0=2278
SELECT w1=2398
SELECT w2=2536
BUSY TASK ewma=997
DMA IRQ c0=0
DMA IRQ c1=2
DMA IRQ c2=0
DMA IRQ c3=0
SELECT busy=2339
SELECT w0=2287
SELECT w1=2402
SELECT w2=2540
BUSY TASK ewma=997
DMA IRQ c0=0
DMA IRQ c1=2
DMA IRQ c2=0
DMA IRQ c3=0
SELECT busy=2347
SELECT w0=2295
SELECT w1=2405
SELECT w2=2544
BUSY TASK ewma=997
DMA IRQ c0=0
DMA IRQ c1=2
DMA IRQ c2=0
DMA IRQ c3=0
SELECT busy=2356
SELECT w0=2304
SELECT w1=2408
SELECT w2=2548
BUSY TASK ewma=997
DMA IRQ c0=0
DMA IRQ c1=2
DMA IRQ c2=0
DMA IRQ c3=0
SELECT busy=2365
SELECT w0=2313
SELECT w1=2412
SELECT w2=2552
BUSY TASK ewma=997
DMA IRQ c0=0
DMA IRQ c1=2
DMA IRQ c2=0
DMA IRQ c3=0
SELECT busy=2373
SELECT w0=2321
SELECT w1=2415
SELECT w2=2556
BUSY TASK ewma=997
DMA IRQ c0=0
DMA IRQ c1=2
DMA IRQ c2=0
DMA IRQ c3=0
SELECT busy=2382
SELECT w0=2330
SELECT w1=2418
SELECT w2=2560
BUSY TASK ewma=997
DMA IRQ c0=0
DMA IRQ c1=2
DMA IRQ c2=0
DMA IRQ c3=0
SELECT busy=2390
SELECT w0=2338
SELECT w1=2422
SELECT w2=2565
BUSY TASK ewma=997
DMA IRQ c0=0
DMA IRQ c1=2
DMA IRQ c2=0
DMA IRQ c3=0
SELECT busy=2399
SELECT w0=2347
SELECT w1=2425
SELECT w2=2569
BUSY TASK ewma=997
DMA IRQ c0=0
DMA IRQ c1=2
DMA IRQ c2=0
DMA IRQ c3=0
SELECT busy=2407
SELECT w0=2355
SELECT w1=2428
SELECT w2=2573
BUSY TASK ewma=997
DMA IRQ c0=0
DMA IRQ c1=2
DMA IRQ c2=0
DMA IRQ c3=0
SELECT busy=2416
SELECT w0=2364
SELECT w1=2432
SELECT w2=2577
BUSY TASK ewma=997
DMA IRQ c0=0
DMA IRQ c1=2
DMA IRQ c2=0
DMA IRQ c3=0
SELECT busy=2424
SELECT w0=2372
SELECT w1=2435
SELECT w2=2581
BUSY TASK ewma=997
DMA IRQ c0=0
DMA IRQ c1=2
DMA IRQ c2=0
DMA IRQ c3=0
SELECT busy=2433
SELECT w0=2381
SELECT w1=2438
SELECT w2=2585
BUSY TASK ewma=997
DMA IRQ c0=0
DMA IRQ c1=2
DMA IRQ c2=0
DMA IRQ c3=0
SELECT busy=2441
SELECT w0=2389
SELECT w1=2441
SELECT w2=2589
BUSY TASK ewma=997
DMA IRQ c0=0
DMA IRQ c1=2
DMA IRQ c2=0
DMA IRQ c3=0
SELECT busy=2450
SELECT w0=2398
SELECT w1=2445
SELECT w2=2593
BUSY TASK ewma=997
DMA IRQ c0=0
DMA IRQ c1=2
DMA IRQ c2=0
DMA IRQ c3=0
SELECT busy=2459
SELECT w0=2407
SELECT w1=2448
SELECT w2=2597
BUSY TASK ewma=997
DMA IRQ c0=0
DMA IRQ c1=2
DMA IRQ c2=0
DMA IRQ c3=0
SELECT busy=2467
SELECT w0=2415
SELECT w1=2451
SELECT w2=2602
BUSY TASK ewma=997
DMA IRQ c0=0
DMA IRQ c1=2
DMA IRQ c2=0
DMA IRQ c3=0
SELECT busy=2476
SELECT w0=2424
SELECT w1=2454
SELECT w2=2605
BUSY TASK ewma=997
DMA IRQ c0=0
DMA IRQ c1=2
DMA IRQ c2=0
DMA IRQ c3=0
SELECT busy=2484
SELECT w0=2432
SELECT w1=2458
SELECT w2=2609
BUSY TASK ewma=997
DMA IRQ c0=0
DMA IRQ c1=2
DMA IRQ c2=0
DMA IRQ c3=0
SELECT busy=2493
SELECT w0=2441
SELECT w1=2461
SELECT w2=2614
BUSY TASK ewma=997
DMA IRQ c0=0
DMA IRQ c1=2
DMA IRQ c2=0
DMA IRQ c3=0
SELECT busy=2501
SELECT w0=2449
SELECT w1=2464
SELECT w2=2617
BUSY TASK ewma=997
DMA IRQ c0=0
DMA IRQ c1=2
DMA IRQ c2=0
DMA IRQ c3=0
SELECT busy=2510
SELECT w0=2458
SELECT w1=2467
SELECT w2=2622
BUSY TASK ewma=997
DMA IRQ c0=0
DMA IRQ c1=2
DMA IRQ c2=0
DMA IRQ c3=0
SELECT busy=2518
SELECT w0=2466
SELECT w1=2471
SELECT w2=2626
BUSY TASK ewma=997
DMA IRQ c0=0
DMA IRQ c1=2
DMA IRQ c2=0
DMA IRQ c3=0
SELECT busy=2526
SELECT w0=2474
SELECT w1=2474
SELECT w2=2630
BUSY TASK ewma=997
DMA IRQ c0=0
DMA IRQ c1=2
DMA IRQ c2=0
DMA IRQ c3=0
SELECT busy=2535
SELECT w0=2483
SELECT w1=2477
SELECT w2=2634
BUSY TASK ewma=997
DMA IRQ c0=0
DMA IRQ c1=2
DMA IRQ c2=0
DMA IRQ c3=0
SELECT busy=2543
SELECT w0=2492
SELECT w1=2481
SELECT w2=2638
BUSY TASK ewma=997
DMA IRQ c0=0
DMA IRQ c1=2
DMA IRQ c2=0
DMA IRQ c3=0
SELECT busy=2552
SELECT w0=2500
SELECT w1=2484
SELECT w2=2642
BUSY TASK ewma=997
DMA IRQ c0=0
DMA IRQ c1=2
DMA IRQ c2=0
DMA IRQ c3=0
SELECT busy=2561
SELECT w0=2509
SELECT w1=2487
SELECT w2=2646
BUSY TASK ewma=997
DMA IRQ c0=0
DMA IRQ c1=2
DMA IRQ c2=0
DMA IRQ c3=0
SELECT busy=2569
SELECT w0=2517
SELECT w1=2490
SELECT w2=2650
BUSY TASK ewma=997
DMA IRQ c0=0
DMA IRQ c1=2
DMA IRQ c2=0
DMA IRQ c3=0
SELECT busy=2578
SELECT w0=2526
SELECT w1=2494
SELECT w2=2654
BUSY TASK ewma=997
DMA IRQ c0=0
DMA IRQ c1=2
DMA IRQ c2=0
DMA IRQ c3=0
SELECT busy=2586
SELECT w0=2534
SELECT w1=2497
SELECT w2=2659
BUSY TASK ewma=997
DMA IRQ c0=0
DMA IRQ c1=2
DMA IRQ c2=0
DMA IRQ c3=0
SELECT busy=2595
SELECT w0=2543
SELECT w1=2500
SELECT w2=2663
BUSY TASK ewma=997
DMA IRQ c0=0
DMA IRQ c1=2
DMA IRQ c2=0
DMA IRQ c3=0
SELECT busy=2604
SELECT w0=2552
SELECT w1=2504
SELECT w2=2667
BUSY TASK ewma=997
DMA IRQ c0=0
DMA IRQ c1=2
DMA IRQ c2=0
DMA IRQ c3=0
SELECT busy=2612
SELECT w0=2560
SELECT w1=2507
SELECT w2=2671
BUSY TASK ewma=997
DMA IRQ c0=0
DMA IRQ c1=2
DMA IRQ c2=0
DMA IRQ c3=0
SELECT busy=2621
SELECT w0=2569
SELECT w1=2510
SELECT w2=2675
BUSY TASK ewma=997
DMA IRQ c0=0
DMA IRQ c1=2
DMA IRQ c2=0
DMA IRQ c3=0
SELECT busy=2630
SELECT w0=2578
SELECT w1=2513
SELECT w2=2679
BUSY TASK ewma=997
DMA IRQ c0=0
DMA IRQ c1=2
DMA IRQ c2=0
DMA IRQ c3=0
SELECT busy=2638
SELECT w0=2586
SELECT w1=2517
SELECT w2=2683
BUSY TASK ewma=997
DMA IRQ c0=0
DMA IRQ c1=2
DMA IRQ c2=0
DMA IRQ c3=0
SELECT busy=2647
SELECT w0=2595
SELECT w1=2520
SELECT w2=2687
BUSY TASK ewma=997
DMA IRQ c0=0
DMA IRQ c1=2
DMA IRQ c2=0
DMA IRQ c3=0
SELECT busy=2655
SELECT w0=2604
SELECT w1=2523
SELECT w2=2692
BUSY TASK ewma=997
DMA IRQ c0=0
DMA IRQ c1=2
DMA IRQ c2=0
DMA IRQ c3=0
SELECT busy=2664
SELECT w0=2612
SELECT w1=2526
SELECT w2=2696
BUSY TASK ewma=997
DMA IRQ c0=0
DMA IRQ c1=2
DMA IRQ c2=0
DMA IRQ c3=0
SELECT busy=2673
SELECT w0=2621
SELECT w1=2530
SELECT w2=2700
BUSY TASK ewma=997
DMA IRQ c0=0
DMA IRQ c1=2
DMA IRQ c2=0
DMA IRQ c3=0
SELECT busy=2681
SELECT w0=2629
SELECT w1=2533
SELECT w2=2704
BUSY TASK ewma=997
DMA IRQ c0=0
DMA IRQ c1=2
DMA IRQ c2=0
DMA IRQ c3=0
SELECT busy=2690
SELECT w0=2638
SELECT w1=2536
SELECT w2=2708
BUSY TASK ewma=997
IRQ counts: cpu0=5317 cpu1=5171 cpu2=5145 cpu3=4996
SCHED secondaries: calls=15312 unexpected=0
SECTEST switches=15292 cpu1=52997875,53102235 cpu2=43044611,43145897 cpu3=101778082,102163381
PINGPONG rounds=2000 pongs=2000
DMA IRQ c0=0
DMA IRQ c1=2
DMA IRQ c2=0
DMA IRQ c3=0
SELECT busy=2699
SELECT w0=2647
SELECT w1=2540
SELECT w2=2713
BUSY TASK ewma=997
DMA IRQ c0=0
DMA IRQ c1=2
DMA IRQ c2=0
DMA IRQ c3=0
SELECT busy=2708
SELECT w0=2656
SELECT w1=2543
SELECT w2=2717
BUSY TASK ewma=997
DMA IRQ c0=0
DMA IRQ c1=2
DMA IRQ c2=0
DMA IRQ c3=0
SELECT busy=2716
SELECT w0=2664
SELECT w1=2547
SELECT w2=2721
BUSY TASK ewma=997
DMA IRQ c0=0
DMA IRQ c1=2
DMA IRQ c2=0
DMA IRQ c3=0
SELECT busy=2725
SELECT w0=2673
SELECT w1=2550
SELECT w2=2725
BUSY TASK ewma=997
DMA IRQ c0=0
DMA IRQ c1=2
DMA IRQ c2=0
DMA IRQ c3=0
SELECT busy=2733
SELECT w0=2682
SELECT w1=2553
SELECT w2=2729
BUSY TASK ewma=997
DMA IRQ c0=0
DMA IRQ c1=2
DMA IRQ c2=0
DMA IRQ c3=0
SELECT busy=2742
SELECT w0=2690
SELECT w1=2557
SELECT w2=2733
BUSY TASK ewma=997
DMA IRQ c0=0
DMA IRQ c1=2
DMA IRQ c2=0
DMA IRQ c3=0
SELECT busy=2751
SELECT w0=2699
SELECT w1=2560
SELECT w2=2737
BUSY TASK ewma=997
DMA IRQ c0=0
DMA IRQ c1=2
DMA IRQ c2=0
DMA IRQ c3=0
SELECT busy=2759
SELECT w0=2707
SELECT w1=2563
SELECT w2=2741
BUSY TASK ewma=997
DMA IRQ c0=0
DMA IRQ c1=2
DMA IRQ c2=0
DMA IRQ c3=0
SELECT busy=2768
SELECT w0=2716
SELECT w1=2567
SELECT w2=2745
BUSY TASK ewma=997
DMA IRQ c0=0
DMA IRQ c1=2
DMA IRQ c2=0
DMA IRQ c3=0
SELECT busy=2776
SELECT w0=2724
SELECT w1=2570
SELECT w2=2749
BUSY TASK ewma=997
DMA IRQ c0=0
DMA IRQ c1=2
DMA IRQ c2=0
DMA IRQ c3=0
SELECT busy=2785
SELECT w0=2733
SELECT w1=2573
SELECT w2=2753
BUSY TASK ewma=997
DMA IRQ c0=0
DMA IRQ c1=2
DMA IRQ c2=0
DMA IRQ c3=0
SELECT busy=2793
SELECT w0=2742
SELECT w1=2577
SELECT w2=2758
BUSY TASK ewma=997
DMA IRQ c0=0
DMA IRQ c1=2
DMA IRQ c2=0
DMA IRQ c3=0
SELECT busy=2802
SELECT w0=2750
SELECT w1=2580
SELECT w2=2761
BUSY TASK ewma=997
DMA IRQ c0=0
DMA IRQ c1=2
DMA IRQ c2=0
DMA IRQ c3=0
SELECT busy=2810
SELECT w0=2759
SELECT w1=2583
SELECT w2=2766
BUSY TASK ewma=997
DMA IRQ c0=0
DMA IRQ c1=2
DMA IRQ c2=0
DMA IRQ c3=0
SELECT busy=2819
SELECT w0=2767
SELECT w1=2586
SELECT w2=2770
BUSY TASK ewma=997
DMA IRQ c0=0
DMA IRQ c1=2
DMA IRQ c2=0
DMA IRQ c3=0
SELECT busy=2828
SELECT w0=2776
SELECT w1=2590
SELECT w2=2774
BUSY TASK ewma=997
DMA IRQ c0=0
DMA IRQ c1=2
DMA IRQ c2=0
DMA IRQ c3=0
SELECT busy=2836
SELECT w0=2784
SELECT w1=2593
SELECT w2=2778
BUSY TASK ewma=997
DMA IRQ c0=0
DMA IRQ c1=2
DMA IRQ c2=0
DMA IRQ c3=0
SELECT busy=2845
SELECT w0=2793
SELECT w1=2596
SELECT w2=2782
BUSY TASK ewma=997
DMA IRQ c0=0
DMA IRQ c1=2
DMA IRQ c2=0
DMA IRQ c3=0
SELECT busy=2854
SELECT w0=2802
SELECT w1=2600
SELECT w2=2786
BUSY TASK ewma=997
DMA IRQ c0=0
DMA IRQ c1=2
DMA IRQ c2=0
DMA IRQ c3=0
SELECT busy=2862
SELECT w0=2810
SELECT w1=2603
SELECT w2=2790
BUSY TASK ewma=997
DMA IRQ c0=0
DMA IRQ c1=2
DMA IRQ c2=0
DMA IRQ c3=0
SELECT busy=2871
SELECT w0=2819
SELECT w1=2606
SELECT w2=2794
BUSY TASK ewma=997
DMA IRQ c0=0
DMA IRQ c1=2
DMA IRQ c2=0
DMA IRQ c3=0
SELECT busy=2879
SELECT w0=2828
SELECT w1=2610
SELECT w2=2798
BUSY TASK ewma=997
DMA IRQ c0=0
DMA IRQ c1=2
DMA IRQ c2=0
DMA IRQ c3=0
SELECT busy=2888
SELECT w0=2836
SELECT w1=2613
SELECT w2=2802
BUSY TASK ewma=997
DMA IRQ c0=0
DMA IRQ c1=2
DMA IRQ c2=0
DMA IRQ c3=0
SELECT busy=2897
SELECT w0=2845
SELECT w1=2616
SELECT w2=2807
BUSY TASK ewma=997
DMA IRQ c0=0
DMA IRQ c1=2
DMA IRQ c2=0
DMA IRQ c3=0
SELECT busy=2905
SELECT w0=2853
SELECT w1=2619
SELECT w2=2811
BUSY TASK ewma=997
DMA IRQ c0=0
DMA IRQ c1=2
DMA IRQ c2=0
DMA IRQ c3=0
SELECT busy=2914
SELECT w0=2862
SELECT w1=2623
SELECT w2=2815
BUSY TASK ewma=997
DMA IRQ c0=0
DMA IRQ c1=2
DMA IRQ c2=0
DMA IRQ c3=0
SELECT busy=2922
SELECT w0=2870
SELECT w1=2626
SELECT w2=2819
BUSY TASK ewma=997
DMA IRQ c0=0
DMA IRQ c1=2
DMA IRQ c2=0
DMA IRQ c3=0
SELECT busy=2931
SELECT w0=2879
SELECT w1=2629
SELECT w2=2823
BUSY TASK ewma=997
DMA IRQ c0=0
DMA IRQ c1=2
DMA IRQ c2=0
DMA IRQ c3=0
SELECT busy=2940
SELECT w0=2888
SELECT w1=2633
SELECT w2=2827
BUSY TASK ewma=997
DMA IRQ c0=0
DMA IRQ c1=2
DMA IRQ c2=0
DMA IRQ c3=0
SELECT busy=2948
SELECT w0=2896
SELECT w1=2636
SELECT w2=2831
BUSY TASK ewma=997
DMA IRQ c0=0
DMA IRQ c1=2
DMA IRQ c2=0
DMA IRQ c3=0
SELECT busy=2957
SELECT w0=2905
SELECT w1=2639
SELECT w2=2835
BUSY TASK ewma=997
DMA IRQ c0=0
DMA IRQ c1=2
DMA IRQ c2=0
DMA IRQ c3=0
SELECT busy=2965
SELECT w0=2913
SELECT w1=2643
SELECT w2=2839
BUSY TASK ewma=997
DMA IRQ c0=0
DMA IRQ c1=2
DMA IRQ c2=0
DMA IRQ c3=0
SELECT busy=2974
SELECT w0=2922
SELECT w1=2646
SELECT w2=2843
BUSY TASK ewma=997
DMA IRQ c0=0
DMA IRQ c1=2
DMA IRQ c2=0
DMA IRQ c3=0
SELECT busy=2983
SELECT w0=2931
SELECT w1=2649
SELECT w2=2847
BUSY TASK ewma=997
DMA IRQ c0=0
DMA IRQ c1=2
DMA IRQ c2=0
DMA IRQ c3=0
SELECT busy=2991
SELECT w0=2939
SELECT w1=2652
SELECT w2=2852
BUSY TASK ewma=997
DMA IRQ c0=0
DMA IRQ c1=2
DMA IRQ c2=0
DMA IRQ c3=0
SELECT busy=3001
SELECT w0=2949
SELECT w1=2656
SELECT w2=2856
BUSY TASK ewma=997
DMA IRQ c0=0
DMA IRQ c1=2
DMA IRQ c2=0
DMA IRQ c3=0
SELECT busy=3013
SELECT w0=2961
SELECT w1=2661
SELECT w2=2862
BUSY TASK ewma=997
DMA IRQ c0=0
DMA IRQ c1=2
DMA IRQ c2=0
DMA IRQ c3=0
SELECT busy=3025
SELECT w0=2973
SELECT w1=2665
SELECT w2=2867
BUSY TASK ewma=997
DMA IRQ c0=0
DMA IRQ c1=2
DMA IRQ c2=0
DMA IRQ c3=0
SELECT busy=3036
SELECT w0=2984
SELECT w1=2669
SELECT w2=2873
BUSY TASK ewma=997
DMA IRQ c0=0
DMA IRQ c1=2
DMA IRQ c2=0
DMA IRQ c3=0
SELECT busy=3048
SELECT w0=2996
SELECT w1=2674
SELECT w2=2878
BUSY TASK ewma=997
DMA IRQ c0=0
DMA IRQ c1=2
DMA IRQ c2=0
DMA IRQ c3=0
SELECT busy=3060
SELECT w0=3008
SELECT w1=2679
SELECT w2=2884
BUSY TASK ewma=997
DMA IRQ c0=0
DMA IRQ c1=2
DMA IRQ c2=0
DMA IRQ c3=0
SELECT busy=3069
SELECT w0=3017
SELECT w1=2682
SELECT w2=2888
BUSY TASK ewma=997
DMA IRQ c0=0
DMA IRQ c1=2
DMA IRQ c2=0
DMA IRQ c3=0
SELECT busy=3078
SELECT w0=3026
SELECT w1=2685
SELECT w2=2892
BUSY TASK ewma=997
DMA IRQ c0=0
DMA IRQ c1=2
DMA IRQ c2=0
DMA IRQ c3=0
SELECT busy=3086
SELECT w0=3034
SELECT w1=2688
SELECT w2=2897
BUSY TASK ewma=997
DMA IRQ c0=0
DMA IRQ c1=2
DMA IRQ c2=0
DMA IRQ c3=0
SELECT busy=3095
SELECT w0=3043
SELECT w1=2692
SELECT w2=2901
BUSY TASK ewma=997
DMA IRQ c0=0
DMA IRQ c1=2
DMA IRQ c2=0
DMA IRQ c3=0
SELECT busy=3104
SELECT w0=3052
SELECT w1=2695
SELECT w2=2905
BUSY TASK ewma=997
DMA IRQ c0=0
DMA IRQ c1=2
DMA IRQ c2=0
DMA IRQ c3=0
SELECT busy=3113
SELECT w0=3061
SELECT w1=2698
SELECT w2=2909
BUSY TASK ewma=997
DMA IRQ c0=0
DMA IRQ c1=2
DMA IRQ c2=0
DMA IRQ c3=0
SELECT busy=3123
SELECT w0=3071
SELECT w1=2702
SELECT w2=2914
BUSY TASK ewma=997
DMA IRQ c0=0
DMA IRQ c1=2
DMA IRQ c2=0
DMA IRQ c3=0
SELECT busy=3135
SELECT w0=3083
SELECT w1=2707
SELECT w2=2920
BUSY TASK ewma=997
DMA IRQ c0=0
DMA IRQ c1=2
DMA IRQ c2=0
DMA IRQ c3=0
SELECT busy=3147
SELECT w0=3095
SELECT w1=2712
SELECT w2=2925
BUSY TASK ewma=997
DMA IRQ c0=0
DMA IRQ c1=2
DMA IRQ c2=0
DMA IRQ c3=0
SELECT busy=3158
SELECT w0=3107
SELECT w1=2716
SELECT w2=2931
BUSY TASK ewma=997
DMA IRQ c0=0
DMA IRQ c1=2
DMA IRQ c2=0
DMA IRQ c3=0
SELECT busy=3168
SELECT w0=3116
SELECT w1=2720
SELECT w2=2936
BUSY TASK ewma=997
DMA IRQ c0=0
DMA IRQ c1=2
DMA IRQ c2=0
DMA IRQ c3=0
SELECT busy=3177
SELECT w0=3125
SELECT w1=2723
SELECT w2=2940
BUSY TASK ewma=997
DMA IRQ c0=0
DMA IRQ c1=2
DMA IRQ c2=0
DMA IRQ c3=0
SELECT busy=3186
SELECT w0=3134
SELECT w1=2727
SELECT w2=2944
BUSY TASK ewma=997
DMA IRQ c0=0
DMA IRQ c1=2
DMA IRQ c2=0
DMA IRQ c3=0
SELECT busy=3195
SELECT w0=3143
SELECT w1=2730
SELECT w2=2948
BUSY TASK ewma=997
DMA IRQ c0=0
DMA IRQ c1=2
DMA IRQ c2=0
DMA IRQ c3=0
SELECT busy=3203
SELECT w0=3151
SELECT w1=2733
SELECT w2=2952
BUSY TASK ewma=997
DMA IRQ c0=0
DMA IRQ c1=2
DMA IRQ c2=0
DMA IRQ c3=0
SELECT busy=3212
SELECT w0=3160
SELECT w1=2737
SELECT w2=2956
BUSY TASK ewma=997
DMA IRQ c0=0
DMA IRQ c1=2
DMA IRQ c2=0
DMA IRQ c3=0
SELECT busy=3221
SELECT w0=3169
SELECT w1=2740
SELECT w2=2960
BUSY TASK ewma=997
DMA IRQ c0=0
DMA IRQ c1=2
DMA IRQ c2=0
DMA IRQ c3=0
SELECT busy=3230
SELECT w0=3178
SELECT w1=2743
SELECT w2=2965
BUSY TASK ewma=997
DMA IRQ c0=0
DMA IRQ c1=2
DMA IRQ c2=0
DMA IRQ c3=0
SELECT busy=3238
SELECT w0=3186
SELECT w1=2746
SELECT w2=2969
BUSY TASK ewma=997
DMA IRQ c0=0
DMA IRQ c1=2
DMA IRQ c2=0
DMA IRQ c3=0
SELECT busy=3247
SELECT w0=3195
SELECT w1=2750
SELECT w2=2973
BUSY TASK ewma=997
DMA IRQ c0=0
DMA IRQ c1=2
DMA IRQ c2=0
DMA IRQ c3=0
SELECT busy=3255
SELECT w0=3203
SELECT w1=2753
SELECT w2=2977
BUSY TASK ewma=997
DMA IRQ c0=0
DMA IRQ c1=2
DMA IRQ c2=0
DMA IRQ c3=0
SELECT busy=3264
SELECT w0=3212
SELECT w1=2756
SELECT w2=2981
BUSY TASK ewma=997
DMA IRQ c0=0
DMA IRQ c1=2
DMA IRQ c2=0
DMA IRQ c3=0
SELECT busy=3273
SELECT w0=3221
SELECT w1=2760
SELECT w2=2985
BUSY TASK ewma=997
IRQ counts: cpu0=6483 cpu1=6286 cpu2=6254 cpu3=6092
SCHED secondaries: calls=18632 unexpected=0
SECTEST switches=18612 cpu1=71827612,71956825 cpu2=60537603,60892563 cpu3=125765819,126220540
PINGPONG rounds=2000 pongs=2000
DMA IRQ c0=0
DMA IRQ c1=2
DMA IRQ c2=0
DMA IRQ c3=0
SELECT busy=3282
SELECT w0=3230
SELECT w1=2763
SELECT w2=2990
BUSY TASK ewma=997
DMA IRQ c0=0
DMA IRQ c1=2
DMA IRQ c2=0
DMA IRQ c3=0
SELECT busy=3289
SELECT w0=3237
SELECT w1=2766
SELECT w2=2993
BUSY TASK ewma=997
DMA IRQ c0=0
DMA IRQ c1=2
DMA IRQ c2=0
DMA IRQ c3=0
SELECT busy=3300
SELECT w0=3248
SELECT w1=2770
SELECT w2=2998
BUSY TASK ewma=997
DMA IRQ c0=0
DMA IRQ c1=2
DMA IRQ c2=0
DMA IRQ c3=0
SELECT busy=3309
SELECT w0=3257
SELECT w1=2774
SELECT w2=3002
BUSY TASK ewma=997
DMA IRQ c0=0
DMA IRQ c1=2
DMA IRQ c2=0
DMA IRQ c3=0
SELECT busy=3321
SELECT w0=3269
SELECT w1=2778
SELECT w2=3008
BUSY TASK ewma=997
DMA IRQ c0=0
DMA IRQ c1=2
DMA IRQ c2=0
DMA IRQ c3=0
SELECT busy=3333
SELECT w0=3282
SELECT w1=2783
SELECT w2=3014
BUSY TASK ewma=997
DMA IRQ c0=0
DMA IRQ c1=2
DMA IRQ c2=0
DMA IRQ c3=0
SELECT busy=3347
SELECT w0=3295
SELECT w1=2788
SELECT w2=3020
BUSY TASK ewma=997
DMA IRQ c0=0
DMA IRQ c1=2
DMA IRQ c2=0
DMA IRQ c3=0
SELECT busy=3361
SELECT w0=3309
SELECT w1=2794
SELECT w2=3027
BUSY TASK ewma=997
DMA IRQ c0=0
DMA IRQ c1=2
DMA IRQ c2=0
DMA IRQ c3=0
SELECT busy=3373
SELECT w0=3321
SELECT w1=2798
SELECT w2=3032
BUSY TASK ewma=997
DMA IRQ c0=0
DMA IRQ c1=2
DMA IRQ c2=0
DMA IRQ c3=0
SELECT busy=3384
SELECT w0=3332
SELECT w1=2803
SELECT w2=3038
BUSY TASK ewma=997
DMA IRQ c0=0
DMA IRQ c1=2
DMA IRQ c2=0
DMA IRQ c3=0
SELECT busy=3394
SELECT w0=3342
SELECT w1=2806
SELECT w2=3043
BUSY TASK ewma=997
DMA IRQ c0=0
DMA IRQ c1=2
DMA IRQ c2=0
DMA IRQ c3=0
SELECT busy=3403
SELECT w0=3351
SELECT w1=2810
SELECT w2=3047
BUSY TASK ewma=997
DMA IRQ c0=0
DMA IRQ c1=2
DMA IRQ c2=0
DMA IRQ c3=0
SELECT busy=3411
SELECT w0=3359
SELECT w1=2813
SELECT w2=3051
BUSY TASK ewma=997
DMA IRQ c0=0
DMA IRQ c1=2
DMA IRQ c2=0
DMA IRQ c3=0
SELECT busy=3420
SELECT w0=3368
SELECT w1=2816
SELECT w2=3055
BUSY TASK ewma=997
DMA IRQ c0=0
DMA IRQ c1=2
DMA IRQ c2=0
DMA IRQ c3=0
SELECT busy=3428
SELECT w0=3376
SELECT w1=2820
SELECT w2=3059
BUSY TASK ewma=997
DMA IRQ c0=0
DMA IRQ c1=2
DMA IRQ c2=0
DMA IRQ c3=0
SELECT busy=3437
SELECT w0=3385
SELECT w1=2823
SELECT w2=3063
BUSY TASK ewma=997
DMA IRQ c0=0
DMA IRQ c1=2
DMA IRQ c2=0
DMA IRQ c3=0
SELECT busy=3446
SELECT w0=3394
SELECT w1=2826
SELECT w2=3067
BUSY TASK ewma=997
DMA IRQ c0=0
DMA IRQ c1=2
DMA IRQ c2=0
DMA IRQ c3=0
SELECT busy=3454
SELECT w0=3402
SELECT w1=2829
SELECT w2=3071
BUSY TASK ewma=997
DMA IRQ c0=0
DMA IRQ c1=2
DMA IRQ c2=0
DMA IRQ c3=0
SELECT busy=3463
SELECT w0=3411
SELECT w1=2833
SELECT w2=3075
BUSY TASK ewma=997
DMA IRQ c0=0
DMA IRQ c1=2
DMA IRQ c2=0
DMA IRQ c3=0
SELECT busy=3471
SELECT w0=3419
SELECT w1=2836
SELECT w2=3079
BUSY TASK ewma=997
DMA IRQ c0=0
DMA IRQ c1=2
DMA IRQ c2=0
DMA IRQ c3=0
SELECT busy=3480
SELECT w0=3428
SELECT w1=2839
SELECT w2=3083
BUSY TASK ewma=997
DMA IRQ c0=0
DMA IRQ c1=2
DMA IRQ c2=0
DMA IRQ c3=0
SELECT busy=3489
SELECT w0=3437
SELECT w1=2843
SELECT w2=3088
BUSY TASK ewma=997
DMA IRQ c0=0
DMA IRQ c1=2
DMA IRQ c2=0
DMA IRQ c3=0
SELECT busy=3500
SELECT w0=3448
SELECT w1=2847
SELECT w2=3093
BUSY TASK ewma=997
DMA IRQ c0=0
DMA IRQ c1=2
DMA IRQ c2=0
DMA IRQ c3=0
SELECT busy=3511
SELECT w0=3459
SELECT w1=2851
SELECT w2=3098
BUSY TASK ewma=997
DMA IRQ c0=0
DMA IRQ c1=2
DMA IRQ c2=0
DMA IRQ c3=0
SELECT busy=3523
SELECT w0=3471
SELECT w1=2856
SELECT w2=3104
BUSY TASK ewma=997
DMA IRQ c0=0
DMA IRQ c1=2
DMA IRQ c2=0
DMA IRQ c3=0
SELECT busy=3534
SELECT w0=3482
SELECT w1=2860
SELECT w2=3109
BUSY TASK ewma=997
DMA IRQ c0=0
DMA IRQ c1=2
DMA IRQ c2=0
DMA IRQ c3=0
SELECT busy=3545
SELECT w0=3493
SELECT w1=2864
SELECT w2=3114
BUSY TASK ewma=997
DMA IRQ c0=0
DMA IRQ c1=2
DMA IRQ c2=0
DMA IRQ c3=0
SELECT busy=3554
SELECT w0=3502
SELECT w1=2868
SELECT w2=3119
BUSY TASK ewma=997
DMA IRQ c0=0
DMA IRQ c1=2
DMA IRQ c2=0
DMA IRQ c3=0
SELECT busy=3563
SELECT w0=3511
SELECT w1=2871
SELECT w2=3123
BUSY TASK ewma=997
DMA IRQ c0=0
DMA IRQ c1=2
DMA IRQ c2=0
DMA IRQ c3=0
SELECT busy=3572
SELECT w0=3520
SELECT w1=2874
SELECT w2=3127
BUSY TASK ewma=997
DMA IRQ c0=0
DMA IRQ c1=2
DMA IRQ c2=0
DMA IRQ c3=0
SELECT busy=3580
SELECT w0=3528
SELECT w1=2878
SELECT w2=3131
BUSY TASK ewma=997
DMA IRQ c0=0
DMA IRQ c1=2
DMA IRQ c2=0
DMA IRQ c3=0
SELECT busy=3589
SELECT w0=3537
SELECT w1=2881
SELECT w2=3135
BUSY TASK ewma=997
DMA IRQ c0=0
DMA IRQ c1=2
DMA IRQ c2=0
DMA IRQ c3=0
SELECT busy=3597
SELECT w0=3545
SELECT w1=2884
SELECT w2=3139
BUSY TASK ewma=997
DMA IRQ c0=0
DMA IRQ c1=2
DMA IRQ c2=0
DMA IRQ c3=0
SELECT busy=3606
SELECT w0=3554
SELECT w1=2888
SELECT w2=3143
BUSY TASK ewma=997
DMA IRQ c0=0
DMA IRQ c1=2
DMA IRQ c2=0
DMA IRQ c3=0
SELECT busy=3615
SELECT w0=3563
SELECT w1=2891
SELECT w2=3148
BUSY TASK ewma=997
DMA IRQ c0=0
DMA IRQ c1=2
DMA IRQ c2=0
DMA IRQ c3=0
SELECT busy=3623
SELECT w0=3571
SELECT w1=2894
SELECT w2=3152
BUSY TASK ewma=997
DMA IRQ c0=0
DMA IRQ c1=2
DMA IRQ c2=0
DMA IRQ c3=0
SELECT busy=3632
SELECT w0=3580
SELECT w1=2898
SELECT w2=3156
BUSY TASK ewma=997
DMA IRQ c0=0
DMA IRQ c1=2
DMA IRQ c2=0
DMA IRQ c3=0
SELECT busy=3641
SELECT w0=3589
SELECT w1=2901
SELECT w2=3160
BUSY TASK ewma=997
DMA IRQ c0=0
DMA IRQ c1=2
DMA IRQ c2=0
DMA IRQ c3=0
SELECT busy=3650
SELECT w0=3598
SELECT w1=2904
SELECT w2=3164
BUSY TASK ewma=997
DMA IRQ c0=0
DMA IRQ c1=2
DMA IRQ c2=0
DMA IRQ c3=0
SELECT busy=3658
SELECT w0=3606
SELECT w1=2908
SELECT w2=3168
BUSY TASK ewma=997
DMA IRQ c0=0
DMA IRQ c1=2
DMA IRQ c2=0
DMA IRQ c3=0
SELECT busy=3667
SELECT w0=3615
SELECT w1=2911
SELECT w2=3172
BUSY TASK ewma=997
DMA IRQ c0=0
DMA IRQ c1=2
DMA IRQ c2=0
DMA IRQ c3=0
SELECT busy=3676
SELECT w0=3624
SELECT w1=2914
SELECT w2=3177
BUSY TASK ewma=997
DMA IRQ c0=0
DMA IRQ c1=2
DMA IRQ c2=0
DMA IRQ c3=0
SELECT busy=3684
SELECT w0=3633
SELECT w1=2918
SELECT w2=3181
BUSY TASK ewma=997
DMA IRQ c0=0
DMA IRQ c1=2
DMA IRQ c2=0
DMA IRQ c3=0
SELECT busy=3693
SELECT w0=3641
SELECT w1=2921
SELECT w2=3185
BUSY TASK ewma=997
DMA IRQ c0=0
DMA IRQ c1=2
DMA IRQ c2=0
DMA IRQ c3=0
SELECT busy=3701
SELECT w0=3649
SELECT w1=2924
SELECT w2=3189
BUSY TASK ewma=997
DMA IRQ c0=0
DMA IRQ c1=2
DMA IRQ c2=0
DMA IRQ c3=0
SELECT busy=3710
SELECT w0=3658
SELECT w1=2928
SELECT w2=3193
BUSY TASK ewma=997
DMA IRQ c0=0
DMA IRQ c1=2
DMA IRQ c2=0
DMA IRQ c3=0
SELECT busy=3719
SELECT w0=3667
SELECT w1=2931
SELECT w2=3197
BUSY TASK ewma=997
DMA IRQ c0=0
DMA IRQ c1=2
DMA IRQ c2=0
DMA IRQ c3=0
SELECT busy=3727
SELECT w0=3675
SELECT w1=2934
SELECT w2=3201
BUSY TASK ewma=997
DMA IRQ c0=0
DMA IRQ c1=2
DMA IRQ c2=0
DMA IRQ c3=0
SELECT busy=3736
SELECT w0=3684
SELECT w1=2938
SELECT w2=3205
BUSY TASK ewma=997
DMA IRQ c0=0
DMA IRQ c1=2
DMA IRQ c2=0
DMA IRQ c3=0
SELECT busy=3744
SELECT w0=3692
SELECT w1=2941
SELECT w2=3209
BUSY TASK ewma=997
DMA IRQ c0=0
DMA IRQ c1=2
DMA IRQ c2=0
DMA IRQ c3=0
SELECT busy=3753
SELECT w0=3701
SELECT w1=2944
SELECT w2=3213
BUSY TASK ewma=997
DMA IRQ c0=0
DMA IRQ c1=2
DMA IRQ c2=0
DMA IRQ c3=0
SELECT busy=3762
SELECT w0=3710
SELECT w1=2947
SELECT w2=3217
BUSY TASK ewma=997
DMA IRQ c0=0
DMA IRQ c1=2
DMA IRQ c2=0
DMA IRQ c3=0
SELECT busy=3770
SELECT w0=3718
SELECT w1=2951
SELECT w2=3221
BUSY TASK ewma=997
DMA IRQ c0=0
DMA IRQ c1=2
DMA IRQ c2=0
DMA IRQ c3=0
SELECT busy=3779
SELECT w0=3727
SELECT w1=2954
SELECT w2=3225
BUSY TASK ewma=997
DMA IRQ c0=0
DMA IRQ c1=2
DMA IRQ c2=0
DMA IRQ c3=0
SELECT busy=3787
SELECT w0=3735
SELECT w1=2957
SELECT w2=3229
BUSY TASK ewma=997
DMA IRQ c0=0
DMA IRQ c1=2
DMA IRQ c2=0
DMA IRQ c3=0
SELECT busy=3796
SELECT w0=3744
SELECT w1=2961
SELECT w2=3234
BUSY TASK ewma=997
DMA IRQ c0=0
DMA IRQ c1=2
DMA IRQ c2=0
DMA IRQ c3=0
SELECT busy=3804
SELECT w0=3752
SELECT w1=2964
SELECT w2=3238
BUSY TASK ewma=997
DMA IRQ c0=0
DMA IRQ c1=2
DMA IRQ c2=0
DMA IRQ c3=0
SELECT busy=3813
SELECT w0=3761
SELECT w1=2967
SELECT w2=3242
BUSY TASK ewma=997
DMA IRQ c0=0
DMA IRQ c1=2
DMA IRQ c2=0
DMA IRQ c3=0
SELECT busy=3822
SELECT w0=3770
SELECT w1=2971
SELECT w2=3246
BUSY TASK ewma=997
DMA IRQ c0=0
DMA IRQ c1=2
DMA IRQ c2=0
DMA IRQ c3=0
SELECT busy=3830
SELECT w0=3778
SELECT w1=2974
SELECT w2=3250
BUSY TASK ewma=997
DMA IRQ c0=0
DMA IRQ c1=2
DMA IRQ c2=0
DMA IRQ c3=0
SELECT busy=3839
SELECT w0=3787
SELECT w1=2977
SELECT w2=3254
BUSY TASK ewma=997
DMA IRQ c0=0
DMA IRQ c1=2
DMA IRQ c2=0
DMA IRQ c3=0
SELECT busy=3847
SELECT w0=3795
SELECT w1=2980
SELECT w2=3258
BUSY TASK ewma=997
DMA IRQ c0=0
DMA IRQ c1=2
DMA IRQ c2=0
DMA IRQ c3=0
SELECT busy=3856
SELECT w0=3804
SELECT w1=2984
SELECT w2=3262
BUSY TASK ewma=997
DMA IRQ c0=0
DMA IRQ c1=2
DMA IRQ c2=0
DMA IRQ c3=0
SELECT busy=3864
SELECT w0=3812
SELECT w1=2987
SELECT w2=3266
BUSY TASK ewma=997
IRQ counts: cpu0=7667 cpu1=7424 cpu2=7379 cpu3=7206
SCHED secondaries: calls=22010 unexpected=0
SECTEST switches=21989 cpu1=92333070,92473786 cpu2=77378940,77611810 cpu3=150879075,151582967
PINGPONG rounds=2000 pongs=2000
DMA IRQ c0=0
DMA IRQ c1=2
DMA IRQ c2=0
DMA IRQ c3=0
SELECT busy=3874
SELECT w0=3822
SELECT w1=2991
SELECT w2=3271
BUSY TASK ewma=997
DMA IRQ c0=0
DMA IRQ c1=2
DMA IRQ c2=0
DMA IRQ c3=0
SELECT busy=3882
SELECT w0=3830
SELECT w1=2994
SELECT w2=3275
BUSY TASK ewma=997
DMA IRQ c0=0
DMA IRQ c1=2
DMA IRQ c2=0
DMA IRQ c3=0
SELECT busy=3891
SELECT w0=3839
SELECT w1=2997
SELECT w2=3279
BUSY TASK ewma=997
DMA IRQ c0=0
DMA IRQ c1=2
DMA IRQ c2=0
DMA IRQ c3=0
SELECT busy=3899
SELECT w0=3848
SELECT w1=3001
SELECT w2=3283
BUSY TASK ewma=997
DMA IRQ c0=0
DMA IRQ c1=2
DMA IRQ c2=0
DMA IRQ c3=0
SELECT busy=3908
SELECT w0=3856
SELECT w1=3004
SELECT w2=3287
BUSY TASK ewma=997
DMA IRQ c0=0
DMA IRQ c1=2
DMA IRQ c2=0
DMA IRQ c3=0
SELECT busy=3917
SELECT w0=3865
SELECT w1=3007
SELECT w2=3291
BUSY TASK ewma=997
DMA IRQ c0=0
DMA IRQ c1=2
DMA IRQ c2=0
DMA IRQ c3=0
SELECT busy=3925
SELECT w0=3873
SELECT w1=3010
SELECT w2=3295
BUSY TASK ewma=997
DMA IRQ c0=0
DMA IRQ c1=2
DMA IRQ c2=0
DMA IRQ c3=0
SELECT busy=3934
SELECT w0=3882
SELECT w1=3014
SELECT w2=3299
BUSY TASK ewma=997
DMA IRQ c0=0
DMA IRQ c1=2
DMA IRQ c2=0
DMA IRQ c3=0
SELECT busy=3942
SELECT w0=3890
SELECT w1=3017
SELECT w2=3303
BUSY TASK ewma=997
DMA IRQ c0=0
DMA IRQ c1=2
DMA IRQ c2=0
DMA IRQ c3=0
SELECT busy=3951
SELECT w0=3899
SELECT w1=3020
SELECT w2=3307
BUSY TASK ewma=997
DMA IRQ c0=0
DMA IRQ c1=2
DMA IRQ c2=0
DMA IRQ c3=0
SELECT busy=3961
SELECT w0=3909
SELECT w1=3025
SELECT w2=3312
BUSY TASK ewma=997
DMA IRQ c0=0
DMA IRQ c1=2
DMA IRQ c2=0
DMA IRQ c3=0
SELECT busy=3973
SELECT w0=3921
SELECT w1=3029
SELECT w2=3317
BUSY TASK ewma=997
DMA IRQ c0=0
DMA IRQ c1=2
DMA IRQ c2=0
DMA IRQ c3=0
SELECT busy=3984
SELECT w0=3932
SELECT w1=3033
SELECT w2=3323
BUSY TASK ewma=997
DMA IRQ c0=0
DMA IRQ c1=2
DMA IRQ c2=0
DMA IRQ c3=0
SELECT busy=3995
SELECT w0=3944
SELECT w1=3037
SELECT w2=3328
BUSY TASK ewma=997
DMA IRQ c0=0
DMA IRQ c1=2
DMA IRQ c2=0
DMA IRQ c3=0
SELECT busy=4006
SELECT w0=3955
SELECT w1=3042
SELECT w2=3334
BUSY TASK ewma=997
DMA IRQ c0=0
DMA IRQ c1=2
DMA IRQ c2=0
DMA IRQ c3=0
SELECT busy=4018
SELECT w0=3966
SELECT w1=3046
SELECT w2=3339
BUSY TASK ewma=997
DMA IRQ c0=0
DMA IRQ c1=2
DMA IRQ c2=0
DMA IRQ c3=0
SELECT busy=4029
SELECT w0=3977
SELECT w1=3050
SELECT w2=3344
BUSY TASK ewma=997
DMA IRQ c0=0
DMA IRQ c1=2
DMA IRQ c2=0
DMA IRQ c3=0
SELECT busy=4039
SELECT w0=3987
SELECT w1=3054
SELECT w2=3349
BUSY TASK ewma=997
DMA IRQ c0=0
DMA IRQ c1=2
DMA IRQ c2=0
DMA IRQ c3=0
SELECT busy=4048
SELECT w0=3996
SELECT w1=3057
SELECT w2=3353
BUSY TASK ewma=997
DMA IRQ c0=0
DMA IRQ c1=2
DMA IRQ c2=0
DMA IRQ c3=0
SELECT busy=4056
SELECT w0=4004
SELECT w1=3061
SELECT w2=3357
BUSY TASK ewma=997
DMA IRQ c0=0
DMA IRQ c1=2
DMA IRQ c2=0
DMA IRQ c3=0
SELECT busy=4064
SELECT w0=4012
SELECT w1=3064
SELECT w2=3362
BUSY TASK ewma=997
DMA IRQ c0=0
DMA IRQ c1=2
DMA IRQ c2=0
DMA IRQ c3=0
SELECT busy=4073
SELECT w0=4021
SELECT w1=3067
SELECT w2=3366
BUSY TASK ewma=997
DMA IRQ c0=0
DMA IRQ c1=2
DMA IRQ c2=0
DMA IRQ c3=0
SELECT busy=4081
SELECT w0=4029
SELECT w1=3070
SELECT w2=3370
BUSY TASK ewma=997
DMA IRQ c0=0
DMA IRQ c1=2
DMA IRQ c2=0
DMA IRQ c3=0
SELECT busy=4090
SELECT w0=4038
SELECT w1=3074
SELECT w2=3374
BUSY TASK ewma=997
DMA IRQ c0=0
DMA IRQ c1=2
DMA IRQ c2=0
DMA IRQ c3=0
SELECT busy=4098
SELECT w0=4046
SELECT w1=3077
SELECT w2=3378
BUSY TASK ewma=997
DMA IRQ c0=0
DMA IRQ c1=2
DMA IRQ c2=0
DMA IRQ c3=0
SELECT busy=4107
SELECT w0=4055
SELECT w1=3080
SELECT w2=3382
BUSY TASK ewma=997
DMA IRQ c0=0
DMA IRQ c1=2
DMA IRQ c2=0
DMA IRQ c3=0
SELECT busy=4115
SELECT w0=4063
SELECT w1=3083
SELECT w2=3386
BUSY TASK ewma=997
DMA IRQ c0=0
DMA IRQ c1=2
DMA IRQ c2=0
DMA IRQ c3=0
SELECT busy=4124
SELECT w0=4072
SELECT w1=3087
SELECT w2=3390
BUSY TASK ewma=997
DMA IRQ c0=0
DMA IRQ c1=2
DMA IRQ c2=0
DMA IRQ c3=0
SELECT busy=4132
SELECT w0=4080
SELECT w1=3090
SELECT w2=3394
BUSY TASK ewma=997
DMA IRQ c0=0
DMA IRQ c1=2
DMA IRQ c2=0
DMA IRQ c3=0
SELECT busy=4141
SELECT w0=4089
SELECT w1=3093
SELECT w2=3398
BUSY TASK ewma=997
DMA IRQ c0=0
DMA IRQ c1=2
DMA IRQ c2=0
DMA IRQ c3=0
SELECT busy=4149
SELECT w0=4097
SELECT w1=3096
SELECT w2=3402
BUSY TASK ewma=997
DMA IRQ c0=0
DMA IRQ c1=2
DMA IRQ c2=0
DMA IRQ c3=0
SELECT busy=4158
SELECT w0=4106
SELECT w1=3099
SELECT w2=3406
BUSY TASK ewma=997
DMA IRQ c0=0
DMA IRQ c1=2
DMA IRQ c2=0
DMA IRQ c3=0
SELECT busy=4166
SELECT w0=4114
SELECT w1=3102
SELECT w2=3410
BUSY TASK ewma=997
DMA IRQ c0=0
DMA IRQ c1=2
DMA IRQ c2=0
DMA IRQ c3=0
SELECT busy=4174
SELECT w0=4122
SELECT w1=3106
SELECT w2=3414
BUSY TASK ewma=997
DMA IRQ c0=0
DMA IRQ c1=2
DMA IRQ c2=0
DMA IRQ c3=0
SELECT busy=4183
SELECT w0=4131
SELECT w1=3109
SELECT w2=3418
BUSY TASK ewma=997
DMA IRQ c0=0
DMA IRQ c1=2
DMA IRQ c2=0
DMA IRQ c3=0
SELECT busy=4192
SELECT w0=4140
SELECT w1=3112
SELECT w2=3422
BUSY TASK ewma=997
DMA IRQ c0=0
DMA IRQ c1=2
DMA IRQ c2=0
DMA IRQ c3=0
SELECT busy=4200
SELECT w0=4149
SELECT w1=3116
SELECT w2=3426
BUSY TASK ewma=997
DMA IRQ c0=0
DMA IRQ c1=2
DMA IRQ c2=0
DMA IRQ c3=0
SELECT busy=4209
SELECT w0=4157
SELECT w1=3119
SELECT w2=3430
BUSY TASK ewma=997
DMA IRQ c0=0
DMA IRQ c1=2
DMA IRQ c2=0
DMA IRQ c3=0
SELECT busy=4217
SELECT w0=4166
SELECT w1=3122
SELECT w2=3434
BUSY TASK ewma=997
DMA IRQ c0=0
DMA IRQ c1=2
DMA IRQ c2=0
DMA IRQ c3=0
SELECT busy=4226
SELECT w0=4174
SELECT w1=3125
SELECT w2=3438
BUSY TASK ewma=997
DMA IRQ c0=0
DMA IRQ c1=2
DMA IRQ c2=0
DMA IRQ c3=0
SELECT busy=4234
SELECT w0=4182
SELECT w1=3128
SELECT w2=3442
BUSY TASK ewma=997
DMA IRQ c0=0
DMA IRQ c1=2
DMA IRQ c2=0
DMA IRQ c3=0
SELECT busy=4243
SELECT w0=4191
SELECT w1=3131
SELECT w2=3446
BUSY TASK ewma=997
DMA IRQ c0=0
DMA IRQ c1=2
DMA IRQ c2=0
DMA IRQ c3=0
SELECT busy=4251
SELECT w0=4199
SELECT w1=3135
SELECT w2=3450
BUSY TASK ewma=997
DMA IRQ c0=0
DMA IRQ c1=2
DMA IRQ c2=0
DMA IRQ c3=0
SELECT busy=4260
SELECT w0=4208
SELECT w1=3138
SELECT w2=3454
BUSY TASK ewma=997
DMA IRQ c0=0
DMA IRQ c1=2
DMA IRQ c2=0
DMA IRQ c3=0
SELECT busy=4268
SELECT w0=4216
SELECT w1=3141
SELECT w2=3458
BUSY TASK ewma=997
DMA IRQ c0=0
DMA IRQ c1=2
DMA IRQ c2=0
DMA IRQ c3=0
SELECT busy=4276
SELECT w0=4225
SELECT w1=3145
SELECT w2=3463
BUSY TASK ewma=997
DMA IRQ c0=0
DMA IRQ c1=2
DMA IRQ c2=0
DMA IRQ c3=0
SELECT busy=4285
SELECT w0=4233
SELECT w1=3148
SELECT w2=3466
BUSY TASK ewma=997
DMA IRQ c0=0
DMA IRQ c1=2
DMA IRQ c2=0
DMA IRQ c3=0
SELECT busy=4293
SELECT w0=4241
SELECT w1=3151
SELECT w2=3470
BUSY TASK ewma=997
DMA IRQ c0=0
DMA IRQ c1=2
DMA IRQ c2=0
DMA IRQ c3=0
SELECT busy=4302
SELECT w0=4250
SELECT w1=3154
SELECT w2=3474
BUSY TASK ewma=997
DMA IRQ c0=0
DMA IRQ c1=2
DMA IRQ c2=0
DMA IRQ c3=0
SELECT busy=4310
SELECT w0=4258
SELECT w1=3157
SELECT w2=3478
BUSY TASK ewma=997
DMA IRQ c0=0
DMA IRQ c1=2
DMA IRQ c2=0
DMA IRQ c3=0
SELECT busy=4319
SELECT w0=4267
SELECT w1=3161
SELECT w2=3482
BUSY TASK ewma=997
DMA IRQ c0=0
DMA IRQ c1=2
DMA IRQ c2=0
DMA IRQ c3=0
SELECT busy=4327
SELECT w0=4275
SELECT w1=3164
SELECT w2=3486
BUSY TASK ewma=997
DMA IRQ c0=0
DMA IRQ c1=2
DMA IRQ c2=0
DMA IRQ c3=0
SELECT busy=4336
SELECT w0=4284
SELECT w1=3167
SELECT w2=3490
BUSY TASK ewma=997
DMA IRQ c0=0
DMA IRQ c1=2
DMA IRQ c2=0
DMA IRQ c3=0
SELECT busy=4344
SELECT w0=4292
SELECT w1=3170
SELECT w2=3494
BUSY TASK ewma=997
DMA IRQ c0=0
DMA IRQ c1=2
DMA IRQ c2=0
DMA IRQ c3=0
SELECT busy=4353
SELECT w0=4301
SELECT w1=3174
SELECT w2=3498
BUSY TASK ewma=997
DMA IRQ c0=0
DMA IRQ c1=2
DMA IRQ c2=0
DMA IRQ c3=0
SELECT busy=4361
SELECT w0=4309
SELECT w1=3177
SELECT w2=3502
BUSY TASK ewma=997
DMA IRQ c0=0
DMA IRQ c1=2
DMA IRQ c2=0
DMA IRQ c3=0
SELECT busy=4369
SELECT w0=4318
SELECT w1=3180
SELECT w2=3506
BUSY TASK ewma=997
DMA IRQ c0=0
DMA IRQ c1=2
DMA IRQ c2=0
DMA IRQ c3=0
SELECT busy=4378
SELECT w0=4326
SELECT w1=3183
SELECT w2=3510
BUSY TASK ewma=997
DMA IRQ c0=0
DMA IRQ c1=2
DMA IRQ c2=0
DMA IRQ c3=0
SELECT busy=4387
SELECT w0=4335
SELECT w1=3187
SELECT w2=3514
BUSY TASK ewma=997
DMA IRQ c0=0
DMA IRQ c1=2
DMA IRQ c2=0
DMA IRQ c3=0
SELECT busy=4395
SELECT w0=4343
SELECT w1=3190
SELECT w2=3518
BUSY TASK ewma=997
DMA IRQ c0=0
DMA IRQ c1=2
DMA IRQ c2=0
DMA IRQ c3=0
SELECT busy=4403
SELECT w0=4351
SELECT w1=3193
SELECT w2=3522
BUSY TASK ewma=997
DMA IRQ c0=0
DMA IRQ c1=2
DMA IRQ c2=0
DMA IRQ c3=0
SELECT busy=4412
SELECT w0=4360
SELECT w1=3196
SELECT w2=3526
BUSY TASK ewma=997
DMA IRQ c0=0
DMA IRQ c1=2
DMA IRQ c2=0
DMA IRQ c3=0
SELECT busy=4420
SELECT w0=4368
SELECT w1=3199
SELECT w2=3530
BUSY TASK ewma=997
DMA IRQ c0=0
DMA IRQ c1=2
DMA IRQ c2=0
DMA IRQ c3=0
SELECT busy=4429
SELECT w0=4377
SELECT w1=3203
SELECT w2=3534
BUSY TASK ewma=997
IRQ counts: cpu0=8795 cpu1=8503 cpu2=8451 cpu3=8259
SCHED secondaries: calls=25213 unexpected=0
SECTEST switches=25192 cpu1=111786628,112083280 cpu2=91847587,92213330 cpu3=174563412,175281848
PINGPONG rounds=2000 pongs=2000
DMA IRQ c0=0
DMA IRQ c1=2
DMA IRQ c2=0
DMA IRQ c3=0
SELECT busy=4438
SELECT w0=4386
SELECT w1=3207
SELECT w2=3539
BUSY TASK ewma=997
DMA IRQ c0=0
DMA IRQ c1=2
DMA IRQ c2=0
DMA IRQ c3=0
SELECT busy=4447
SELECT w0=4395
SELECT w1=3210
SELECT w2=3543
BUSY TASK ewma=997
DMA IRQ c0=0
DMA IRQ c1=2
DMA IRQ c2=0
DMA IRQ c3=0
SELECT busy=4455
SELECT w0=4404
SELECT w1=3213
SELECT w2=3547
BUSY TASK ewma=997
DMA IRQ c0=0
DMA IRQ c1=2
DMA IRQ c2=0
DMA IRQ c3=0
SELECT busy=4464
SELECT w0=4412
SELECT w1=3216
SELECT w2=3551
BUSY TASK ewma=997
DMA IRQ c0=0
DMA IRQ c1=2
DMA IRQ c2=0
DMA IRQ c3=0
SELECT busy=4472
SELECT w0=4420
SELECT w1=3219
SELECT w2=3555
BUSY TASK ewma=997
DMA IRQ c0=0
DMA IRQ c1=2
DMA IRQ c2=0
DMA IRQ c3=0
SELECT busy=4481
SELECT w0=4429
SELECT w1=3223
SELECT w2=3559
BUSY TASK ewma=997
DMA IRQ c0=0
DMA IRQ c1=2
DMA IRQ c2=0
DMA IRQ c3=0
SELECT busy=4489
SELECT w0=4437
SELECT w1=3226
SELECT w2=3563
BUSY TASK ewma=997
DMA IRQ c0=0
DMA IRQ c1=2
DMA IRQ c2=0
DMA IRQ c3=0
SELECT busy=4498
SELECT w0=4446
SELECT w1=3229
SELECT w2=3567
BUSY TASK ewma=997
DMA IRQ c0=0
DMA IRQ c1=2
DMA IRQ c2=0
DMA IRQ c3=0
SELECT busy=4506
SELECT w0=4454
SELECT w1=3232
SELECT w2=3571
BUSY TASK ewma=997
DMA IRQ c0=0
DMA IRQ c1=2
DMA IRQ c2=0
DMA IRQ c3=0
SELECT busy=4515
SELECT w0=4463
SELECT w1=3236
SELECT w2=3575
BUSY TASK ewma=997
DMA IRQ c0=0
DMA IRQ c1=2
DMA IRQ c2=0
DMA IRQ c3=0
SELECT busy=4523
SELECT w0=4472
SELECT w1=3239
SELECT w2=3579
BUSY TASK ewma=997
DMA IRQ c0=0
DMA IRQ c1=2
DMA IRQ c2=0
DMA IRQ c3=0
SELECT busy=4532
SELECT w0=4480
SELECT w1=3243
SELECT w2=3583
BUSY TASK ewma=997
DMA IRQ c0=0
DMA IRQ c1=2
DMA IRQ c2=0
DMA IRQ c3=0
SELECT busy=4541
SELECT w0=4489
SELECT w1=3246
SELECT w2=3588
BUSY TASK ewma=997
DMA IRQ c0=0
DMA IRQ c1=2
DMA IRQ c2=0
DMA IRQ c3=0
SELECT busy=4549
SELECT w0=4497
SELECT w1=3249
SELECT w2=3591
BUSY TASK ewma=997
DMA IRQ c0=0
DMA IRQ c1=2
DMA IRQ c2=0
DMA IRQ c3=0
SELECT busy=4558
SELECT w0=4506
SELECT w1=3253
SELECT w2=3596
BUSY TASK ewma=997
DMA IRQ c0=0
DMA IRQ c1=2
DMA IRQ c2=0
DMA IRQ c3=0
SELECT busy=4566
SELECT w0=4514
SELECT w1=3256
SELECT w2=3600
BUSY TASK ewma=997
DMA IRQ c0=0
DMA IRQ c1=2
DMA IRQ c2=0
DMA IRQ c3=0
SELECT busy=4575
SELECT w0=4523
SELECT w1=3259
SELECT w2=3604
BUSY TASK ewma=997
DMA IRQ c0=0
DMA IRQ c1=2
DMA IRQ c2=0
DMA IRQ c3=0
SELECT busy=4584
SELECT w0=4532
SELECT w1=3262
SELECT w2=3608
BUSY TASK ewma=997
DMA IRQ c0=0
DMA IRQ c1=2
DMA IRQ c2=0
DMA IRQ c3=0
SELECT busy=4592
SELECT w0=4540
SELECT w1=3266
SELECT w2=3612
BUSY TASK ewma=997
DMA IRQ c0=0
DMA IRQ c1=2
DMA IRQ c2=0
DMA IRQ c3=0
SELECT busy=4601
SELECT w0=4549
SELECT w1=3269
SELECT w2=3616
BUSY TASK ewma=997
DMA IRQ c0=0
DMA IRQ c1=2
DMA IRQ c2=0
DMA IRQ c3=0
SELECT busy=4609
SELECT w0=4557
SELECT w1=3272
SELECT w2=3620
BUSY TASK ewma=997
DMA IRQ c0=0
DMA IRQ c1=2
DMA IRQ c2=0
DMA IRQ c3=0
SELECT busy=4618
SELECT w0=4566
SELECT w1=3275
SELECT w2=3624
BUSY TASK ewma=997
DMA IRQ c0=0
DMA IRQ c1=2
DMA IRQ c2=0
DMA IRQ c3=0
SELECT busy=4626
SELECT w0=4574
SELECT w1=3279
SELECT w2=3628
BUSY TASK ewma=997
DMA IRQ c0=0
DMA IRQ c1=2
DMA IRQ c2=0
DMA IRQ c3=0
SELECT busy=4635
SELECT w0=4583
SELECT w1=3282
SELECT w2=3632
BUSY TASK ewma=997
DMA IRQ c0=0
DMA IRQ c1=2
DMA IRQ c2=0
DMA IRQ c3=0
SELECT busy=4644
SELECT w0=4592
SELECT w1=3285
SELECT w2=3636
BUSY TASK ewma=997
DMA IRQ c0=0
DMA IRQ c1=2
DMA IRQ c2=0
DMA IRQ c3=0
SELECT busy=4652
SELECT w0=4600
SELECT w1=3289
SELECT w2=3640
BUSY TASK ewma=997
DMA IRQ c0=0
DMA IRQ c1=2
DMA IRQ c2=0
DMA IRQ c3=0
SELECT busy=4661
SELECT w0=4609
SELECT w1=3292
SELECT w2=3645
BUSY TASK ewma=997
DMA IRQ c0=0
DMA IRQ c1=2
DMA IRQ c2=0
DMA IRQ c3=0
SELECT busy=4669
SELECT w0=4617
SELECT w1=3295
SELECT w2=3649
BUSY TASK ewma=997
DMA IRQ c0=0
DMA IRQ c1=2
DMA IRQ c2=0
DMA IRQ c3=0
SELECT busy=4678
SELECT w0=4626
SELECT w1=3299
SELECT w2=3653
BUSY TASK ewma=997
DMA IRQ c0=0
DMA IRQ c1=2
DMA IRQ c2=0
DMA IRQ c3=0
SELECT busy=4686
SELECT w0=4635
SELECT w1=3302
SELECT w2=3657
BUSY TASK ewma=997
DMA IRQ c0=0
DMA IRQ c1=2
DMA IRQ c2=0
DMA IRQ c3=0
SELECT busy=4695
SELECT w0=4643
SELECT w1=3305
SELECT w2=3661
BUSY TASK ewma=997
DMA IRQ c0=0
DMA IRQ c1=2
DMA IRQ c2=0
DMA IRQ c3=0
SELECT busy=4704
SELECT w0=4652
SELECT w1=3308
SELECT w2=3665
BUSY TASK ewma=997
DMA IRQ c0=0
DMA IRQ c1=2
DMA IRQ c2=0
DMA IRQ c3=0
SELECT busy=4712
SELECT w0=4660
SELECT w1=3312
SELECT w2=3669
BUSY TASK ewma=997
DMA IRQ c0=0
DMA IRQ c1=2
DMA IRQ c2=0
DMA IRQ c3=0
SELECT busy=4721
SELECT w0=4669
SELECT w1=3315
SELECT w2=3673
BUSY TASK ewma=997
DMA IRQ c0=0
DMA IRQ c1=2
DMA IRQ c2=0
DMA IRQ c3=0
SELECT busy=4730
SELECT w0=4678
SELECT w1=3318
SELECT w2=3677
BUSY TASK ewma=997
DMA IRQ c0=0
DMA IRQ c1=2
DMA IRQ c2=0
DMA IRQ c3=0
SELECT busy=4738
SELECT w0=4686
SELECT w1=3321
SELECT w2=3681
BUSY TASK ewma=997
DMA IRQ c0=0
DMA IRQ c1=2
DMA IRQ c2=0
DMA IRQ c3=0
SELECT busy=4747
SELECT w0=4695
SELECT w1=3325
SELECT w2=3685
BUSY TASK ewma=997
DMA IRQ c0=0
DMA IRQ c1=2
DMA IRQ c2=0
DMA IRQ c3=0
SELECT busy=4755
SELECT w0=4703
SELECT w1=3328
SELECT w2=3689
BUSY TASK ewma=997
DMA IRQ c0=0
DMA IRQ c1=2
DMA IRQ c2=0
DMA IRQ c3=0
SELECT busy=4764
SELECT w0=4712
SELECT w1=3331
SELECT w2=3694
BUSY TASK ewma=997
DMA IRQ c0=0
DMA IRQ c1=2
DMA IRQ c2=0
DMA IRQ c3=0
SELECT busy=4772
SELECT w0=4720
SELECT w1=3335
SELECT w2=3697
BUSY TASK ewma=997
DMA IRQ c0=0
DMA IRQ c1=2
DMA IRQ c2=0
DMA IRQ c3=0
SELECT busy=4781
SELECT w0=4729
SELECT w1=3338
SELECT w2=3702
BUSY TASK ewma=997
DMA IRQ c0=0
DMA IRQ c1=2
DMA IRQ c2=0
DMA IRQ c3=0
SELECT busy=4789
SELECT w0=4737
SELECT w1=3341
SELECT w2=3706
BUSY TASK ewma=997
DMA IRQ c0=0
DMA IRQ c1=2
DMA IRQ c2=0
DMA IRQ c3=0
SELECT busy=4798
SELECT w0=4746
SELECT w1=3345
SELECT w2=3710
BUSY TASK ewma=997
DMA IRQ c0=0
DMA IRQ c1=2
DMA IRQ c2=0
DMA IRQ c3=0
SELECT busy=4806
SELECT w0=4755
SELECT w1=3348
SELECT w2=3714
BUSY TASK ewma=997
DMA IRQ c0=0
DMA IRQ c1=2
DMA IRQ c2=0
DMA IRQ c3=0
SELECT busy=4815
SELECT w0=4763
SELECT w1=3351
SELECT w2=3718
BUSY TASK ewma=997
DMA IRQ c0=0
DMA IRQ c1=2
DMA IRQ c2=0
DMA IRQ c3=0
SELECT busy=4823
SELECT w0=4771
SELECT w1=3355
SELECT w2=3722
BUSY TASK ewma=997
DMA IRQ c0=0
DMA IRQ c1=2
DMA IRQ c2=0
DMA IRQ c3=0
SELECT busy=4832
SELECT w0=4780
SELECT w1=3358
SELECT w2=3726
BUSY TASK ewma=997
DMA IRQ c0=0
DMA IRQ c1=2
DMA IRQ c2=0
DMA IRQ c3=0
SELECT busy=4841
SELECT w0=4789
SELECT w1=3361
SELECT w2=3730
BUSY TASK ewma=997
DMA IRQ c0=0
DMA IRQ c1=2
DMA IRQ c2=0
DMA IRQ c3=0
SELECT busy=4850
SELECT w0=4798
SELECT w1=3365
SELECT w2=3735
BUSY TASK ewma=997
DMA IRQ c0=0
DMA IRQ c1=2
DMA IRQ c2=0
DMA IRQ c3=0
SELECT busy=4858
SELECT w0=4806
SELECT w1=3368
SELECT w2=3739
BUSY TASK ewma=997
DMA IRQ c0=0
DMA IRQ c1=2
DMA IRQ c2=0
DMA IRQ c3=0
SELECT busy=4867
SELECT w0=4815
SELECT w1=3371
SELECT w2=3743
BUSY TASK ewma=997
DMA IRQ c0=0
DMA IRQ c1=2
DMA IRQ c2=0
DMA IRQ c3=0
SELECT busy=4875
SELECT w0=4824
SELECT w1=3375
SELECT w2=3748
BUSY TASK ewma=997
DMA IRQ c0=0
DMA IRQ c1=2
DMA IRQ c2=0
DMA IRQ c3=0
SELECT busy=4884
SELECT w0=4832
SELECT w1=3378
SELECT w2=3752
BUSY TASK ewma=997
DMA IRQ c0=0
DMA IRQ c1=2
DMA IRQ c2=0
DMA IRQ c3=0
SELECT busy=4893
SELECT w0=4841
SELECT w1=3381
SELECT w2=3756
BUSY TASK ewma=997
DMA IRQ c0=0
DMA IRQ c1=2
DMA IRQ c2=0
DMA IRQ c3=0
SELECT busy=4901
SELECT w0=4849
SELECT w1=3384
SELECT w2=3760
BUSY TASK ewma=997
DMA IRQ c0=0
DMA IRQ c1=2
DMA IRQ c2=0
DMA IRQ c3=0
SELECT busy=4910
SELECT w0=4858
SELECT w1=3388
SELECT w2=3765
BUSY TASK ewma=997
DMA IRQ c0=0
DMA IRQ c1=2
DMA IRQ c2=0
DMA IRQ c3=0
SELECT busy=4918
SELECT w0=4866
SELECT w1=3391
SELECT w2=3769
BUSY TASK ewma=997
DMA IRQ c0=0
DMA IRQ c1=2
DMA IRQ c2=0
DMA IRQ c3=0
SELECT busy=4927
SELECT w0=4875
SELECT w1=3394
SELECT w2=3773
BUSY TASK ewma=997
DMA IRQ c0=0
DMA IRQ c1=2
DMA IRQ c2=0
DMA IRQ c3=0
SELECT busy=4935
SELECT w0=4883
SELECT w1=3397
SELECT w2=3777
BUSY TASK ewma=997
DMA IRQ c0=0
DMA IRQ c1=2
DMA IRQ c2=0
DMA IRQ c3=0
SELECT busy=4944
SELECT w0=4892
SELECT w1=3401
SELECT w2=3782
BUSY TASK ewma=997
DMA IRQ c0=0
DMA IRQ c1=2
DMA IRQ c2=0
DMA IRQ c3=0
SELECT busy=4952
SELECT w0=4900
SELECT w1=3404
SELECT w2=3786
BUSY TASK ewma=997
DMA IRQ c0=0
DMA IRQ c1=2
DMA IRQ c2=0
DMA IRQ c3=0
SELECT busy=4961
SELECT w0=4909
SELECT w1=3407
SELECT w2=3790
BUSY TASK ewma=997
DMA IRQ c0=0
DMA IRQ c1=2
DMA IRQ c2=0
DMA IRQ c3=0
SELECT busy=4970
SELECT w0=4918
SELECT w1=3411
SELECT w2=3794
BUSY TASK ewma=997
DMA IRQ c0=0
DMA IRQ c1=2
DMA IRQ c2=0
DMA IRQ c3=0
SELECT busy=4978
SELECT w0=4926
SELECT w1=3414
SELECT w2=3798
BUSY TASK ewma=997
IRQ counts: cpu0=9893 cpu1=9557 cpu2=9506 cpu3=9291
SCHED secondaries: calls=28354 unexpected=0
SECTEST switches=28337 cpu1=132256633,132438025 cpu2=108146960,108484817 cpu3=199483517,200585954
PINGPONG rounds=2000 pongs=2000
DMA IRQ c0=0
DMA IRQ c1=2
DMA IRQ c2=0
DMA IRQ c3=0
SELECT busy=4988
SELECT w0=4936
SELECT w1=3418
SELECT w2=3803
BUSY TASK ewma=997
DMA IRQ c0=0
DMA IRQ c1=2
DMA IRQ c2=0
DMA IRQ c3=0
SELECT busy=4996
SELECT w0=4944
SELECT w1=3421
SELECT w2=3807
BUSY TASK ewma=997
DMA IRQ c0=0
DMA IRQ c1=2
DMA IRQ c2=0
DMA IRQ c3=0
SELECT busy=5005
SELECT w0=4953
SELECT w1=3424
SELECT w2=3811
BUSY TASK ewma=997
DMA IRQ c0=0
DMA IRQ c1=2
DMA IRQ c2=0
DMA IRQ c3=0
SELECT busy=5013
SELECT w0=4961
SELECT w1=3428
SELECT w2=3815
BUSY TASK ewma=997
DMA IRQ c0=0
DMA IRQ c1=2
DMA IRQ c2=0
DMA IRQ c3=0
SELECT busy=5022
SELECT w0=4970
SELECT w1=3431
SELECT w2=3819
BUSY TASK ewma=997
DMA IRQ c0=0
DMA IRQ c1=2
DMA IRQ c2=0
DMA IRQ c3=0
SELECT busy=5030
SELECT w0=4978
SELECT w1=3434
SELECT w2=3823
BUSY TASK ewma=997
DMA IRQ c0=0
DMA IRQ c1=2
DMA IRQ c2=0
DMA IRQ c3=0
SELECT busy=5038
SELECT w0=4986
SELECT w1=3437
SELECT w2=3827
BUSY TASK ewma=997
DMA IRQ c0=0
DMA IRQ c1=2
DMA IRQ c2=0
DMA IRQ c3=0
SELECT busy=5047
SELECT w0=4995
SELECT w1=3441
SELECT w2=3831
BUSY TASK ewma=997
DMA IRQ c0=0
DMA IRQ c1=2
DMA IRQ c2=0
DMA IRQ c3=0
SELECT busy=5055
SELECT w0=5003
SELECT w1=3444
SELECT w2=3835
BUSY TASK ewma=997
DMA IRQ c0=0
DMA IRQ c1=2
DMA IRQ c2=0
DMA IRQ c3=0
SELECT busy=5064
SELECT w0=5012
SELECT w1=3447
SELECT w2=3839
BUSY TASK ewma=997
DMA IRQ c0=0
DMA IRQ c1=2
DMA IRQ c2=0
DMA IRQ c3=0
SELECT busy=5072
SELECT w0=5020
SELECT w1=3450
SELECT w2=3843
BUSY TASK ewma=997
DMA IRQ c0=0
DMA IRQ c1=2
DMA IRQ c2=0
DMA IRQ c3=0
SELECT busy=5081
SELECT w0=5029
SELECT w1=3454
SELECT w2=3847
BUSY TASK ewma=997
DMA IRQ c0=0
DMA IRQ c1=2
DMA IRQ c2=0
DMA IRQ c3=0
SELECT busy=5089
SELECT w0=5037
SELECT w1=3457
SELECT w2=3851
BUSY TASK ewma=997
DMA IRQ c0=0
DMA IRQ c1=2
DMA IRQ c2=0
DMA IRQ c3=0
SELECT busy=5098
SELECT w0=5046
SELECT w1=3460
SELECT w2=3855
BUSY TASK ewma=997
DMA IRQ c0=0
DMA IRQ c1=2
DMA IRQ c2=0
DMA IRQ c3=0
SELECT busy=5106
SELECT w0=5055
SELECT w1=3464
SELECT w2=3859
BUSY TASK ewma=997
DMA IRQ c0=0
DMA IRQ c1=2
DMA IRQ c2=0
DMA IRQ c3=0
SELECT busy=5115
SELECT w0=5063
SELECT w1=3467
SELECT w2=3863
BUSY TASK ewma=997
DMA IRQ c0=0
DMA IRQ c1=2
DMA IRQ c2=0
DMA IRQ c3=0
SELECT busy=5123
SELECT w0=5071
SELECT w1=3470
SELECT w2=3867
BUSY TASK ewma=997
DMA IRQ c0=0
DMA IRQ c1=2
DMA IRQ c2=0
DMA IRQ c3=0
SELECT busy=5132
SELECT w0=5080
SELECT w1=3474
SELECT w2=3871
BUSY TASK ewma=997
DMA IRQ c0=0
DMA IRQ c1=2
DMA IRQ c2=0
DMA IRQ c3=0
SELECT busy=5140
SELECT w0=5088
SELECT w1=3477
SELECT w2=3875
BUSY TASK ewma=997
DMA IRQ c0=0
DMA IRQ c1=2
DMA IRQ c2=0
DMA IRQ c3=0
SELECT busy=5149
SELECT w0=5097
SELECT w1=3480
SELECT w2=3879
BUSY TASK ewma=997
DMA IRQ c0=0
DMA IRQ c1=2
DMA IRQ c2=0
DMA IRQ c3=0
SELECT busy=5157
SELECT w0=5105
SELECT w1=3483
SELECT w2=3883
BUSY TASK ewma=997
DMA IRQ c0=0
DMA IRQ c1=2
DMA IRQ c2=0
DMA IRQ c3=0
SELECT busy=5166
SELECT w0=5114
SELECT w1=3487
SELECT w2=3887
BUSY TASK ewma=997
DMA IRQ c0=0
DMA IRQ c1=2
DMA IRQ c2=0
DMA IRQ c3=0
SELECT busy=5174
SELECT w0=5122
SELECT w1=3490
SELECT w2=3891
BUSY TASK ewma=997
DMA IRQ c0=0
DMA IRQ c1=2
DMA IRQ c2=0
DMA IRQ c3=0
SELECT busy=5183
SELECT w0=5131
SELECT w1=3493
SELECT w2=3895
BUSY TASK ewma=997
DMA IRQ c0=0
DMA IRQ c1=2
DMA IRQ c2=0
DMA IRQ c3=0
SELECT busy=5191
SELECT w0=5140
SELECT w1=3497
SELECT w2=3899
BUSY TASK ewma=997
DMA IRQ c0=0
DMA IRQ c1=2
DMA IRQ c2=0
DMA IRQ c3=0
SELECT busy=5200
SELECT w0=5148
SELECT w1=3500
SELECT w2=3903
BUSY TASK ewma=997
DMA IRQ c0=0
DMA IRQ c1=2
DMA IRQ c2=0
DMA IRQ c3=0
SELECT busy=5209
SELECT w0=5157
SELECT w1=3503
SELECT w2=3907
BUSY TASK ewma=997
DMA IRQ c0=0
DMA IRQ c1=2
DMA IRQ c2=0
DMA IRQ c3=0
SELECT busy=5217
SELECT w0=5165
SELECT w1=3507
SELECT w2=3911
BUSY TASK ewma=997
DMA IRQ c0=0
DMA IRQ c1=2
DMA IRQ c2=0
DMA IRQ c3=0
SELECT busy=5226
SELECT w0=5174
SELECT w1=3510
SELECT w2=3915
BUSY TASK ewma=997
DMA IRQ c0=0
DMA IRQ c1=2
DMA IRQ c2=0
DMA IRQ c3=0
SELECT busy=5234
SELECT w0=5182
SELECT w1=3513
SELECT w2=3919
BUSY TASK ewma=997
DMA IRQ c0=0
DMA IRQ c1=2
DMA IRQ c2=0
DMA IRQ c3=0
SELECT busy=5243
SELECT w0=5191
SELECT w1=3516
SELECT w2=3923
BUSY TASK ewma=997
DMA IRQ c0=0
DMA IRQ c1=2
DMA IRQ c2=0
DMA IRQ c3=0
SELECT busy=5251
SELECT w0=5199
SELECT w1=3519
SELECT w2=3927
BUSY TASK ewma=997
DMA IRQ c0=0
DMA IRQ c1=2
DMA IRQ c2=0
DMA IRQ c3=0
SELECT busy=5260
SELECT w0=5208
SELECT w1=3523
SELECT w2=3931
BUSY TASK ewma=997
DMA IRQ c0=0
DMA IRQ c1=2
DMA IRQ c2=0
DMA IRQ c3=0
SELECT busy=5268
SELECT w0=5216
SELECT w1=3526
SELECT w2=3935
BUSY TASK ewma=997
DMA IRQ c0=0
DMA IRQ c1=2
DMA IRQ c2=0
DMA IRQ c3=0
SELECT busy=5277
SELECT w0=5225
SELECT w1=3530
SELECT w2=3939
BUSY TASK ewma=997
DMA IRQ c0=0
DMA IRQ c1=2
DMA IRQ c2=0
DMA IRQ c3=0
SELECT busy=5285
SELECT w0=5233
SELECT w1=3533
SELECT w2=3944
BUSY TASK ewma=997
DMA IRQ c0=0
DMA IRQ c1=2
DMA IRQ c2=0
DMA IRQ c3=0
SELECT busy=5294
SELECT w0=5242
SELECT w1=3536
SELECT w2=3947
BUSY TASK ewma=997
DMA IRQ c0=0
DMA IRQ c1=2
DMA IRQ c2=0
DMA IRQ c3=0
SELECT busy=5303
SELECT w0=5251
SELECT w1=3540
SELECT w2=3952
BUSY TASK ewma=997
DMA IRQ c0=0
DMA IRQ c1=2
DMA IRQ c2=0
DMA IRQ c3=0
SELECT busy=5311
SELECT w0=5259
SELECT w1=3543
SELECT w2=3956
BUSY TASK ewma=997
DMA IRQ c0=0
DMA IRQ c1=2
DMA IRQ c2=0
DMA IRQ c3=0
SELECT busy=5320
SELECT w0=5268
SELECT w1=3546
SELECT w2=3960
BUSY TASK ewma=997
DMA IRQ c0=0
DMA IRQ c1=2
DMA IRQ c2=0
DMA IRQ c3=0
SELECT busy=5328
SELECT w0=5277
SELECT w1=3550
SELECT w2=3964
BUSY TASK ewma=997
DMA IRQ c0=0
DMA IRQ c1=2
DMA IRQ c2=0
DMA IRQ c3=0
SELECT busy=5337
SELECT w0=5285
SELECT w1=3553
SELECT w2=3968
BUSY TASK ewma=997
DMA IRQ c0=0
DMA IRQ c1=2
DMA IRQ c2=0
DMA IRQ c3=0
SELECT busy=5346
SELECT w0=5294
SELECT w1=3556
SELECT w2=3972
BUSY TASK ewma=997
DMA IRQ c0=0
DMA IRQ c1=2
DMA IRQ c2=0
DMA IRQ c3=0
SELECT busy=5354
SELECT w0=5302
SELECT w1=3559
SELECT w2=3976
BUSY TASK ewma=997
DMA IRQ c0=0
DMA IRQ c1=2
DMA IRQ c2=0
DMA IRQ c3=0
SELECT busy=5363
SELECT w0=5311
SELECT w1=3563
SELECT w2=3980
BUSY TASK ewma=997
DMA IRQ c0=0
DMA IRQ c1=2
DMA IRQ c2=0
DMA IRQ c3=0
SELECT busy=5371
SELECT w0=5320
SELECT w1=3566
SELECT w2=3985
BUSY TASK ewma=997
DMA IRQ c0=0
DMA IRQ c1=2
DMA IRQ c2=0
DMA IRQ c3=0
SELECT busy=5380
SELECT w0=5328
SELECT w1=3569
SELECT w2=3989
BUSY TASK ewma=997
DMA IRQ c0=0
DMA IRQ c1=2
DMA IRQ c2=0
DMA IRQ c3=0
SELECT busy=5389
SELECT w0=5337
SELECT w1=3573
SELECT w2=3993
BUSY TASK ewma=997
DMA IRQ c0=0
DMA IRQ c1=2
DMA IRQ c2=0
DMA IRQ c3=0
SELECT busy=5397
SELECT w0=5345
SELECT w1=3576
SELECT w2=3997
BUSY TASK ewma=997
DMA IRQ c0=0
DMA IRQ c1=2
DMA IRQ c2=0
DMA IRQ c3=0
SELECT busy=5406
SELECT w0=5354
SELECT w1=3579
SELECT w2=4001
BUSY TASK ewma=997
DMA IRQ c0=0
DMA IRQ c1=2
DMA IRQ c2=0
DMA IRQ c3=0
SELECT busy=5415
SELECT w0=5363
SELECT w1=3582
SELECT w2=4005
BUSY TASK ewma=997
DMA IRQ c0=0
DMA IRQ c1=2
DMA IRQ c2=0
DMA IRQ c3=0
SELECT busy=5423
SELECT w0=5371
SELECT w1=3586
SELECT w2=4009
BUSY TASK ewma=997
DMA IRQ c0=0
DMA IRQ c1=2
DMA IRQ c2=0
DMA IRQ c3=0
SELECT busy=5432
SELECT w0=5380
SELECT w1=3589
SELECT w2=4013
BUSY TASK ewma=997
DMA IRQ c0=0
DMA IRQ c1=2
DMA IRQ c2=0
DMA IRQ c3=0
SELECT busy=5440
SELECT w0=5388
SELECT w1=3592
SELECT w2=4018
BUSY TASK ewma=997
DMA IRQ c0=0
DMA IRQ c1=2
DMA IRQ c2=0
DMA IRQ c3=0
SELECT busy=5449
SELECT w0=5397
SELECT w1=3596
SELECT w2=4022
BUSY TASK ewma=997
DMA IRQ c0=0
DMA IRQ c1=2
DMA IRQ c2=0
DMA IRQ c3=0
SELECT busy=5457
SELECT w0=5405
SELECT w1=3599
SELECT w2=4026
BUSY TASK ewma=997
DMA IRQ c0=0
DMA IRQ c1=2
DMA IRQ c2=0
DMA IRQ c3=0
SELECT busy=5466
SELECT w0=5414
SELECT w1=3602
SELECT w2=4030
BUSY TASK ewma=997
DMA IRQ c0=0
DMA IRQ c1=2
DMA IRQ c2=0
DMA IRQ c3=0
SELECT busy=5474
SELECT w0=5423
SELECT w1=3606
SELECT w2=4034
BUSY TASK ewma=997
DMA IRQ c0=0
DMA IRQ c1=2
DMA IRQ c2=0
DMA IRQ c3=0
SELECT busy=5483
SELECT w0=5431
SELECT w1=3609
SELECT w2=4038
BUSY TASK ewma=997
DMA IRQ c0=0
DMA IRQ c1=2
DMA IRQ c2=0
DMA IRQ c3=0
SELECT busy=5491
SELECT w0=5439
SELECT w1=3612
SELECT w2=4042
BUSY TASK ewma=997
DMA IRQ c0=0
DMA IRQ c1=2
DMA IRQ c2=0
DMA IRQ c3=0
SELECT busy=5500
SELECT w0=5448
SELECT w1=3615
SELECT w2=4046
BUSY TASK ewma=997
DMA IRQ c0=0
DMA IRQ c1=2
DMA IRQ c2=0
DMA IRQ c3=0
SELECT busy=5508
SELECT w0=5457
SELECT w1=3619
SELECT w2=4050
BUSY TASK ewma=997
DMA IRQ c0=0
DMA IRQ c1=2
DMA IRQ c2=0
DMA IRQ c3=0
SELECT busy=5517
SELECT w0=5465
SELECT w1=3622
SELECT w2=4054
BUSY TASK ewma=997
DMA IRQ c0=0
DMA IRQ c1=2
DMA IRQ c2=0
DMA IRQ c3=0
SELECT busy=5526
SELECT w0=5474
SELECT w1=3625
SELECT w2=4058
BUSY TASK ewma=997
IRQ counts: cpu0=10989 cpu1=10614 cpu2=10546 cpu3=10316
SCHED secondaries: calls=31476 unexpected=0
SECTEST switches=31459 cpu1=152776803,153019241 cpu2=124387852,124882717 cpu3=223323152,224553387
PINGPONG rounds=2000 pongs=2000
DMA IRQ c0=0
DMA IRQ c1=2
DMA IRQ c2=0
DMA IRQ c3=0
SELECT busy=5536
SELECT w0=5484
SELECT w1=3629
SELECT w2=4063
BUSY TASK ewma=997
DMA IRQ c0=0
DMA IRQ c1=2
DMA IRQ c2=0
DMA IRQ c3=0
SELECT busy=5544
SELECT w0=5492
SELECT w1=3632
SELECT w2=4067
BUSY TASK ewma=997
DMA IRQ c0=0
DMA IRQ c1=2
DMA IRQ c2=0
DMA IRQ c3=0
SELECT busy=5553
SELECT w0=5501
SELECT w1=3635
SELECT w2=4071
BUSY TASK ewma=997
DMA IRQ c0=0
DMA IRQ c1=2
DMA IRQ c2=0
DMA IRQ c3=0
SELECT busy=5561
SELECT w0=5509
SELECT w1=3638
SELECT w2=4075
BUSY TASK ewma=997
DMA IRQ c0=0
DMA IRQ c1=2
DMA IRQ c2=0
DMA IRQ c3=0
SELECT busy=5570
SELECT w0=5518
SELECT w1=3642
SELECT w2=4079
BUSY TASK ewma=997
DMA IRQ c0=0
DMA IRQ c1=2
DMA IRQ c2=0
DMA IRQ c3=0
SELECT busy=5578
SELECT w0=5526
SELECT w1=3645
SELECT w2=4083
BUSY TASK ewma=997
DMA IRQ c0=0
DMA IRQ c1=2
DMA IRQ c2=0
DMA IRQ c3=0
SELECT busy=5587
SELECT w0=5535
SELECT w1=3648
SELECT w2=4087
BUSY TASK ewma=997
DMA IRQ c0=0
DMA IRQ c1=2
DMA IRQ c2=0
DMA IRQ c3=0
SELECT busy=5596
SELECT w0=5544
SELECT w1=3652
SELECT w2=4091
BUSY TASK ewma=997
DMA IRQ c0=0
DMA IRQ c1=2
DMA IRQ c2=0
DMA IRQ c3=0
SELECT busy=5604
SELECT w0=5552
SELECT w1=3655
SELECT w2=4095
BUSY TASK ewma=997
DMA IRQ c0=0
DMA IRQ c1=2
DMA IRQ c2=0
DMA IRQ c3=0
SELECT busy=5613
SELECT w0=5561
SELECT w1=3658
SELECT w2=4099
BUSY TASK ewma=997
DMA IRQ c0=0
DMA IRQ c1=2
DMA IRQ c2=0
DMA IRQ c3=0
SELECT busy=5621
SELECT w0=5569
SELECT w1=3661
SELECT w2=4103
BUSY TASK ewma=997
DMA IRQ c0=0
DMA IRQ c1=2
DMA IRQ c2=0
DMA IRQ c3=0
SELECT busy=5630
SELECT w0=5578
SELECT w1=3665
SELECT w2=4107
BUSY TASK ewma=997
DMA IRQ c0=0
DMA IRQ c1=2
DMA IRQ c2=0
DMA IRQ c3=0
SELECT busy=5638
SELECT w0=5586
SELECT w1=3668
SELECT w2=4111
BUSY TASK ewma=997
DMA IRQ c0=0
DMA IRQ c1=2
DMA IRQ c2=0
DMA IRQ c3=0
SELECT busy=5647
SELECT w0=5595
SELECT w1=3671
SELECT w2=4115
BUSY TASK ewma=997
DMA IRQ c0=0
DMA IRQ c1=2
DMA IRQ c2=0
DMA IRQ c3=0
SELECT busy=5655
SELECT w0=5603
SELECT w1=3674
SELECT w2=4120
BUSY TASK ewma=997
DMA IRQ c0=0
DMA IRQ c1=2
DMA IRQ c2=0
DMA IRQ c3=0
SELECT busy=5664
SELECT w0=5612
SELECT w1=3678
SELECT w2=4123
BUSY TASK ewma=997
DMA IRQ c0=0
DMA IRQ c1=2
DMA IRQ c2=0
DMA IRQ c3=0
SELECT busy=5673
SELECT w0=5621
SELECT w1=3681
SELECT w2=4128
BUSY TASK ewma=997
DMA IRQ c0=0
DMA IRQ c1=2
DMA IRQ c2=0
DMA IRQ c3=0
SELECT busy=5681
SELECT w0=5630
SELECT w1=3684
SELECT w2=4132
BUSY TASK ewma=997
DMA IRQ c0=0
DMA IRQ c1=2
DMA IRQ c2=0
DMA IRQ c3=0
SELECT busy=5690
SELECT w0=5638
SELECT w1=3688
SELECT w2=4136
BUSY TASK ewma=997
DMA IRQ c0=0
DMA IRQ c1=2
DMA IRQ c2=0
DMA IRQ c3=0
SELECT busy=5698
SELECT w0=5647
SELECT w1=3691
SELECT w2=4140
BUSY TASK ewma=997
DMA IRQ c0=0
DMA IRQ c1=2
DMA IRQ c2=0
DMA IRQ c3=0
SELECT busy=5707
SELECT w0=5655
SELECT w1=3694
SELECT w2=4144
BUSY TASK ewma=997
DMA IRQ c0=0
DMA IRQ c1=2
DMA IRQ c2=0
DMA IRQ c3=0
SELECT busy=5716
SELECT w0=5664
SELECT w1=3698
SELECT w2=4148
BUSY TASK ewma=997
DMA IRQ c0=0
DMA IRQ c1=2
DMA IRQ c2=0
DMA IRQ c3=0
SELECT busy=5724
SELECT w0=5672
SELECT w1=3701
SELECT w2=4152
BUSY TASK ewma=997
DMA IRQ c0=0
DMA IRQ c1=2
DMA IRQ c2=0
DMA IRQ c3=0
SELECT busy=5733
SELECT w0=5681
SELECT w1=3704
SELECT w2=4156
BUSY TASK ewma=997
DMA IRQ c0=0
DMA IRQ c1=2
DMA IRQ c2=0
DMA IRQ c3=0
SELECT busy=5742
SELECT w0=5690
SELECT w1=3707
SELECT w2=4161
BUSY TASK ewma=997
DMA IRQ c0=0
DMA IRQ c1=2
DMA IRQ c2=0
DMA IRQ c3=0
SELECT busy=5750
SELECT w0=5698
SELECT w1=3711
SELECT w2=4164
BUSY TASK ewma=997
DMA IRQ c0=0
DMA IRQ c1=2
DMA IRQ c2=0
DMA IRQ c3=0
SELECT busy=5759
SELECT w0=5707
SELECT w1=3714
SELECT w2=4169
BUSY TASK ewma=997
DMA IRQ c0=0
DMA IRQ c1=2
DMA IRQ c2=0
DMA IRQ c3=0
SELECT busy=5767
SELECT w0=5715
SELECT w1=3717
SELECT w2=4173
BUSY TASK ewma=997
DMA IRQ c0=0
DMA IRQ c1=2
DMA IRQ c2=0
DMA IRQ c3=0
SELECT busy=5776
SELECT w0=5724
SELECT w1=3721
SELECT w2=4177
BUSY TASK ewma=997
DMA IRQ c0=0
DMA IRQ c1=2
DMA IRQ c2=0
DMA IRQ c3=0
SELECT busy=5784
SELECT w0=5732
SELECT w1=3724
SELECT w2=4181
BUSY TASK ewma=997
DMA IRQ c0=0
DMA IRQ c1=2
DMA IRQ c2=0
DMA IRQ c3=0
SELECT busy=5793
SELECT w0=5741
SELECT w1=3727
SELECT w2=4185
BUSY TASK ewma=997
DMA IRQ c0=0
DMA IRQ c1=2
DMA IRQ c2=0
DMA IRQ c3=0
SELECT busy=5801
SELECT w0=5749
SELECT w1=3731
SELECT w2=4189
BUSY TASK ewma=997
DMA IRQ c0=0
DMA IRQ c1=2
DMA IRQ c2=0
DMA IRQ c3=0
SELECT busy=5810
SELECT w0=5758
SELECT w1=3734
SELECT w2=4193
BUSY TASK ewma=997
DMA IRQ c0=0
DMA IRQ c1=2
DMA IRQ c2=0
DMA IRQ c3=0
SELECT busy=5818
SELECT w0=5766
SELECT w1=3737
SELECT w2=4197
BUSY TASK ewma=997
DMA IRQ c0=0
DMA IRQ c1=2
DMA IRQ c2=0
DMA IRQ c3=0
SELECT busy=5827
SELECT w0=5775
SELECT w1=3740
SELECT w2=4201
BUSY TASK ewma=997
DMA IRQ c0=0
DMA IRQ c1=2
DMA IRQ c2=0
DMA IRQ c3=0
SELECT busy=5836
SELECT w0=5784
SELECT w1=3744
SELECT w2=4205
BUSY TASK ewma=997
DMA IRQ c0=0
DMA IRQ c1=2
DMA IRQ c2=0
DMA IRQ c3=0
SELECT busy=5844
SELECT w0=5792
SELECT w1=3747
SELECT w2=4209
BUSY TASK ewma=997
DMA IRQ c0=0
DMA IRQ c1=2
DMA IRQ c2=0
DMA IRQ c3=0
SELECT busy=5853
SELECT w0=5801
SELECT w1=3750
SELECT w2=4213
BUSY TASK ewma=997
DMA IRQ c0=0
DMA IRQ c1=2
DMA IRQ c2=0
DMA IRQ c3=0
SELECT busy=5862
SELECT w0=5810
SELECT w1=3754
SELECT w2=4218
BUSY TASK ewma=997
DMA IRQ c0=0
DMA IRQ c1=2
DMA IRQ c2=0
DMA IRQ c3=0
SELECT busy=5870
SELECT w0=5818
SELECT w1=3757
SELECT w2=4222
BUSY TASK ewma=997
DMA IRQ c0=0
DMA IRQ c1=2
DMA IRQ c2=0
DMA IRQ c3=0
SELECT busy=5879
SELECT w0=5827
SELECT w1=3760
SELECT w2=4226
BUSY TASK ewma=997
DMA IRQ c0=0
DMA IRQ c1=2
DMA IRQ c2=0
DMA IRQ c3=0
SELECT busy=5887
SELECT w0=5835
SELECT w1=3763
SELECT w2=4230
BUSY TASK ewma=997
DMA IRQ c0=0
DMA IRQ c1=2
DMA IRQ c2=0
DMA IRQ c3=0
SELECT busy=5896
SELECT w0=5844
SELECT w1=3767
SELECT w2=4234
BUSY TASK ewma=997
DMA IRQ c0=0
DMA IRQ c1=2
DMA IRQ c2=0
DMA IRQ c3=0
SELECT busy=5904
SELECT w0=5852
SELECT w1=3770
SELECT w2=4238
BUSY TASK ewma=997
DMA IRQ c0=0
DMA IRQ c1=2
DMA IRQ c2=0
DMA IRQ c3=0
SELECT busy=5913
SELECT w0=5861
SELECT w1=3773
SELECT w2=4242
BUSY TASK ewma=997
DMA IRQ c0=0
DMA IRQ c1=2
DMA IRQ c2=0
DMA IRQ c3=0
SELECT busy=5922
SELECT w0=5870
SELECT w1=3777
SELECT w2=4247
BUSY TASK ewma=997
DMA IRQ c0=0
DMA IRQ c1=2
DMA IRQ c2=0
DMA IRQ c3=0
SELECT busy=5930
SELECT w0=5878
SELECT w1=3780
SELECT w2=4251
BUSY TASK ewma=997
DMA IRQ c0=0
DMA IRQ c1=2
DMA IRQ c2=0
DMA IRQ c3=0
SELECT busy=5939
SELECT w0=5887
SELECT w1=3783
SELECT w2=4255
BUSY TASK ewma=997
DMA IRQ c0=0
DMA IRQ c1=2
DMA IRQ c2=0
DMA IRQ c3=0
SELECT busy=5947
SELECT w0=5895
SELECT w1=3787
SELECT w2=4259
BUSY TASK ewma=997
DMA IRQ c0=0
DMA IRQ c1=2
DMA IRQ c2=0
DMA IRQ c3=0
SELECT busy=5956
SELECT w0=5904
SELECT w1=3790
SELECT w2=4263
BUSY TASK ewma=997
DMA IRQ c0=0
DMA IRQ c1=2
DMA IRQ c2=0
DMA IRQ c3=0
SELECT busy=5964
SELECT w0=5913
SELECT w1=3793
SELECT w2=4267
BUSY TASK ewma=997
DMA IRQ c0=0
DMA IRQ c1=2
DMA IRQ c2=0
DMA IRQ c3=0
SELECT busy=5973
SELECT w0=5921
SELECT w1=3797
SELECT w2=4271
BUSY TASK ewma=997
DMA IRQ c0=0
DMA IRQ c1=2
DMA IRQ c2=0
DMA IRQ c3=0
SELECT busy=5982
SELECT w0=5930
SELECT w1=3800
SELECT w2=4275
BUSY TASK ewma=997
DMA IRQ c0=0
DMA IRQ c1=2
DMA IRQ c2=0
DMA IRQ c3=0
SELECT busy=5990
SELECT w0=5939
SELECT w1=3803
SELECT w2=4279
BUSY TASK ewma=997
DMA IRQ c0=0
DMA IRQ c1=2
DMA IRQ c2=0
DMA IRQ c3=0
SELECT busy=5999
SELECT w0=5947
SELECT w1=3807
SELECT w2=4283
BUSY TASK ewma=997
DMA IRQ c0=0
DMA IRQ c1=2
DMA IRQ c2=0
DMA IRQ c3=0
SELECT busy=6008
SELECT w0=5956
SELECT w1=3810
SELECT w2=4287
BUSY TASK ewma=997
DMA IRQ c0=0
DMA IRQ c1=2
DMA IRQ c2=0
DMA IRQ c3=0
SELECT busy=6017
SELECT w0=5965
SELECT w1=3813
SELECT w2=4292
BUSY TASK ewma=997
DMA IRQ c0=0
DMA IRQ c1=2
DMA IRQ c2=0
DMA IRQ c3=0
SELECT busy=6025
SELECT w0=5973
SELECT w1=3816
SELECT w2=4296
BUSY TASK ewma=997
DMA IRQ c0=0
DMA IRQ c1=2
DMA IRQ c2=0
DMA IRQ c3=0
SELECT busy=6034
SELECT w0=5982
SELECT w1=3820
SELECT w2=4300
BUSY TASK ewma=997
DMA IRQ c0=0
DMA IRQ c1=2
DMA IRQ c2=0
DMA IRQ c3=0
SELECT busy=6042
SELECT w0=5990
SELECT w1=3823
SELECT w2=4304
BUSY TASK ewma=997
DMA IRQ c0=0
DMA IRQ c1=2
DMA IRQ c2=0
DMA IRQ c3=0
SELECT busy=6051
SELECT w0=5999
SELECT w1=3826
SELECT w2=4308
BUSY TASK ewma=997
DMA IRQ c0=0
DMA IRQ c1=2
DMA IRQ c2=0
DMA IRQ c3=0
SELECT busy=6060
SELECT w0=6008
SELECT w1=3830
SELECT w2=4312
BUSY TASK ewma=997
DMA IRQ c0=0
DMA IRQ c1=2
DMA IRQ c2=0
DMA IRQ c3=0
SELECT busy=6068
SELECT w0=6017
SELECT w1=3833
SELECT w2=4316
BUSY TASK ewma=997
DMA IRQ c0=0
DMA IRQ c1=2
DMA IRQ c2=0
DMA IRQ c3=0
SELECT busy=6077
SELECT w0=6025
SELECT w1=3836
SELECT w2=4320
BUSY TASK ewma=997
IRQ counts: cpu0=12091 cpu1=11671 cpu2=11595 cpu3=11357
SCHED secondaries: calls=34624 unexpected=0
SECTEST switches=34603 cpu1=172580065,172956653 cpu2=141919480,142541989 cpu3=247764692,249227366
PINGPONG rounds=2000 pongs=2000
DMA IRQ c0=0
DMA IRQ c1=2
DMA IRQ c2=0
DMA IRQ c3=0
SELECT busy=6087
SELECT w0=6035
SELECT w1=3840
SELECT w2=4325
BUSY TASK ewma=997
DMA IRQ c0=0
DMA IRQ c1=2
DMA IRQ c2=0
DMA IRQ c3=0
SELECT busy=6095
SELECT w0=6044
SELECT w1=3843
SELECT w2=4329
BUSY TASK ewma=997
DMA IRQ c0=0
DMA IRQ c1=2
DMA IRQ c2=0
DMA IRQ c3=0
SELECT busy=6104
SELECT w0=6052
SELECT w1=3846
SELECT w2=4333
BUSY TASK ewma=997
DMA IRQ c0=0
DMA IRQ c1=2
DMA IRQ c2=0
DMA IRQ c3=0
SELECT busy=6113
SELECT w0=6061
SELECT w1=3850
SELECT w2=4337
BUSY TASK ewma=997
DMA IRQ c0=0
DMA IRQ c1=2
DMA IRQ c2=0
DMA IRQ c3=0
SELECT busy=6121
SELECT w0=6069
SELECT w1=3853
SELECT w2=4341
BUSY TASK ewma=997
DMA IRQ c0=0
DMA IRQ c1=2
DMA IRQ c2=0
DMA IRQ c3=0
SELECT busy=6130
SELECT w0=6078
SELECT w1=3856
SELECT w2=4345
BUSY TASK ewma=997
DMA IRQ c0=0
DMA IRQ c1=2
DMA IRQ c2=0
DMA IRQ c3=0
SELECT busy=6138
SELECT w0=6086
SELECT w1=3860
SELECT w2=4349
BUSY TASK ewma=997
DMA IRQ c0=0
DMA IRQ c1=2
DMA IRQ c2=0
DMA IRQ c3=0
SELECT busy=6147
SELECT w0=6095
SELECT w1=3863
SELECT w2=4353
BUSY TASK ewma=997
DMA IRQ c0=0
DMA IRQ c1=2
DMA IRQ c2=0
DMA IRQ c3=0
SELECT busy=6156
SELECT w0=6104
SELECT w1=3866
SELECT w2=4358
BUSY TASK ewma=997
DMA IRQ c0=0
DMA IRQ c1=2
DMA IRQ c2=0
DMA IRQ c3=0
SELECT busy=6164
SELECT w0=6112
SELECT w1=3869
SELECT w2=4362
BUSY TASK ewma=997
DMA IRQ c0=0
DMA IRQ c1=2
DMA IRQ c2=0
DMA IRQ c3=0
SELECT busy=6173
SELECT w0=6121
SELECT w1=3873
SELECT w2=4366
BUSY TASK ewma=997
DMA IRQ c0=0
DMA IRQ c1=2
DMA IRQ c2=0
DMA IRQ c3=0
SELECT busy=6182
SELECT w0=6130
SELECT w1=3876
SELECT w2=4370
BUSY TASK ewma=997
DMA IRQ c0=0
DMA IRQ c1=2
DMA IRQ c2=0
DMA IRQ c3=0
SELECT busy=6190
SELECT w0=6138
SELECT w1=3879
SELECT w2=4374
BUSY TASK ewma=997
DMA IRQ c0=0
DMA IRQ c1=2
DMA IRQ c2=0
DMA IRQ c3=0
SELECT busy=6199
SELECT w0=6147
SELECT w1=3883
SELECT w2=4378
BUSY TASK ewma=997
DMA IRQ c0=0
DMA IRQ c1=2
DMA IRQ c2=0
DMA IRQ c3=0
SELECT busy=6208
SELECT w0=6156
SELECT w1=3886
SELECT w2=4382
BUSY TASK ewma=997
DMA IRQ c0=0
DMA IRQ c1=2
DMA IRQ c2=0
DMA IRQ c3=0
SELECT busy=6216
SELECT w0=6164
SELECT w1=3890
SELECT w2=4386
BUSY TASK ewma=997
DMA IRQ c0=0
DMA IRQ c1=2
DMA IRQ c2=0
DMA IRQ c3=0
SELECT busy=6225
SELECT w0=6173
SELECT w1=3893
SELECT w2=4390
BUSY TASK ewma=997
DMA IRQ c0=0
DMA IRQ c1=2
DMA IRQ c2=0
DMA IRQ c3=0
SELECT busy=6234
SELECT w0=6182
SELECT w1=3896
SELECT w2=4395
BUSY TASK ewma=997
DMA IRQ c0=0
DMA IRQ c1=2
DMA IRQ c2=0
DMA IRQ c3=0
SELECT busy=6242
SELECT w0=6190
SELECT w1=3899
SELECT w2=4399
BUSY TASK ewma=997
DMA IRQ c0=0
DMA IRQ c1=2
DMA IRQ c2=0
DMA IRQ c3=0
SELECT busy=6251
SELECT w0=6199
SELECT w1=3903
SELECT w2=4403
BUSY TASK ewma=997
DMA IRQ c0=0
DMA IRQ c1=2
DMA IRQ c2=0
DMA IRQ c3=0
SELECT busy=6259
SELECT w0=6207
SELECT w1=3906
SELECT w2=4407
BUSY TASK ewma=997
DMA IRQ c0=0
DMA IRQ c1=2
DMA IRQ c2=0
DMA IRQ c3=0
SELECT busy=6268
SELECT w0=6216
SELECT w1=3909
SELECT w2=4411
BUSY TASK ewma=997
DMA IRQ c0=0
DMA IRQ c1=2
DMA IRQ c2=0
DMA IRQ c3=0
SELECT busy=6276
SELECT w0=6224
SELECT w1=3912
SELECT w2=4415
BUSY TASK ewma=997
DMA IRQ c0=0
DMA IRQ c1=2
DMA IRQ c2=0
DMA IRQ c3=0
SELECT busy=6285
SELECT w0=6233
SELECT w1=3916
SELECT w2=4419
BUSY TASK ewma=997
DMA IRQ c0=0
DMA IRQ c1=2
DMA IRQ c2=0
DMA IRQ c3=0
SELECT busy=6293
SELECT w0=6241
SELECT w1=3919
SELECT w2=4423
BUSY TASK ewma=997
DMA IRQ c0=0
DMA IRQ c1=2
DMA IRQ c2=0
DMA IRQ c3=0
SELECT busy=6302
SELECT w0=6250
SELECT w1=3922
SELECT w2=4427
BUSY TASK ewma=997
DMA IRQ c0=0
DMA IRQ c1=2
DMA IRQ c2=0
DMA IRQ c3=0
SELECT busy=6311
SELECT w0=6259
SELECT w1=3925
SELECT w2=4431
BUSY TASK ewma=997
DMA IRQ c0=0
DMA IRQ c1=2
DMA IRQ c2=0
DMA IRQ c3=0
SELECT busy=6319
SELECT w0=6267
SELECT w1=3928
SELECT w2=4435
BUSY TASK ewma=997
DMA IRQ c0=0
DMA IRQ c1=2
DMA IRQ c2=0
DMA IRQ c3=0
SELECT busy=6328
SELECT w0=6276
SELECT w1=3932
SELECT w2=4439
BUSY TASK ewma=997
DMA IRQ c0=0
DMA IRQ c1=2
DMA IRQ c2=0
DMA IRQ c3=0
SELECT busy=6336
SELECT w0=6284
SELECT w1=3935
SELECT w2=4443
BUSY TASK ewma=997
DMA IRQ c0=0
DMA IRQ c1=2
DMA IRQ c2=0
DMA IRQ c3=0
SELECT busy=6345
SELECT w0=6293
SELECT w1=3938
SELECT w2=4447
BUSY TASK ewma=997
DMA IRQ c0=0
DMA IRQ c1=2
DMA IRQ c2=0
DMA IRQ c3=0
SELECT busy=6353
SELECT w0=6302
SELECT w1=3942
SELECT w2=4451
BUSY TASK ewma=997
DMA IRQ c0=0
DMA IRQ c1=2
DMA IRQ c2=0
DMA IRQ c3=0
SELECT busy=6362
SELECT w0=6310
SELECT w1=3945
SELECT w2=4455
BUSY TASK ewma=997
DMA IRQ c0=0
DMA IRQ c1=2
DMA IRQ c2=0
DMA IRQ c3=0
SELECT busy=6371
SELECT w0=6319
SELECT w1=3948
SELECT w2=4459
BUSY TASK ewma=997
DMA IRQ c0=0
DMA IRQ c1=2
DMA IRQ c2=0
DMA IRQ c3=0
SELECT busy=6379
SELECT w0=6328
SELECT w1=3952
SELECT w2=4463
BUSY TASK ewma=997
DMA IRQ c0=0
DMA IRQ c1=2
DMA IRQ c2=0
DMA IRQ c3=0
SELECT busy=6388
SELECT w0=6336
SELECT w1=3955
SELECT w2=4467
BUSY TASK ewma=997
DMA IRQ c0=0
DMA IRQ c1=2
DMA IRQ c2=0
DMA IRQ c3=0
SELECT busy=6397
SELECT w0=6345
SELECT w1=3958
SELECT w2=4471
BUSY TASK ewma=997
DMA IRQ c0=0
DMA IRQ c1=2
DMA IRQ c2=0
DMA IRQ c3=0
SELECT busy=6405
SELECT w0=6353
SELECT w1=3962
SELECT w2=4475
BUSY TASK ewma=997
DMA IRQ c0=0
DMA IRQ c1=2
DMA IRQ c2=0
DMA IRQ c3=0
SELECT busy=6414
SELECT w0=6362
SELECT w1=3965
SELECT w2=4479
BUSY TASK ewma=997
DMA IRQ c0=0
DMA IRQ c1=2
DMA IRQ c2=0
DMA IRQ c3=0
SELECT busy=6423
SELECT w0=6371
SELECT w1=3968
SELECT w2=4484
BUSY TASK ewma=997
DMA IRQ c0=0
DMA IRQ c1=2
DMA IRQ c2=0
DMA IRQ c3=0
SELECT busy=6432
SELECT w0=6380
SELECT w1=3972
SELECT w2=4488
BUSY TASK ewma=997
DMA IRQ c0=0
DMA IRQ c1=2
DMA IRQ c2=0
DMA IRQ c3=0
SELECT busy=6440
SELECT w0=6388
SELECT w1=3975
SELECT w2=4492
BUSY TASK ewma=997
DMA IRQ c0=0
DMA IRQ c1=2
DMA IRQ c2=0
DMA IRQ c3=0
SELECT busy=6449
SELECT w0=6397
SELECT w1=3978
SELECT w2=4496
BUSY TASK ewma=997
DMA IRQ c0=0
DMA IRQ c1=2
DMA IRQ c2=0
DMA IRQ c3=0
SELECT busy=6458
SELECT w0=6406
SELECT w1=3982
SELECT w2=4500
BUSY TASK ewma=997
DMA IRQ c0=0
DMA IRQ c1=2
DMA IRQ c2=0
DMA IRQ c3=0
SELECT busy=6466
SELECT w0=6414
SELECT w1=3985
SELECT w2=4504
BUSY TASK ewma=997
DMA IRQ c0=0
DMA IRQ c1=2
DMA IRQ c2=0
DMA IRQ c3=0
SELECT busy=6475
SELECT w0=6423
SELECT w1=3988
SELECT w2=4508
BUSY TASK ewma=997
DMA IRQ c0=0
DMA IRQ c1=2
DMA IRQ c2=0
DMA IRQ c3=0
SELECT busy=6484
SELECT w0=6432
SELECT w1=3992
SELECT w2=4513
BUSY TASK ewma=997
DMA IRQ c0=0
DMA IRQ c1=2
DMA IRQ c2=0
DMA IRQ c3=0
SELECT busy=6492
SELECT w0=6440
SELECT w1=3995
SELECT w2=4516
BUSY TASK ewma=997
DMA IRQ c0=0
DMA IRQ c1=2
DMA IRQ c2=0
DMA IRQ c3=0
SELECT busy=6501
SELECT w0=6449
SELECT w1=3998
SELECT w2=4521
BUSY TASK ewma=997
DMA IRQ c0=0
DMA IRQ c1=2
DMA IRQ c2=0
DMA IRQ c3=0
SELECT busy=6510
SELECT w0=6458
SELECT w1=4002
SELECT w2=4525
BUSY TASK ewma=997
DMA IRQ c0=0
DMA IRQ c1=2
DMA IRQ c2=0
DMA IRQ c3=0
SELECT busy=6518
SELECT w0=6467
SELECT w1=4005
SELECT w2=4529
BUSY TASK ewma=997
DMA IRQ c0=0
DMA IRQ c1=2
DMA IRQ c2=0
DMA IRQ c3=0
SELECT busy=6527
SELECT w0=6475
SELECT w1=4008
SELECT w2=4533
BUSY TASK ewma=997
DMA IRQ c0=0
DMA IRQ c1=2
DMA IRQ c2=0
DMA IRQ c3=0
SELECT busy=6536
SELECT w0=6484
SELECT w1=4012
SELECT w2=4537
BUSY TASK ewma=997
DMA IRQ c0=0
DMA IRQ c1=2
DMA IRQ c2=0
DMA IRQ c3=0
SELECT busy=6544
SELECT w0=6492
SELECT w1=4015
SELECT w2=4542
BUSY TASK ewma=997
DMA IRQ c0=0
DMA IRQ c1=2
DMA IRQ c2=0
DMA IRQ c3=0
SELECT busy=6553
SELECT w0=6501
SELECT w1=4018
SELECT w2=4546
BUSY TASK ewma=997
DMA IRQ c0=0
DMA IRQ c1=2
DMA IRQ c2=0
DMA IRQ c3=0
SELECT busy=6562
SELECT w0=6510
SELECT w1=4022
SELECT w2=4550
BUSY TASK ewma=997
DMA IRQ c0=0
DMA IRQ c1=2
DMA IRQ c2=0
DMA IRQ c3=0
SELECT busy=6570
SELECT w0=6518
SELECT w1=4025
SELECT w2=4554
BUSY TASK ewma=997
DMA IRQ c0=0
DMA IRQ c1=2
DMA IRQ c2=0
DMA IRQ c3=0
SELECT busy=6579
SELECT w0=6527
SELECT w1=4028
SELECT w2=4558
BUSY TASK ewma=997
DMA IRQ c0=0
DMA IRQ c1=2
DMA IRQ c2=0
DMA IRQ c3=0
SELECT busy=6588
SELECT w0=6536
SELECT w1=4031
SELECT w2=4562
BUSY TASK ewma=997
DMA IRQ c0=0
DMA IRQ c1=2
DMA IRQ c2=0
DMA IRQ c3=0
SELECT busy=6596
SELECT w0=6544
SELECT w1=4035
SELECT w2=4566
BUSY TASK ewma=997
DMA IRQ c0=0
DMA IRQ c1=2
DMA IRQ c2=0
DMA IRQ c3=0
SELECT busy=6605
SELECT w0=6553
SELECT w1=4038
SELECT w2=4570
BUSY TASK ewma=997
DMA IRQ c0=0
DMA IRQ c1=2
DMA IRQ c2=0
DMA IRQ c3=0
SELECT busy=6613
SELECT w0=6561
SELECT w1=4041
SELECT w2=4574
BUSY TASK ewma=997
DMA IRQ c0=0
DMA IRQ c1=2
DMA IRQ c2=0
DMA IRQ c3=0
SELECT busy=6622
SELECT w0=6570
SELECT w1=4044
SELECT w2=4578
BUSY TASK ewma=997
DMA IRQ c0=0
DMA IRQ c1=2
DMA IRQ c2=0
DMA IRQ c3=0
SELECT busy=6630
SELECT w0=6578
SELECT w1=4048
SELECT w2=4582
BUSY TASK ewma=997
IRQ counts: cpu0=13197 cpu1=12727 cpu2=12643 cpu3=12406
SCHED secondaries: calls=37778 unexpected=0
SECTEST switches=37758 cpu1=192296850,192545650 cpu2=158008206,158928129 cpu3=273340444,274786244
PINGPONG rounds=2000 pongs=2000
DMA IRQ c0=0
DMA IRQ c1=2
DMA IRQ c2=0
DMA IRQ c3=0
SELECT busy=6640
SELECT w0=6588
SELECT w1=4052
SELECT w2=4587
BUSY TASK ewma=997
DMA IRQ c0=0
DMA IRQ c1=2
DMA IRQ c2=0
DMA IRQ c3=0
SELECT busy=6648
SELECT w0=6596
SELECT w1=4055
SELECT w2=4591
BUSY TASK ewma=997
DMA IRQ c0=0
DMA IRQ c1=2
DMA IRQ c2=0
DMA IRQ c3=0
SELECT busy=6657
SELECT w0=6605
SELECT w1=4058
SELECT w2=4595
BUSY TASK ewma=997
DMA IRQ c0=0
DMA IRQ c1=2
DMA IRQ c2=0
DMA IRQ c3=0
SELECT busy=6665
SELECT w0=6613
SELECT w1=4061
SELECT w2=4599
BUSY TASK ewma=997
DMA IRQ c0=0
DMA IRQ c1=2
DMA IRQ c2=0
DMA IRQ c3=0
SELECT busy=6674
SELECT w0=6622
SELECT w1=4065
SELECT w2=4603
BUSY TASK ewma=997
DMA IRQ c0=0
DMA IRQ c1=2
DMA IRQ c2=0
DMA IRQ c3=0
SELECT busy=6682
SELECT w0=6630
SELECT w1=4068
SELECT w2=4607
BUSY TASK ewma=997
DMA IRQ c0=0
DMA IRQ c1=2
DMA IRQ c2=0
DMA IRQ c3=0
SELECT busy=6691
SELECT w0=6639
SELECT w1=4071
SELECT w2=4611
BUSY TASK ewma=997
DMA IRQ c0=0
DMA IRQ c1=2
DMA IRQ c2=0
DMA IRQ c3=0
SELECT busy=6699
SELECT w0=6647
SELECT w1=4074
SELECT w2=4615
BUSY TASK ewma=997
DMA IRQ c0=0
DMA IRQ c1=2
DMA IRQ c2=0
DMA IRQ c3=0
SELECT busy=6707
SELECT w0=6655
SELECT w1=4078
SELECT w2=4619
BUSY TASK ewma=997
DMA IRQ c0=0
DMA IRQ c1=2
DMA IRQ c2=0
DMA IRQ c3=0
SELECT busy=6716
SELECT w0=6664
SELECT w1=4081
SELECT w2=4623
BUSY TASK ewma=997
DMA IRQ c0=0
DMA IRQ c1=2
DMA IRQ c2=0
DMA IRQ c3=0
SELECT busy=6725
SELECT w0=6673
SELECT w1=4084
SELECT w2=4627
BUSY TASK ewma=997
DMA IRQ c0=0
DMA IRQ c1=2
DMA IRQ c2=0
DMA IRQ c3=0
SELECT busy=6733
SELECT w0=6681
SELECT w1=4088
SELECT w2=4631
BUSY TASK ewma=997
DMA IRQ c0=0
DMA IRQ c1=2
DMA IRQ c2=0
DMA IRQ c3=0
SELECT busy=6742
SELECT w0=6690
SELECT w1=4091
SELECT w2=4635
BUSY TASK ewma=997
DMA IRQ c0=0
DMA IRQ c1=2
DMA IRQ c2=0
DMA IRQ c3=0
SELECT busy=6750
SELECT w0=6698
SELECT w1=4094
SELECT w2=4639
BUSY TASK ewma=997
DMA IRQ c0=0
DMA IRQ c1=2
DMA IRQ c2=0
DMA IRQ c3=0
SELECT busy=6759
SELECT w0=6707
SELECT w1=4097
SELECT w2=4643
BUSY TASK ewma=997
DMA IRQ c0=0
DMA IRQ c1=2
DMA IRQ c2=0
DMA IRQ c3=0
SELECT busy=6767
SELECT w0=6715
SELECT w1=4101
SELECT w2=4647
BUSY TASK ewma=997
DMA IRQ c0=0
DMA IRQ c1=2
DMA IRQ c2=0
DMA IRQ c3=0
SELECT busy=6776
SELECT w0=6724
SELECT w1=4104
SELECT w2=4651
BUSY TASK ewma=997
DMA IRQ c0=0
DMA IRQ c1=2
DMA IRQ c2=0
DMA IRQ c3=0
SELECT busy=6784
SELECT w0=6732
SELECT w1=4107
SELECT w2=4655
BUSY TASK ewma=997
DMA IRQ c0=0
DMA IRQ c1=2
DMA IRQ c2=0
DMA IRQ c3=0
SELECT busy=6793
SELECT w0=6741
SELECT w1=4110
SELECT w2=4659
BUSY TASK ewma=997
DMA IRQ c0=0
DMA IRQ c1=2
DMA IRQ c2=0
DMA IRQ c3=0
SELECT busy=6801
SELECT w0=6749
SELECT w1=4114
SELECT w2=4663
BUSY TASK ewma=997
DMA IRQ c0=0
DMA IRQ c1=2
DMA IRQ c2=0
DMA IRQ c3=0
SELECT busy=6810
SELECT w0=6758
SELECT w1=4117
SELECT w2=4667
BUSY TASK ewma=997
DMA IRQ c0=0
DMA IRQ c1=2
DMA IRQ c2=0
DMA IRQ c3=0
SELECT busy=6818
SELECT w0=6767
SELECT w1=4120
SELECT w2=4671
BUSY TASK ewma=997
DMA IRQ c0=0
DMA IRQ c1=2
DMA IRQ c2=0
DMA IRQ c3=0
SELECT busy=6827
SELECT w0=6775
SELECT w1=4123
SELECT w2=4675
BUSY TASK ewma=997
DMA IRQ c0=0
DMA IRQ c1=2
DMA IRQ c2=0
DMA IRQ c3=0
SELECT busy=6835
SELECT w0=6783
SELECT w1=4127
SELECT w2=4679
BUSY TASK ewma=997
DMA IRQ c0=0
DMA IRQ c1=2
DMA IRQ c2=0
DMA IRQ c3=0
SELECT busy=6844
SELECT w0=6792
SELECT w1=4130
SELECT w2=4683
BUSY TASK ewma=997
DMA IRQ c0=0
DMA IRQ c1=2
DMA IRQ c2=0
DMA IRQ c3=0
SELECT busy=6853
SELECT w0=6801
SELECT w1=4134
SELECT w2=4687
BUSY TASK ewma=997
DMA IRQ c0=0
DMA IRQ c1=2
DMA IRQ c2=0
DMA IRQ c3=0
SELECT busy=6861
SELECT w0=6809
SELECT w1=4137
SELECT w2=4691
BUSY TASK ewma=997
DMA IRQ c0=0
DMA IRQ c1=2
DMA IRQ c2=0
DMA IRQ c3=0
SELECT busy=6870
SELECT w0=6818
SELECT w1=4140
SELECT w2=4695
BUSY TASK ewma=997
DMA IRQ c0=0
DMA IRQ c1=2
DMA IRQ c2=0
DMA IRQ c3=0
SELECT busy=6878
SELECT w0=6826
SELECT w1=4143
SELECT w2=4699
BUSY TASK ewma=997
DMA IRQ c0=0
DMA IRQ c1=2
DMA IRQ c2=0
DMA IRQ c3=0
SELECT busy=6886
SELECT w0=6835
SELECT w1=4147
SELECT w2=4703
BUSY TASK ewma=997
DMA IRQ c0=0
DMA IRQ c1=2
DMA IRQ c2=0
DMA IRQ c3=0
SELECT busy=6895
SELECT w0=6843
SELECT w1=4150
SELECT w2=4707
BUSY TASK ewma=997
DMA IRQ c0=0
DMA IRQ c1=2
DMA IRQ c2=0
DMA IRQ c3=0
SELECT busy=6903
SELECT w0=6851
SELECT w1=4153
SELECT w2=4711
BUSY TASK ewma=997
DMA IRQ c0=0
DMA IRQ c1=2
DMA IRQ c2=0
DMA IRQ c3=0
SELECT busy=6912
SELECT w0=6860
SELECT w1=4157
SELECT w2=4715
BUSY TASK ewma=997
DMA IRQ c0=0
DMA IRQ c1=2
DMA IRQ c2=0
DMA IRQ c3=0
SELECT busy=6920
SELECT w0=6868
SELECT w1=4160
SELECT w2=4719
BUSY TASK ewma=997
DMA IRQ c0=0
DMA IRQ c1=2
DMA IRQ c2=0
DMA IRQ c3=0
SELECT busy=6928
SELECT w0=6877
SELECT w1=4163
SELECT w2=4723
BUSY TASK ewma=997
DMA IRQ c0=0
DMA IRQ c1=2
DMA IRQ c2=0
DMA IRQ c3=0
SELECT busy=6937
SELECT w0=6885
SELECT w1=4166
SELECT w2=4727
BUSY TASK ewma=997
DMA IRQ c0=0
DMA IRQ c1=2
DMA IRQ c2=0
DMA IRQ c3=0
SELECT busy=6946
SELECT w0=6894
SELECT w1=4170
SELECT w2=4731
BUSY TASK ewma=997
DMA IRQ c0=0
DMA IRQ c1=2
DMA IRQ c2=0
DMA IRQ c3=0
SELECT busy=6954
SELECT w0=6902
SELECT w1=4173
SELECT w2=4735
BUSY TASK ewma=997
DMA IRQ c0=0
DMA IRQ c1=2
DMA IRQ c2=0
DMA IRQ c3=0
SELECT busy=6963
SELECT w0=6911
SELECT w1=4176
SELECT w2=4739
BUSY TASK ewma=997
DMA IRQ c0=0
DMA IRQ c1=2
DMA IRQ c2=0
DMA IRQ c3=0
SELECT busy=6971
SELECT w0=6919
SELECT w1=4179
SELECT w2=4743
BUSY TASK ewma=997
DMA IRQ c0=0
DMA IRQ c1=2
DMA IRQ c2=0
DMA IRQ c3=0
SELECT busy=6980
SELECT w0=6928
SELECT w1=4183
SELECT w2=4747
BUSY TASK ewma=997
DMA IRQ c0=0
DMA IRQ c1=2
DMA IRQ c2=0
DMA IRQ c3=0
SELECT busy=6989
SELECT w0=6937
SELECT w1=4186
SELECT w2=4752
BUSY TASK ewma=997
DMA IRQ c0=0
DMA IRQ c1=2
DMA IRQ c2=0
DMA IRQ c3=0
SELECT busy=6997
SELECT w0=6945
SELECT w1=4189
SELECT w2=4755
BUSY TASK ewma=997
DMA IRQ c0=0
DMA IRQ c1=2
DMA IRQ c2=0
DMA IRQ c3=0
SELECT busy=7005
SELECT w0=6954
SELECT w1=4193
SELECT w2=4760
BUSY TASK ewma=997
DMA IRQ c0=0
DMA IRQ c1=2
DMA IRQ c2=0
DMA IRQ c3=0
SELECT busy=7014
SELECT w0=6962
SELECT w1=4196
SELECT w2=4763
BUSY TASK ewma=997
DMA IRQ c0=0
DMA IRQ c1=2
DMA IRQ c2=0
DMA IRQ c3=0
SELECT busy=7022
SELECT w0=6970
SELECT w1=4199
SELECT w2=4768
BUSY TASK ewma=997
DMA IRQ c0=0
DMA IRQ c1=2
DMA IRQ c2=0
DMA IRQ c3=0
SELECT busy=7031
SELECT w0=6979
SELECT w1=4202
SELECT w2=4771
BUSY TASK ewma=997
DMA IRQ c0=0
DMA IRQ c1=2
DMA IRQ c2=0
DMA IRQ c3=0
SELECT busy=7040
SELECT w0=6988
SELECT w1=4206
SELECT w2=4776
BUSY TASK ewma=997
DMA IRQ c0=0
DMA IRQ c1=2
DMA IRQ c2=0
DMA IRQ c3=0
SELECT busy=7048
SELECT w0=6996
SELECT w1=4209
SELECT w2=4780
BUSY TASK ewma=997
DMA IRQ c0=0
DMA IRQ c1=2
DMA IRQ c2=0
DMA IRQ c3=0
SELECT busy=7057
SELECT w0=7005
SELECT w1=4212
SELECT w2=4784
BUSY TASK ewma=997
DMA IRQ c0=0
DMA IRQ c1=2
DMA IRQ c2=0
DMA IRQ c3=0
SELECT busy=7065
SELECT w0=7013
SELECT w1=4215
SELECT w2=4788
BUSY TASK ewma=997
DMA IRQ c0=0
DMA IRQ c1=2
DMA IRQ c2=0
DMA IRQ c3=0
SELECT busy=7074
SELECT w0=7022
SELECT w1=4219
SELECT w2=4792
BUSY TASK ewma=997
DMA IRQ c0=0
DMA IRQ c1=2
DMA IRQ c2=0
DMA IRQ c3=0
SELECT busy=7082
SELECT w0=7030
SELECT w1=4222
SELECT w2=4795
BUSY TASK ewma=997
DMA IRQ c0=0
DMA IRQ c1=2
DMA IRQ c2=0
DMA IRQ c3=0
SELECT busy=7091
SELECT w0=7039
SELECT w1=4225
SELECT w2=4800
BUSY TASK ewma=997
DMA IRQ c0=0
DMA IRQ c1=2
DMA IRQ c2=0
DMA IRQ c3=0
SELECT busy=7099
SELECT w0=7047
SELECT w1=4228
SELECT w2=4804
BUSY TASK ewma=997
DMA IRQ c0=0
DMA IRQ c1=2
DMA IRQ c2=0
DMA IRQ c3=0
SELECT busy=7107
SELECT w0=7055
SELECT w1=4231
SELECT w2=4807
BUSY TASK ewma=997
DMA IRQ c0=0
DMA IRQ c1=2
DMA IRQ c2=0
DMA IRQ c3=0
SELECT busy=7115
SELECT w0=7063
SELECT w1=4234
SELECT w2=4812
BUSY TASK ewma=997
DMA IRQ c0=0
DMA IRQ c1=2
DMA IRQ c2=0
DMA IRQ c3=0
SELECT busy=7124
SELECT w0=7072
SELECT w1=4238
SELECT w2=4815
BUSY TASK ewma=997
DMA IRQ c0=0
DMA IRQ c1=2
DMA IRQ c2=0
DMA IRQ c3=0
SELECT busy=7133
SELECT w0=7081
SELECT w1=4241
SELECT w2=4820
BUSY TASK ewma=997
DMA IRQ c0=0
DMA IRQ c1=2
DMA IRQ c2=0
DMA IRQ c3=0
SELECT busy=7141
SELECT w0=7089
SELECT w1=4244
SELECT w2=4824
BUSY TASK ewma=997
DMA IRQ c0=0
DMA IRQ c1=2
DMA IRQ c2=0
DMA IRQ c3=0
SELECT busy=7150
SELECT w0=7098
SELECT w1=4248
SELECT w2=4828
BUSY TASK ewma=997
DMA IRQ c0=0
DMA IRQ c1=2
DMA IRQ c2=0
DMA IRQ c3=0
SELECT busy=7158
SELECT w0=7106
SELECT w1=4251
SELECT w2=4832
BUSY TASK ewma=997
DMA IRQ c0=0
DMA IRQ c1=2
DMA IRQ c2=0
DMA IRQ c3=0
SELECT busy=7167
SELECT w0=7115
SELECT w1=4254
SELECT w2=4836
BUSY TASK ewma=997
DMA IRQ c0=0
DMA IRQ c1=2
DMA IRQ c2=0
DMA IRQ c3=0
SELECT busy=7175
SELECT w0=7123
SELECT w1=4258
SELECT w2=4840
BUSY TASK ewma=997
IRQ counts: cpu0=14287 cpu1=13777 cpu2=13674 cpu3=13424
SCHED secondaries: calls=40876 unexpected=0
SECTEST switches=40855 cpu1=211772211,211958487 cpu2=173486801,174612378 cpu3=297999454,299672011
PINGPONG rounds=2000 pongs=2000
DMA IRQ c0=0
DMA IRQ c1=2
DMA IRQ c2=0
DMA IRQ c3=0
SELECT busy=7185
SELECT w0=7133
SELECT w1=4261
SELECT w2=4844
BUSY TASK ewma=997
DMA IRQ c0=0
DMA IRQ c1=2
DMA IRQ c2=0
DMA IRQ c3=0
SELECT busy=7193
SELECT w0=7141
SELECT w1=4265
SELECT w2=4848
BUSY TASK ewma=997
DMA IRQ c0=0
DMA IRQ c1=2
DMA IRQ c2=0
DMA IRQ c3=0
SELECT busy=7201
SELECT w0=7150
SELECT w1=4268
SELECT w2=4852
BUSY TASK ewma=997
DMA IRQ c0=0
DMA IRQ c1=2
DMA IRQ c2=0
DMA IRQ c3=0
SELECT busy=7210
SELECT w0=7158
SELECT w1=4271
SELECT w2=4856
BUSY TASK ewma=997
DMA IRQ c0=0
DMA IRQ c1=2
DMA IRQ c2=0
DMA IRQ c3=0
SELECT busy=7219
SELECT w0=7167
SELECT w1=4274
SELECT w2=4860
BUSY TASK ewma=997
DMA IRQ c0=0
DMA IRQ c1=2
DMA IRQ c2=0
DMA IRQ c3=0
SELECT busy=7227
SELECT w0=7175
SELECT w1=4277
SELECT w2=4864
BUSY TASK ewma=997
DMA IRQ c0=0
DMA IRQ c1=2
DMA IRQ c2=0
DMA IRQ c3=0
SELECT busy=7236
SELECT w0=7184
SELECT w1=4281
SELECT w2=4868
BUSY TASK ewma=997
DMA IRQ c0=0
DMA IRQ c1=2
DMA IRQ c2=0
DMA IRQ c3=0
SELECT busy=7244
SELECT w0=7192
SELECT w1=4284
SELECT w2=4873
BUSY TASK ewma=997
DMA IRQ c0=0
DMA IRQ c1=2
DMA IRQ c2=0
DMA IRQ c3=0
SELECT busy=7253
SELECT w0=7201
SELECT w1=4287
SELECT w2=4877
BUSY TASK ewma=997
DMA IRQ c0=0
DMA IRQ c1=2
DMA IRQ c2=0
DMA IRQ c3=0
SELECT busy=7261
SELECT w0=7209
SELECT w1=4291
SELECT w2=4881
BUSY TASK ewma=997
DMA IRQ c0=0
DMA IRQ c1=2
DMA IRQ c2=0
DMA IRQ c3=0
SELECT busy=7270
SELECT w0=7218
SELECT w1=4294
SELECT w2=4885
BUSY TASK ewma=997
DMA IRQ c0=0
DMA IRQ c1=2
DMA IRQ c2=0
DMA IRQ c3=0
SELECT busy=7278
SELECT w0=7226
SELECT w1=4297
SELECT w2=4889
BUSY TASK ewma=997
DMA IRQ c0=0
DMA IRQ c1=2
DMA IRQ c2=0
DMA IRQ c3=0
SELECT busy=7287
SELECT w0=7235
SELECT w1=4301
SELECT w2=4893
BUSY TASK ewma=997
DMA IRQ c0=0
DMA IRQ c1=2
DMA IRQ c2=0
DMA IRQ c3=0
SELECT busy=7295
SELECT w0=7243
SELECT w1=4304
SELECT w2=4897
BUSY TASK ewma=997
DMA IRQ c0=0
DMA IRQ c1=2
DMA IRQ c2=0
DMA IRQ c3=0
SELECT busy=7304
SELECT w0=7252
SELECT w1=4307
SELECT w2=4901
BUSY TASK ewma=997
DMA IRQ c0=0
DMA IRQ c1=2
DMA IRQ c2=0
DMA IRQ c3=0
SELECT busy=7312
SELECT w0=7260
SELECT w1=4310
SELECT w2=4905
BUSY TASK ewma=997
DMA IRQ c0=0
DMA IRQ c1=2
DMA IRQ c2=0
DMA IRQ c3=0
SELECT busy=7321
SELECT w0=7269
SELECT w1=4314
SELECT w2=4909
BUSY TASK ewma=997
DMA IRQ c0=0
DMA IRQ c1=2
DMA IRQ c2=0
DMA IRQ c3=0
SELECT busy=7329
SELECT w0=7277
SELECT w1=4317
SELECT w2=4913
BUSY TASK ewma=997
DMA IRQ c0=0
DMA IRQ c1=2
DMA IRQ c2=0
DMA IRQ c3=0
SELECT busy=7338
SELECT w0=7286
SELECT w1=4320
SELECT w2=4917
BUSY TASK ewma=997
DMA IRQ c0=0
DMA IRQ c1=2
DMA IRQ c2=0
DMA IRQ c3=0
SELECT busy=7346
SELECT w0=7295
SELECT w1=4323
SELECT w2=4921
BUSY TASK ewma=997
DMA IRQ c0=0
DMA IRQ c1=2
DMA IRQ c2=0
DMA IRQ c3=0
SELECT busy=7355
SELECT w0=7303
SELECT w1=4327
SELECT w2=4925
BUSY TASK ewma=997
DMA IRQ c0=0
DMA IRQ c1=2
DMA IRQ c2=0
DMA IRQ c3=0
SELECT busy=7363
SELECT w0=7312
SELECT w1=4330
SELECT w2=4930
BUSY TASK ewma=997
DMA IRQ c0=0
DMA IRQ c1=2
DMA IRQ c2=0
DMA IRQ c3=0
SELECT busy=7372
SELECT w0=7320
SELECT w1=4333
SELECT w2=4933
BUSY TASK ewma=997
DMA IRQ c0=0
DMA IRQ c1=2
DMA IRQ c2=0
DMA IRQ c3=0
SELECT busy=7381
SELECT w0=7329
SELECT w1=4337
SELECT w2=4938
BUSY TASK ewma=997
DMA IRQ c0=0
DMA IRQ c1=2
DMA IRQ c2=0
DMA IRQ c3=0
SELECT busy=7389
SELECT w0=7337
SELECT w1=4340
SELECT w2=4942
BUSY TASK ewma=997
DMA IRQ c0=0
DMA IRQ c1=2
DMA IRQ c2=0
DMA IRQ c3=0
SELECT busy=7398
SELECT w0=7346
SELECT w1=4343
SELECT w2=4946
BUSY TASK ewma=997
DMA IRQ c0=0
DMA IRQ c1=2
DMA IRQ c2=0
DMA IRQ c3=0
SELECT busy=7406
SELECT w0=7354
SELECT w1=4347
SELECT w2=4950
BUSY TASK ewma=997
DMA IRQ c0=0
DMA IRQ c1=2
DMA IRQ c2=0
DMA IRQ c3=0
SELECT busy=7415
SELECT w0=7363
SELECT w1=4350
SELECT w2=4954
BUSY TASK ewma=997
DMA IRQ c0=0
DMA IRQ c1=2
DMA IRQ c2=0
DMA IRQ c3=0
SELECT busy=7423
SELECT w0=7371
SELECT w1=4353
SELECT w2=4958
BUSY TASK ewma=997
DMA IRQ c0=0
DMA IRQ c1=2
DMA IRQ c2=0
DMA IRQ c3=0
SELECT busy=7432
SELECT w0=7380
SELECT w1=4356
SELECT w2=4962
BUSY TASK ewma=997
DMA IRQ c0=0
DMA IRQ c1=2
DMA IRQ c2=0
DMA IRQ c3=0
SELECT busy=7441
SELECT w0=7389
SELECT w1=4360
SELECT w2=4966
BUSY TASK ewma=997
DMA IRQ c0=0
DMA IRQ c1=2
DMA IRQ c2=0
DMA IRQ c3=0
SELECT busy=7449
SELECT w0=7397
SELECT w1=4363
SELECT w2=4970
BUSY TASK ewma=997
DMA IRQ c0=0
DMA IRQ c1=2
DMA IRQ c2=0
DMA IRQ c3=0
SELECT busy=7458
SELECT w0=7406
SELECT w1=4366
SELECT w2=4974
BUSY TASK ewma=997
DMA IRQ c0=0
DMA IRQ c1=2
DMA IRQ c2=0
DMA IRQ c3=0
SELECT busy=7466
SELECT w0=7414
SELECT w1=4370
SELECT w2=4979
BUSY TASK ewma=997
DMA IRQ c0=0
DMA IRQ c1=2
DMA IRQ c2=0
DMA IRQ c3=0
SELECT busy=7475
SELECT w0=7423
SELECT w1=4373
SELECT w2=4983
BUSY TASK ewma=997
DMA IRQ c0=0
DMA IRQ c1=2
DMA IRQ c2=0
DMA IRQ c3=0
SELECT busy=7484
SELECT w0=7432
SELECT w1=4376
SELECT w2=4987
BUSY TASK ewma=997
DMA IRQ c0=0
DMA IRQ c1=2
DMA IRQ c2=0
DMA IRQ c3=0
SELECT busy=7492
SELECT w0=7440
SELECT w1=4379
SELECT w2=4991
BUSY TASK ewma=997
DMA IRQ c0=0
DMA IRQ c1=2
DMA IRQ c2=0
DMA IRQ c3=0
SELECT busy=7501
SELECT w0=7449
SELECT w1=4383
SELECT w2=4995
BUSY TASK ewma=997
DMA IRQ c0=0
DMA IRQ c1=2
DMA IRQ c2=0
DMA IRQ c3=0
SELECT busy=7509
SELECT w0=7457
SELECT w1=4386
SELECT w2=4999
BUSY TASK ewma=997
DMA IRQ c0=0
DMA IRQ c1=2
DMA IRQ c2=0
DMA IRQ c3=0
SELECT busy=7518
SELECT w0=7466
SELECT w1=4389
SELECT w2=5003
BUSY TASK ewma=997
DMA IRQ c0=0
DMA IRQ c1=2
DMA IRQ c2=0
DMA IRQ c3=0
SELECT busy=7526
SELECT w0=7474
SELECT w1=4393
SELECT w2=5007
BUSY TASK ewma=997
DMA IRQ c0=0
DMA IRQ c1=2
DMA IRQ c2=0
DMA IRQ c3=0
SELECT busy=7535
SELECT w0=7483
SELECT w1=4396
SELECT w2=5011
BUSY TASK ewma=997
DMA IRQ c0=0
DMA IRQ c1=2
DMA IRQ c2=0
DMA IRQ c3=0
SELECT busy=7543
SELECT w0=7491
SELECT w1=4399
SELECT w2=5015
BUSY TASK ewma=997
DMA IRQ c0=0
DMA IRQ c1=2
DMA IRQ c2=0
DMA IRQ c3=0
SELECT busy=7552
SELECT w0=7500
SELECT w1=4403
SELECT w2=5019
BUSY TASK ewma=997
DMA IRQ c0=0
DMA IRQ c1=2
DMA IRQ c2=0
DMA IRQ c3=0
SELECT busy=7561
SELECT w0=7509
SELECT w1=4406
SELECT w2=5023
BUSY TASK ewma=997
DMA IRQ c0=0
DMA IRQ c1=2
DMA IRQ c2=0
DMA IRQ c3=0
SELECT busy=7569
SELECT w0=7517
SELECT w1=4409
SELECT w2=5027
BUSY TASK ewma=997
DMA IRQ c0=0
DMA IRQ c1=2
DMA IRQ c2=0
DMA IRQ c3=0
SELECT busy=7578
SELECT w0=7526
SELECT w1=4412
SELECT w2=5031
BUSY TASK ewma=997
DMA IRQ c0=0
DMA IRQ c1=2
DMA IRQ c2=0
DMA IRQ c3=0
SELECT busy=7586
SELECT w0=7535
SELECT w1=4416
SELECT w2=5036
BUSY TASK ewma=997
DMA IRQ c0=0
DMA IRQ c1=2
DMA IRQ c2=0
DMA IRQ c3=0
SELECT busy=7595
SELECT w0=7543
SELECT w1=4419
SELECT w2=5040
BUSY TASK ewma=997
DMA IRQ c0=0
DMA IRQ c1=2
DMA IRQ c2=0
DMA IRQ c3=0
SELECT busy=7604
SELECT w0=7552
SELECT w1=4423
SELECT w2=5044
BUSY TASK ewma=997
DMA IRQ c0=0
DMA IRQ c1=2
DMA IRQ c2=0
DMA IRQ c3=0
SELECT busy=7612
SELECT w0=7560
SELECT w1=4426
SELECT w2=5048
BUSY TASK ewma=997
DMA IRQ c0=0
DMA IRQ c1=2
DMA IRQ c2=0
DMA IRQ c3=0
SELECT busy=7621
SELECT w0=7569
SELECT w1=4429
SELECT w2=5052
BUSY TASK ewma=997
DMA IRQ c0=0
DMA IRQ c1=2
DMA IRQ c2=0
DMA IRQ c3=0
SELECT busy=7629
SELECT w0=7577
SELECT w1=4432
SELECT w2=5056
BUSY TASK ewma=997
DMA IRQ c0=0
DMA IRQ c1=2
DMA IRQ c2=0
DMA IRQ c3=0
SELECT busy=7638
SELECT w0=7586
SELECT w1=4436
SELECT w2=5060
BUSY TASK ewma=997
DMA IRQ c0=0
DMA IRQ c1=2
DMA IRQ c2=0
DMA IRQ c3=0
SELECT busy=7646
SELECT w0=7594
SELECT w1=4439
SELECT w2=5064
BUSY TASK ewma=997
DMA IRQ c0=0
DMA IRQ c1=2
DMA IRQ c2=0
DMA IRQ c3=0
SELECT busy=7655
SELECT w0=7603
SELECT w1=4442
SELECT w2=5068
BUSY TASK ewma=997
DMA IRQ c0=0
DMA IRQ c1=2
DMA IRQ c2=0
DMA IRQ c3=0
SELECT busy=7664
SELECT w0=7612
SELECT w1=4445
SELECT w2=5072
BUSY TASK ewma=997
DMA IRQ c0=0
DMA IRQ c1=2
DMA IRQ c2=0
DMA IRQ c3=0
SELECT busy=7672
SELECT w0=7620
SELECT w1=4449
SELECT w2=5076
BUSY TASK ewma=997
DMA IRQ c0=0
DMA IRQ c1=2
DMA IRQ c2=0
DMA IRQ c3=0
SELECT busy=7681
SELECT w0=7629
SELECT w1=4452
SELECT w2=5081
BUSY TASK ewma=997
DMA IRQ c0=0
DMA IRQ c1=2
DMA IRQ c2=0
DMA IRQ c3=0
SELECT busy=7689
SELECT w0=7638
SELECT w1=4456
SELECT w2=5085
BUSY TASK ewma=997
DMA IRQ c0=0
DMA IRQ c1=2
DMA IRQ c2=0
DMA IRQ c3=0
SELECT busy=7698
SELECT w0=7646
SELECT w1=4459
SELECT w2=5089
BUSY TASK ewma=997
DMA IRQ c0=0
DMA IRQ c1=2
DMA IRQ c2=0
DMA IRQ c3=0
SELECT busy=7707
SELECT w0=7655
SELECT w1=4462
SELECT w2=5093
BUSY TASK ewma=997
DMA IRQ c0=0
DMA IRQ c1=2
DMA IRQ c2=0
DMA IRQ c3=0
SELECT busy=7715
SELECT w0=7663
SELECT w1=4465
SELECT w2=5097
BUSY TASK ewma=997
DMA IRQ c0=0
DMA IRQ c1=2
DMA IRQ c2=0
DMA IRQ c3=0
SELECT busy=7724
SELECT w0=7672
SELECT w1=4469
SELECT w2=5101
BUSY TASK ewma=997
IRQ counts: cpu0=15385 cpu1=14832 cpu2=14718 cpu3=14456
SCHED secondaries: calls=44006 unexpected=0
SECTEST switches=43988 cpu1=232065471,232198314 cpu2=190807359,192142742 cpu3=323471327,325101791
PINGPONG rounds=2000 pongs=2000
DMA IRQ c0=0
DMA IRQ c1=2
DMA IRQ c2=0
DMA IRQ c3=0
SELECT busy=7733
SELECT w0=7682
SELECT w1=4472
SELECT w2=5106
BUSY TASK ewma=997
DMA IRQ c0=0
DMA IRQ c1=2
DMA IRQ c2=0
DMA IRQ c3=0
SELECT busy=7742
SELECT w0=7690
SELECT w1=4476
SELECT w2=5110
BUSY TASK ewma=997
DMA IRQ c0=0
DMA IRQ c1=2
DMA IRQ c2=0
DMA IRQ c3=0
SELECT busy=7751
SELECT w0=7699
SELECT w1=4479
SELECT w2=5114
BUSY TASK ewma=997
DMA IRQ c0=0
DMA IRQ c1=2
DMA IRQ c2=0
DMA IRQ c3=0
SELECT busy=7759
SELECT w0=7707
SELECT w1=4482
SELECT w2=5118
BUSY TASK ewma=997
DMA IRQ c0=0
DMA IRQ c1=2
DMA IRQ c2=0
DMA IRQ c3=0
SELECT busy=7768
SELECT w0=7716
SELECT w1=4486
SELECT w2=5122
BUSY TASK ewma=997
DMA IRQ c0=0
DMA IRQ c1=2
DMA IRQ c2=0
DMA IRQ c3=0
SELECT busy=7776
SELECT w0=7725
SELECT w1=4489
SELECT w2=5126
BUSY TASK ewma=997
DMA IRQ c0=0
DMA IRQ c1=2
DMA IRQ c2=0
DMA IRQ c3=0
SELECT busy=7785
SELECT w0=7733
SELECT w1=4492
SELECT w2=5130
BUSY TASK ewma=997
DMA IRQ c0=0
DMA IRQ c1=2
DMA IRQ c2=0
DMA IRQ c3=0
SELECT busy=7794
SELECT w0=7742
SELECT w1=4496
SELECT w2=5134
BUSY TASK ewma=997
DMA IRQ c0=0
DMA IRQ c1=2
DMA IRQ c2=0
DMA IRQ c3=0
SELECT busy=7802
SELECT w0=7750
SELECT w1=4499
SELECT w2=5138
BUSY TASK ewma=997
DMA IRQ c0=0
DMA IRQ c1=2
DMA IRQ c2=0
DMA IRQ c3=0
SELECT busy=7811
SELECT w0=7759
SELECT w1=4502
SELECT w2=5143
BUSY TASK ewma=997
DMA IRQ c0=0
DMA IRQ c1=2
DMA IRQ c2=0
DMA IRQ c3=0
SELECT busy=7819
SELECT w0=7767
SELECT w1=4505
SELECT w2=5146
BUSY TASK ewma=997
DMA IRQ c0=0
DMA IRQ c1=2
DMA IRQ c2=0
DMA IRQ c3=0
SELECT busy=7828
SELECT w0=7776
SELECT w1=4509
SELECT w2=5151
BUSY TASK ewma=997
DMA IRQ c0=0
DMA IRQ c1=2
DMA IRQ c2=0
DMA IRQ c3=0
SELECT busy=7836
SELECT w0=7784
SELECT w1=4512
SELECT w2=5155
BUSY TASK ewma=997
DMA IRQ c0=0
DMA IRQ c1=2
DMA IRQ c2=0
DMA IRQ c3=0
SELECT busy=7845
SELECT w0=7793
SELECT w1=4515
SELECT w2=5159
BUSY TASK ewma=997
DMA IRQ c0=0
DMA IRQ c1=2
DMA IRQ c2=0
DMA IRQ c3=0
SELECT busy=7853
SELECT w0=7801
SELECT w1=4519
SELECT w2=5163
BUSY TASK ewma=997
DMA IRQ c0=0
DMA IRQ c1=2
DMA IRQ c2=0
DMA IRQ c3=0
SELECT busy=7862
SELECT w0=7810
SELECT w1=4522
SELECT w2=5167
BUSY TASK ewma=997
DMA IRQ c0=0
DMA IRQ c1=2
DMA IRQ c2=0
DMA IRQ c3=0
SELECT busy=7872
SELECT w0=7820
SELECT w1=4526
SELECT w2=5172
BUSY TASK ewma=997
DMA IRQ c0=0
DMA IRQ c1=2
DMA IRQ c2=0
DMA IRQ c3=0
SELECT busy=7881
SELECT w0=7829
SELECT w1=4529
SELECT w2=5177
BUSY TASK ewma=997
DMA IRQ c0=0
DMA IRQ c1=2
DMA IRQ c2=0
DMA IRQ c3=0
SELECT busy=7889
SELECT w0=7838
SELECT w1=4533
SELECT w2=5181
BUSY TASK ewma=997
DMA IRQ c0=0
DMA IRQ c1=2
DMA IRQ c2=0
DMA IRQ c3=0
SELECT busy=7898
SELECT w0=7846
SELECT w1=4536
SELECT w2=5185
BUSY TASK ewma=997
DMA IRQ c0=0
DMA IRQ c1=2
DMA IRQ c2=0
DMA IRQ c3=0
SELECT busy=7907
SELECT w0=7855
SELECT w1=4539
SELECT w2=5189
BUSY TASK ewma=997
DMA IRQ c0=0
DMA IRQ c1=2
DMA IRQ c2=0
DMA IRQ c3=0
SELECT busy=7915
SELECT w0=7863
SELECT w1=4542
SELECT w2=5193
BUSY TASK ewma=997
DMA IRQ c0=0
DMA IRQ c1=2
DMA IRQ c2=0
DMA IRQ c3=0
SELECT busy=7924
SELECT w0=7872
SELECT w1=4546
SELECT w2=5197
BUSY TASK ewma=997
DMA IRQ c0=0
DMA IRQ c1=2
DMA IRQ c2=0
DMA IRQ c3=0
SELECT busy=7932
SELECT w0=7880
SELECT w1=4549
SELECT w2=5201
BUSY TASK ewma=997
DMA IRQ c0=0
DMA IRQ c1=2
DMA IRQ c2=0
DMA IRQ c3=0
SELECT busy=7941
SELECT w0=7889
SELECT w1=4552
SELECT w2=5205
BUSY TASK ewma=997
DMA IRQ c0=0
DMA IRQ c1=2
DMA IRQ c2=0
DMA IRQ c3=0
SELECT busy=7949
SELECT w0=7897
SELECT w1=4556
SELECT w2=5209
BUSY TASK ewma=997
DMA IRQ c0=0
DMA IRQ c1=2
DMA IRQ c2=0
DMA IRQ c3=0
SELECT busy=7958
SELECT w0=7906
SELECT w1=4559
SELECT w2=5213
BUSY TASK ewma=997
DMA IRQ c0=0
DMA IRQ c1=2
DMA IRQ c2=0
DMA IRQ c3=0
SELECT busy=7967
SELECT w0=7915
SELECT w1=4562
SELECT w2=5218
BUSY TASK ewma=997
DMA IRQ c0=0
DMA IRQ c1=2
DMA IRQ c2=0
DMA IRQ c3=0
SELECT busy=7975
SELECT w0=7923
SELECT w1=4566
SELECT w2=5222
BUSY TASK ewma=997
DMA IRQ c0=0
DMA IRQ c1=2
DMA IRQ c2=0
DMA IRQ c3=0
SELECT busy=7984
SELECT w0=7932
SELECT w1=4569
SELECT w2=5226
BUSY TASK ewma=997
DMA IRQ c0=0
DMA IRQ c1=2
DMA IRQ c2=0
DMA IRQ c3=0
SELECT busy=7993
SELECT w0=7941
SELECT w1=4572
SELECT w2=5230
BUSY TASK ewma=997
DMA IRQ c0=0
DMA IRQ c1=2
DMA IRQ c2=0
DMA IRQ c3=0
SELECT busy=8001
SELECT w0=7949
SELECT w1=4576
SELECT w2=5234
BUSY TASK ewma=997
DMA IRQ c0=0
DMA IRQ c1=2
DMA IRQ c2=0
DMA IRQ c3=0
SELECT busy=8010
SELECT w0=7958
SELECT w1=4579
SELECT w2=5239
BUSY TASK ewma=997
DMA IRQ c0=0
DMA IRQ c1=2
DMA IRQ c2=0
DMA IRQ c3=0
SELECT busy=8019
SELECT w0=7967
SELECT w1=4582
SELECT w2=5243
BUSY TASK ewma=997
DMA IRQ c0=0
DMA IRQ c1=2
DMA IRQ c2=0
DMA IRQ c3=0
SELECT busy=8027
SELECT w0=7976
SELECT w1=4586
SELECT w2=5247
BUSY TASK ewma=997
DMA IRQ c0=0
DMA IRQ c1=2
DMA IRQ c2=0
DMA IRQ c3=0
SELECT busy=8036
SELECT w0=7984
SELECT w1=4589
SELECT w2=5251
BUSY TASK ewma=997
DMA IRQ c0=0
DMA IRQ c1=2
DMA IRQ c2=0
DMA IRQ c3=0
SELECT busy=8045
SELECT w0=7993
SELECT w1=4592
SELECT w2=5255
BUSY TASK ewma=997
DMA IRQ c0=0
DMA IRQ c1=2
DMA IRQ c2=0
DMA IRQ c3=0
SELECT busy=8053
SELECT w0=8001
SELECT w1=4595
SELECT w2=5260
BUSY TASK ewma=997
DMA IRQ c0=0
DMA IRQ c1=2
DMA IRQ c2=0
DMA IRQ c3=0
SELECT busy=8062
SELECT w0=8010
SELECT w1=4599
SELECT w2=5263
BUSY TASK ewma=997
DMA IRQ c0=0
DMA IRQ c1=2
DMA IRQ c2=0
DMA IRQ c3=0
SELECT busy=8070
SELECT w0=8018
SELECT w1=4602
SELECT w2=5267
BUSY TASK ewma=997
DMA IRQ c0=0
DMA IRQ c1=2
DMA IRQ c2=0
DMA IRQ c3=0
SELECT busy=8079
SELECT w0=8027
SELECT w1=4605
SELECT w2=5271
BUSY TASK ewma=997
DMA IRQ c0=0
DMA IRQ c1=2
DMA IRQ c2=0
DMA IRQ c3=0
SELECT busy=8087
SELECT w0=8035
SELECT w1=4609
SELECT w2=5276
BUSY TASK ewma=997
DMA IRQ c0=0
DMA IRQ c1=2
DMA IRQ c2=0
DMA IRQ c3=0
SELECT busy=8096
SELECT w0=8044
SELECT w1=4612
SELECT w2=5280
BUSY TASK ewma=997
DMA IRQ c0=0
DMA IRQ c1=2
DMA IRQ c2=0
DMA IRQ c3=0
SELECT busy=8104
SELECT w0=8052
SELECT w1=4615
SELECT w2=5284
BUSY TASK ewma=997
DMA IRQ c0=0
DMA IRQ c1=2
DMA IRQ c2=0
DMA IRQ c3=0
SELECT busy=8113
SELECT w0=8061
SELECT w1=4619
SELECT w2=5288
BUSY TASK ewma=997
DMA IRQ c0=0
DMA IRQ c1=2
DMA IRQ c2=0
DMA IRQ c3=0
SELECT busy=8121
SELECT w0=8069
SELECT w1=4622
SELECT w2=5292
BUSY TASK ewma=997
DMA IRQ c0=0
DMA IRQ c1=2
DMA IRQ c2=0
DMA IRQ c3=0
SELECT busy=8130
SELECT w0=8078
SELECT w1=4625
SELECT w2=5296
BUSY TASK ewma=997
DMA IRQ c0=0
DMA IRQ c1=2
DMA IRQ c2=0
DMA IRQ c3=0
SELECT busy=8138
SELECT w0=8087
SELECT w1=4629
SELECT w2=5300
BUSY TASK ewma=997
DMA IRQ c0=0
DMA IRQ c1=2
DMA IRQ c2=0
DMA IRQ c3=0
SELECT busy=8147
SELECT w0=8095
SELECT w1=4632
SELECT w2=5304
BUSY TASK ewma=997
DMA IRQ c0=0
DMA IRQ c1=2
DMA IRQ c2=0
DMA IRQ c3=0
SELECT busy=8155
SELECT w0=8103
SELECT w1=4635
SELECT w2=5308
BUSY TASK ewma=997
DMA IRQ c0=0
DMA IRQ c1=2
DMA IRQ c2=0
DMA IRQ c3=0
SELECT busy=8164
SELECT w0=8112
SELECT w1=4638
SELECT w2=5312
BUSY TASK ewma=997
DMA IRQ c0=0
DMA IRQ c1=2
DMA IRQ c2=0
DMA IRQ c3=0
SELECT busy=8173
SELECT w0=8121
SELECT w1=4642
SELECT w2=5316
BUSY TASK ewma=997
DMA IRQ c0=0
DMA IRQ c1=2
DMA IRQ c2=0
DMA IRQ c3=0
SELECT busy=8182
SELECT w0=8130
SELECT w1=4645
SELECT w2=5320
BUSY TASK ewma=997
DMA IRQ c0=0
DMA IRQ c1=2
DMA IRQ c2=0
DMA IRQ c3=0
SELECT busy=8190
SELECT w0=8138
SELECT w1=4648
SELECT w2=5324
BUSY TASK ewma=997
DMA IRQ c0=0
DMA IRQ c1=2
DMA IRQ c2=0
DMA IRQ c3=0
SELECT busy=8199
SELECT w0=8147
SELECT w1=4652
SELECT w2=5328
BUSY TASK ewma=997
DMA IRQ c0=0
DMA IRQ c1=2
DMA IRQ c2=0
DMA IRQ c3=0
SELECT busy=8207
SELECT w0=8156
SELECT w1=4655
SELECT w2=5333
BUSY TASK ewma=997
DMA IRQ c0=0
DMA IRQ c1=2
DMA IRQ c2=0
DMA IRQ c3=0
SELECT busy=8216
SELECT w0=8164
SELECT w1=4658
SELECT w2=5337
BUSY TASK ewma=997
DMA IRQ c0=0
DMA IRQ c1=2
DMA IRQ c2=0
DMA IRQ c3=0
SELECT busy=8225
SELECT w0=8173
SELECT w1=4662
SELECT w2=5341
BUSY TASK ewma=997
DMA IRQ c0=0
DMA IRQ c1=2
DMA IRQ c2=0
DMA IRQ c3=0
SELECT busy=8233
SELECT w0=8182
SELECT w1=4665
SELECT w2=5345
BUSY TASK ewma=997
DMA IRQ c0=0
DMA IRQ c1=2
DMA IRQ c2=0
DMA IRQ c3=0
SELECT busy=8242
SELECT w0=8190
SELECT w1=4668
SELECT w2=5349
BUSY TASK ewma=997
DMA IRQ c0=0
DMA IRQ c1=2
DMA IRQ c2=0
DMA IRQ c3=0
SELECT busy=8251
SELECT w0=8199
SELECT w1=4672
SELECT w2=5353
BUSY TASK ewma=997
DMA IRQ c0=0
DMA IRQ c1=2
DMA IRQ c2=0
DMA IRQ c3=0
SELECT busy=8260
SELECT w0=8208
SELECT w1=4675
SELECT w2=5357
BUSY TASK ewma=997
DMA IRQ c0=0
DMA IRQ c1=2
DMA IRQ c2=0
DMA IRQ c3=0
SELECT busy=8268
SELECT w0=8216
SELECT w1=4678
SELECT w2=5361
BUSY TASK ewma=997
DMA IRQ c0=0
DMA IRQ c1=2
DMA IRQ c2=0
DMA IRQ c3=0
SELECT busy=8277
SELECT w0=8225
SELECT w1=4682
SELECT w2=5365
BUSY TASK ewma=997
IRQ counts: cpu0=16491 cpu1=15896 cpu2=15776 cpu3=15500
SCHED secondaries: calls=47172 unexpected=0
SECTEST switches=47154 cpu1=252442292,252530470 cpu2=206516672,207655082 cpu3=348838023,350798822
PINGPONG rounds=2000 pongs=2000
DMA IRQ c0=0
DMA IRQ c1=2
DMA IRQ c2=0
DMA IRQ c3=0
SELECT busy=8287
SELECT w0=8235
SELECT w1=4685
SELECT w2=5370
BUSY TASK ewma=997
DMA IRQ c0=0
DMA IRQ c1=2
DMA IRQ c2=0
DMA IRQ c3=0
SELECT busy=8295
SELECT w0=8243
SELECT w1=4688
SELECT w2=5374
BUSY TASK ewma=997
DMA IRQ c0=0
DMA IRQ c1=2
DMA IRQ c2=0
DMA IRQ c3=0
SELECT busy=8304
SELECT w0=8252
SELECT w1=4692
SELECT w2=5378
BUSY TASK ewma=997
DMA IRQ c0=0
DMA IRQ c1=2
DMA IRQ c2=0
DMA IRQ c3=0
SELECT busy=8312
SELECT w0=8261
SELECT w1=4695
SELECT w2=5383
BUSY TASK ewma=997
DMA IRQ c0=0
DMA IRQ c1=2
DMA IRQ c2=0
DMA IRQ c3=0
SELECT busy=8321
SELECT w0=8269
SELECT w1=4698
SELECT w2=5387
BUSY TASK ewma=997
DMA IRQ c0=0
DMA IRQ c1=2
DMA IRQ c2=0
DMA IRQ c3=0
SELECT busy=8329
SELECT w0=8278
SELECT w1=4702
SELECT w2=5391
BUSY TASK ewma=997
DMA IRQ c0=0
DMA IRQ c1=2
DMA IRQ c2=0
DMA IRQ c3=0
SELECT busy=8338
SELECT w0=8286
SELECT w1=4705
SELECT w2=5395
BUSY TASK ewma=997
DMA IRQ c0=0
DMA IRQ c1=2
DMA IRQ c2=0
DMA IRQ c3=0
SELECT busy=8347
SELECT w0=8295
SELECT w1=4708
SELECT w2=5399
BUSY TASK ewma=997
DMA IRQ c0=0
DMA IRQ c1=2
DMA IRQ c2=0
DMA IRQ c3=0
SELECT busy=8355
SELECT w0=8304
SELECT w1=4711
SELECT w2=5403
BUSY TASK ewma=997
DMA IRQ c0=0
DMA IRQ c1=2
DMA IRQ c2=0
DMA IRQ c3=0
SELECT busy=8364
SELECT w0=8312
SELECT w1=4714
SELECT w2=5407
BUSY TASK ewma=997
DMA IRQ c0=0
DMA IRQ c1=2
DMA IRQ c2=0
DMA IRQ c3=0
SELECT busy=8372
SELECT w0=8321
SELECT w1=4718
SELECT w2=5411
BUSY TASK ewma=997
DMA IRQ c0=0
DMA IRQ c1=2
DMA IRQ c2=0
DMA IRQ c3=0
SELECT busy=8381
SELECT w0=8329
SELECT w1=4721
SELECT w2=5415
BUSY TASK ewma=997
DMA IRQ c0=0
DMA IRQ c1=2
DMA IRQ c2=0
DMA IRQ c3=0
SELECT busy=8389
SELECT w0=8338
SELECT w1=4724
SELECT w2=5419
BUSY TASK ewma=997
DMA IRQ c0=0
DMA IRQ c1=2
DMA IRQ c2=0
DMA IRQ c3=0
SELECT busy=8398
SELECT w0=8346
SELECT w1=4728
SELECT w2=5423
BUSY TASK ewma=997
DMA IRQ c0=0
DMA IRQ c1=2
DMA IRQ c2=0
DMA IRQ c3=0
SELECT busy=8407
SELECT w0=8355
SELECT w1=4731
SELECT w2=5428
BUSY TASK ewma=997
DMA IRQ c0=0
DMA IRQ c1=2
DMA IRQ c2=0
DMA IRQ c3=0
SELECT busy=8416
SELECT w0=8364
SELECT w1=4734
SELECT w2=5432
BUSY TASK ewma=997
DMA IRQ c0=0
DMA IRQ c1=2
DMA IRQ c2=0
DMA IRQ c3=0
SELECT busy=8425
SELECT w0=8373
SELECT w1=4738
SELECT w2=5436
BUSY TASK ewma=997
DMA IRQ c0=0
DMA IRQ c1=2
DMA IRQ c2=0
DMA IRQ c3=0
SELECT busy=8433
SELECT w0=8381
SELECT w1=4741
SELECT w2=5440
BUSY TASK ewma=997
DMA IRQ c0=0
DMA IRQ c1=2
DMA IRQ c2=0
DMA IRQ c3=0
SELECT busy=8442
SELECT w0=8390
SELECT w1=4744
SELECT w2=5444
BUSY TASK ewma=997
DMA IRQ c0=0
DMA IRQ c1=2
DMA IRQ c2=0
DMA IRQ c3=0
SELECT busy=8450
SELECT w0=8398
SELECT w1=4747
SELECT w2=5447
BUSY TASK ewma=997
DMA IRQ c0=0
DMA IRQ c1=2
DMA IRQ c2=0
DMA IRQ c3=0
SELECT busy=8459
SELECT w0=8407
SELECT w1=4751
SELECT w2=5451
BUSY TASK ewma=997
DMA IRQ c0=0
DMA IRQ c1=2
DMA IRQ c2=0
DMA IRQ c3=0
SELECT busy=8468
SELECT w0=8416
SELECT w1=4754
SELECT w2=5456
BUSY TASK ewma=997
DMA IRQ c0=0
DMA IRQ c1=2
DMA IRQ c2=0
DMA IRQ c3=0
SELECT busy=8476
SELECT w0=8424
SELECT w1=4757
SELECT w2=5460
BUSY TASK ewma=997
DMA IRQ c0=0
DMA IRQ c1=2
DMA IRQ c2=0
DMA IRQ c3=0
SELECT busy=8485
SELECT w0=8433
SELECT w1=4761
SELECT w2=5464
BUSY TASK ewma=997
DMA IRQ c0=0
DMA IRQ c1=2
DMA IRQ c2=0
DMA IRQ c3=0
SELECT busy=8494
SELECT w0=8442
SELECT w1=4764
SELECT w2=5468
BUSY TASK ewma=997
DMA IRQ c0=0
DMA IRQ c1=2
DMA IRQ c2=0
DMA IRQ c3=0
SELECT busy=8502
SELECT w0=8450
SELECT w1=4768
SELECT w2=5472
BUSY TASK ewma=997
DMA IRQ c0=0
DMA IRQ c1=2
DMA IRQ c2=0
DMA IRQ c3=0
SELECT busy=8511
SELECT w0=8459
SELECT w1=4771
SELECT w2=5476
BUSY TASK ewma=997
DMA IRQ c0=0
DMA IRQ c1=2
DMA IRQ c2=0
DMA IRQ c3=0
SELECT busy=8520
SELECT w0=8468
SELECT w1=4774
SELECT w2=5480
BUSY TASK ewma=997
DMA IRQ c0=0
DMA IRQ c1=2
DMA IRQ c2=0
DMA IRQ c3=0
SELECT busy=8528
SELECT w0=8476
SELECT w1=4777
SELECT w2=5484
BUSY TASK ewma=997
DMA IRQ c0=0
DMA IRQ c1=2
DMA IRQ c2=0
DMA IRQ c3=0
SELECT busy=8537
SELECT w0=8485
SELECT w1=4781
SELECT w2=5488
BUSY TASK ewma=997
DMA IRQ c0=0
DMA IRQ c1=2
DMA IRQ c2=0
DMA IRQ c3=0
SELECT busy=8546
SELECT w0=8494
SELECT w1=4784
SELECT w2=5492
BUSY TASK ewma=997
DMA IRQ c0=0
DMA IRQ c1=2
DMA IRQ c2=0
DMA IRQ c3=0
SELECT busy=8554
SELECT w0=8502
SELECT w1=4787
SELECT w2=5497
BUSY TASK ewma=997
DMA IRQ c0=0
DMA IRQ c1=2
DMA IRQ c2=0
DMA IRQ c3=0
SELECT busy=8563
SELECT w0=8511
SELECT w1=4790
SELECT w2=5500
BUSY TASK ewma=997
DMA IRQ c0=0
DMA IRQ c1=2
DMA IRQ c2=0
DMA IRQ c3=0
SELECT busy=8572
SELECT w0=8520
SELECT w1=4794
SELECT w2=5505
BUSY TASK ewma=997
DMA IRQ c0=0
DMA IRQ c1=2
DMA IRQ c2=0
DMA IRQ c3=0
SELECT busy=8580
SELECT w0=8528
SELECT w1=4797
SELECT w2=5509
BUSY TASK ewma=997
DMA IRQ c0=0
DMA IRQ c1=2
DMA IRQ c2=0
DMA IRQ c3=0
SELECT busy=8589
SELECT w0=8537
SELECT w1=4800
SELECT w2=5513
BUSY TASK ewma=997
DMA IRQ c0=0
DMA IRQ c1=2
DMA IRQ c2=0
DMA IRQ c3=0
SELECT busy=8598
SELECT w0=8546
SELECT w1=4804
SELECT w2=5517
BUSY TASK ewma=997
DMA IRQ c0=0
DMA IRQ c1=2
DMA IRQ c2=0
DMA IRQ c3=0
SELECT busy=8606
SELECT w0=8555
SELECT w1=4807
SELECT w2=5522
BUSY TASK ewma=997
DMA IRQ c0=0
DMA IRQ c1=2
DMA IRQ c2=0
DMA IRQ c3=0
SELECT busy=8615
SELECT w0=8563
SELECT w1=4810
SELECT w2=5526
BUSY TASK ewma=997
DMA IRQ c0=0
DMA IRQ c1=2
DMA IRQ c2=0
DMA IRQ c3=0
SELECT busy=8624
SELECT w0=8572
SELECT w1=4814
SELECT w2=5530
BUSY TASK ewma=997
DMA IRQ c0=0
DMA IRQ c1=2
DMA IRQ c2=0
DMA IRQ c3=0
SELECT busy=8633
SELECT w0=8581
SELECT w1=4817
SELECT w2=5534
BUSY TASK ewma=997
DMA IRQ c0=0
DMA IRQ c1=2
DMA IRQ c2=0
DMA IRQ c3=0
SELECT busy=8641
SELECT w0=8589
SELECT w1=4821
SELECT w2=5538
BUSY TASK ewma=997
DMA IRQ c0=0
DMA IRQ c1=2
DMA IRQ c2=0
DMA IRQ c3=0
SELECT busy=8650
SELECT w0=8598
SELECT w1=4824
SELECT w2=5542
BUSY TASK ewma=997
DMA IRQ c0=0
DMA IRQ c1=2
DMA IRQ c2=0
DMA IRQ c3=0
SELECT busy=8658
SELECT w0=8606
SELECT w1=4827
SELECT w2=5546
BUSY TASK ewma=997
DMA IRQ c0=0
DMA IRQ c1=2
DMA IRQ c2=0
DMA IRQ c3=0
SELECT busy=8667
SELECT w0=8615
SELECT w1=4831
SELECT w2=5550
BUSY TASK ewma=997
DMA IRQ c0=0
DMA IRQ c1=2
DMA IRQ c2=0
DMA IRQ c3=0
SELECT busy=8675
SELECT w0=8623
SELECT w1=4834
SELECT w2=5555
BUSY TASK ewma=997
DMA IRQ c0=0
DMA IRQ c1=2
DMA IRQ c2=0
DMA IRQ c3=0
SELECT busy=8684
SELECT w0=8632
SELECT w1=4837
SELECT w2=5558
BUSY TASK ewma=997
DMA IRQ c0=0
DMA IRQ c1=2
DMA IRQ c2=0
DMA IRQ c3=0
SELECT busy=8693
SELECT w0=8641
SELECT w1=4841
SELECT w2=5563
BUSY TASK ewma=997
DMA IRQ c0=0
DMA IRQ c1=2
DMA IRQ c2=0
DMA IRQ c3=0
SELECT busy=8701
SELECT w0=8649
SELECT w1=4844
SELECT w2=5567
BUSY TASK ewma=997
DMA IRQ c0=0
DMA IRQ c1=2
DMA IRQ c2=0
DMA IRQ c3=0
SELECT busy=8710
SELECT w0=8658
SELECT w1=4847
SELECT w2=5571
BUSY TASK ewma=997
DMA IRQ c0=0
DMA IRQ c1=2
DMA IRQ c2=0
DMA IRQ c3=0
SELECT busy=8718
SELECT w0=8666
SELECT w1=4850
SELECT w2=5575
BUSY TASK ewma=997
DMA IRQ c0=0
DMA IRQ c1=2
DMA IRQ c2=0
DMA IRQ c3=0
SELECT busy=8727
SELECT w0=8675
SELECT w1=4854
SELECT w2=5579
BUSY TASK ewma=997
DMA IRQ c0=0
DMA IRQ c1=2
DMA IRQ c2=0
DMA IRQ c3=0
SELECT busy=8736
SELECT w0=8684
SELECT w1=4857
SELECT w2=5583
BUSY TASK ewma=997
DMA IRQ c0=0
DMA IRQ c1=2
DMA IRQ c2=0
DMA IRQ c3=0
SELECT busy=8744
SELECT w0=8692
SELECT w1=4860
SELECT w2=5587
BUSY TASK ewma=997
DMA IRQ c0=0
DMA IRQ c1=2
DMA IRQ c2=0
DMA IRQ c3=0
SELECT busy=8753
SELECT w0=8701
SELECT w1=4863
SELECT w2=5592
BUSY TASK ewma=997
DMA IRQ c0=0
DMA IRQ c1=2
DMA IRQ c2=0
DMA IRQ c3=0
SELECT busy=8761
SELECT w0=8709
SELECT w1=4867
SELECT w2=5596
BUSY TASK ewma=997
DMA IRQ c0=0
DMA IRQ c1=2
DMA IRQ c2=0
DMA IRQ c3=0
SELECT busy=8770
SELECT w0=8718
SELECT w1=4870
SELECT w2=5600
BUSY TASK ewma=997
DMA IRQ c0=0
DMA IRQ c1=2
DMA IRQ c2=0
DMA IRQ c3=0
SELECT busy=8778
SELECT w0=8726
SELECT w1=4873
SELECT w2=5604
BUSY TASK ewma=997
DMA IRQ c0=0
DMA IRQ c1=2
DMA IRQ c2=0
DMA IRQ c3=0
SELECT busy=8787
SELECT w0=8735
SELECT w1=4877
SELECT w2=5608
BUSY TASK ewma=997
DMA IRQ c0=0
DMA IRQ c1=2
DMA IRQ c2=0
DMA IRQ c3=0
SELECT busy=8796
SELECT w0=8744
SELECT w1=4880
SELECT w2=5612
BUSY TASK ewma=997
DMA IRQ c0=0
DMA IRQ c1=2
DMA IRQ c2=0
DMA IRQ c3=0
SELECT busy=8804
SELECT w0=8752
SELECT w1=4883
SELECT w2=5616
BUSY TASK ewma=997
DMA IRQ c0=0
DMA IRQ c1=2
DMA IRQ c2=0
DMA IRQ c3=0
SELECT busy=8813
SELECT w0=8761
SELECT w1=4887
SELECT w2=5620
BUSY TASK ewma=997
DMA IRQ c0=0
DMA IRQ c1=2
DMA IRQ c2=0
DMA IRQ c3=0
SELECT busy=8821
SELECT w0=8770
SELECT w1=4890
SELECT w2=5624
BUSY TASK ewma=997
DMA IRQ c0=0
DMA IRQ c1=2
DMA IRQ c2=0
DMA IRQ c3=0
SELECT busy=8830
SELECT w0=8778
SELECT w1=4893
SELECT w2=5628
BUSY TASK ewma=997
IRQ counts: cpu0=17597 cpu1=16954 cpu2=16826 cpu3=16536
SCHED secondaries: calls=50316 unexpected=0
SECTEST switches=50300 cpu1=272491851,272640410 cpu2=222804818,223963966 cpu3=372171401,374283074
PINGPONG rounds=2000 pongs=2000
DMA IRQ c0=0
DMA IRQ c1=2
DMA IRQ c2=0
DMA IRQ c3=0
SELECT busy=8840
SELECT w0=8788
SELECT w1=4897
SELECT w2=5633
BUSY TASK ewma=997
DMA IRQ c0=0
DMA IRQ c1=2
DMA IRQ c2=0
DMA IRQ c3=0
SELECT busy=8848
SELECT w0=8797
SELECT w1=4900
SELECT w2=5637
BUSY TASK ewma=997
DMA IRQ c0=0
DMA IRQ c1=2
DMA IRQ c2=0
DMA IRQ c3=0
SELECT busy=8857
SELECT w0=8805
SELECT w1=4903
SELECT w2=5641
BUSY TASK ewma=997
DMA IRQ c0=0
DMA IRQ c1=2
DMA IRQ c2=0
DMA IRQ c3=0
SELECT busy=8866
SELECT w0=8814
SELECT w1=4907
SELECT w2=5645
BUSY TASK ewma=997
DMA IRQ c0=0
DMA IRQ c1=2
DMA IRQ c2=0
DMA IRQ c3=0
SELECT busy=8875
SELECT w0=8823
SELECT w1=4910
SELECT w2=5649
BUSY TASK ewma=997
DMA IRQ c0=0
DMA IRQ c1=2
DMA IRQ c2=0
DMA IRQ c3=0
SELECT busy=8883
SELECT w0=8831
SELECT w1=4913
SELECT w2=5653
BUSY TASK ewma=997
DMA IRQ c0=0
DMA IRQ c1=2
DMA IRQ c2=0
DMA IRQ c3=0
SELECT busy=8892
SELECT w0=8840
SELECT w1=4917
SELECT w2=5658
BUSY TASK ewma=997
DMA IRQ c0=0
DMA IRQ c1=2
DMA IRQ c2=0
DMA IRQ c3=0
SELECT busy=8900
SELECT w0=8848
SELECT w1=4920
SELECT w2=5662
BUSY TASK ewma=997
DMA IRQ c0=0
DMA IRQ c1=2
DMA IRQ c2=0
DMA IRQ c3=0
SELECT busy=8909
SELECT w0=8857
SELECT w1=4924
SELECT w2=5666
BUSY TASK ewma=997
DMA IRQ c0=0
DMA IRQ c1=2
DMA IRQ c2=0
DMA IRQ c3=0
SELECT busy=8917
SELECT w0=8866
SELECT w1=4927
SELECT w2=5670
BUSY TASK ewma=997
DMA IRQ c0=0
DMA IRQ c1=2
DMA IRQ c2=0
DMA IRQ c3=0
SELECT busy=8926
SELECT w0=8875
SELECT w1=4930
SELECT w2=5674
BUSY TASK ewma=997
DMA IRQ c0=0
DMA IRQ c1=2
DMA IRQ c2=0
DMA IRQ c3=0
SELECT busy=8935
SELECT w0=8883
SELECT w1=4934
SELECT w2=5678
BUSY TASK ewma=997
DMA IRQ c0=0
DMA IRQ c1=2
DMA IRQ c2=0
DMA IRQ c3=0
SELECT busy=8944
SELECT w0=8892
SELECT w1=4937
SELECT w2=5682
BUSY TASK ewma=997
DMA IRQ c0=0
DMA IRQ c1=2
DMA IRQ c2=0
DMA IRQ c3=0
SELECT busy=8952
SELECT w0=8900
SELECT w1=4940
SELECT w2=5686
BUSY TASK ewma=997
DMA IRQ c0=0
DMA IRQ c1=2
DMA IRQ c2=0
DMA IRQ c3=0
SELECT busy=8961
SELECT w0=8909
SELECT w1=4943
SELECT w2=5690
BUSY TASK ewma=997
DMA IRQ c0=0
DMA IRQ c1=2
DMA IRQ c2=0
DMA IRQ c3=0
SELECT busy=8970
SELECT w0=8918
SELECT w1=4947
SELECT w2=5695
BUSY TASK ewma=997
DMA IRQ c0=0
DMA IRQ c1=2
DMA IRQ c2=0
DMA IRQ c3=0
SELECT busy=8978
SELECT w0=8926
SELECT w1=4950
SELECT w2=5699
BUSY TASK ewma=997
DMA IRQ c0=0
DMA IRQ c1=2
DMA IRQ c2=0
DMA IRQ c3=0
SELECT busy=8987
SELECT w0=8935
SELECT w1=4953
SELECT w2=5703
BUSY TASK ewma=997
DMA IRQ c0=0
DMA IRQ c1=2
DMA IRQ c2=0
DMA IRQ c3=0
SELECT busy=8995
SELECT w0=8943
SELECT w1=4956
SELECT w2=5707
BUSY TASK ewma=997
DMA IRQ c0=0
DMA IRQ c1=2
DMA IRQ c2=0
DMA IRQ c3=0
SELECT busy=9004
SELECT w0=8952
SELECT w1=4960
SELECT w2=5711
BUSY TASK ewma=997
DMA IRQ c0=0
DMA IRQ c1=2
DMA IRQ c2=0
DMA IRQ c3=0
SELECT busy=9012
SELECT w0=8960
SELECT w1=4963
SELECT w2=5715
BUSY TASK ewma=997
DMA IRQ c0=0
DMA IRQ c1=2
DMA IRQ c2=0
DMA IRQ c3=0
SELECT busy=9021
SELECT w0=8969
SELECT w1=4967
SELECT w2=5719
BUSY TASK ewma=997
DMA IRQ c0=0
DMA IRQ c1=2
DMA IRQ c2=0
DMA IRQ c3=0
SELECT busy=9030
SELECT w0=8978
SELECT w1=4970
SELECT w2=5723
BUSY TASK ewma=997
DMA IRQ c0=0
DMA IRQ c1=2
DMA IRQ c2=0
DMA IRQ c3=0
SELECT busy=9039
SELECT w0=8987
SELECT w1=4973
SELECT w2=5727
BUSY TASK ewma=997
DMA IRQ c0=0
DMA IRQ c1=2
DMA IRQ c2=0
DMA IRQ c3=0
SELECT busy=9047
SELECT w0=8995
SELECT w1=4976
SELECT w2=5731
BUSY TASK ewma=997
DMA IRQ c0=0
DMA IRQ c1=2
DMA IRQ c2=0
DMA IRQ c3=0
SELECT busy=9056
SELECT w0=9004
SELECT w1=4980
SELECT w2=5736
BUSY TASK ewma=997
DMA IRQ c0=0
DMA IRQ c1=2
DMA IRQ c2=0
DMA IRQ c3=0
SELECT busy=9065
SELECT w0=9013
SELECT w1=4983
SELECT w2=5740
BUSY TASK ewma=997
DMA IRQ c0=0
DMA IRQ c1=2
DMA IRQ c2=0
DMA IRQ c3=0
SELECT busy=9073
SELECT w0=9021
SELECT w1=4986
SELECT w2=5744
BUSY TASK ewma=997
DMA IRQ c0=0
DMA IRQ c1=2
DMA IRQ c2=0
DMA IRQ c3=0
SELECT busy=9082
SELECT w0=9030
SELECT w1=4990
SELECT w2=5748
BUSY TASK ewma=997
DMA IRQ c0=0
DMA IRQ c1=2
DMA IRQ c2=0
DMA IRQ c3=0
SELECT busy=9091
SELECT w0=9039
SELECT w1=4993
SELECT w2=5752
BUSY TASK ewma=997
DMA IRQ c0=0
DMA IRQ c1=2
DMA IRQ c2=0
DMA IRQ c3=0
SELECT busy=9099
SELECT w0=9047
SELECT w1=4997
SELECT w2=5757
BUSY TASK ewma=997
DMA IRQ c0=0
DMA IRQ c1=2
DMA IRQ c2=0
DMA IRQ c3=0
SELECT busy=9108
SELECT w0=9056
SELECT w1=5000
SELECT w2=5761
BUSY TASK ewma=997
DMA IRQ c0=0
DMA IRQ c1=2
DMA IRQ c2=0
DMA IRQ c3=0
SELECT busy=9117
SELECT w0=9065
SELECT w1=5003
SELECT w2=5765
BUSY TASK ewma=997
DMA IRQ c0=0
DMA IRQ c1=2
DMA IRQ c2=0
DMA IRQ c3=0
SELECT busy=9125
SELECT w0=9074
SELECT w1=5007
SELECT w2=5769
BUSY TASK ewma=997
DMA IRQ c0=0
DMA IRQ c1=2
DMA IRQ c2=0
DMA IRQ c3=0
SELECT busy=9134
SELECT w0=9082
SELECT w1=5010
SELECT w2=5773
BUSY TASK ewma=997
DMA IRQ c0=0
DMA IRQ c1=2
DMA IRQ c2=0
DMA IRQ c3=0
SELECT busy=9143
SELECT w0=9091
SELECT w1=5013
SELECT w2=5777
BUSY TASK ewma=997
DMA IRQ c0=0
DMA IRQ c1=2
DMA IRQ c2=0
DMA IRQ c3=0
SELECT busy=9151
SELECT w0=9100
SELECT w1=5017
SELECT w2=5781
BUSY TASK ewma=997
DMA IRQ c0=0
DMA IRQ c1=2
DMA IRQ c2=0
DMA IRQ c3=0
SELECT busy=9160
SELECT w0=9108
SELECT w1=5020
SELECT w2=5786
BUSY TASK ewma=997
DMA IRQ c0=0
DMA IRQ c1=2
DMA IRQ c2=0
DMA IRQ c3=0
SELECT busy=9169
SELECT w0=9117
SELECT w1=5023
SELECT w2=5790
BUSY TASK ewma=997
DMA IRQ c0=0
DMA IRQ c1=2
DMA IRQ c2=0
DMA IRQ c3=0
SELECT busy=9178
SELECT w0=9126
SELECT w1=5027
SELECT w2=5794
BUSY TASK ewma=997
DMA IRQ c0=0
DMA IRQ c1=2
DMA IRQ c2=0
DMA IRQ c3=0
SELECT busy=9186
SELECT w0=9135
SELECT w1=5030
SELECT w2=5798
BUSY TASK ewma=997
DMA IRQ c0=0
DMA IRQ c1=2
DMA IRQ c2=0
DMA IRQ c3=0
SELECT busy=9195
SELECT w0=9143
SELECT w1=5033
SELECT w2=5802
BUSY TASK ewma=997
DMA IRQ c0=0
DMA IRQ c1=2
DMA IRQ c2=0
DMA IRQ c3=0
SELECT busy=9204
SELECT w0=9152
SELECT w1=5037
SELECT w2=5806
BUSY TASK ewma=997
DMA IRQ c0=0
DMA IRQ c1=2
DMA IRQ c2=0
DMA IRQ c3=0
SELECT busy=9212
SELECT w0=9161
SELECT w1=5040
SELECT w2=5810
BUSY TASK ewma=997
DMA IRQ c0=0
DMA IRQ c1=2
DMA IRQ c2=0
DMA IRQ c3=0
SELECT busy=9221
SELECT w0=9169
SELECT w1=5043
SELECT w2=5814
BUSY TASK ewma=997
DMA IRQ c0=0
DMA IRQ c1=2
DMA IRQ c2=0
DMA IRQ c3=0
SELECT busy=9230
SELECT w0=9178
SELECT w1=5047
SELECT w2=5818
BUSY TASK ewma=997
DMA IRQ c0=0
DMA IRQ c1=2
DMA IRQ c2=0
DMA IRQ c3=0
SELECT busy=9238
SELECT w0=9187
SELECT w1=5050
SELECT w2=5822
BUSY TASK ewma=997
DMA IRQ c0=0
DMA IRQ c1=2
DMA IRQ c2=0
DMA IRQ c3=0
SELECT busy=9247
SELECT w0=9195
SELECT w1=5053
SELECT w2=5826
BUSY TASK ewma=997
DMA IRQ c0=0
DMA IRQ c1=2
DMA IRQ c2=0
DMA IRQ c3=0
SELECT busy=9256
SELECT w0=9204
SELECT w1=5057
SELECT w2=5830
BUSY TASK ewma=997
DMA IRQ c0=0
DMA IRQ c1=2
DMA IRQ c2=0
DMA IRQ c3=0
SELECT busy=9264
SELECT w0=9212
SELECT w1=5060
SELECT w2=5835
BUSY TASK ewma=997
DMA IRQ c0=0
DMA IRQ c1=2
DMA IRQ c2=0
DMA IRQ c3=0
SELECT busy=9273
SELECT w0=9221
SELECT w1=5063
SELECT w2=5839
BUSY TASK ewma=997
DMA IRQ c0=0
DMA IRQ c1=2
DMA IRQ c2=0
DMA IRQ c3=0
SELECT busy=9282
SELECT w0=9230
SELECT w1=5067
SELECT w2=5843
BUSY TASK ewma=997
DMA IRQ c0=0
DMA IRQ c1=2
DMA IRQ c2=0
DMA IRQ c3=0
SELECT busy=9290
SELECT w0=9238
SELECT w1=5070
SELECT w2=5847
BUSY TASK ewma=997
DMA IRQ c0=0
DMA IRQ c1=2
DMA IRQ c2=0
DMA IRQ c3=0
SELECT busy=9299
SELECT w0=9247
SELECT w1=5073
SELECT w2=5851
BUSY TASK ewma=997
DMA IRQ c0=0
DMA IRQ c1=2
DMA IRQ c2=0
DMA IRQ c3=0
SELECT busy=9307
SELECT w0=9255
SELECT w1=5077
SELECT w2=5855
BUSY TASK ewma=997
DMA IRQ c0=0
DMA IRQ c1=2
DMA IRQ c2=0
DMA IRQ c3=0
SELECT busy=9316
SELECT w0=9264
SELECT w1=5080
SELECT w2=5859
BUSY TASK ewma=997
DMA IRQ c0=0
DMA IRQ c1=2
DMA IRQ c2=0
DMA IRQ c3=0
SELECT busy=9324
SELECT w0=9273
SELECT w1=5083
SELECT w2=5863
BUSY TASK ewma=997
DMA IRQ c0=0
DMA IRQ c1=2
DMA IRQ c2=0
DMA IRQ c3=0
SELECT busy=9333
SELECT w0=9281
SELECT w1=5086
SELECT w2=5867
BUSY TASK ewma=997
DMA IRQ c0=0
DMA IRQ c1=2
DMA IRQ c2=0
DMA IRQ c3=0
SELECT busy=9342
SELECT w0=9290
SELECT w1=5090
SELECT w2=5872
BUSY TASK ewma=997
DMA IRQ c0=0
DMA IRQ c1=2
DMA IRQ c2=0
DMA IRQ c3=0
SELECT busy=9350
SELECT w0=9298
SELECT w1=5093
SELECT w2=5875
BUSY TASK ewma=997
DMA IRQ c0=0
DMA IRQ c1=2
DMA IRQ c2=0
DMA IRQ c3=0
SELECT busy=9359
SELECT w0=9307
SELECT w1=5096
SELECT w2=5880
BUSY TASK ewma=997
DMA IRQ c0=0
DMA IRQ c1=2
DMA IRQ c2=0
DMA IRQ c3=0
SELECT busy=9367
SELECT w0=9316
SELECT w1=5100
SELECT w2=5884
BUSY TASK ewma=997
DMA IRQ c0=0
DMA IRQ c1=2
DMA IRQ c2=0
DMA IRQ c3=0
SELECT busy=9376
SELECT w0=9324
SELECT w1=5103
SELECT w2=5888
BUSY TASK ewma=997
DMA IRQ c0=0
DMA IRQ c1=2
DMA IRQ c2=0
DMA IRQ c3=0
SELECT busy=9385
SELECT w0=9333
SELECT w1=5106
SELECT w2=5892
BUSY TASK ewma=997
IRQ counts: cpu0=18707 cpu1=18020 cpu2=17882 cpu3=17575
SCHED secondaries: calls=53477 unexpected=0
SECTEST switches=53459 cpu1=291786876,292074691 cpu2=239101738,240461091 cpu3=395487466,397750244
PINGPONG rounds=2000 pongs=2000
DMA IRQ c0=0
DMA IRQ c1=2
DMA IRQ c2=0
DMA IRQ c3=0
SELECT busy=9395
SELECT w0=9343
SELECT w1=5110
SELECT w2=5897
BUSY TASK ewma=997
DMA IRQ c0=0
DMA IRQ c1=2
DMA IRQ c2=0
DMA IRQ c3=0
SELECT busy=9403
SELECT w0=9351
SELECT w1=5113
SELECT w2=5901
BUSY TASK ewma=997
DMA IRQ c0=0
DMA IRQ c1=2
DMA IRQ c2=0
DMA IRQ c3=0
SELECT busy=9412
SELECT w0=9360
SELECT w1=5117
SELECT w2=5905
BUSY TASK ewma=997
DMA IRQ c0=0
DMA IRQ c1=2
DMA IRQ c2=0
DMA IRQ c3=0
SELECT busy=9422
SELECT w0=9370
SELECT w1=5121
SELECT w2=5910
BUSY TASK ewma=997
DMA IRQ c0=0
DMA IRQ c1=2
DMA IRQ c2=0
DMA IRQ c3=0
SELECT busy=9431
SELECT w0=9379
SELECT w1=5124
SELECT w2=5914
BUSY TASK ewma=997
DMA IRQ c0=0
DMA IRQ c1=2
DMA IRQ c2=0
DMA IRQ c3=0
SELECT busy=9439
SELECT w0=9388
SELECT w1=5127
SELECT w2=5918
BUSY TASK ewma=997
DMA IRQ c0=0
DMA IRQ c1=2
DMA IRQ c2=0
DMA IRQ c3=0
SELECT busy=9448
SELECT w0=9396
SELECT w1=5131
SELECT w2=5922
BUSY TASK ewma=997
DMA IRQ c0=0
DMA IRQ c1=2
DMA IRQ c2=0
DMA IRQ c3=0
SELECT busy=9457
SELECT w0=9405
SELECT w1=5134
SELECT w2=5927
BUSY TASK ewma=997
DMA IRQ c0=0
DMA IRQ c1=2
DMA IRQ c2=0
DMA IRQ c3=0
SELECT busy=9465
SELECT w0=9413
SELECT w1=5137
SELECT w2=5931
BUSY TASK ewma=997
DMA IRQ c0=0
DMA IRQ c1=2
DMA IRQ c2=0
DMA IRQ c3=0
SELECT busy=9474
SELECT w0=9422
SELECT w1=5140
SELECT w2=5935
BUSY TASK ewma=997
DMA IRQ c0=0
DMA IRQ c1=2
DMA IRQ c2=0
DMA IRQ c3=0
SELECT busy=9482
SELECT w0=9430
SELECT w1=5144
SELECT w2=5939
BUSY TASK ewma=997
DMA IRQ c0=0
DMA IRQ c1=2
DMA IRQ c2=0
DMA IRQ c3=0
SELECT busy=9491
SELECT w0=9439
SELECT w1=5147
SELECT w2=5943
BUSY TASK ewma=997
DMA IRQ c0=0
DMA IRQ c1=2
DMA IRQ c2=0
DMA IRQ c3=0
SELECT busy=9500
SELECT w0=9448
SELECT w1=5150
SELECT w2=5947
BUSY TASK ewma=997
DMA IRQ c0=0
DMA IRQ c1=2
DMA IRQ c2=0
DMA IRQ c3=0
SELECT busy=9508
SELECT w0=9456
SELECT w1=5154
SELECT w2=5951
BUSY TASK ewma=997
DMA IRQ c0=0
DMA IRQ c1=2
DMA IRQ c2=0
DMA IRQ c3=0
SELECT busy=9516
SELECT w0=9464
SELECT w1=5157
SELECT w2=5955
BUSY TASK ewma=997
DMA IRQ c0=0
DMA IRQ c1=2
DMA IRQ c2=0
DMA IRQ c3=0
SELECT busy=9524
SELECT w0=9473
SELECT w1=5160
SELECT w2=5959
BUSY TASK ewma=997
DMA IRQ c0=0
DMA IRQ c1=2
DMA IRQ c2=0
DMA IRQ c3=0
SELECT busy=9533
SELECT w0=9481
SELECT w1=5164
SELECT w2=5963
BUSY TASK ewma=997
DMA IRQ c0=0
DMA IRQ c1=2
DMA IRQ c2=0
DMA IRQ c3=0
SELECT busy=9542
SELECT w0=9490
SELECT w1=5167
SELECT w2=5968
BUSY TASK ewma=997
DMA IRQ c0=0
DMA IRQ c1=2
DMA IRQ c2=0
DMA IRQ c3=0
SELECT busy=9550
SELECT w0=9498
SELECT w1=5170
SELECT w2=5972
BUSY TASK ewma=997
DMA IRQ c0=0
DMA IRQ c1=2
DMA IRQ c2=0
DMA IRQ c3=0
SELECT busy=9559
SELECT w0=9507
SELECT w1=5174
SELECT w2=5976
BUSY TASK ewma=997
DMA IRQ c0=0
DMA IRQ c1=2
DMA IRQ c2=0
DMA IRQ c3=0
SELECT busy=9568
SELECT w0=9516
SELECT w1=5177
SELECT w2=5980
BUSY TASK ewma=997
DMA IRQ c0=0
DMA IRQ c1=2
DMA IRQ c2=0
DMA IRQ c3=0
SELECT busy=9576
SELECT w0=9524
SELECT w1=5180
SELECT w2=5984
BUSY TASK ewma=997
DMA IRQ c0=0
DMA IRQ c1=2
DMA IRQ c2=0
DMA IRQ c3=0
SELECT busy=9585
SELECT w0=9533
SELECT w1=5183
SELECT w2=5988
BUSY TASK ewma=997
DMA IRQ c0=0
DMA IRQ c1=2
DMA IRQ c2=0
DMA IRQ c3=0
SELECT busy=9594
SELECT w0=9542
SELECT w1=5187
SELECT w2=5991
BUSY TASK ewma=997
DMA IRQ c0=0
DMA IRQ c1=2
DMA IRQ c2=0
DMA IRQ c3=0
SELECT busy=9602
SELECT w0=9550
SELECT w1=5190
SELECT w2=5995
BUSY TASK ewma=997
DMA IRQ c0=0
DMA IRQ c1=2
DMA IRQ c2=0
DMA IRQ c3=0
SELECT busy=9611
SELECT w0=9559
SELECT w1=5193
SELECT w2=6000
BUSY TASK ewma=997
DMA IRQ c0=0
DMA IRQ c1=2
DMA IRQ c2=0
DMA IRQ c3=0
SELECT busy=9619
SELECT w0=9567
SELECT w1=5197
SELECT w2=6004
BUSY TASK ewma=997
DMA IRQ c0=0
DMA IRQ c1=2
DMA IRQ c2=0
DMA IRQ c3=0
SELECT busy=9628
SELECT w0=9576
SELECT w1=5200
SELECT w2=6008
BUSY TASK ewma=997
DMA IRQ c0=0
DMA IRQ c1=2
DMA IRQ c2=0
DMA IRQ c3=0
SELECT busy=9637
SELECT w0=9585
SELECT w1=5203
SELECT w2=6012
BUSY TASK ewma=997
DMA IRQ c0=0
DMA IRQ c1=2
DMA IRQ c2=0
DMA IRQ c3=0
SELECT busy=9645
SELECT w0=9593
SELECT w1=5206
SELECT w2=6016
BUSY TASK ewma=997
DMA IRQ c0=0
DMA IRQ c1=2
DMA IRQ c2=0
DMA IRQ c3=0
SELECT busy=9654
SELECT w0=9602
SELECT w1=5210
SELECT w2=6020
BUSY TASK ewma=997
DMA IRQ c0=0
DMA IRQ c1=2
DMA IRQ c2=0
DMA IRQ c3=0
SELECT busy=9662
SELECT w0=9611
SELECT w1=5213
SELECT w2=6024
BUSY TASK ewma=997
DMA IRQ c0=0
DMA IRQ c1=2
DMA IRQ c2=0
DMA IRQ c3=0
SELECT busy=9671
SELECT w0=9619
SELECT w1=5216
SELECT w2=6028
BUSY TASK ewma=997
DMA IRQ c0=0
DMA IRQ c1=2
DMA IRQ c2=0
DMA IRQ c3=0
SELECT busy=9680
SELECT w0=9628
SELECT w1=5220
SELECT w2=6033
BUSY TASK ewma=997
DMA IRQ c0=0
DMA IRQ c1=2
DMA IRQ c2=0
DMA IRQ c3=0
SELECT busy=9688
SELECT w0=9636
SELECT w1=5223
SELECT w2=6037
BUSY TASK ewma=997
DMA IRQ c0=0
DMA IRQ c1=2
DMA IRQ c2=0
DMA IRQ c3=0
SELECT busy=9697
SELECT w0=9645
SELECT w1=5226
SELECT w2=6041
BUSY TASK ewma=997
DMA IRQ c0=0
DMA IRQ c1=2
DMA IRQ c2=0
DMA IRQ c3=0
SELECT busy=9705
SELECT w0=9654
SELECT w1=5230
SELECT w2=6045
BUSY TASK ewma=997
DMA IRQ c0=0
DMA IRQ c1=2
DMA IRQ c2=0
DMA IRQ c3=0
SELECT busy=9714
SELECT w0=9662
SELECT w1=5233
SELECT w2=6049
BUSY TASK ewma=997
DMA IRQ c0=0
DMA IRQ c1=2
DMA IRQ c2=0
DMA IRQ c3=0
SELECT busy=9723
SELECT w0=9671
SELECT w1=5236
SELECT w2=6053
BUSY TASK ewma=997
DMA IRQ c0=0
DMA IRQ c1=2
DMA IRQ c2=0
DMA IRQ c3=0
SELECT busy=9732
SELECT w0=9680
SELECT w1=5239
SELECT w2=6057
BUSY TASK ewma=997
DMA IRQ c0=0
DMA IRQ c1=2
DMA IRQ c2=0
DMA IRQ c3=0
SELECT busy=9740
SELECT w0=9688
SELECT w1=5243
SELECT w2=6061
BUSY TASK ewma=997
DMA IRQ c0=0
DMA IRQ c1=2
DMA IRQ c2=0
DMA IRQ c3=0
SELECT busy=9749
SELECT w0=9697
SELECT w1=5246
SELECT w2=6065
BUSY TASK ewma=997
DMA IRQ c0=0
DMA IRQ c1=2
DMA IRQ c2=0
DMA IRQ c3=0
SELECT busy=9757
SELECT w0=9705
SELECT w1=5249
SELECT w2=6069
BUSY TASK ewma=997
DMA IRQ c0=0
DMA IRQ c1=2
DMA IRQ c2=0
DMA IRQ c3=0
SELECT busy=9766
SELECT w0=9714
SELECT w1=5253
SELECT w2=6073
BUSY TASK ewma=997
DMA IRQ c0=0
DMA IRQ c1=2
DMA IRQ c2=0
DMA IRQ c3=0
SELECT busy=9774
SELECT w0=9722
SELECT w1=5256
SELECT w2=6078
BUSY TASK ewma=997
DMA IRQ c0=0
DMA IRQ c1=2
DMA IRQ c2=0
DMA IRQ c3=0
SELECT busy=9783
SELECT w0=9731
SELECT w1=5259
SELECT w2=6082
BUSY TASK ewma=997
DMA IRQ c0=0
DMA IRQ c1=2
DMA IRQ c2=0
DMA IRQ c3=0
SELECT busy=9791
SELECT w0=9739
SELECT w1=5262
SELECT w2=6085
BUSY TASK ewma=997
DMA IRQ c0=0
DMA IRQ c1=2
DMA IRQ c2=0
DMA IRQ c3=0
SELECT busy=9800
SELECT w0=9748
SELECT w1=5266
SELECT w2=6090
BUSY TASK ewma=997
DMA IRQ c0=0
DMA IRQ c1=2
DMA IRQ c2=0
DMA IRQ c3=0
SELECT busy=9808
SELECT w0=9756
SELECT w1=5269
SELECT w2=6094
BUSY TASK ewma=997
DMA IRQ c0=0
DMA IRQ c1=2
DMA IRQ c2=0
DMA IRQ c3=0
SELECT busy=9817
SELECT w0=9765
SELECT w1=5272
SELECT w2=6098
BUSY TASK ewma=997
DMA IRQ c0=0
DMA IRQ c1=2
DMA IRQ c2=0
DMA IRQ c3=0
SELECT busy=9826
SELECT w0=9774
SELECT w1=5275
SELECT w2=6102
BUSY TASK ewma=997
DMA IRQ c0=0
DMA IRQ c1=2
DMA IRQ c2=0
DMA IRQ c3=0
SELECT busy=9834
SELECT w0=9783
SELECT w1=5279
SELECT w2=6106
BUSY TASK ewma=997
DMA IRQ c0=0
DMA IRQ c1=2
DMA IRQ c2=0
DMA IRQ c3=0
SELECT busy=9843
SELECT w0=9791
SELECT w1=5282
SELECT w2=6110
BUSY TASK ewma=997
DMA IRQ c0=0
DMA IRQ c1=2
DMA IRQ c2=0
DMA IRQ c3=0
SELECT busy=9851
SELECT w0=9799
SELECT w1=5285
SELECT w2=6114
BUSY TASK ewma=997
DMA IRQ c0=0
DMA IRQ c1=2
DMA IRQ c2=0
DMA IRQ c3=0
SELECT busy=9860
SELECT w0=9808
SELECT w1=5288
SELECT w2=6118
BUSY TASK ewma=997
DMA IRQ c0=0
DMA IRQ c1=2
DMA IRQ c2=0
DMA IRQ c3=0
SELECT busy=9868
SELECT w0=9817
SELECT w1=5292
SELECT w2=6122
BUSY TASK ewma=997
DMA IRQ c0=0
DMA IRQ c1=2
DMA IRQ c2=0
DMA IRQ c3=0
SELECT busy=9877
SELECT w0=9825
SELECT w1=5295
SELECT w2=6126
BUSY TASK ewma=997
DMA IRQ c0=0
DMA IRQ c1=2
DMA IRQ c2=0
DMA IRQ c3=0
SELECT busy=9886
SELECT w0=9834
SELECT w1=5298
SELECT w2=6130
BUSY TASK ewma=997
DMA IRQ c0=0
DMA IRQ c1=2
DMA IRQ c2=0
DMA IRQ c3=0
SELECT busy=9894
SELECT w0=9843
SELECT w1=5302
SELECT w2=6135
BUSY TASK ewma=997
DMA IRQ c0=0
DMA IRQ c1=2
DMA IRQ c2=0
DMA IRQ c3=0
SELECT busy=9905
SELECT w0=9853
SELECT w1=5306
SELECT w2=6139
BUSY TASK ewma=997
DMA IRQ c0=0
DMA IRQ c1=2
DMA IRQ c2=0
DMA IRQ c3=0
SELECT busy=9913
SELECT w0=9861
SELECT w1=5309
SELECT w2=6144
BUSY TASK ewma=997
DMA IRQ c0=0
DMA IRQ c1=2
DMA IRQ c2=0
DMA IRQ c3=0
SELECT busy=9922
SELECT w0=9870
SELECT w1=5312
SELECT w2=6148
BUSY TASK ewma=997
DMA IRQ c0=0
DMA IRQ c1=2
DMA IRQ c2=0
DMA IRQ c3=0
SELECT busy=9931
SELECT w0=9879
SELECT w1=5316
SELECT w2=6152
BUSY TASK ewma=997
DMA IRQ c0=0
DMA IRQ c1=2
DMA IRQ c2=0
DMA IRQ c3=0
SELECT busy=9939
SELECT w0=9887
SELECT w1=5319
SELECT w2=6156
BUSY TASK ewma=997
IRQ counts: cpu0=19815 cpu1=19083 cpu2=18937 cpu3=18617
SCHED secondaries: calls=56638 unexpected=0
SECTEST switches=56618 cpu1=311800864,311929656 cpu2=256030868,257458171 cpu3=420129550,422698874
PINGPONG rounds=2000 pongs=2000
DMA IRQ c0=0
DMA IRQ c1=2
DMA IRQ c2=0
DMA IRQ c3=0
SELECT busy=9949
SELECT w0=9897
SELECT w1=5323
SELECT w2=6160
BUSY TASK ewma=997
DMA IRQ c0=0
DMA IRQ c1=2
DMA IRQ c2=0
DMA IRQ c3=0
SELECT busy=9957
SELECT w0=9906
SELECT w1=5326
SELECT w2=6164
BUSY TASK ewma=997
DMA IRQ c0=0
DMA IRQ c1=2
DMA IRQ c2=0
DMA IRQ c3=0
SELECT busy=9966
SELECT w0=9914
SELECT w1=5329
SELECT w2=6168
BUSY TASK ewma=997
DMA IRQ c0=0
DMA IRQ c1=2
DMA IRQ c2=0
DMA IRQ c3=0
SELECT busy=9975
SELECT w0=9923
SELECT w1=5332
SELECT w2=6173
BUSY TASK ewma=997
DMA IRQ c0=0
DMA IRQ c1=2
DMA IRQ c2=0
DMA IRQ c3=0
SELECT busy=9983
SELECT w0=9932
SELECT w1=5336
SELECT w2=6177
BUSY TASK ewma=997
DMA IRQ c0=0
DMA IRQ c1=2
DMA IRQ c2=0
DMA IRQ c3=0
SELECT busy=9992
SELECT w0=9940
SELECT w1=5339
SELECT w2=6181
BUSY TASK ewma=997
DMA IRQ c0=0
DMA IRQ c1=2
DMA IRQ c2=0
DMA IRQ c3=0
SELECT busy=10001
SELECT w0=9949
SELECT w1=5342
SELECT w2=6185
BUSY TASK ewma=997
DMA IRQ c0=0
DMA IRQ c1=2
DMA IRQ c2=0
DMA IRQ c3=0
SELECT busy=10009
SELECT w0=9957
SELECT w1=5346
SELECT w2=6189
BUSY TASK ewma=997
DMA IRQ c0=0
DMA IRQ c1=2
DMA IRQ c2=0
DMA IRQ c3=0
SELECT busy=10018
SELECT w0=9966
SELECT w1=5349
SELECT w2=6193
BUSY TASK ewma=997
DMA IRQ c0=0
DMA IRQ c1=2
DMA IRQ c2=0
DMA IRQ c3=0
SELECT busy=10027
SELECT w0=9975
SELECT w1=5352
SELECT w2=6197
BUSY TASK ewma=997
DMA IRQ c0=0
DMA IRQ c1=2
DMA IRQ c2=0
DMA IRQ c3=0
SELECT busy=10035
SELECT w0=9983
SELECT w1=5356
SELECT w2=6202
BUSY TASK ewma=997
DMA IRQ c0=0
DMA IRQ c1=2
DMA IRQ c2=0
DMA IRQ c3=0
SELECT busy=10044
SELECT w0=9992
SELECT w1=5359
SELECT w2=6206
BUSY TASK ewma=997
DMA IRQ c0=0
DMA IRQ c1=2
DMA IRQ c2=0
DMA IRQ c3=0
SELECT busy=10053
SELECT w0=10001
SELECT w1=5362
SELECT w2=6210
BUSY TASK ewma=997
DMA IRQ c0=0
DMA IRQ c1=2
DMA IRQ c2=0
DMA IRQ c3=0
SELECT busy=10062
SELECT w0=10010
SELECT w1=5366
SELECT w2=6214
BUSY TASK ewma=997
DMA IRQ c0=0
DMA IRQ c1=2
DMA IRQ c2=0
DMA IRQ c3=0
SELECT busy=10070
SELECT w0=10018
SELECT w1=5369
SELECT w2=6218
BUSY TASK ewma=997
DMA IRQ c0=0
DMA IRQ c1=2
DMA IRQ c2=0
DMA IRQ c3=0
SELECT busy=10079
SELECT w0=10027
SELECT w1=5372
SELECT w2=6222
BUSY TASK ewma=997
DMA IRQ c0=0
DMA IRQ c1=2
DMA IRQ c2=0
DMA IRQ c3=0
SELECT busy=10088
SELECT w0=10036
SELECT w1=5376
SELECT w2=6226
BUSY TASK ewma=997
DMA IRQ c0=0
DMA IRQ c1=2
DMA IRQ c2=0
DMA IRQ c3=0
SELECT busy=10096
SELECT w0=10044
SELECT w1=5379
SELECT w2=6231
BUSY TASK ewma=997
DMA IRQ c0=0
DMA IRQ c1=2
DMA IRQ c2=0
DMA IRQ c3=0
SELECT busy=10105
SELECT w0=10053
SELECT w1=5382
SELECT w2=6235
BUSY TASK ewma=997
DMA IRQ c0=0
DMA IRQ c1=2
DMA IRQ c2=0
DMA IRQ c3=0
SELECT busy=10113
SELECT w0=10061
SELECT w1=5385
SELECT w2=6239
BUSY TASK ewma=997
DMA IRQ c0=0
DMA IRQ c1=2
DMA IRQ c2=0
DMA IRQ c3=0
SELECT busy=10122
SELECT w0=10070
SELECT w1=5389
SELECT w2=6243
BUSY TASK ewma=997
DMA IRQ c0=0
DMA IRQ c1=2
DMA IRQ c2=0
DMA IRQ c3=0
SELECT busy=10131
SELECT w0=10079
SELECT w1=5392
SELECT w2=6247
BUSY TASK ewma=997
DMA IRQ c0=0
DMA IRQ c1=2
DMA IRQ c2=0
DMA IRQ c3=0
SELECT busy=10139
SELECT w0=10087
SELECT w1=5395
SELECT w2=6251
BUSY TASK ewma=997
DMA IRQ c0=0
DMA IRQ c1=2
DMA IRQ c2=0
DMA IRQ c3=0
SELECT busy=10148
SELECT w0=10096
SELECT w1=5399
SELECT w2=6255
BUSY TASK ewma=997
DMA IRQ c0=0
DMA IRQ c1=2
DMA IRQ c2=0
DMA IRQ c3=0
SELECT busy=10157
SELECT w0=10105
SELECT w1=5402
SELECT w2=6259
BUSY TASK ewma=997
DMA IRQ c0=0
DMA IRQ c1=2
DMA IRQ c2=0
DMA IRQ c3=0
SELECT busy=10165
SELECT w0=10113
SELECT w1=5405
SELECT w2=6263
BUSY TASK ewma=997
DMA IRQ c0=0
DMA IRQ c1=2
DMA IRQ c2=0
DMA IRQ c3=0
SELECT busy=10174
SELECT w0=10122
SELECT w1=5409
SELECT w2=6268
BUSY TASK ewma=997
DMA IRQ c0=0
DMA IRQ c1=2
DMA IRQ c2=0
DMA IRQ c3=0
SELECT busy=10182
SELECT w0=10130
SELECT w1=5412
SELECT w2=6272
BUSY TASK ewma=997
DMA IRQ c0=0
DMA IRQ c1=2
DMA IRQ c2=0
DMA IRQ c3=0
SELECT busy=10191
SELECT w0=10139
SELECT w1=5415
SELECT w2=6275
BUSY TASK ewma=997
DMA IRQ c0=0
DMA IRQ c1=2
DMA IRQ c2=0
DMA IRQ c3=0
SELECT busy=10199
SELECT w0=10148
SELECT w1=5418
SELECT w2=6280
BUSY TASK ewma=997
DMA IRQ c0=0
DMA IRQ c1=2
DMA IRQ c2=0
DMA IRQ c3=0
SELECT busy=10208
SELECT w0=10156
SELECT w1=5422
SELECT w2=6284
BUSY TASK ewma=997
DMA IRQ c0=0
DMA IRQ c1=2
DMA IRQ c2=0
DMA IRQ c3=0
SELECT busy=10217
SELECT w0=10165
SELECT w1=5425
SELECT w2=6288
BUSY TASK ewma=997
DMA IRQ c0=0
DMA IRQ c1=2
DMA IRQ c2=0
DMA IRQ c3=0
SELECT busy=10225
SELECT w0=10174
SELECT w1=5428
SELECT w2=6292
BUSY TASK ewma=997
DMA IRQ c0=0
DMA IRQ c1=2
DMA IRQ c2=0
DMA IRQ c3=0
SELECT busy=10234
SELECT w0=10182
SELECT w1=5432
SELECT w2=6296
BUSY TASK ewma=997
DMA IRQ c0=0
DMA IRQ c1=2
DMA IRQ c2=0
DMA IRQ c3=0
SELECT busy=10243
SELECT w0=10191
SELECT w1=5435
SELECT w2=6300
BUSY TASK ewma=997
DMA IRQ c0=0
DMA IRQ c1=2
DMA IRQ c2=0
DMA IRQ c3=0
SELECT busy=10251
SELECT w0=10199
SELECT w1=5438
SELECT w2=6305
BUSY TASK ewma=997
DMA IRQ c0=0
DMA IRQ c1=2
DMA IRQ c2=0
DMA IRQ c3=0
SELECT busy=10260
SELECT w0=10208
SELECT w1=5442
SELECT w2=6309
BUSY TASK ewma=997
DMA IRQ c0=0
DMA IRQ c1=2
DMA IRQ c2=0
DMA IRQ c3=0
SELECT busy=10268
SELECT w0=10216
SELECT w1=5445
SELECT w2=6313
BUSY TASK ewma=997
DMA IRQ c0=0
DMA IRQ c1=2
DMA IRQ c2=0
DMA IRQ c3=0
SELECT busy=10277
SELECT w0=10225
SELECT w1=5448
SELECT w2=6317
BUSY TASK ewma=997
DMA IRQ c0=0
DMA IRQ c1=2
DMA IRQ c2=0
DMA IRQ c3=0
SELECT busy=10285
SELECT w0=10234
SELECT w1=5452
SELECT w2=6321
BUSY TASK ewma=997
DMA IRQ c0=0
DMA IRQ c1=2
DMA IRQ c2=0
DMA IRQ c3=0
SELECT busy=10294
SELECT w0=10242
SELECT w1=5455
SELECT w2=6325
BUSY TASK ewma=997
DMA IRQ c0=0
DMA IRQ c1=2
DMA IRQ c2=0
DMA IRQ c3=0
SELECT busy=10302
SELECT w0=10250
SELECT w1=5458
SELECT w2=6329
BUSY TASK ewma=997
DMA IRQ c0=0
DMA IRQ c1=2
DMA IRQ c2=0
DMA IRQ c3=0
SELECT busy=10311
SELECT w0=10259
SELECT w1=5461
SELECT w2=6333
BUSY TASK ewma=997
DMA IRQ c0=0
DMA IRQ c1=2
DMA IRQ c2=0
DMA IRQ c3=0
SELECT busy=10319
SELECT w0=10267
SELECT w1=5464
SELECT w2=6337
BUSY TASK ewma=997
DMA IRQ c0=0
DMA IRQ c1=2
DMA IRQ c2=0
DMA IRQ c3=0
SELECT busy=10328
SELECT w0=10276
SELECT w1=5468
SELECT w2=6341
BUSY TASK ewma=997
DMA IRQ c0=0
DMA IRQ c1=2
DMA IRQ c2=0
DMA IRQ c3=0
SELECT busy=10336
SELECT w0=10284
SELECT w1=5471
SELECT w2=6346
BUSY TASK ewma=997
DMA IRQ c0=0
DMA IRQ c1=2
DMA IRQ c2=0
DMA IRQ c3=0
SELECT busy=10345
SELECT w0=10293
SELECT w1=5474
SELECT w2=6350
BUSY TASK ewma=997
DMA IRQ c0=0
DMA IRQ c1=2
DMA IRQ c2=0
DMA IRQ c3=0
SELECT busy=10353
SELECT w0=10301
SELECT w1=5477
SELECT w2=6354
BUSY TASK ewma=997
DMA IRQ c0=0
DMA IRQ c1=2
DMA IRQ c2=0
DMA IRQ c3=0
SELECT busy=10362
SELECT w0=10310
SELECT w1=5481
SELECT w2=6358
BUSY TASK ewma=997
DMA IRQ c0=0
DMA IRQ c1=2
DMA IRQ c2=0
DMA IRQ c3=0
SELECT busy=10371
SELECT w0=10319
SELECT w1=5484
SELECT w2=6362
BUSY TASK ewma=997
DMA IRQ c0=0
DMA IRQ c1=2
DMA IRQ c2=0
DMA IRQ c3=0
SELECT busy=10379
SELECT w0=10327
SELECT w1=5487
SELECT w2=6366
BUSY TASK ewma=997
DMA IRQ c0=0
DMA IRQ c1=2
DMA IRQ c2=0
DMA IRQ c3=0
SELECT busy=10388
SELECT w0=10336
SELECT w1=5491
SELECT w2=6370
BUSY TASK ewma=997
DMA IRQ c0=0
DMA IRQ c1=2
DMA IRQ c2=0
DMA IRQ c3=0
SELECT busy=10396
SELECT w0=10344
SELECT w1=5494
SELECT w2=6374
BUSY TASK ewma=997
DMA IRQ c0=0
DMA IRQ c1=2
DMA IRQ c2=0
DMA IRQ c3=0
SELECT busy=10405
SELECT w0=10353
SELECT w1=5497
SELECT w2=6378
BUSY TASK ewma=997
DMA IRQ c0=0
DMA IRQ c1=2
DMA IRQ c2=0
DMA IRQ c3=0
SELECT busy=10413
SELECT w0=10361
SELECT w1=5500
SELECT w2=6382
BUSY TASK ewma=997
DMA IRQ c0=0
DMA IRQ c1=2
DMA IRQ c2=0
DMA IRQ c3=0
SELECT busy=10422
SELECT w0=10370
SELECT w1=5504
SELECT w2=6386
BUSY TASK ewma=997
DMA IRQ c0=0
DMA IRQ c1=2
DMA IRQ c2=0
DMA IRQ c3=0
SELECT busy=10430
SELECT w0=10378
SELECT w1=5507
SELECT w2=6390
BUSY TASK ewma=997
DMA IRQ c0=0
DMA IRQ c1=2
DMA IRQ c2=0
DMA IRQ c3=0
SELECT busy=10439
SELECT w0=10387
SELECT w1=5510
SELECT w2=6394
BUSY TASK ewma=997
DMA IRQ c0=0
DMA IRQ c1=2
DMA IRQ c2=0
DMA IRQ c3=0
SELECT busy=10448
SELECT w0=10396
SELECT w1=5514
SELECT w2=6398
BUSY TASK ewma=997
DMA IRQ c0=0
DMA IRQ c1=2
DMA IRQ c2=0
DMA IRQ c3=0
SELECT busy=10457
SELECT w0=10405
SELECT w1=5517
SELECT w2=6403
BUSY TASK ewma=997
DMA IRQ c0=0
DMA IRQ c1=2
DMA IRQ c2=0
DMA IRQ c3=0
SELECT busy=10466
SELECT w0=10414
SELECT w1=5520
SELECT w2=6407
BUSY TASK ewma=997
DMA IRQ c0=0
DMA IRQ c1=2
DMA IRQ c2=0
DMA IRQ c3=0
SELECT busy=10475
SELECT w0=10423
SELECT w1=5524
SELECT w2=6411
BUSY TASK ewma=997
DMA IRQ c0=0
DMA IRQ c1=2
DMA IRQ c2=0
DMA IRQ c3=0
SELECT busy=10484
SELECT w0=10432
SELECT w1=5527
SELECT w2=6416
BUSY TASK ewma=997
DMA IRQ c0=0
DMA IRQ c1=2
DMA IRQ c2=0
DMA IRQ c3=0
SELECT busy=10493
SELECT w0=10441
SELECT w1=5531
SELECT w2=6420
BUSY TASK ewma=997
IRQ counts: cpu0=20923 cpu1=20144 cpu2=19995 cpu3=19653
SCHED secondaries: calls=59794 unexpected=0
SECTEST switches=59773 cpu1=332291198,332482462 cpu2=271470614,272561984 cpu3=446250091,448791463
PINGPONG rounds=2000 pongs=2000
DMA IRQ c0=0
DMA IRQ c1=2
DMA IRQ c2=0
DMA IRQ c3=0
SELECT busy=10503
SELECT w0=10451
SELECT w1=5535
SELECT w2=6425
BUSY TASK ewma=997
DMA IRQ c0=0
DMA IRQ c1=2
DMA IRQ c2=0
DMA IRQ c3=0
SELECT busy=10513
SELECT w0=10461
SELECT w1=5538
SELECT w2=6430
BUSY TASK ewma=997
DMA IRQ c0=0
DMA IRQ c1=2
DMA IRQ c2=0
DMA IRQ c3=0
SELECT busy=10525
SELECT w0=10474
SELECT w1=5544
SELECT w2=6436
BUSY TASK ewma=997
DMA IRQ c0=0
DMA IRQ c1=2
DMA IRQ c2=0
DMA IRQ c3=0
SELECT busy=10537
SELECT w0=10485
SELECT w1=5548
SELECT w2=6441
BUSY TASK ewma=997
DMA IRQ c0=0
DMA IRQ c1=2
DMA IRQ c2=0
DMA IRQ c3=0
SELECT busy=10548
SELECT w0=10496
SELECT w1=5552
SELECT w2=6447
BUSY TASK ewma=997
DMA IRQ c0=0
DMA IRQ c1=2
DMA IRQ c2=0
DMA IRQ c3=0
SELECT busy=10559
SELECT w0=10507
SELECT w1=5556
SELECT w2=6452
BUSY TASK ewma=997
DMA IRQ c0=0
DMA IRQ c1=2
DMA IRQ c2=0
DMA IRQ c3=0
SELECT busy=10570
SELECT w0=10518
SELECT w1=5561
SELECT w2=6457
BUSY TASK ewma=997
DMA IRQ c0=0
DMA IRQ c1=2
DMA IRQ c2=0
DMA IRQ c3=0
SELECT busy=10582
SELECT w0=10530
SELECT w1=5566
SELECT w2=6464
BUSY TASK ewma=997
DMA IRQ c0=0
DMA IRQ c1=2
DMA IRQ c2=0
DMA IRQ c3=0
SELECT busy=10594
SELECT w0=10542
SELECT w1=5570
SELECT w2=6469
BUSY TASK ewma=997
DMA IRQ c0=0
DMA IRQ c1=2
DMA IRQ c2=0
DMA IRQ c3=0
SELECT busy=10606
SELECT w0=10554
SELECT w1=5575
SELECT w2=6475
BUSY TASK ewma=997
DMA IRQ c0=0
DMA IRQ c1=2
DMA IRQ c2=0
DMA IRQ c3=0
SELECT busy=10618
SELECT w0=10566
SELECT w1=5579
SELECT w2=6480
BUSY TASK ewma=997
DMA IRQ c0=0
DMA IRQ c1=2
DMA IRQ c2=0
DMA IRQ c3=0
SELECT busy=10632
SELECT w0=10580
SELECT w1=5585
SELECT w2=6487
BUSY TASK ewma=997
DMA IRQ c0=0
DMA IRQ c1=2
DMA IRQ c2=0
DMA IRQ c3=0
SELECT busy=10644
SELECT w0=10592
SELECT w1=5589
SELECT w2=6493
BUSY TASK ewma=997
DMA IRQ c0=0
DMA IRQ c1=2
DMA IRQ c2=0
DMA IRQ c3=0
SELECT busy=10655
SELECT w0=10604
SELECT w1=5594
SELECT w2=6498
BUSY TASK ewma=997
DMA IRQ c0=0
DMA IRQ c1=2
DMA IRQ c2=0
DMA IRQ c3=0
SELECT busy=10667
SELECT w0=10616
SELECT w1=5599
SELECT w2=6504
BUSY TASK ewma=997
DMA IRQ c0=0
DMA IRQ c1=2
DMA IRQ c2=0
DMA IRQ c3=0
SELECT busy=10679
SELECT w0=10627
SELECT w1=5603
SELECT w2=6509
BUSY TASK ewma=997
DMA IRQ c0=0
DMA IRQ c1=2
DMA IRQ c2=0
DMA IRQ c3=0
SELECT busy=10690
SELECT w0=10638
SELECT w1=5607
SELECT w2=6515
BUSY TASK ewma=997
DMA IRQ c0=0
DMA IRQ c1=2
DMA IRQ c2=0
DMA IRQ c3=0
SELECT busy=10702
SELECT w0=10650
SELECT w1=5612
SELECT w2=6520
BUSY TASK ewma=997
DMA IRQ c0=0
DMA IRQ c1=2
DMA IRQ c2=0
DMA IRQ c3=0
SELECT busy=10713
SELECT w0=10661
SELECT w1=5616
SELECT w2=6526
BUSY TASK ewma=997
DMA IRQ c0=0
DMA IRQ c1=2
DMA IRQ c2=0
DMA IRQ c3=0
SELECT busy=10724
SELECT w0=10672
SELECT w1=5620
SELECT w2=6531
BUSY TASK ewma=997
DMA IRQ c0=0
DMA IRQ c1=2
DMA IRQ c2=0
DMA IRQ c3=0
SELECT busy=10735
SELECT w0=10683
SELECT w1=5625
SELECT w2=6536
BUSY TASK ewma=997
DMA IRQ c0=0
DMA IRQ c1=2
DMA IRQ c2=0
DMA IRQ c3=0
SELECT busy=10747
SELECT w0=10695
SELECT w1=5629
SELECT w2=6542
BUSY TASK ewma=997
DMA IRQ c0=0
DMA IRQ c1=2
DMA IRQ c2=0
DMA IRQ c3=0
SELECT busy=10758
SELECT w0=10706
SELECT w1=5634
SELECT w2=6547
BUSY TASK ewma=997
DMA IRQ c0=0
DMA IRQ c1=2
DMA IRQ c2=0
DMA IRQ c3=0
SELECT busy=10769
SELECT w0=10717
SELECT w1=5638
SELECT w2=6552
BUSY TASK ewma=997
DMA IRQ c0=0
DMA IRQ c1=2
DMA IRQ c2=0
DMA IRQ c3=0
SELECT busy=10780
SELECT w0=10728
SELECT w1=5642
SELECT w2=6558
BUSY TASK ewma=997
DMA IRQ c0=0
DMA IRQ c1=2
DMA IRQ c2=0
DMA IRQ c3=0
SELECT busy=10791
SELECT w0=10739
SELECT w1=5646
SELECT w2=6563
BUSY TASK ewma=997
DMA IRQ c0=0
DMA IRQ c1=2
DMA IRQ c2=0
DMA IRQ c3=0
SELECT busy=10802
SELECT w0=10750
SELECT w1=5651
SELECT w2=6568
BUSY TASK ewma=997
DMA IRQ c0=0
DMA IRQ c1=2
DMA IRQ c2=0
DMA IRQ c3=0
SELECT busy=10814
SELECT w0=10762
SELECT w1=5655
SELECT w2=6574
BUSY TASK ewma=997
DMA IRQ c0=0
DMA IRQ c1=2
DMA IRQ c2=0
DMA IRQ c3=0
SELECT busy=10826
SELECT w0=10774
SELECT w1=5660
SELECT w2=6580
BUSY TASK ewma=997
DMA IRQ c0=0
DMA IRQ c1=2
DMA IRQ c2=0
DMA IRQ c3=0
SELECT busy=10838
SELECT w0=10786
SELECT w1=5665
SELECT w2=6586
BUSY TASK ewma=997
DMA IRQ c0=0
DMA IRQ c1=2
DMA IRQ c2=0
DMA IRQ c3=0
SELECT busy=10849
SELECT w0=10798
SELECT w1=5670
SELECT w2=6591
BUSY TASK ewma=997
DMA IRQ c0=0
DMA IRQ c1=2
DMA IRQ c2=0
DMA IRQ c3=0
SELECT busy=10861
SELECT w0=10809
SELECT w1=5674
SELECT w2=6597
BUSY TASK ewma=997
DMA IRQ c0=0
DMA IRQ c1=2
DMA IRQ c2=0
DMA IRQ c3=0
SELECT busy=10872
SELECT w0=10820
SELECT w1=5678
SELECT w2=6603
BUSY TASK ewma=997
DMA IRQ c0=0
DMA IRQ c1=2
DMA IRQ c2=0
DMA IRQ c3=0
SELECT busy=10883
SELECT w0=10831
SELECT w1=5683
SELECT w2=6608
BUSY TASK ewma=997
DMA IRQ c0=0
DMA IRQ c1=2
DMA IRQ c2=0
DMA IRQ c3=0
SELECT busy=10894
SELECT w0=10842
SELECT w1=5687
SELECT w2=6614
BUSY TASK ewma=997
DMA IRQ c0=0
DMA IRQ c1=2
DMA IRQ c2=0
DMA IRQ c3=0
SELECT busy=10905
SELECT w0=10853
SELECT w1=5691
SELECT w2=6619
BUSY TASK ewma=997
DMA IRQ c0=0
DMA IRQ c1=2
DMA IRQ c2=0
DMA IRQ c3=0
SELECT busy=10916
SELECT w0=10864
SELECT w1=5695
SELECT w2=6624
BUSY TASK ewma=997
DMA IRQ c0=0
DMA IRQ c1=2
DMA IRQ c2=0
DMA IRQ c3=0
SELECT busy=10927
SELECT w0=10875
SELECT w1=5700
SELECT w2=6630
BUSY TASK ewma=997
DMA IRQ c0=0
DMA IRQ c1=2
DMA IRQ c2=0
DMA IRQ c3=0
SELECT busy=10938
SELECT w0=10886
SELECT w1=5704
SELECT w2=6635
BUSY TASK ewma=997
DMA IRQ c0=0
DMA IRQ c1=2
DMA IRQ c2=0
DMA IRQ c3=0
SELECT busy=10949
SELECT w0=10898
SELECT w1=5708
SELECT w2=6641
BUSY TASK ewma=997
DMA IRQ c0=0
DMA IRQ c1=2
DMA IRQ c2=0
DMA IRQ c3=0
SELECT busy=10959
SELECT w0=10907
SELECT w1=5712
SELECT w2=6645
BUSY TASK ewma=997
DMA IRQ c0=0
DMA IRQ c1=2
DMA IRQ c2=0
DMA IRQ c3=0
SELECT busy=10968
SELECT w0=10916
SELECT w1=5715
SELECT w2=6649
BUSY TASK ewma=997
DMA IRQ c0=0
DMA IRQ c1=2
DMA IRQ c2=0
DMA IRQ c3=0
SELECT busy=10977
SELECT w0=10925
SELECT w1=5719
SELECT w2=6654
BUSY TASK ewma=997
DMA IRQ c0=0
DMA IRQ c1=2
DMA IRQ c2=0
DMA IRQ c3=0
SELECT busy=10985
SELECT w0=10933
SELECT w1=5722
SELECT w2=6658
BUSY TASK ewma=997
DMA IRQ c0=0
DMA IRQ c1=2
DMA IRQ c2=0
DMA IRQ c3=0
SELECT busy=10998
SELECT w0=10947
SELECT w1=5727
SELECT w2=6664
BUSY TASK ewma=997
DMA IRQ c0=0
DMA IRQ c1=2
DMA IRQ c2=0
DMA IRQ c3=0
SELECT busy=11014
SELECT w0=10963
SELECT w1=5734
SELECT w2=6672
BUSY TASK ewma=997
DMA IRQ c0=0
DMA IRQ c1=2
DMA IRQ c2=0
DMA IRQ c3=0
SELECT busy=11025
SELECT w0=10974
SELECT w1=5738
SELECT w2=6678
BUSY TASK ewma=997
DMA IRQ c0=0
DMA IRQ c1=2
DMA IRQ c2=0
DMA IRQ c3=0
SELECT busy=11036
SELECT w0=10985
SELECT w1=5742
SELECT w2=6683
BUSY TASK ewma=997
DMA IRQ c0=0
DMA IRQ c1=2
DMA IRQ c2=0
DMA IRQ c3=0
SELECT busy=11048
SELECT w0=10996
SELECT w1=5746
SELECT w2=6688
BUSY TASK ewma=997
DMA IRQ c0=0
DMA IRQ c1=2
DMA IRQ c2=0
DMA IRQ c3=0
SELECT busy=11059
SELECT w0=11007
SELECT w1=5751
SELECT w2=6693
BUSY TASK ewma=997
DMA IRQ c0=0
DMA IRQ c1=2
DMA IRQ c2=0
DMA IRQ c3=0
SELECT busy=11070
SELECT w0=11018
SELECT w1=5755
SELECT w2=6699
BUSY TASK ewma=997
DMA IRQ c0=0
DMA IRQ c1=2
DMA IRQ c2=0
DMA IRQ c3=0
SELECT busy=11081
SELECT w0=11029
SELECT w1=5759
SELECT w2=6704
BUSY TASK ewma=997
DMA IRQ c0=0
DMA IRQ c1=2
DMA IRQ c2=0
DMA IRQ c3=0
SELECT busy=11092
SELECT w0=11040
SELECT w1=5764
SELECT w2=6710
BUSY TASK ewma=997
DMA IRQ c0=0
DMA IRQ c1=2
DMA IRQ c2=0
DMA IRQ c3=0
SELECT busy=11102
SELECT w0=11051
SELECT w1=5768
SELECT w2=6714
BUSY TASK ewma=997
DMA IRQ c0=0
DMA IRQ c1=2
DMA IRQ c2=0
DMA IRQ c3=0
SELECT busy=11111
SELECT w0=11060
SELECT w1=5771
SELECT w2=6719
BUSY TASK ewma=997
DMA IRQ c0=0
DMA IRQ c1=2
DMA IRQ c2=0
DMA IRQ c3=0
SELECT busy=11120
SELECT w0=11068
SELECT w1=5774
SELECT w2=6723
BUSY TASK ewma=997
DMA IRQ c0=0
DMA IRQ c1=2
DMA IRQ c2=0
DMA IRQ c3=0
SELECT busy=11129
SELECT w0=11077
SELECT w1=5778
SELECT w2=6727
BUSY TASK ewma=997
DMA IRQ c0=0
DMA IRQ c1=2
DMA IRQ c2=0
DMA IRQ c3=0
SELECT busy=11137
SELECT w0=11085
SELECT w1=5781
SELECT w2=6731
BUSY TASK ewma=997
DMA IRQ c0=0
DMA IRQ c1=2
DMA IRQ c2=0
DMA IRQ c3=0
SELECT busy=11146
SELECT w0=11094
SELECT w1=5784
SELECT w2=6735
BUSY TASK ewma=997
DMA IRQ c0=0
DMA IRQ c1=2
DMA IRQ c2=0
DMA IRQ c3=0
SELECT busy=11155
SELECT w0=11103
SELECT w1=5788
SELECT w2=6740
BUSY TASK ewma=997
DMA IRQ c0=0
DMA IRQ c1=2
DMA IRQ c2=0
DMA IRQ c3=0
SELECT busy=11163
SELECT w0=11111
SELECT w1=5791
SELECT w2=6743
BUSY TASK ewma=997
DMA IRQ c0=0
DMA IRQ c1=2
DMA IRQ c2=0
DMA IRQ c3=0
SELECT busy=11172
SELECT w0=11120
SELECT w1=5794
SELECT w2=6748
BUSY TASK ewma=997
DMA IRQ c0=0
DMA IRQ c1=2
DMA IRQ c2=0
DMA IRQ c3=0
SELECT busy=11181
SELECT w0=11129
SELECT w1=5798
SELECT w2=6752
BUSY TASK ewma=997
DMA IRQ c0=0
DMA IRQ c1=2
DMA IRQ c2=0
DMA IRQ c3=0
SELECT busy=11191
SELECT w0=11139
SELECT w1=5802
SELECT w2=6757
BUSY TASK ewma=997
IRQ counts: cpu0=22323 cpu1=21502 cpu2=21345 cpu3=20982
SCHED secondaries: calls=63830 unexpected=0
SECTEST switches=63809 cpu1=353238489,353585377 cpu2=287416262,288572763 cpu3=472462848,475199968
PINGPONG rounds=2000 pongs=2000
DMA IRQ c0=0
DMA IRQ c1=2
DMA IRQ c2=0
DMA IRQ c3=0
SELECT busy=11203
SELECT w0=11152
SELECT w1=5806
SELECT w2=6763
BUSY TASK ewma=997
DMA IRQ c0=0
DMA IRQ c1=2
DMA IRQ c2=0
DMA IRQ c3=0
SELECT busy=11214
SELECT w0=11162
SELECT w1=5810
SELECT w2=6768
BUSY TASK ewma=997
DMA IRQ c0=0
DMA IRQ c1=2
DMA IRQ c2=0
DMA IRQ c3=0
SELECT busy=11225
SELECT w0=11173
SELECT w1=5815
SELECT w2=6773
BUSY TASK ewma=997
DMA IRQ c0=0
DMA IRQ c1=2
DMA IRQ c2=0
DMA IRQ c3=0
SELECT busy=11237
SELECT w0=11185
SELECT w1=5819
SELECT w2=6779
BUSY TASK ewma=997
DMA IRQ c0=0
DMA IRQ c1=2
DMA IRQ c2=0
DMA IRQ c3=0
SELECT busy=11248
SELECT w0=11196
SELECT w1=5824
SELECT w2=6784
BUSY TASK ewma=997
DMA IRQ c0=0
DMA IRQ c1=2
DMA IRQ c2=0
DMA IRQ c3=0
SELECT busy=11259
SELECT w0=11207
SELECT w1=5828
SELECT w2=6789
BUSY TASK ewma=997
DMA IRQ c0=0
DMA IRQ c1=2
DMA IRQ c2=0
DMA IRQ c3=0
SELECT busy=11270
SELECT w0=11218
SELECT w1=5832
SELECT w2=6795
BUSY TASK ewma=997
DMA IRQ c0=0
DMA IRQ c1=2
DMA IRQ c2=0
DMA IRQ c3=0
SELECT busy=11282
SELECT w0=11230
SELECT w1=5836
SELECT w2=6800
BUSY TASK ewma=997
DMA IRQ c0=0
DMA IRQ c1=2
DMA IRQ c2=0
DMA IRQ c3=0
SELECT busy=11292
SELECT w0=11241
SELECT w1=5841
SELECT w2=6805
BUSY TASK ewma=997
DMA IRQ c0=0
DMA IRQ c1=2
DMA IRQ c2=0
DMA IRQ c3=0
SELECT busy=11304
SELECT w0=11252
SELECT w1=5845
SELECT w2=6811
BUSY TASK ewma=997
DMA IRQ c0=0
DMA IRQ c1=2
DMA IRQ c2=0
DMA IRQ c3=0
SELECT busy=11315
SELECT w0=11263
SELECT w1=5849
SELECT w2=6816
BUSY TASK ewma=997
DMA IRQ c0=0
DMA IRQ c1=2
DMA IRQ c2=0
DMA IRQ c3=0
SELECT busy=11326
SELECT w0=11274
SELECT w1=5854
SELECT w2=6821
BUSY TASK ewma=997
DMA IRQ c0=0
DMA IRQ c1=2
DMA IRQ c2=0
DMA IRQ c3=0
SELECT busy=11335
SELECT w0=11283
SELECT w1=5857
SELECT w2=6826
BUSY TASK ewma=997
DMA IRQ c0=0
DMA IRQ c1=2
DMA IRQ c2=0
DMA IRQ c3=0
SELECT busy=11343
SELECT w0=11291
SELECT w1=5860
SELECT w2=6830
BUSY TASK ewma=997
DMA IRQ c0=0
DMA IRQ c1=2
DMA IRQ c2=0
DMA IRQ c3=0
SELECT busy=11352
SELECT w0=11300
SELECT w1=5864
SELECT w2=6834
BUSY TASK ewma=997
DMA IRQ c0=0
DMA IRQ c1=2
DMA IRQ c2=0
DMA IRQ c3=0
SELECT busy=11360
SELECT w0=11308
SELECT w1=5867
SELECT w2=6838
BUSY TASK ewma=997
DMA IRQ c0=0
DMA IRQ c1=2
DMA IRQ c2=0
DMA IRQ c3=0
SELECT busy=11368
SELECT w0=11317
SELECT w1=5870
SELECT w2=6842
BUSY TASK ewma=997
DMA IRQ c0=0
DMA IRQ c1=2
DMA IRQ c2=0
DMA IRQ c3=0
SELECT busy=11377
SELECT w0=11325
SELECT w1=5874
SELECT w2=6846
BUSY TASK ewma=997
DMA IRQ c0=0
DMA IRQ c1=2
DMA IRQ c2=0
DMA IRQ c3=0
SELECT busy=11386
SELECT w0=11334
SELECT w1=5877
SELECT w2=6850
BUSY TASK ewma=997
DMA IRQ c0=0
DMA IRQ c1=2
DMA IRQ c2=0
DMA IRQ c3=0
SELECT busy=11394
SELECT w0=11342
SELECT w1=5880
SELECT w2=6854
BUSY TASK ewma=997
DMA IRQ c0=0
DMA IRQ c1=2
DMA IRQ c2=0
DMA IRQ c3=0
SELECT busy=11403
SELECT w0=11351
SELECT w1=5883
SELECT w2=6858
BUSY TASK ewma=997
DMA IRQ c0=0
DMA IRQ c1=2
DMA IRQ c2=0
DMA IRQ c3=0
SELECT busy=11412
SELECT w0=11360
SELECT w1=5887
SELECT w2=6862
BUSY TASK ewma=997
DMA IRQ c0=0
DMA IRQ c1=2
DMA IRQ c2=0
DMA IRQ c3=0
SELECT busy=11420
SELECT w0=11368
SELECT w1=5890
SELECT w2=6866
BUSY TASK ewma=997
DMA IRQ c0=0
DMA IRQ c1=2
DMA IRQ c2=0
DMA IRQ c3=0
SELECT busy=11429
SELECT w0=11377
SELECT w1=5893
SELECT w2=6870
BUSY TASK ewma=997
DMA IRQ c0=0
DMA IRQ c1=2
DMA IRQ c2=0
DMA IRQ c3=0
SELECT busy=11437
SELECT w0=11385
SELECT w1=5896
SELECT w2=6874
BUSY TASK ewma=997
DMA IRQ c0=0
DMA IRQ c1=2
DMA IRQ c2=0
DMA IRQ c3=0
SELECT busy=11448
SELECT w0=11396
SELECT w1=5900
SELECT w2=6879
BUSY TASK ewma=997
DMA IRQ c0=0
DMA IRQ c1=2
DMA IRQ c2=0
DMA IRQ c3=0
SELECT busy=11459
SELECT w0=11407
SELECT w1=5905
SELECT w2=6885
BUSY TASK ewma=997
DMA IRQ c0=0
DMA IRQ c1=2
DMA IRQ c2=0
DMA IRQ c3=0
SELECT busy=11470
SELECT w0=11418
SELECT w1=5909
SELECT w2=6890
BUSY TASK ewma=997
DMA IRQ c0=0
DMA IRQ c1=2
DMA IRQ c2=0
DMA IRQ c3=0
SELECT busy=11486
SELECT w0=11434
SELECT w1=5915
SELECT w2=6898
BUSY TASK ewma=997
DMA IRQ c0=0
DMA IRQ c1=2
DMA IRQ c2=0
DMA IRQ c3=0
SELECT busy=11497
SELECT w0=11445
SELECT w1=5920
SELECT w2=6903
BUSY TASK ewma=997
DMA IRQ c0=0
DMA IRQ c1=2
DMA IRQ c2=0
DMA IRQ c3=0
SELECT busy=11509
SELECT w0=11457
SELECT w1=5924
SELECT w2=6908
BUSY TASK ewma=997
DMA IRQ c0=0
DMA IRQ c1=2
DMA IRQ c2=0
DMA IRQ c3=0
SELECT busy=11521
SELECT w0=11469
SELECT w1=5929
SELECT w2=6914
BUSY TASK ewma=997
DMA IRQ c0=0
DMA IRQ c1=2
DMA IRQ c2=0
DMA IRQ c3=0
SELECT busy=11533
SELECT w0=11481
SELECT w1=5934
SELECT w2=6920
BUSY TASK ewma=997
DMA IRQ c0=0
DMA IRQ c1=2
DMA IRQ c2=0
DMA IRQ c3=0
SELECT busy=11549
SELECT w0=11497
SELECT w1=5940
SELECT w2=6928
BUSY TASK ewma=997
DMA IRQ c0=0
DMA IRQ c1=2
DMA IRQ c2=0
DMA IRQ c3=0
SELECT busy=11561
SELECT w0=11509
SELECT w1=5945
SELECT w2=6934
BUSY TASK ewma=997
DMA IRQ c0=0
DMA IRQ c1=2
DMA IRQ c2=0
DMA IRQ c3=0
SELECT busy=11573
SELECT w0=11521
SELECT w1=5949
SELECT w2=6939
BUSY TASK ewma=997
DMA IRQ c0=0
DMA IRQ c1=2
DMA IRQ c2=0
DMA IRQ c3=0
SELECT busy=11584
SELECT w0=11532
SELECT w1=5954
SELECT w2=6944
BUSY TASK ewma=997
DMA IRQ c0=0
DMA IRQ c1=2
DMA IRQ c2=0
DMA IRQ c3=0
SELECT busy=11595
SELECT w0=11543
SELECT w1=5958
SELECT w2=6950
BUSY TASK ewma=997
DMA IRQ c0=0
DMA IRQ c1=2
DMA IRQ c2=0
DMA IRQ c3=0
SELECT busy=11607
SELECT w0=11555
SELECT w1=5962
SELECT w2=6955
BUSY TASK ewma=997
DMA IRQ c0=0
DMA IRQ c1=2
DMA IRQ c2=0
DMA IRQ c3=0
SELECT busy=11618
SELECT w0=11567
SELECT w1=5967
SELECT w2=6961
BUSY TASK ewma=997
DMA IRQ c0=0
DMA IRQ c1=2
DMA IRQ c2=0
DMA IRQ c3=0
SELECT busy=11630
SELECT w0=11578
SELECT w1=5972
SELECT w2=6967
BUSY TASK ewma=997
DMA IRQ c0=0
DMA IRQ c1=2
DMA IRQ c2=0
DMA IRQ c3=0
SELECT busy=11642
SELECT w0=11590
SELECT w1=5976
SELECT w2=6972
BUSY TASK ewma=997
DMA IRQ c0=0
DMA IRQ c1=2
DMA IRQ c2=0
DMA IRQ c3=0
SELECT busy=11653
SELECT w0=11601
SELECT w1=5980
SELECT w2=6978
BUSY TASK ewma=997
DMA IRQ c0=0
DMA IRQ c1=2
DMA IRQ c2=0
DMA IRQ c3=0
SELECT busy=11664
SELECT w0=11612
SELECT w1=5984
SELECT w2=6983
BUSY TASK ewma=997
DMA IRQ c0=0
DMA IRQ c1=2
DMA IRQ c2=0
DMA IRQ c3=0
SELECT busy=11675
SELECT w0=11624
SELECT w1=5989
SELECT w2=6989
BUSY TASK ewma=997
DMA IRQ c0=0
DMA IRQ c1=2
DMA IRQ c2=0
DMA IRQ c3=0
SELECT busy=11687
SELECT w0=11635
SELECT w1=5993
SELECT w2=6994
BUSY TASK ewma=997
DMA IRQ c0=0
DMA IRQ c1=2
DMA IRQ c2=0
DMA IRQ c3=0
SELECT busy=11698
SELECT w0=11646
SELECT w1=5998
SELECT w2=6999
BUSY TASK ewma=997
DMA IRQ c0=0
DMA IRQ c1=2
DMA IRQ c2=0
DMA IRQ c3=0
SELECT busy=11710
SELECT w0=11658
SELECT w1=6002
SELECT w2=7005
BUSY TASK ewma=997
DMA IRQ c0=0
DMA IRQ c1=2
DMA IRQ c2=0
DMA IRQ c3=0
SELECT busy=11721
SELECT w0=11669
SELECT w1=6006
SELECT w2=7010
BUSY TASK ewma=997
DMA IRQ c0=0
DMA IRQ c1=2
DMA IRQ c2=0
DMA IRQ c3=0
SELECT busy=11732
SELECT w0=11680
SELECT w1=6011
SELECT w2=7016
BUSY TASK ewma=997
DMA IRQ c0=0
DMA IRQ c1=2
DMA IRQ c2=0
DMA IRQ c3=0
SELECT busy=11744
SELECT w0=11692
SELECT w1=6015
SELECT w2=7021
BUSY TASK ewma=997
DMA IRQ c0=0
DMA IRQ c1=2
DMA IRQ c2=0
DMA IRQ c3=0
SELECT busy=11755
SELECT w0=11703
SELECT w1=6019
SELECT w2=7026
BUSY TASK ewma=997
DMA IRQ c0=0
DMA IRQ c1=2
DMA IRQ c2=0
DMA IRQ c3=0
SELECT busy=11765
SELECT w0=11713
SELECT w1=6023
SELECT w2=7031
BUSY TASK ewma=997
DMA IRQ c0=0
DMA IRQ c1=2
DMA IRQ c2=0
DMA IRQ c3=0
SELECT busy=11774
SELECT w0=11722
SELECT w1=6027
SELECT w2=7035
BUSY TASK ewma=997
DMA IRQ c0=0
DMA IRQ c1=2
DMA IRQ c2=0
DMA IRQ c3=0
SELECT busy=11783
SELECT w0=11731
SELECT w1=6030
SELECT w2=7040
BUSY TASK ewma=997
DMA IRQ c0=0
DMA IRQ c1=2
DMA IRQ c2=0
DMA IRQ c3=0
SELECT busy=11791
SELECT w0=11739
SELECT w1=6033
SELECT w2=7044
BUSY TASK ewma=997
DMA IRQ c0=0
DMA IRQ c1=2
DMA IRQ c2=0
DMA IRQ c3=0
SELECT busy=11800
SELECT w0=11748
SELECT w1=6036
SELECT w2=7048
BUSY TASK ewma=997
DMA IRQ c0=0
DMA IRQ c1=2
DMA IRQ c2=0
DMA IRQ c3=0
SELECT busy=11808
SELECT w0=11756
SELECT w1=6040
SELECT w2=7052
BUSY TASK ewma=997
DMA IRQ c0=0
DMA IRQ c1=2
DMA IRQ c2=0
DMA IRQ c3=0
SELECT busy=11817
SELECT w0=11765
SELECT w1=6043
SELECT w2=7056
BUSY TASK ewma=997
DMA IRQ c0=0
DMA IRQ c1=2
DMA IRQ c2=0
DMA IRQ c3=0
SELECT busy=11826
SELECT w0=11774
SELECT w1=6046
SELECT w2=7060
BUSY TASK ewma=997
DMA IRQ c0=0
DMA IRQ c1=2
DMA IRQ c2=0
DMA IRQ c3=0
SELECT busy=11834
SELECT w0=11782
SELECT w1=6050
SELECT w2=7064
BUSY TASK ewma=997
DMA IRQ c0=0
DMA IRQ c1=2
DMA IRQ c2=0
DMA IRQ c3=0
SELECT busy=11843
SELECT w0=11791
SELECT w1=6053
SELECT w2=7069
BUSY TASK ewma=997
DMA IRQ c0=0
DMA IRQ c1=2
DMA IRQ c2=0
DMA IRQ c3=0
SELECT busy=11851
SELECT w0=11799
SELECT w1=6056
SELECT w2=7073
BUSY TASK ewma=997
DMA IRQ c0=0
DMA IRQ c1=2
DMA IRQ c2=0
DMA IRQ c3=0
SELECT busy=11860
SELECT w0=11808
SELECT w1=6060
SELECT w2=7077
BUSY TASK ewma=997
IRQ counts: cpu0=23657 cpu1=22787 cpu2=22621 cpu3=22241
SCHED secondaries: calls=67649 unexpected=0
SECTEST switches=67631 cpu1=373733988,374128527 cpu2=304128102,305282548 cpu3=499008367,501818051
PINGPONG rounds=2000 pongs=2000
DMA IRQ c0=0
DMA IRQ c1=2
DMA IRQ c2=0
DMA IRQ c3=0
SELECT busy=11870
SELECT w0=11818
SELECT w1=6063
SELECT w2=7082
BUSY TASK ewma=997
DMA IRQ c0=0
DMA IRQ c1=2
DMA IRQ c2=0
DMA IRQ c3=0
SELECT busy=11878
SELECT w0=11826
SELECT w1=6067
SELECT w2=7086
BUSY TASK ewma=997
DMA IRQ c0=0
DMA IRQ c1=2
DMA IRQ c2=0
DMA IRQ c3=0
SELECT busy=11887
SELECT w0=11835
SELECT w1=6070
SELECT w2=7090
BUSY TASK ewma=997
DMA IRQ c0=0
DMA IRQ c1=2
DMA IRQ c2=0
DMA IRQ c3=0
SELECT busy=11896
SELECT w0=11844
SELECT w1=6073
SELECT w2=7093
BUSY TASK ewma=997
DMA IRQ c0=0
DMA IRQ c1=2
DMA IRQ c2=0
DMA IRQ c3=0
SELECT busy=11904
SELECT w0=11852
SELECT w1=6077
SELECT w2=7097
BUSY TASK ewma=997
DMA IRQ c0=0
DMA IRQ c1=2
DMA IRQ c2=0
DMA IRQ c3=0
SELECT busy=11913
SELECT w0=11861
SELECT w1=6080
SELECT w2=7102
BUSY TASK ewma=997
DMA IRQ c0=0
DMA IRQ c1=2
DMA IRQ c2=0
DMA IRQ c3=0
SELECT busy=11921
SELECT w0=11869
SELECT w1=6083
SELECT w2=7106
BUSY TASK ewma=997
DMA IRQ c0=0
DMA IRQ c1=2
DMA IRQ c2=0
DMA IRQ c3=0
SELECT busy=11930
SELECT w0=11878
SELECT w1=6087
SELECT w2=7110
BUSY TASK ewma=997
DMA IRQ c0=0
DMA IRQ c1=2
DMA IRQ c2=0
DMA IRQ c3=0
SELECT busy=11938
SELECT w0=11886
SELECT w1=6090
SELECT w2=7114
BUSY TASK ewma=997
DMA IRQ c0=0
DMA IRQ c1=2
DMA IRQ c2=0
DMA IRQ c3=0
SELECT busy=11948
SELECT w0=11896
SELECT w1=6093
SELECT w2=7118
BUSY TASK ewma=997
DMA IRQ c0=0
DMA IRQ c1=2
DMA IRQ c2=0
DMA IRQ c3=0
SELECT busy=11960
SELECT w0=11908
SELECT w1=6098
SELECT w2=7125
BUSY TASK ewma=997
DMA IRQ c0=0
DMA IRQ c1=2
DMA IRQ c2=0
DMA IRQ c3=0
SELECT busy=11972
SELECT w0=11920
SELECT w1=6103
SELECT w2=7130
BUSY TASK ewma=997
DMA IRQ c0=0
DMA IRQ c1=2
DMA IRQ c2=0
DMA IRQ c3=0
SELECT busy=11984
SELECT w0=11932
SELECT w1=6108
SELECT w2=7136
BUSY TASK ewma=997
DMA IRQ c0=0
DMA IRQ c1=2
DMA IRQ c2=0
DMA IRQ c3=0
SELECT busy=11996
SELECT w0=11944
SELECT w1=6112
SELECT w2=7142
BUSY TASK ewma=997
DMA IRQ c0=0
DMA IRQ c1=2
DMA IRQ c2=0
DMA IRQ c3=0
SELECT busy=12008
SELECT w0=11956
SELECT w1=6117
SELECT w2=7148
BUSY TASK ewma=997
DMA IRQ c0=0
DMA IRQ c1=2
DMA IRQ c2=0
DMA IRQ c3=0
SELECT busy=12020
SELECT w0=11968
SELECT w1=6121
SELECT w2=7153
BUSY TASK ewma=997
DMA IRQ c0=0
DMA IRQ c1=2
DMA IRQ c2=0
DMA IRQ c3=0
SELECT busy=12029
SELECT w0=11977
SELECT w1=6125
SELECT w2=7158
BUSY TASK ewma=997
DMA IRQ c0=0
DMA IRQ c1=2
DMA IRQ c2=0
DMA IRQ c3=0
SELECT busy=12038
SELECT w0=11986
SELECT w1=6129
SELECT w2=7162
BUSY TASK ewma=997
DMA IRQ c0=0
DMA IRQ c1=2
DMA IRQ c2=0
DMA IRQ c3=0
SELECT busy=12047
SELECT w0=11995
SELECT w1=6132
SELECT w2=7166
BUSY TASK ewma=997
DMA IRQ c0=0
DMA IRQ c1=2
DMA IRQ c2=0
DMA IRQ c3=0
SELECT busy=12057
SELECT w0=12005
SELECT w1=6136
SELECT w2=7171
BUSY TASK ewma=997
DMA IRQ c0=0
DMA IRQ c1=2
DMA IRQ c2=0
DMA IRQ c3=0
SELECT busy=12066
SELECT w0=12014
SELECT w1=6139
SELECT w2=7175
BUSY TASK ewma=997
DMA IRQ c0=0
DMA IRQ c1=2
DMA IRQ c2=0
DMA IRQ c3=0
SELECT busy=12075
SELECT w0=12023
SELECT w1=6143
SELECT w2=7180
BUSY TASK ewma=997
DMA IRQ c0=0
DMA IRQ c1=2
DMA IRQ c2=0
DMA IRQ c3=0
SELECT busy=12084
SELECT w0=12033
SELECT w1=6146
SELECT w2=7184
BUSY TASK ewma=997
DMA IRQ c0=0
DMA IRQ c1=2
DMA IRQ c2=0
DMA IRQ c3=0
SELECT busy=12093
SELECT w0=12042
SELECT w1=6150
SELECT w2=7189
BUSY TASK ewma=997
DMA IRQ c0=0
DMA IRQ c1=2
DMA IRQ c2=0
DMA IRQ c3=0
SELECT busy=12103
SELECT w0=12051
SELECT w1=6153
SELECT w2=7193
BUSY TASK ewma=997
DMA IRQ c0=0
DMA IRQ c1=2
DMA IRQ c2=0
DMA IRQ c3=0
SELECT busy=12112
SELECT w0=12060
SELECT w1=6157
SELECT w2=7197
BUSY TASK ewma=997
DMA IRQ c0=0
DMA IRQ c1=2
DMA IRQ c2=0
DMA IRQ c3=0
SELECT busy=12121
SELECT w0=12069
SELECT w1=6160
SELECT w2=7202
BUSY TASK ewma=997
DMA IRQ c0=0
DMA IRQ c1=2
DMA IRQ c2=0
DMA IRQ c3=0
SELECT busy=12130
SELECT w0=12078
SELECT w1=6164
SELECT w2=7206
BUSY TASK ewma=997
DMA IRQ c0=0
DMA IRQ c1=2
DMA IRQ c2=0
DMA IRQ c3=0
SELECT busy=12139
SELECT w0=12088
SELECT w1=6167
SELECT w2=7211
BUSY TASK ewma=997
DMA IRQ c0=0
DMA IRQ c1=2
DMA IRQ c2=0
DMA IRQ c3=0
SELECT busy=12148
SELECT w0=12096
SELECT w1=6171
SELECT w2=7215
BUSY TASK ewma=997
DMA IRQ c0=0
DMA IRQ c1=2
DMA IRQ c2=0
DMA IRQ c3=0
SELECT busy=12157
SELECT w0=12105
SELECT w1=6174
SELECT w2=7219
BUSY TASK ewma=997
DMA IRQ c0=0
DMA IRQ c1=2
DMA IRQ c2=0
DMA IRQ c3=0
SELECT busy=12165
SELECT w0=12114
SELECT w1=6178
SELECT w2=7223
BUSY TASK ewma=997
DMA IRQ c0=0
DMA IRQ c1=2
DMA IRQ c2=0
DMA IRQ c3=0
SELECT busy=12175
SELECT w0=12123
SELECT w1=6181
SELECT w2=7227
BUSY TASK ewma=997
DMA IRQ c0=0
DMA IRQ c1=2
DMA IRQ c2=0
DMA IRQ c3=0
SELECT busy=12184
SELECT w0=12132
SELECT w1=6185
SELECT w2=7232
BUSY TASK ewma=997
DMA IRQ c0=0
DMA IRQ c1=2
DMA IRQ c2=0
DMA IRQ c3=0
SELECT busy=12195
SELECT w0=12143
SELECT w1=6189
SELECT w2=7237
BUSY TASK ewma=997
DMA IRQ c0=0
DMA IRQ c1=2
DMA IRQ c2=0
DMA IRQ c3=0
SELECT busy=12206
SELECT w0=12154
SELECT w1=6193
SELECT w2=7242
BUSY TASK ewma=997
DMA IRQ c0=0
DMA IRQ c1=2
DMA IRQ c2=0
DMA IRQ c3=0
SELECT busy=12217
SELECT w0=12165
SELECT w1=6198
SELECT w2=7248
BUSY TASK ewma=997
DMA IRQ c0=0
DMA IRQ c1=2
DMA IRQ c2=0
DMA IRQ c3=0
SELECT busy=12228
SELECT w0=12177
SELECT w1=6201
SELECT w2=7253
BUSY TASK ewma=997
DMA IRQ c0=0
DMA IRQ c1=2
DMA IRQ c2=0
DMA IRQ c3=0
SELECT busy=12240
SELECT w0=12189
SELECT w1=6206
SELECT w2=7258
BUSY TASK ewma=997
DMA IRQ c0=0
DMA IRQ c1=2
DMA IRQ c2=0
DMA IRQ c3=0
SELECT busy=12252
SELECT w0=12201
SELECT w1=6211
SELECT w2=7264
BUSY TASK ewma=997
DMA IRQ c0=0
DMA IRQ c1=2
DMA IRQ c2=0
DMA IRQ c3=0
SELECT busy=12264
SELECT w0=12213
SELECT w1=6215
SELECT w2=7270
BUSY TASK ewma=997
DMA IRQ c0=0
DMA IRQ c1=2
DMA IRQ c2=0
DMA IRQ c3=0
SELECT busy=12277
SELECT w0=12225
SELECT w1=6220
SELECT w2=7277
BUSY TASK ewma=997
DMA IRQ c0=0
DMA IRQ c1=2
DMA IRQ c2=0
DMA IRQ c3=0
SELECT busy=12289
SELECT w0=12237
SELECT w1=6225
SELECT w2=7283
BUSY TASK ewma=997
DMA IRQ c0=0
DMA IRQ c1=2
DMA IRQ c2=0
DMA IRQ c3=0
SELECT busy=12300
SELECT w0=12249
SELECT w1=6229
SELECT w2=7288
BUSY TASK ewma=997
DMA IRQ c0=0
DMA IRQ c1=2
DMA IRQ c2=0
DMA IRQ c3=0
SELECT busy=12309
SELECT w0=12258
SELECT w1=6233
SELECT w2=7292
BUSY TASK ewma=997
DMA IRQ c0=0
DMA IRQ c1=2
DMA IRQ c2=0
DMA IRQ c3=0
SELECT busy=12318
SELECT w0=12266
SELECT w1=6236
SELECT w2=7296
BUSY TASK ewma=997
DMA IRQ c0=0
DMA IRQ c1=2
DMA IRQ c2=0
DMA IRQ c3=0
SELECT busy=12327
SELECT w0=12275
SELECT w1=6239
SELECT w2=7300
BUSY TASK ewma=997
DMA IRQ c0=0
DMA IRQ c1=2
DMA IRQ c2=0
DMA IRQ c3=0
SELECT busy=12335
SELECT w0=12283
SELECT w1=6243
SELECT w2=7304
BUSY TASK ewma=997
DMA IRQ c0=0
DMA IRQ c1=2
DMA IRQ c2=0
DMA IRQ c3=0
SELECT busy=12343
SELECT w0=12292
SELECT w1=6246
SELECT w2=7308
BUSY TASK ewma=997
DMA IRQ c0=0
DMA IRQ c1=2
DMA IRQ c2=0
DMA IRQ c3=0
SELECT busy=12352
SELECT w0=12300
SELECT w1=6249
SELECT w2=7312
BUSY TASK ewma=997
DMA IRQ c0=0
DMA IRQ c1=2
DMA IRQ c2=0
DMA IRQ c3=0
SELECT busy=12361
SELECT w0=12309
SELECT w1=6253
SELECT w2=7316
BUSY TASK ewma=997
DMA IRQ c0=0
DMA IRQ c1=2
DMA IRQ c2=0
DMA IRQ c3=0
SELECT busy=12369
SELECT w0=12317
SELECT w1=6256
SELECT w2=7320
BUSY TASK ewma=997
DMA IRQ c0=0
DMA IRQ c1=2
DMA IRQ c2=0
DMA IRQ c3=0
SELECT busy=12378
SELECT w0=12326
SELECT w1=6259
SELECT w2=7324
BUSY TASK ewma=997
DMA IRQ c0=0
DMA IRQ c1=2
DMA IRQ c2=0
DMA IRQ c3=0
SELECT busy=12386
SELECT w0=12335
SELECT w1=6262
SELECT w2=7329
BUSY TASK ewma=997
DMA IRQ c0=0
DMA IRQ c1=2
DMA IRQ c2=0
DMA IRQ c3=0
SELECT busy=12395
SELECT w0=12343
SELECT w1=6266
SELECT w2=7332
BUSY TASK ewma=997
DMA IRQ c0=0
DMA IRQ c1=2
DMA IRQ c2=0
DMA IRQ c3=0
SELECT busy=12404
SELECT w0=12352
SELECT w1=6269
SELECT w2=7337
BUSY TASK ewma=997
DMA IRQ c0=0
DMA IRQ c1=2
DMA IRQ c2=0
DMA IRQ c3=0
SELECT busy=12412
SELECT w0=12360
SELECT w1=6272
SELECT w2=7341
BUSY TASK ewma=997
DMA IRQ c0=0
DMA IRQ c1=2
DMA IRQ c2=0
DMA IRQ c3=0
SELECT busy=12421
SELECT w0=12369
SELECT w1=6275
SELECT w2=7345
BUSY TASK ewma=997
DMA IRQ c0=0
DMA IRQ c1=2
DMA IRQ c2=0
DMA IRQ c3=0
SELECT busy=12429
SELECT w0=12378
SELECT w1=6279
SELECT w2=7349
BUSY TASK ewma=997
DMA IRQ c0=0
DMA IRQ c1=2
DMA IRQ c2=0
DMA IRQ c3=0
SELECT busy=12438
SELECT w0=12386
SELECT w1=6282
SELECT w2=7353
BUSY TASK ewma=997
DMA IRQ c0=0
DMA IRQ c1=2
DMA IRQ c2=0
DMA IRQ c3=0
SELECT busy=12446
SELECT w0=12395
SELECT w1=6285
SELECT w2=7358
BUSY TASK ewma=997
DMA IRQ c0=0
DMA IRQ c1=2
DMA IRQ c2=0
DMA IRQ c3=0
SELECT busy=12455
SELECT w0=12403
SELECT w1=6288
SELECT w2=7361
BUSY TASK ewma=997
DMA IRQ c0=0
DMA IRQ c1=2
DMA IRQ c2=0
DMA IRQ c3=0
SELECT busy=12463
SELECT w0=12411
SELECT w1=6291
SELECT w2=7365
BUSY TASK ewma=997
DMA IRQ c0=0
DMA IRQ c1=2
DMA IRQ c2=0
DMA IRQ c3=0
SELECT busy=12471
SELECT w0=12420
SELECT w1=6295
SELECT w2=7370
BUSY TASK ewma=997
IRQ counts: cpu0=24881 cpu1=23962 cpu2=23792 cpu3=23401
SCHED secondaries: calls=71155 unexpected=0
SECTEST switches=71134 cpu1=395217601,395203718 cpu2=320862309,321697442 cpu3=526053882,529081350
PINGPONG rounds=2000 pongs=2000
DMA IRQ c0=0
DMA IRQ c1=2
DMA IRQ c2=0
DMA IRQ c3=0
SELECT busy=12481
SELECT w0=12429
SELECT w1=6299
SELECT w2=7374
BUSY TASK ewma=997
DMA IRQ c0=0
DMA IRQ c1=2
DMA IRQ c2=0
DMA IRQ c3=0
SELECT busy=12490
SELECT w0=12438
SELECT w1=6302
SELECT w2=7378
BUSY TASK ewma=997
DMA IRQ c0=0
DMA IRQ c1=2
DMA IRQ c2=0
DMA IRQ c3=0
SELECT busy=12499
SELECT w0=12447
SELECT w1=6305
SELECT w2=7382
BUSY TASK ewma=997
DMA IRQ c0=0
DMA IRQ c1=2
DMA IRQ c2=0
DMA IRQ c3=0
SELECT busy=12507
SELECT w0=12455
SELECT w1=6308
SELECT w2=7386
BUSY TASK ewma=997
DMA IRQ c0=0
DMA IRQ c1=2
DMA IRQ c2=0
DMA IRQ c3=0
SELECT busy=12516
SELECT w0=12464
SELECT w1=6312
SELECT w2=7390
BUSY TASK ewma=997
DMA IRQ c0=0
DMA IRQ c1=2
DMA IRQ c2=0
DMA IRQ c3=0
SELECT busy=12524
SELECT w0=12472
SELECT w1=6315
SELECT w2=7394
BUSY TASK ewma=997
DMA IRQ c0=0
DMA IRQ c1=2
DMA IRQ c2=0
DMA IRQ c3=0
SELECT busy=12533
SELECT w0=12481
SELECT w1=6318
SELECT w2=7398
BUSY TASK ewma=997
DMA IRQ c0=0
DMA IRQ c1=2
DMA IRQ c2=0
DMA IRQ c3=0
SELECT busy=12541
SELECT w0=12489
SELECT w1=6321
SELECT w2=7403
BUSY TASK ewma=997
DMA IRQ c0=0
DMA IRQ c1=2
DMA IRQ c2=0
DMA IRQ c3=0
SELECT busy=12550
SELECT w0=12498
SELECT w1=6325
SELECT w2=7407
BUSY TASK ewma=997
DMA IRQ c0=0
DMA IRQ c1=2
DMA IRQ c2=0
DMA IRQ c3=0
SELECT busy=12560
SELECT w0=12508
SELECT w1=6328
SELECT w2=7411
BUSY TASK ewma=997
DMA IRQ c0=0
DMA IRQ c1=2
DMA IRQ c2=0
DMA IRQ c3=0
SELECT busy=12576
SELECT w0=12524
SELECT w1=6334
SELECT w2=7419
BUSY TASK ewma=997
DMA IRQ c0=0
DMA IRQ c1=2
DMA IRQ c2=0
DMA IRQ c3=0
SELECT busy=12592
SELECT w0=12540
SELECT w1=6341
SELECT w2=7427
BUSY TASK ewma=997
DMA IRQ c0=0
DMA IRQ c1=2
DMA IRQ c2=0
DMA IRQ c3=0
SELECT busy=12609
SELECT w0=12557
SELECT w1=6347
SELECT w2=7434
BUSY TASK ewma=997
DMA IRQ c0=0
DMA IRQ c1=2
DMA IRQ c2=0
DMA IRQ c3=0
SELECT busy=12626
SELECT w0=12574
SELECT w1=6353
SELECT w2=7442
BUSY TASK ewma=997
DMA IRQ c0=0
DMA IRQ c1=2
DMA IRQ c2=0
DMA IRQ c3=0
SELECT busy=12641
SELECT w0=12590
SELECT w1=6359
SELECT w2=7450
BUSY TASK ewma=997
DMA IRQ c0=0
DMA IRQ c1=2
DMA IRQ c2=0
DMA IRQ c3=0
SELECT busy=12654
SELECT w0=12602
SELECT w1=6364
SELECT w2=7456
BUSY TASK ewma=997
DMA IRQ c0=0
DMA IRQ c1=2
DMA IRQ c2=0
DMA IRQ c3=0
SELECT busy=12663
SELECT w0=12612
SELECT w1=6368
SELECT w2=7461
BUSY TASK ewma=997
DMA IRQ c0=0
DMA IRQ c1=2
DMA IRQ c2=0
DMA IRQ c3=0
SELECT busy=12672
SELECT w0=12620
SELECT w1=6371
SELECT w2=7465
BUSY TASK ewma=997
DMA IRQ c0=0
DMA IRQ c1=2
DMA IRQ c2=0
DMA IRQ c3=0
SELECT busy=12680
SELECT w0=12628
SELECT w1=6374
SELECT w2=7469
BUSY TASK ewma=997
DMA IRQ c0=0
DMA IRQ c1=2
DMA IRQ c2=0
DMA IRQ c3=0
SELECT busy=12689
SELECT w0=12637
SELECT w1=6378
SELECT w2=7473
BUSY TASK ewma=997
DMA IRQ c0=0
DMA IRQ c1=2
DMA IRQ c2=0
DMA IRQ c3=0
SELECT busy=12697
SELECT w0=12645
SELECT w1=6381
SELECT w2=7477
BUSY TASK ewma=997
DMA IRQ c0=0
DMA IRQ c1=2
DMA IRQ c2=0
DMA IRQ c3=0
SELECT busy=12706
SELECT w0=12654
SELECT w1=6384
SELECT w2=7481
BUSY TASK ewma=997
DMA IRQ c0=0
DMA IRQ c1=2
DMA IRQ c2=0
DMA IRQ c3=0
SELECT busy=12715
SELECT w0=12663
SELECT w1=6388
SELECT w2=7485
BUSY TASK ewma=997
DMA IRQ c0=0
DMA IRQ c1=2
DMA IRQ c2=0
DMA IRQ c3=0
SELECT busy=12723
SELECT w0=12671
SELECT w1=6391
SELECT w2=7489
BUSY TASK ewma=997
DMA IRQ c0=0
DMA IRQ c1=2
DMA IRQ c2=0
DMA IRQ c3=0
SELECT busy=12732
SELECT w0=12680
SELECT w1=6394
SELECT w2=7493
BUSY TASK ewma=997
DMA IRQ c0=0
DMA IRQ c1=2
DMA IRQ c2=0
DMA IRQ c3=0
SELECT busy=12741
SELECT w0=12689
SELECT w1=6397
SELECT w2=7498
BUSY TASK ewma=997
DMA IRQ c0=0
DMA IRQ c1=2
DMA IRQ c2=0
DMA IRQ c3=0
SELECT busy=12751
SELECT w0=12699
SELECT w1=6401
SELECT w2=7502
BUSY TASK ewma=997
DMA IRQ c0=0
DMA IRQ c1=2
DMA IRQ c2=0
DMA IRQ c3=0
SELECT busy=12765
SELECT w0=12714
SELECT w1=6407
SELECT w2=7510
BUSY TASK ewma=997
DMA IRQ c0=0
DMA IRQ c1=2
DMA IRQ c2=0
DMA IRQ c3=0
SELECT busy=12782
SELECT w0=12730
SELECT w1=6413
SELECT w2=7517
BUSY TASK ewma=997
DMA IRQ c0=0
DMA IRQ c1=2
DMA IRQ c2=0
DMA IRQ c3=0
SELECT busy=12798
SELECT w0=12746
SELECT w1=6419
SELECT w2=7525
BUSY TASK ewma=997
DMA IRQ c0=0
DMA IRQ c1=2
DMA IRQ c2=0
DMA IRQ c3=0
SELECT busy=12812
SELECT w0=12760
SELECT w1=6425
SELECT w2=7532
BUSY TASK ewma=997
DMA IRQ c0=0
DMA IRQ c1=2
DMA IRQ c2=0
DMA IRQ c3=0
SELECT busy=12823
SELECT w0=12772
SELECT w1=6429
SELECT w2=7537
BUSY TASK ewma=997
DMA IRQ c0=0
DMA IRQ c1=2
DMA IRQ c2=0
DMA IRQ c3=0
SELECT busy=12836
SELECT w0=12784
SELECT w1=6434
SELECT w2=7543
BUSY TASK ewma=997
DMA IRQ c0=0
DMA IRQ c1=2
DMA IRQ c2=0
DMA IRQ c3=0
SELECT busy=12848
SELECT w0=12797
SELECT w1=6438
SELECT w2=7549
BUSY TASK ewma=997
DMA IRQ c0=0
DMA IRQ c1=2
DMA IRQ c2=0
DMA IRQ c3=0
SELECT busy=12865
SELECT w0=12814
SELECT w1=6445
SELECT w2=7557
BUSY TASK ewma=997
DMA IRQ c0=0
DMA IRQ c1=2
DMA IRQ c2=0
DMA IRQ c3=0
SELECT busy=12882
SELECT w0=12831
SELECT w1=6451
SELECT w2=7565
BUSY TASK ewma=997
DMA IRQ c0=0
DMA IRQ c1=2
DMA IRQ c2=0
DMA IRQ c3=0
SELECT busy=12893
SELECT w0=12841
SELECT w1=6456
SELECT w2=7571
BUSY TASK ewma=997
DMA IRQ c0=0
DMA IRQ c1=2
DMA IRQ c2=0
DMA IRQ c3=0
SELECT busy=12905
SELECT w0=12853
SELECT w1=6460
SELECT w2=7576
BUSY TASK ewma=997
DMA IRQ c0=0
DMA IRQ c1=2
DMA IRQ c2=0
DMA IRQ c3=0
SELECT busy=12916
SELECT w0=12864
SELECT w1=6464
SELECT w2=7581
BUSY TASK ewma=997
DMA IRQ c0=0
DMA IRQ c1=2
DMA IRQ c2=0
DMA IRQ c3=0
SELECT busy=12922
SELECT w0=12870
SELECT w1=6467
SELECT w2=7584
BUSY TASK ewma=997
DMA IRQ c0=0
DMA IRQ c1=2
DMA IRQ c2=0
DMA IRQ c3=0
SELECT busy=12934
SELECT w0=12882
SELECT w1=6471
SELECT w2=7590
BUSY TASK ewma=997
DMA IRQ c0=0
DMA IRQ c1=2
DMA IRQ c2=0
DMA IRQ c3=0
SELECT busy=12946
SELECT w0=12894
SELECT w1=6476
SELECT w2=7595
BUSY TASK ewma=997
DMA IRQ c0=0
DMA IRQ c1=2
DMA IRQ c2=0
DMA IRQ c3=0
SELECT busy=12959
SELECT w0=12907
SELECT w1=6481
SELECT w2=7602
BUSY TASK ewma=997
DMA IRQ c0=0
DMA IRQ c1=2
DMA IRQ c2=0
DMA IRQ c3=0
SELECT busy=12971
SELECT w0=12919
SELECT w1=6485
SELECT w2=7607
BUSY TASK ewma=997
DMA IRQ c0=0
DMA IRQ c1=2
DMA IRQ c2=0
DMA IRQ c3=0
SELECT busy=12983
SELECT w0=12931
SELECT w1=6490
SELECT w2=7613
BUSY TASK ewma=997
DMA IRQ c0=0
DMA IRQ c1=2
DMA IRQ c2=0
DMA IRQ c3=0
SELECT busy=12993
SELECT w0=12941
SELECT w1=6494
SELECT w2=7618
BUSY TASK ewma=997
DMA IRQ c0=0
DMA IRQ c1=2
DMA IRQ c2=0
DMA IRQ c3=0
SELECT busy=13006
SELECT w0=12955
SELECT w1=6499
SELECT w2=7624
BUSY TASK ewma=997
DMA IRQ c0=0
DMA IRQ c1=2
DMA IRQ c2=0
DMA IRQ c3=0
SELECT busy=13023
SELECT w0=12971
SELECT w1=6506
SELECT w2=7633
BUSY TASK ewma=997
DMA IRQ c0=0
DMA IRQ c1=2
DMA IRQ c2=0
DMA IRQ c3=0
SELECT busy=13039
SELECT w0=12988
SELECT w1=6512
SELECT w2=7640
BUSY TASK ewma=997
DMA IRQ c0=0
DMA IRQ c1=2
DMA IRQ c2=0
DMA IRQ c3=0
SELECT busy=13052
SELECT w0=13001
SELECT w1=6517
SELECT w2=7646
BUSY TASK ewma=997
DMA IRQ c0=0
DMA IRQ c1=2
DMA IRQ c2=0
DMA IRQ c3=0
SELECT busy=13062
SELECT w0=13010
SELECT w1=6521
SELECT w2=7651
BUSY TASK ewma=997
DMA IRQ c0=0
DMA IRQ c1=2
DMA IRQ c2=0
DMA IRQ c3=0
SELECT busy=13085
SELECT w0=13033
SELECT w1=6529
SELECT w2=7662
BUSY TASK ewma=997
DMA IRQ c0=0
DMA IRQ c1=2
DMA IRQ c2=0
DMA IRQ c3=0
SELECT busy=13107
SELECT w0=13055
SELECT w1=6538
SELECT w2=7673
BUSY TASK ewma=997
DMA IRQ c0=0
DMA IRQ c1=2
DMA IRQ c2=0
DMA IRQ c3=0
SELECT busy=13124
SELECT w0=13073
SELECT w1=6545
SELECT w2=7681
BUSY TASK ewma=997
DMA IRQ c0=0
DMA IRQ c1=2
DMA IRQ c2=0
DMA IRQ c3=0
SELECT busy=13140
SELECT w0=13089
SELECT w1=6551
SELECT w2=7689
BUSY TASK ewma=997
DMA IRQ c0=0
DMA IRQ c1=2
DMA IRQ c2=0
DMA IRQ c3=0
SELECT busy=13157
SELECT w0=13105
SELECT w1=6558
SELECT w2=7697
BUSY TASK ewma=997
DMA IRQ c0=0
DMA IRQ c1=2
DMA IRQ c2=0
DMA IRQ c3=0
SELECT busy=13174
SELECT w0=13123
SELECT w1=6564
SELECT w2=7705
BUSY TASK ewma=997
DMA IRQ c0=0
DMA IRQ c1=2
DMA IRQ c2=0
DMA IRQ c3=0
SELECT busy=13191
SELECT w0=13139
SELECT w1=6571
SELECT w2=7713
BUSY TASK ewma=997
DMA IRQ c0=0
DMA IRQ c1=2
DMA IRQ c2=0
DMA IRQ c3=0
SELECT busy=13205
SELECT w0=13153
SELECT w1=6576
SELECT w2=7719
BUSY TASK ewma=997
DMA IRQ c0=0
DMA IRQ c1=2
DMA IRQ c2=0
DMA IRQ c3=0
SELECT busy=13217
SELECT w0=13165
SELECT w1=6581
SELECT w2=7725
BUSY TASK ewma=997
DMA IRQ c0=0
DMA IRQ c1=2
DMA IRQ c2=0
DMA IRQ c3=0
SELECT busy=13229
SELECT w0=13177
SELECT w1=6586
SELECT w2=7730
BUSY TASK ewma=997
DMA IRQ c0=0
DMA IRQ c1=2
DMA IRQ c2=0
DMA IRQ c3=0
SELECT busy=13240
SELECT w0=13188
SELECT w1=6590
SELECT w2=7735
BUSY TASK ewma=997
DMA IRQ c0=0
DMA IRQ c1=2
DMA IRQ c2=0
DMA IRQ c3=0
SELECT busy=13249
SELECT w0=13197
SELECT w1=6593
SELECT w2=7740
BUSY TASK ewma=997
DMA IRQ c0=0
DMA IRQ c1=2
DMA IRQ c2=0
DMA IRQ c3=0
SELECT busy=13258
SELECT w0=13206
SELECT w1=6597
SELECT w2=7744
BUSY TASK ewma=997
IRQ counts: cpu0=26459 cpu1=25479 cpu2=25296 cpu3=24884
SCHED secondaries: calls=75662 unexpected=0
SECTEST switches=75642 cpu1=415633879,415962445 cpu2=337844232,338816012 cpu3=549322333,552105840
PINGPONG rounds=2000 pongs=2000
DMA IRQ c0=0
DMA IRQ c1=2
DMA IRQ c2=0
DMA IRQ c3=0
SELECT busy=13273
SELECT w0=13221
SELECT w1=6603
SELECT w2=7751
BUSY TASK ewma=997
DMA IRQ c0=0
DMA IRQ c1=2
DMA IRQ c2=0
DMA IRQ c3=0
SELECT busy=13285
SELECT w0=13233
SELECT w1=6608
SELECT w2=7757
BUSY TASK ewma=997
DMA IRQ c0=0
DMA IRQ c1=2
DMA IRQ c2=0
DMA IRQ c3=0
SELECT busy=13296
SELECT w0=13245
SELECT w1=6612
SELECT w2=7763
BUSY TASK ewma=997
DMA IRQ c0=0
DMA IRQ c1=2
DMA IRQ c2=0
DMA IRQ c3=0
SELECT busy=13309
SELECT w0=13257
SELECT w1=6617
SELECT w2=7768
BUSY TASK ewma=997
DMA IRQ c0=0
DMA IRQ c1=2
DMA IRQ c2=0
DMA IRQ c3=0
SELECT busy=13321
SELECT w0=13269
SELECT w1=6621
SELECT w2=7774
BUSY TASK ewma=997
DMA IRQ c0=0
DMA IRQ c1=2
DMA IRQ c2=0
DMA IRQ c3=0
SELECT busy=13333
SELECT w0=13281
SELECT w1=6626
SELECT w2=7780
BUSY TASK ewma=997
DMA IRQ c0=0
DMA IRQ c1=2
DMA IRQ c2=0
DMA IRQ c3=0
SELECT busy=13345
SELECT w0=13293
SELECT w1=6631
SELECT w2=7786
BUSY TASK ewma=997
DMA IRQ c0=0
DMA IRQ c1=2
DMA IRQ c2=0
DMA IRQ c3=0
SELECT busy=13357
SELECT w0=13306
SELECT w1=6636
SELECT w2=7792
BUSY TASK ewma=997
DMA IRQ c0=0
DMA IRQ c1=2
DMA IRQ c2=0
DMA IRQ c3=0
SELECT busy=13374
SELECT w0=13323
SELECT w1=6642
SELECT w2=7801
BUSY TASK ewma=997
DMA IRQ c0=0
DMA IRQ c1=2
DMA IRQ c2=0
DMA IRQ c3=0
SELECT busy=13386
SELECT w0=13334
SELECT w1=6647
SELECT w2=7806
BUSY TASK ewma=997
DMA IRQ c0=0
DMA IRQ c1=2
DMA IRQ c2=0
DMA IRQ c3=0
SELECT busy=13397
SELECT w0=13346
SELECT w1=6651
SELECT w2=7812
BUSY TASK ewma=997
DMA IRQ c0=0
DMA IRQ c1=2
DMA IRQ c2=0
DMA IRQ c3=0
SELECT busy=13409
SELECT w0=13358
SELECT w1=6656
SELECT w2=7817
BUSY TASK ewma=997
DMA IRQ c0=0
DMA IRQ c1=2
DMA IRQ c2=0
DMA IRQ c3=0
SELECT busy=13420
SELECT w0=13368
SELECT w1=6660
SELECT w2=7822
BUSY TASK ewma=997
DMA IRQ c0=0
DMA IRQ c1=2
DMA IRQ c2=0
DMA IRQ c3=0
SELECT busy=13431
SELECT w0=13380
SELECT w1=6664
SELECT w2=7828
BUSY TASK ewma=997
DMA IRQ c0=0
DMA IRQ c1=2
DMA IRQ c2=0
DMA IRQ c3=0
SELECT busy=13443
SELECT w0=13391
SELECT w1=6669
SELECT w2=7833
BUSY TASK ewma=997
DMA IRQ c0=0
DMA IRQ c1=2
DMA IRQ c2=0
DMA IRQ c3=0
SELECT busy=13454
SELECT w0=13403
SELECT w1=6673
SELECT w2=7839
BUSY TASK ewma=997
DMA IRQ c0=0
DMA IRQ c1=2
DMA IRQ c2=0
DMA IRQ c3=0
SELECT busy=13466
SELECT w0=13414
SELECT w1=6678
SELECT w2=7844
BUSY TASK ewma=997
DMA IRQ c0=0
DMA IRQ c1=2
DMA IRQ c2=0
DMA IRQ c3=0
SELECT busy=13477
SELECT w0=13426
SELECT w1=6682
SELECT w2=7849
BUSY TASK ewma=997
DMA IRQ c0=0
DMA IRQ c1=2
DMA IRQ c2=0
DMA IRQ c3=0
SELECT busy=13488
SELECT w0=13437
SELECT w1=6686
SELECT w2=7855
BUSY TASK ewma=997
DMA IRQ c0=0
DMA IRQ c1=2
DMA IRQ c2=0
DMA IRQ c3=0
SELECT busy=13500
SELECT w0=13448
SELECT w1=6691
SELECT w2=7860
BUSY TASK ewma=997
DMA IRQ c0=0
DMA IRQ c1=2
DMA IRQ c2=0
DMA IRQ c3=0
SELECT busy=13513
SELECT w0=13461
SELECT w1=6696
SELECT w2=7866
BUSY TASK ewma=997
DMA IRQ c0=0
DMA IRQ c1=2
DMA IRQ c2=0
DMA IRQ c3=0
SELECT busy=13524
SELECT w0=13472
SELECT w1=6700
SELECT w2=7872
BUSY TASK ewma=997
DMA IRQ c0=0
DMA IRQ c1=2
DMA IRQ c2=0
DMA IRQ c3=0
SELECT busy=13535
SELECT w0=13483
SELECT w1=6704
SELECT w2=7877
BUSY TASK ewma=997
DMA IRQ c0=0
DMA IRQ c1=2
DMA IRQ c2=0
DMA IRQ c3=0
SELECT busy=13546
SELECT w0=13495
SELECT w1=6709
SELECT w2=7882
BUSY TASK ewma=997
DMA IRQ c0=0
DMA IRQ c1=2
DMA IRQ c2=0
DMA IRQ c3=0
SELECT busy=13558
SELECT w0=13506
SELECT w1=6713
SELECT w2=7887
BUSY TASK ewma=997
DMA IRQ c0=0
DMA IRQ c1=2
DMA IRQ c2=0
DMA IRQ c3=0
SELECT busy=13568
SELECT w0=13516
SELECT w1=6717
SELECT w2=7892
BUSY TASK ewma=997
DMA IRQ c0=0
DMA IRQ c1=2
DMA IRQ c2=0
DMA IRQ c3=0
SELECT busy=13576
SELECT w0=13524
SELECT w1=6720
SELECT w2=7897
BUSY TASK ewma=997
DMA IRQ c0=0
DMA IRQ c1=2
DMA IRQ c2=0
DMA IRQ c3=0
SELECT busy=13585
SELECT w0=13533
SELECT w1=6723
SELECT w2=7901
BUSY TASK ewma=997
DMA IRQ c0=0
DMA IRQ c1=2
DMA IRQ c2=0
DMA IRQ c3=0
SELECT busy=13594
SELECT w0=13542
SELECT w1=6727
SELECT w2=7905
BUSY TASK ewma=997
DMA IRQ c0=0
DMA IRQ c1=2
DMA IRQ c2=0
DMA IRQ c3=0
SELECT busy=13602
SELECT w0=13550
SELECT w1=6730
SELECT w2=7909
BUSY TASK ewma=997
DMA IRQ c0=0
DMA IRQ c1=2
DMA IRQ c2=0
DMA IRQ c3=0
SELECT busy=13611
SELECT w0=13559
SELECT w1=6733
SELECT w2=7913
BUSY TASK ewma=997
DMA IRQ c0=0
DMA IRQ c1=2
DMA IRQ c2=0
DMA IRQ c3=0
SELECT busy=13622
SELECT w0=13570
SELECT w1=6738
SELECT w2=7919
BUSY TASK ewma=997
DMA IRQ c0=0
DMA IRQ c1=2
DMA IRQ c2=0
DMA IRQ c3=0
SELECT busy=13633
SELECT w0=13581
SELECT w1=6742
SELECT w2=7924
BUSY TASK ewma=997
DMA IRQ c0=0
DMA IRQ c1=2
DMA IRQ c2=0
DMA IRQ c3=0
SELECT busy=13645
SELECT w0=13593
SELECT w1=6746
SELECT w2=7929
BUSY TASK ewma=997
DMA IRQ c0=0
DMA IRQ c1=2
DMA IRQ c2=0
DMA IRQ c3=0
SELECT busy=13656
SELECT w0=13604
SELECT w1=6751
SELECT w2=7934
BUSY TASK ewma=997
DMA IRQ c0=0
DMA IRQ c1=2
DMA IRQ c2=0
DMA IRQ c3=0
SELECT busy=13667
SELECT w0=13615
SELECT w1=6755
SELECT w2=7939
BUSY TASK ewma=997
DMA IRQ c0=0
DMA IRQ c1=2
DMA IRQ c2=0
DMA IRQ c3=0
SELECT busy=13678
SELECT w0=13626
SELECT w1=6759
SELECT w2=7945
BUSY TASK ewma=997
DMA IRQ c0=0
DMA IRQ c1=2
DMA IRQ c2=0
DMA IRQ c3=0
SELECT busy=13689
SELECT w0=13637
SELECT w1=6763
SELECT w2=7950
BUSY TASK ewma=997
DMA IRQ c0=0
DMA IRQ c1=2
DMA IRQ c2=0
DMA IRQ c3=0
SELECT busy=13700
SELECT w0=13648
SELECT w1=6768
SELECT w2=7955
BUSY TASK ewma=997
DMA IRQ c0=0
DMA IRQ c1=2
DMA IRQ c2=0
DMA IRQ c3=0
SELECT busy=13711
SELECT w0=13659
SELECT w1=6772
SELECT w2=7960
BUSY TASK ewma=997
DMA IRQ c0=0
DMA IRQ c1=2
DMA IRQ c2=0
DMA IRQ c3=0
SELECT busy=13720
SELECT w0=13668
SELECT w1=6775
SELECT w2=7965
BUSY TASK ewma=997
DMA IRQ c0=0
DMA IRQ c1=2
DMA IRQ c2=0
DMA IRQ c3=0
SELECT busy=13728
SELECT w0=13676
SELECT w1=6778
SELECT w2=7968
BUSY TASK ewma=997
DMA IRQ c0=0
DMA IRQ c1=2
DMA IRQ c2=0
DMA IRQ c3=0
SELECT busy=13737
SELECT w0=13685
SELECT w1=6782
SELECT w2=7973
BUSY TASK ewma=997
DMA IRQ c0=0
DMA IRQ c1=2
DMA IRQ c2=0
DMA IRQ c3=0
SELECT busy=13746
SELECT w0=13694
SELECT w1=6785
SELECT w2=7977
BUSY TASK ewma=997
DMA IRQ c0=0
DMA IRQ c1=2
DMA IRQ c2=0
DMA IRQ c3=0
SELECT busy=13754
SELECT w0=13702
SELECT w1=6788
SELECT w2=7981
BUSY TASK ewma=997
DMA IRQ c0=0
DMA IRQ c1=2
DMA IRQ c2=0
DMA IRQ c3=0
SELECT busy=13763
SELECT w0=13711
SELECT w1=6792
SELECT w2=7985
BUSY TASK ewma=997
DMA IRQ c0=0
DMA IRQ c1=2
DMA IRQ c2=0
DMA IRQ c3=0
SELECT busy=13772
SELECT w0=13720
SELECT w1=6795
SELECT w2=7989
BUSY TASK ewma=997
DMA IRQ c0=0
DMA IRQ c1=2
DMA IRQ c2=0
DMA IRQ c3=0
SELECT busy=13780
SELECT w0=13728
SELECT w1=6798
SELECT w2=7993
BUSY TASK ewma=997
DMA IRQ c0=0
DMA IRQ c1=2
DMA IRQ c2=0
DMA IRQ c3=0
SELECT busy=13789
SELECT w0=13737
SELECT w1=6802
SELECT w2=7997
BUSY TASK ewma=997
DMA IRQ c0=0
DMA IRQ c1=2
DMA IRQ c2=0
DMA IRQ c3=0
SELECT busy=13797
SELECT w0=13745
SELECT w1=6805
SELECT w2=8002
BUSY TASK ewma=997
DMA IRQ c0=0
DMA IRQ c1=2
DMA IRQ c2=0
DMA IRQ c3=0
SELECT busy=13806
SELECT w0=13754
SELECT w1=6808
SELECT w2=8006
BUSY TASK ewma=997
DMA IRQ c0=0
DMA IRQ c1=2
DMA IRQ c2=0
DMA IRQ c3=0
SELECT busy=13814
SELECT w0=13762
SELECT w1=6811
SELECT w2=8009
BUSY TASK ewma=997
DMA IRQ c0=0
DMA IRQ c1=2
DMA IRQ c2=0
DMA IRQ c3=0
SELECT busy=13823
SELECT w0=13771
SELECT w1=6815
SELECT w2=8014
BUSY TASK ewma=997
DMA IRQ c0=0
DMA IRQ c1=2
DMA IRQ c2=0
DMA IRQ c3=0
SELECT busy=13831
SELECT w0=13779
SELECT w1=6818
SELECT w2=8018
BUSY TASK ewma=997
DMA IRQ c0=0
DMA IRQ c1=2
DMA IRQ c2=0
DMA IRQ c3=0
SELECT busy=13840
SELECT w0=13788
SELECT w1=6821
SELECT w2=8022
BUSY TASK ewma=997
DMA IRQ c0=0
DMA IRQ c1=2
DMA IRQ c2=0
DMA IRQ c3=0
SELECT busy=13848
SELECT w0=13796
SELECT w1=6824
SELECT w2=8026
BUSY TASK ewma=997
DMA IRQ c0=0
DMA IRQ c1=2
DMA IRQ c2=0
DMA IRQ c3=0
SELECT busy=13857
SELECT w0=13805
SELECT w1=6828
SELECT w2=8030
BUSY TASK ewma=997
DMA IRQ c0=0
DMA IRQ c1=2
DMA IRQ c2=0
DMA IRQ c3=0
SELECT busy=13866
SELECT w0=13814
SELECT w1=6831
SELECT w2=8034
BUSY TASK ewma=997
DMA IRQ c0=0
DMA IRQ c1=2
DMA IRQ c2=0
DMA IRQ c3=0
SELECT busy=13875
SELECT w0=13823
SELECT w1=6835
SELECT w2=8038
BUSY TASK ewma=997
DMA IRQ c0=0
DMA IRQ c1=2
DMA IRQ c2=0
DMA IRQ c3=0
SELECT busy=13883
SELECT w0=13831
SELECT w1=6838
SELECT w2=8042
BUSY TASK ewma=997
DMA IRQ c0=0
DMA IRQ c1=2
DMA IRQ c2=0
DMA IRQ c3=0
SELECT busy=13892
SELECT w0=13840
SELECT w1=6841
SELECT w2=8047
BUSY TASK ewma=997
DMA IRQ c0=0
DMA IRQ c1=2
DMA IRQ c2=0
DMA IRQ c3=0
SELECT busy=13900
SELECT w0=13848
SELECT w1=6844
SELECT w2=8051
BUSY TASK ewma=997
DMA IRQ c0=0
DMA IRQ c1=2
DMA IRQ c2=0
DMA IRQ c3=0
SELECT busy=13910
SELECT w0=13858
SELECT w1=6848
SELECT w2=8056
BUSY TASK ewma=997
DMA IRQ c0=0
DMA IRQ c1=2
DMA IRQ c2=0
DMA IRQ c3=0
SELECT busy=13921
SELECT w0=13869
SELECT w1=6853
SELECT w2=8061
BUSY TASK ewma=997
IRQ counts: cpu0=27783 cpu1=26757 cpu2=26564 cpu3=26132
SCHED secondaries: calls=79453 unexpected=0
SECTEST switches=79432 cpu1=435755629,436337777 cpu2=354013321,354994500 cpu3=573934929,576991324
PINGPONG rounds=2000 pongs=2000
DMA IRQ c0=0
DMA IRQ c1=2
DMA IRQ c2=0
DMA IRQ c3=0
SELECT busy=13933
SELECT w0=13882
SELECT w1=6858
SELECT w2=8067
BUSY TASK ewma=997
DMA IRQ c0=0
DMA IRQ c1=2
DMA IRQ c2=0
DMA IRQ c3=0
SELECT busy=13945
SELECT w0=13893
SELECT w1=6862
SELECT w2=8073
BUSY TASK ewma=997
DMA IRQ c0=0
DMA IRQ c1=2
DMA IRQ c2=0
DMA IRQ c3=0
SELECT busy=13956
SELECT w0=13904
SELECT w1=6866
SELECT w2=8078
BUSY TASK ewma=997
DMA IRQ c0=0
DMA IRQ c1=2
DMA IRQ c2=0
DMA IRQ c3=0
SELECT busy=13967
SELECT w0=13916
SELECT w1=6870
SELECT w2=8084
BUSY TASK ewma=997
DMA IRQ c0=0
DMA IRQ c1=2
DMA IRQ c2=0
DMA IRQ c3=0
SELECT busy=13978
SELECT w0=13926
SELECT w1=6874
SELECT w2=8088
BUSY TASK ewma=997
DMA IRQ c0=0
DMA IRQ c1=2
DMA IRQ c2=0
DMA IRQ c3=0
SELECT busy=13986
SELECT w0=13934
SELECT w1=6878
SELECT w2=8092
BUSY TASK ewma=997
DMA IRQ c0=0
DMA IRQ c1=2
DMA IRQ c2=0
DMA IRQ c3=0
SELECT busy=13995
SELECT w0=13943
SELECT w1=6881
SELECT w2=8096
BUSY TASK ewma=997
DMA IRQ c0=0
DMA IRQ c1=2
DMA IRQ c2=0
DMA IRQ c3=0
SELECT busy=14003
SELECT w0=13952
SELECT w1=6884
SELECT w2=8101
BUSY TASK ewma=997
DMA IRQ c0=0
DMA IRQ c1=2
DMA IRQ c2=0
DMA IRQ c3=0
SELECT busy=14012
SELECT w0=13960
SELECT w1=6887
SELECT w2=8104
BUSY TASK ewma=997
DMA IRQ c0=0
DMA IRQ c1=2
DMA IRQ c2=0
DMA IRQ c3=0
SELECT busy=14020
SELECT w0=13968
SELECT w1=6890
SELECT w2=8109
BUSY TASK ewma=997
DMA IRQ c0=0
DMA IRQ c1=2
DMA IRQ c2=0
DMA IRQ c3=0
SELECT busy=14029
SELECT w0=13977
SELECT w1=6894
SELECT w2=8113
BUSY TASK ewma=997
DMA IRQ c0=0
DMA IRQ c1=2
DMA IRQ c2=0
DMA IRQ c3=0
SELECT busy=14037
SELECT w0=13985
SELECT w1=6897
SELECT w2=8116
BUSY TASK ewma=997
DMA IRQ c0=0
DMA IRQ c1=2
DMA IRQ c2=0
DMA IRQ c3=0
SELECT busy=14046
SELECT w0=13994
SELECT w1=6900
SELECT w2=8121
BUSY TASK ewma=997
DMA IRQ c0=0
DMA IRQ c1=2
DMA IRQ c2=0
DMA IRQ c3=0
SELECT busy=14054
SELECT w0=14002
SELECT w1=6904
SELECT w2=8125
BUSY TASK ewma=997
DMA IRQ c0=0
DMA IRQ c1=2
DMA IRQ c2=0
DMA IRQ c3=0
SELECT busy=14062
SELECT w0=14011
SELECT w1=6907
SELECT w2=8129
BUSY TASK ewma=997
DMA IRQ c0=0
DMA IRQ c1=2
DMA IRQ c2=0
DMA IRQ c3=0
SELECT busy=14071
SELECT w0=14019
SELECT w1=6910
SELECT w2=8133
BUSY TASK ewma=997
DMA IRQ c0=0
DMA IRQ c1=2
DMA IRQ c2=0
DMA IRQ c3=0
SELECT busy=14080
SELECT w0=14028
SELECT w1=6914
SELECT w2=8137
BUSY TASK ewma=997
DMA IRQ c0=0
DMA IRQ c1=2
DMA IRQ c2=0
DMA IRQ c3=0
SELECT busy=14089
SELECT w0=14037
SELECT w1=6918
SELECT w2=8141
BUSY TASK ewma=997
DMA IRQ c0=0
DMA IRQ c1=2
DMA IRQ c2=0
DMA IRQ c3=0
SELECT busy=14097
SELECT w0=14046
SELECT w1=6921
SELECT w2=8146
BUSY TASK ewma=997
DMA IRQ c0=0
DMA IRQ c1=2
DMA IRQ c2=0
DMA IRQ c3=0
SELECT busy=14106
SELECT w0=14054
SELECT w1=6925
SELECT w2=8149
BUSY TASK ewma=997
DMA IRQ c0=0
DMA IRQ c1=2
DMA IRQ c2=0
DMA IRQ c3=0
SELECT busy=14115
SELECT w0=14063
SELECT w1=6928
SELECT w2=8154
BUSY TASK ewma=997
DMA IRQ c0=0
DMA IRQ c1=2
DMA IRQ c2=0
DMA IRQ c3=0
SELECT busy=14124
SELECT w0=14072
SELECT w1=6932
SELECT w2=8158
BUSY TASK ewma=997
DMA IRQ c0=0
DMA IRQ c1=2
DMA IRQ c2=0
DMA IRQ c3=0
SELECT busy=14132
SELECT w0=14081
SELECT w1=6935
SELECT w2=8162
BUSY TASK ewma=997
DMA IRQ c0=0
DMA IRQ c1=2
DMA IRQ c2=0
DMA IRQ c3=0
SELECT busy=14141
SELECT w0=14089
SELECT w1=6938
SELECT w2=8166
BUSY TASK ewma=997
DMA IRQ c0=0
DMA IRQ c1=2
DMA IRQ c2=0
DMA IRQ c3=0
SELECT busy=14150
SELECT w0=14098
SELECT w1=6941
SELECT w2=8170
BUSY TASK ewma=997
DMA IRQ c0=0
DMA IRQ c1=2
DMA IRQ c2=0
DMA IRQ c3=0
SELECT busy=14158
SELECT w0=14106
SELECT w1=6945
SELECT w2=8174
BUSY TASK ewma=997
DMA IRQ c0=0
DMA IRQ c1=2
DMA IRQ c2=0
DMA IRQ c3=0
SELECT busy=14167
SELECT w0=14115
SELECT w1=6948
SELECT w2=8178
BUSY TASK ewma=997
DMA IRQ c0=0
DMA IRQ c1=2
DMA IRQ c2=0
DMA IRQ c3=0
SELECT busy=14175
SELECT w0=14123
SELECT w1=6951
SELECT w2=8182
BUSY TASK ewma=997
DMA IRQ c0=0
DMA IRQ c1=2
DMA IRQ c2=0
DMA IRQ c3=0
SELECT busy=14186
SELECT w0=14134
SELECT w1=6955
SELECT w2=8188
BUSY TASK ewma=997
DMA IRQ c0=0
DMA IRQ c1=2
DMA IRQ c2=0
DMA IRQ c3=0
SELECT busy=14197
SELECT w0=14145
SELECT w1=6960
SELECT w2=8193
BUSY TASK ewma=997
DMA IRQ c0=0
DMA IRQ c1=2
DMA IRQ c2=0
DMA IRQ c3=0
SELECT busy=14208
SELECT w0=14156
SELECT w1=6964
SELECT w2=8198
BUSY TASK ewma=997
DMA IRQ c0=0
DMA IRQ c1=2
DMA IRQ c2=0
DMA IRQ c3=0
SELECT busy=14220
SELECT w0=14168
SELECT w1=6968
SELECT w2=8203
BUSY TASK ewma=997
DMA IRQ c0=0
DMA IRQ c1=2
DMA IRQ c2=0
DMA IRQ c3=0
SELECT busy=14231
SELECT w0=14179
SELECT w1=6973
SELECT w2=8209
BUSY TASK ewma=997
DMA IRQ c0=0
DMA IRQ c1=2
DMA IRQ c2=0
DMA IRQ c3=0
SELECT busy=14242
SELECT w0=14190
SELECT w1=6977
SELECT w2=8214
BUSY TASK ewma=997
DMA IRQ c0=0
DMA IRQ c1=2
DMA IRQ c2=0
DMA IRQ c3=0
SELECT busy=14254
SELECT w0=14202
SELECT w1=6981
SELECT w2=8220
BUSY TASK ewma=997
DMA IRQ c0=0
DMA IRQ c1=2
DMA IRQ c2=0
DMA IRQ c3=0
SELECT busy=14265
SELECT w0=14213
SELECT w1=6986
SELECT w2=8225
BUSY TASK ewma=997
DMA IRQ c0=0
DMA IRQ c1=2
DMA IRQ c2=0
DMA IRQ c3=0
SELECT busy=14276
SELECT w0=14225
SELECT w1=6990
SELECT w2=8230
BUSY TASK ewma=997
DMA IRQ c0=0
DMA IRQ c1=2
DMA IRQ c2=0
DMA IRQ c3=0
SELECT busy=14288
SELECT w0=14236
SELECT w1=6995
SELECT w2=8236
BUSY TASK ewma=997
DMA IRQ c0=0
DMA IRQ c1=2
DMA IRQ c2=0
DMA IRQ c3=0
SELECT busy=14299
SELECT w0=14248
SELECT w1=6999
SELECT w2=8242
BUSY TASK ewma=997
DMA IRQ c0=0
DMA IRQ c1=2
DMA IRQ c2=0
DMA IRQ c3=0
SELECT busy=14311
SELECT w0=14259
SELECT w1=7004
SELECT w2=8247
BUSY TASK ewma=997
DMA IRQ c0=0
DMA IRQ c1=2
DMA IRQ c2=0
DMA IRQ c3=0
SELECT busy=14322
SELECT w0=14270
SELECT w1=7008
SELECT w2=8252
BUSY TASK ewma=997
DMA IRQ c0=0
DMA IRQ c1=2
DMA IRQ c2=0
DMA IRQ c3=0
SELECT busy=14334
SELECT w0=14282
SELECT w1=7012
SELECT w2=8258
BUSY TASK ewma=997
DMA IRQ c0=0
DMA IRQ c1=2
DMA IRQ c2=0
DMA IRQ c3=0
SELECT busy=14345
SELECT w0=14293
SELECT w1=7017
SELECT w2=8263
BUSY TASK ewma=997
DMA IRQ c0=0
DMA IRQ c1=2
DMA IRQ c2=0
DMA IRQ c3=0
SELECT busy=14356
SELECT w0=14304
SELECT w1=7021
SELECT w2=8268
BUSY TASK ewma=997
DMA IRQ c0=0
DMA IRQ c1=2
DMA IRQ c2=0
DMA IRQ c3=0
SELECT busy=14367
SELECT w0=14315
SELECT w1=7025
SELECT w2=8274
BUSY TASK ewma=997
DMA IRQ c0=0
DMA IRQ c1=2
DMA IRQ c2=0
DMA IRQ c3=0
SELECT busy=14377
SELECT w0=14325
SELECT w1=7029
SELECT w2=8279
BUSY TASK ewma=997
DMA IRQ c0=0
DMA IRQ c1=2
DMA IRQ c2=0
DMA IRQ c3=0
SELECT busy=14386
SELECT w0=14334
SELECT w1=7032
SELECT w2=8283
BUSY TASK ewma=997
DMA IRQ c0=0
DMA IRQ c1=2
DMA IRQ c2=0
DMA IRQ c3=0
SELECT busy=14395
SELECT w0=14343
SELECT w1=7036
SELECT w2=8287
BUSY TASK ewma=997
DMA IRQ c0=0
DMA IRQ c1=2
DMA IRQ c2=0
DMA IRQ c3=0
SELECT busy=14403
SELECT w0=14351
SELECT w1=7039
SELECT w2=8291
BUSY TASK ewma=997
DMA IRQ c0=0
DMA IRQ c1=2
DMA IRQ c2=0
DMA IRQ c3=0
SELECT busy=14412
SELECT w0=14360
SELECT w1=7042
SELECT w2=8295
BUSY TASK ewma=997
DMA IRQ c0=0
DMA IRQ c1=2
DMA IRQ c2=0
DMA IRQ c3=0
SELECT busy=14420
SELECT w0=14368
SELECT w1=7046
SELECT w2=8299
BUSY TASK ewma=997
DMA IRQ c0=0
DMA IRQ c1=2
DMA IRQ c2=0
DMA IRQ c3=0
SELECT busy=14429
SELECT w0=14377
SELECT w1=7049
SELECT w2=8303
BUSY TASK ewma=997
DMA IRQ c0=0
DMA IRQ c1=2
DMA IRQ c2=0
DMA IRQ c3=0
SELECT busy=14437
SELECT w0=14385
SELECT w1=7052
SELECT w2=8307
BUSY TASK ewma=997
DMA IRQ c0=0
DMA IRQ c1=2
DMA IRQ c2=0
DMA IRQ c3=0
SELECT busy=14446
SELECT w0=14394
SELECT w1=7056
SELECT w2=8311
BUSY TASK ewma=997
DMA IRQ c0=0
DMA IRQ c1=2
DMA IRQ c2=0
DMA IRQ c3=0
SELECT busy=14454
SELECT w0=14402
SELECT w1=7059
SELECT w2=8315
BUSY TASK ewma=997
DMA IRQ c0=0
DMA IRQ c1=2
DMA IRQ c2=0
DMA IRQ c3=0
SELECT busy=14463
SELECT w0=14411
SELECT w1=7062
SELECT w2=8319
BUSY TASK ewma=997
DMA IRQ c0=0
DMA IRQ c1=2
DMA IRQ c2=0
DMA IRQ c3=0
SELECT busy=14471
SELECT w0=14420
SELECT w1=7065
SELECT w2=8323
BUSY TASK ewma=997
DMA IRQ c0=0
DMA IRQ c1=2
DMA IRQ c2=0
DMA IRQ c3=0
SELECT busy=14480
SELECT w0=14428
SELECT w1=7069
SELECT w2=8327
BUSY TASK ewma=997
DMA IRQ c0=0
DMA IRQ c1=2
DMA IRQ c2=0
DMA IRQ c3=0
SELECT busy=14489
SELECT w0=14437
SELECT w1=7072
SELECT w2=8332
BUSY TASK ewma=997
DMA IRQ c0=0
DMA IRQ c1=2
DMA IRQ c2=0
DMA IRQ c3=0
SELECT busy=14498
SELECT w0=14447
SELECT w1=7076
SELECT w2=8336
BUSY TASK ewma=997
DMA IRQ c0=0
DMA IRQ c1=2
DMA IRQ c2=0
DMA IRQ c3=0
SELECT busy=14510
SELECT w0=14458
SELECT w1=7080
SELECT w2=8342
BUSY TASK ewma=997
DMA IRQ c0=0
DMA IRQ c1=2
DMA IRQ c2=0
DMA IRQ c3=0
SELECT busy=14521
SELECT w0=14469
SELECT w1=7084
SELECT w2=8347
BUSY TASK ewma=997
DMA IRQ c0=0
DMA IRQ c1=2
DMA IRQ c2=0
DMA IRQ c3=0
SELECT busy=14532
SELECT w0=14480
SELECT w1=7089
SELECT w2=8352
BUSY TASK ewma=997
DMA IRQ c0=0
DMA IRQ c1=2
DMA IRQ c2=0
DMA IRQ c3=0
SELECT busy=14543
SELECT w0=14491
SELECT w1=7093
SELECT w2=8358
BUSY TASK ewma=997
IRQ counts: cpu0=29031 cpu1=27959 cpu2=27751 cpu3=27305
SCHED secondaries: calls=83015 unexpected=0
SECTEST switches=82995 cpu1=456207836,456910864 cpu2=370300137,371326825 cpu3=597454770,600570660
PINGPONG rounds=2000 pongs=2000
DMA IRQ c0=0
DMA IRQ c1=2
DMA IRQ c2=0
DMA IRQ c3=0
SELECT busy=14557
SELECT w0=14505
SELECT w1=7098
SELECT w2=8364
BUSY TASK ewma=997
DMA IRQ c0=0
DMA IRQ c1=2
DMA IRQ c2=0
DMA IRQ c3=0
SELECT busy=14568
SELECT w0=14516
SELECT w1=7102
SELECT w2=8369
BUSY TASK ewma=997
DMA IRQ c0=0
DMA IRQ c1=2
DMA IRQ c2=0
DMA IRQ c3=0
SELECT busy=14579
SELECT w0=14527
SELECT w1=7107
SELECT w2=8375
BUSY TASK ewma=997
DMA IRQ c0=0
DMA IRQ c1=2
DMA IRQ c2=0
DMA IRQ c3=0
SELECT busy=14590
SELECT w0=14538
SELECT w1=7111
SELECT w2=8380
BUSY TASK ewma=997
DMA IRQ c0=0
DMA IRQ c1=2
DMA IRQ c2=0
DMA IRQ c3=0
SELECT busy=14601
SELECT w0=14549
SELECT w1=7115
SELECT w2=8386
BUSY TASK ewma=997
DMA IRQ c0=0
DMA IRQ c1=2
DMA IRQ c2=0
DMA IRQ c3=0
SELECT busy=14612
SELECT w0=14560
SELECT w1=7119
SELECT w2=8391
BUSY TASK ewma=997
DMA IRQ c0=0
DMA IRQ c1=2
DMA IRQ c2=0
DMA IRQ c3=0
SELECT busy=14622
SELECT w0=14570
SELECT w1=7123
SELECT w2=8396
BUSY TASK ewma=997
DMA IRQ c0=0
DMA IRQ c1=2
DMA IRQ c2=0
DMA IRQ c3=0
SELECT busy=14631
SELECT w0=14579
SELECT w1=7127
SELECT w2=8400
BUSY TASK ewma=997
DMA IRQ c0=0
DMA IRQ c1=2
DMA IRQ c2=0
DMA IRQ c3=0
SELECT busy=14640
SELECT w0=14588
SELECT w1=7130
SELECT w2=8404
BUSY TASK ewma=997
DMA IRQ c0=0
DMA IRQ c1=2
DMA IRQ c2=0
DMA IRQ c3=0
SELECT busy=14648
SELECT w0=14596
SELECT w1=7133
SELECT w2=8408
BUSY TASK ewma=997
DMA IRQ c0=0
DMA IRQ c1=2
DMA IRQ c2=0
DMA IRQ c3=0
SELECT busy=14657
SELECT w0=14605
SELECT w1=7137
SELECT w2=8412
BUSY TASK ewma=997
DMA IRQ c0=0
DMA IRQ c1=2
DMA IRQ c2=0
DMA IRQ c3=0
SELECT busy=14666
SELECT w0=14614
SELECT w1=7140
SELECT w2=8416
BUSY TASK ewma=997
DMA IRQ c0=0
DMA IRQ c1=2
DMA IRQ c2=0
DMA IRQ c3=0
SELECT busy=14674
SELECT w0=14622
SELECT w1=7143
SELECT w2=8420
BUSY TASK ewma=997
DMA IRQ c0=0
DMA IRQ c1=2
DMA IRQ c2=0
DMA IRQ c3=0
SELECT busy=14683
SELECT w0=14631
SELECT w1=7147
SELECT w2=8425
BUSY TASK ewma=997
DMA IRQ c0=0
DMA IRQ c1=2
DMA IRQ c2=0
DMA IRQ c3=0
SELECT busy=14692
SELECT w0=14640
SELECT w1=7150
SELECT w2=8429
BUSY TASK ewma=997
DMA IRQ c0=0
DMA IRQ c1=2
DMA IRQ c2=0
DMA IRQ c3=0
SELECT busy=14701
SELECT w0=14649
SELECT w1=7153
SELECT w2=8433
BUSY TASK ewma=997
DMA IRQ c0=0
DMA IRQ c1=2
DMA IRQ c2=0
DMA IRQ c3=0
SELECT busy=14710
SELECT w0=14658
SELECT w1=7157
SELECT w2=8437
BUSY TASK ewma=997
DMA IRQ c0=0
DMA IRQ c1=2
DMA IRQ c2=0
DMA IRQ c3=0
SELECT busy=14718
SELECT w0=14667
SELECT w1=7160
SELECT w2=8442
BUSY TASK ewma=997
DMA IRQ c0=0
DMA IRQ c1=2
DMA IRQ c2=0
DMA IRQ c3=0
SELECT busy=14727
SELECT w0=14675
SELECT w1=7163
SELECT w2=8445
BUSY TASK ewma=997
DMA IRQ c0=0
DMA IRQ c1=2
DMA IRQ c2=0
DMA IRQ c3=0
SELECT busy=14736
SELECT w0=14684
SELECT w1=7167
SELECT w2=8450
BUSY TASK ewma=997
DMA IRQ c0=0
DMA IRQ c1=2
DMA IRQ c2=0
DMA IRQ c3=0
SELECT busy=14745
SELECT w0=14694
SELECT w1=7170
SELECT w2=8454
BUSY TASK ewma=997
DMA IRQ c0=0
DMA IRQ c1=2
DMA IRQ c2=0
DMA IRQ c3=0
SELECT busy=14757
SELECT w0=14705
SELECT w1=7175
SELECT w2=8460
BUSY TASK ewma=997
DMA IRQ c0=0
DMA IRQ c1=2
DMA IRQ c2=0
DMA IRQ c3=0
SELECT busy=14768
SELECT w0=14716
SELECT w1=7179
SELECT w2=8465
BUSY TASK ewma=997
DMA IRQ c0=0
DMA IRQ c1=2
DMA IRQ c2=0
DMA IRQ c3=0
SELECT busy=14779
SELECT w0=14727
SELECT w1=7183
SELECT w2=8470
BUSY TASK ewma=997
DMA IRQ c0=0
DMA IRQ c1=2
DMA IRQ c2=0
DMA IRQ c3=0
SELECT busy=14790
SELECT w0=14738
SELECT w1=7188
SELECT w2=8476
BUSY TASK ewma=997
DMA IRQ c0=0
DMA IRQ c1=2
DMA IRQ c2=0
DMA IRQ c3=0
SELECT busy=14802
SELECT w0=14750
SELECT w1=7192
SELECT w2=8481
BUSY TASK ewma=997
DMA IRQ c0=0
DMA IRQ c1=2
DMA IRQ c2=0
DMA IRQ c3=0
SELECT busy=14813
SELECT w0=14761
SELECT w1=7196
SELECT w2=8486
BUSY TASK ewma=997
DMA IRQ c0=0
DMA IRQ c1=2
DMA IRQ c2=0
DMA IRQ c3=0
SELECT busy=14825
SELECT w0=14773
SELECT w1=7201
SELECT w2=8492
BUSY TASK ewma=997
DMA IRQ c0=0
DMA IRQ c1=2
DMA IRQ c2=0
DMA IRQ c3=0
SELECT busy=14836
SELECT w0=14784
SELECT w1=7205
SELECT w2=8497
BUSY TASK ewma=997
DMA IRQ c0=0
DMA IRQ c1=2
DMA IRQ c2=0
DMA IRQ c3=0
SELECT busy=14847
SELECT w0=14795
SELECT w1=7209
SELECT w2=8502
BUSY TASK ewma=997
DMA IRQ c0=0
DMA IRQ c1=2
DMA IRQ c2=0
DMA IRQ c3=0
SELECT busy=14856
SELECT w0=14804
SELECT w1=7213
SELECT w2=8507
BUSY TASK ewma=997
DMA IRQ c0=0
DMA IRQ c1=2
DMA IRQ c2=0
DMA IRQ c3=0
SELECT busy=14865
SELECT w0=14813
SELECT w1=7216
SELECT w2=8511
BUSY TASK ewma=997
DMA IRQ c0=0
DMA IRQ c1=2
DMA IRQ c2=0
DMA IRQ c3=0
SELECT busy=14873
SELECT w0=14821
SELECT w1=7219
SELECT w2=8515
BUSY TASK ewma=997
DMA IRQ c0=0
DMA IRQ c1=2
DMA IRQ c2=0
DMA IRQ c3=0
SELECT busy=14882
SELECT w0=14830
SELECT w1=7223
SELECT w2=8519
BUSY TASK ewma=997
DMA IRQ c0=0
DMA IRQ c1=2
DMA IRQ c2=0
DMA IRQ c3=0
SELECT busy=14891
SELECT w0=14839
SELECT w1=7226
SELECT w2=8523
BUSY TASK ewma=997
DMA IRQ c0=0
DMA IRQ c1=2
DMA IRQ c2=0
DMA IRQ c3=0
SELECT busy=14900
SELECT w0=14848
SELECT w1=7230
SELECT w2=8528
BUSY TASK ewma=997
DMA IRQ c0=0
DMA IRQ c1=2
DMA IRQ c2=0
DMA IRQ c3=0
SELECT busy=14911
SELECT w0=14860
SELECT w1=7234
SELECT w2=8533
BUSY TASK ewma=997
DMA IRQ c0=0
DMA IRQ c1=2
DMA IRQ c2=0
DMA IRQ c3=0
SELECT busy=14923
SELECT w0=14871
SELECT w1=7238
SELECT w2=8539
BUSY TASK ewma=997
DMA IRQ c0=0
DMA IRQ c1=2
DMA IRQ c2=0
DMA IRQ c3=0
SELECT busy=14935
SELECT w0=14883
SELECT w1=7243
SELECT w2=8545
BUSY TASK ewma=997
DMA IRQ c0=0
DMA IRQ c1=2
DMA IRQ c2=0
DMA IRQ c3=0
SELECT busy=14947
SELECT w0=14896
SELECT w1=7248
SELECT w2=8550
BUSY TASK ewma=997
DMA IRQ c0=0
DMA IRQ c1=2
DMA IRQ c2=0
DMA IRQ c3=0
SELECT busy=14960
SELECT w0=14908
SELECT w1=7252
SELECT w2=8556
BUSY TASK ewma=997
DMA IRQ c0=0
DMA IRQ c1=2
DMA IRQ c2=0
DMA IRQ c3=0
SELECT busy=14972
SELECT w0=14920
SELECT w1=7257
SELECT w2=8562
BUSY TASK ewma=997
DMA IRQ c0=0
DMA IRQ c1=2
DMA IRQ c2=0
DMA IRQ c3=0
SELECT busy=14984
SELECT w0=14932
SELECT w1=7262
SELECT w2=8568
BUSY TASK ewma=997
DMA IRQ c0=0
DMA IRQ c1=2
DMA IRQ c2=0
DMA IRQ c3=0
SELECT busy=14996
SELECT w0=14944
SELECT w1=7267
SELECT w2=8573
BUSY TASK ewma=997
DMA IRQ c0=0
DMA IRQ c1=2
DMA IRQ c2=0
DMA IRQ c3=0
SELECT busy=15008
SELECT w0=14956
SELECT w1=7271
SELECT w2=8579
BUSY TASK ewma=997
DMA IRQ c0=0
DMA IRQ c1=2
DMA IRQ c2=0
DMA IRQ c3=0
SELECT busy=15020
SELECT w0=14968
SELECT w1=7276
SELECT w2=8584
BUSY TASK ewma=997
DMA IRQ c0=0
DMA IRQ c1=2
DMA IRQ c2=0
DMA IRQ c3=0
SELECT busy=15031
SELECT w0=14979
SELECT w1=7280
SELECT w2=8590
BUSY TASK ewma=997
DMA IRQ c0=0
DMA IRQ c1=2
DMA IRQ c2=0
DMA IRQ c3=0
SELECT busy=15044
SELECT w0=14992
SELECT w1=7285
SELECT w2=8596
BUSY TASK ewma=997
DMA IRQ c0=0
DMA IRQ c1=2
DMA IRQ c2=0
DMA IRQ c3=0
SELECT busy=15056
SELECT w0=15004
SELECT w1=7290
SELECT w2=8602
BUSY TASK ewma=997
DMA IRQ c0=0
DMA IRQ c1=2
DMA IRQ c2=0
DMA IRQ c3=0
SELECT busy=15068
SELECT w0=15016
SELECT w1=7294
SELECT w2=8607
BUSY TASK ewma=997
DMA IRQ c0=0
DMA IRQ c1=2
DMA IRQ c2=0
DMA IRQ c3=0
SELECT busy=15080
SELECT w0=15028
SELECT w1=7299
SELECT w2=8613
BUSY TASK ewma=997
DMA IRQ c0=0
DMA IRQ c1=2
DMA IRQ c2=0
DMA IRQ c3=0
SELECT busy=15092
SELECT w0=15040
SELECT w1=7303
SELECT w2=8619
BUSY TASK ewma=997
DMA IRQ c0=0
DMA IRQ c1=2
DMA IRQ c2=0
DMA IRQ c3=0
SELECT busy=15103
SELECT w0=15051
SELECT w1=7308
SELECT w2=8624
BUSY TASK ewma=997
DMA IRQ c0=0
DMA IRQ c1=2
DMA IRQ c2=0
DMA IRQ c3=0
SELECT busy=15113
SELECT w0=15061
SELECT w1=7311
SELECT w2=8628
BUSY TASK ewma=997
DMA IRQ c0=0
DMA IRQ c1=2
DMA IRQ c2=0
DMA IRQ c3=0
SELECT busy=15121
SELECT w0=15069
SELECT w1=7315
SELECT w2=8632
BUSY TASK ewma=997
DMA IRQ c0=0
DMA IRQ c1=2
DMA IRQ c2=0
DMA IRQ c3=0
SELECT busy=15129
SELECT w0=15078
SELECT w1=7318
SELECT w2=8636
BUSY TASK ewma=997
DMA IRQ c0=0
DMA IRQ c1=2
DMA IRQ c2=0
DMA IRQ c3=0
SELECT busy=15138
SELECT w0=15086
SELECT w1=7321
SELECT w2=8640
BUSY TASK ewma=997
DMA IRQ c0=0
DMA IRQ c1=2
DMA IRQ c2=0
DMA IRQ c3=0
SELECT busy=15147
SELECT w0=15095
SELECT w1=7325
SELECT w2=8644
BUSY TASK ewma=997
DMA IRQ c0=0
DMA IRQ c1=2
DMA IRQ c2=0
DMA IRQ c3=0
SELECT busy=15155
SELECT w0=15103
SELECT w1=7328
SELECT w2=8648
BUSY TASK ewma=997
DMA IRQ c0=0
DMA IRQ c1=2
DMA IRQ c2=0
DMA IRQ c3=0
SELECT busy=15163
SELECT w0=15112
SELECT w1=7331
SELECT w2=8652
BUSY TASK ewma=997
DMA IRQ c0=0
DMA IRQ c1=2
DMA IRQ c2=0
DMA IRQ c3=0
SELECT busy=15172
SELECT w0=15120
SELECT w1=7334
SELECT w2=8657
BUSY TASK ewma=997
DMA IRQ c0=0
DMA IRQ c1=2
DMA IRQ c2=0
DMA IRQ c3=0
SELECT busy=15183
SELECT w0=15131
SELECT w1=7338
SELECT w2=8661
BUSY TASK ewma=997
DMA IRQ c0=0
DMA IRQ c1=2
DMA IRQ c2=0
DMA IRQ c3=0
SELECT busy=15195
SELECT w0=15143
SELECT w1=7343
SELECT w2=8667
BUSY TASK ewma=997
DMA IRQ c0=0
DMA IRQ c1=2
DMA IRQ c2=0
DMA IRQ c3=0
SELECT busy=15207
SELECT w0=15155
SELECT w1=7347
SELECT w2=8673
BUSY TASK ewma=997
IRQ counts: cpu0=30359 cpu1=29233 cpu2=29013 cpu3=28557
SCHED secondaries: calls=86803 unexpected=0
SECTEST switches=86784 cpu1=476574647,477168675 cpu2=386391257,387781551 cpu3=622018799,625063210
PINGPONG rounds=2000 pongs=2000
DMA IRQ c0=0
DMA IRQ c1=2
DMA IRQ c2=0
DMA IRQ c3=0
SELECT busy=15221
SELECT w0=15169
SELECT w1=7353
SELECT w2=8680
BUSY TASK ewma=997
DMA IRQ c0=0
DMA IRQ c1=2
DMA IRQ c2=0
DMA IRQ c3=0
SELECT busy=15232
SELECT w0=15181
SELECT w1=7357
SELECT w2=8685
BUSY TASK ewma=997
DMA IRQ c0=0
DMA IRQ c1=2
DMA IRQ c2=0
DMA IRQ c3=0
SELECT busy=15245
SELECT w0=15193
SELECT w1=7362
SELECT w2=8691
BUSY TASK ewma=997
DMA IRQ c0=0
DMA IRQ c1=2
DMA IRQ c2=0
DMA IRQ c3=0
SELECT busy=15257
SELECT w0=15205
SELECT w1=7367
SELECT w2=8697
BUSY TASK ewma=997
DMA IRQ c0=0
DMA IRQ c1=2
DMA IRQ c2=0
DMA IRQ c3=0
SELECT busy=15270
SELECT w0=15218
SELECT w1=7372
SELECT w2=8703
BUSY TASK ewma=997
DMA IRQ c0=0
DMA IRQ c1=2
DMA IRQ c2=0
DMA IRQ c3=0
SELECT busy=15287
SELECT w0=15236
SELECT w1=7379
SELECT w2=8712
BUSY TASK ewma=997
DMA IRQ c0=0
DMA IRQ c1=2
DMA IRQ c2=0
DMA IRQ c3=0
SELECT busy=15309
SELECT w0=15257
SELECT w1=7388
SELECT w2=8722
BUSY TASK ewma=997
DMA IRQ c0=0
DMA IRQ c1=2
DMA IRQ c2=0
DMA IRQ c3=0
SELECT busy=15321
SELECT w0=15269
SELECT w1=7392
SELECT w2=8728
BUSY TASK ewma=997
DMA IRQ c0=0
DMA IRQ c1=2
DMA IRQ c2=0
DMA IRQ c3=0
SELECT busy=15333
SELECT w0=15281
SELECT w1=7397
SELECT w2=8733
BUSY TASK ewma=997
DMA IRQ c0=0
DMA IRQ c1=2
DMA IRQ c2=0
DMA IRQ c3=0
SELECT busy=15344
SELECT w0=15292
SELECT w1=7401
SELECT w2=8739
BUSY TASK ewma=997
DMA IRQ c0=0
DMA IRQ c1=2
DMA IRQ c2=0
DMA IRQ c3=0
SELECT busy=15356
SELECT w0=15304
SELECT w1=7405
SELECT w2=8744
BUSY TASK ewma=997
DMA IRQ c0=0
DMA IRQ c1=2
DMA IRQ c2=0
DMA IRQ c3=0
SELECT busy=15367
SELECT w0=15315
SELECT w1=7410
SELECT w2=8749
BUSY TASK ewma=997
DMA IRQ c0=0
DMA IRQ c1=2
DMA IRQ c2=0
DMA IRQ c3=0
SELECT busy=15378
SELECT w0=15326
SELECT w1=7414
SELECT w2=8755
BUSY TASK ewma=997
DMA IRQ c0=0
DMA IRQ c1=2
DMA IRQ c2=0
DMA IRQ c3=0
SELECT busy=15390
SELECT w0=15338
SELECT w1=7418
SELECT w2=8760
BUSY TASK ewma=997
DMA IRQ c0=0
DMA IRQ c1=2
DMA IRQ c2=0
DMA IRQ c3=0
SELECT busy=15401
SELECT w0=15349
SELECT w1=7422
SELECT w2=8765
BUSY TASK ewma=997
DMA IRQ c0=0
DMA IRQ c1=2
DMA IRQ c2=0
DMA IRQ c3=0
SELECT busy=15412
SELECT w0=15360
SELECT w1=7427
SELECT w2=8771
BUSY TASK ewma=997
DMA IRQ c0=0
DMA IRQ c1=2
DMA IRQ c2=0
DMA IRQ c3=0
SELECT busy=15423
SELECT w0=15371
SELECT w1=7431
SELECT w2=8776
BUSY TASK ewma=997
DMA IRQ c0=0
DMA IRQ c1=2
DMA IRQ c2=0
DMA IRQ c3=0
SELECT busy=15434
SELECT w0=15382
SELECT w1=7435
SELECT w2=8781
BUSY TASK ewma=997
DMA IRQ c0=0
DMA IRQ c1=2
DMA IRQ c2=0
DMA IRQ c3=0
SELECT busy=15443
SELECT w0=15391
SELECT w1=7439
SELECT w2=8785
BUSY TASK ewma=997
DMA IRQ c0=0
DMA IRQ c1=2
DMA IRQ c2=0
DMA IRQ c3=0
SELECT busy=15451
SELECT w0=15399
SELECT w1=7442
SELECT w2=8789
BUSY TASK ewma=997
DMA IRQ c0=0
DMA IRQ c1=2
DMA IRQ c2=0
DMA IRQ c3=0
SELECT busy=15460
SELECT w0=15408
SELECT w1=7445
SELECT w2=8793
BUSY TASK ewma=997
DMA IRQ c0=0
DMA IRQ c1=2
DMA IRQ c2=0
DMA IRQ c3=0
SELECT busy=15471
SELECT w0=15419
SELECT w1=7449
SELECT w2=8799
BUSY TASK ewma=997
DMA IRQ c0=0
DMA IRQ c1=2
DMA IRQ c2=0
DMA IRQ c3=0
SELECT busy=15482
SELECT w0=15430
SELECT w1=7454
SELECT w2=8804
BUSY TASK ewma=997
DMA IRQ c0=0
DMA IRQ c1=2
DMA IRQ c2=0
DMA IRQ c3=0
SELECT busy=15493
SELECT w0=15442
SELECT w1=7458
SELECT w2=8809
BUSY TASK ewma=997
DMA IRQ c0=0
DMA IRQ c1=2
DMA IRQ c2=0
DMA IRQ c3=0
SELECT busy=15505
SELECT w0=15453
SELECT w1=7462
SELECT w2=8815
BUSY TASK ewma=997
DMA IRQ c0=0
DMA IRQ c1=2
DMA IRQ c2=0
DMA IRQ c3=0
SELECT busy=15516
SELECT w0=15464
SELECT w1=7467
SELECT w2=8820
BUSY TASK ewma=997
DMA IRQ c0=0
DMA IRQ c1=2
DMA IRQ c2=0
DMA IRQ c3=0
SELECT busy=15527
SELECT w0=15475
SELECT w1=7471
SELECT w2=8825
BUSY TASK ewma=997
DMA IRQ c0=0
DMA IRQ c1=2
DMA IRQ c2=0
DMA IRQ c3=0
SELECT busy=15538
SELECT w0=15486
SELECT w1=7475
SELECT w2=8831
BUSY TASK ewma=997
DMA IRQ c0=0
DMA IRQ c1=2
DMA IRQ c2=0
DMA IRQ c3=0
SELECT busy=15550
SELECT w0=15498
SELECT w1=7480
SELECT w2=8836
BUSY TASK ewma=997
DMA IRQ c0=0
DMA IRQ c1=2
DMA IRQ c2=0
DMA IRQ c3=0
SELECT busy=15561
SELECT w0=15509
SELECT w1=7484
SELECT w2=8842
BUSY TASK ewma=997
DMA IRQ c0=0
DMA IRQ c1=2
DMA IRQ c2=0
DMA IRQ c3=0
SELECT busy=15572
SELECT w0=15520
SELECT w1=7488
SELECT w2=8847
BUSY TASK ewma=997
DMA IRQ c0=0
DMA IRQ c1=2
DMA IRQ c2=0
DMA IRQ c3=0
SELECT busy=15583
SELECT w0=15531
SELECT w1=7492
SELECT w2=8852
BUSY TASK ewma=997
DMA IRQ c0=0
DMA IRQ c1=2
DMA IRQ c2=0
DMA IRQ c3=0
SELECT busy=15594
SELECT w0=15542
SELECT w1=7497
SELECT w2=8858
BUSY TASK ewma=997
DMA IRQ c0=0
DMA IRQ c1=2
DMA IRQ c2=0
DMA IRQ c3=0
SELECT busy=15605
SELECT w0=15553
SELECT w1=7501
SELECT w2=8863
BUSY TASK ewma=997
DMA IRQ c0=0
DMA IRQ c1=2
DMA IRQ c2=0
DMA IRQ c3=0
SELECT busy=15617
SELECT w0=15565
SELECT w1=7505
SELECT w2=8869
BUSY TASK ewma=997
DMA IRQ c0=0
DMA IRQ c1=2
DMA IRQ c2=0
DMA IRQ c3=0
SELECT busy=15628
SELECT w0=15577
SELECT w1=7510
SELECT w2=8874
BUSY TASK ewma=997
DMA IRQ c0=0
DMA IRQ c1=2
DMA IRQ c2=0
DMA IRQ c3=0
SELECT busy=15640
SELECT w0=15588
SELECT w1=7514
SELECT w2=8879
BUSY TASK ewma=997
DMA IRQ c0=0
DMA IRQ c1=2
DMA IRQ c2=0
DMA IRQ c3=0
SELECT busy=15651
SELECT w0=15599
SELECT w1=7518
SELECT w2=8884
BUSY TASK ewma=997
DMA IRQ c0=0
DMA IRQ c1=2
DMA IRQ c2=0
DMA IRQ c3=0
SELECT busy=15662
SELECT w0=15610
SELECT w1=7523
SELECT w2=8890
BUSY TASK ewma=997
DMA IRQ c0=0
DMA IRQ c1=2
DMA IRQ c2=0
DMA IRQ c3=0
SELECT busy=15673
SELECT w0=15621
SELECT w1=7527
SELECT w2=8896
BUSY TASK ewma=997
DMA IRQ c0=0
DMA IRQ c1=2
DMA IRQ c2=0
DMA IRQ c3=0
SELECT busy=15684
SELECT w0=15633
SELECT w1=7532
SELECT w2=8901
BUSY TASK ewma=997
DMA IRQ c0=0
DMA IRQ c1=2
DMA IRQ c2=0
DMA IRQ c3=0
SELECT busy=15695
SELECT w0=15644
SELECT w1=7536
SELECT w2=8906
BUSY TASK ewma=997
DMA IRQ c0=0
DMA IRQ c1=2
DMA IRQ c2=0
DMA IRQ c3=0
SELECT busy=15707
SELECT w0=15655
SELECT w1=7540
SELECT w2=8912
BUSY TASK ewma=997
DMA IRQ c0=0
DMA IRQ c1=2
DMA IRQ c2=0
DMA IRQ c3=0
SELECT busy=15718
SELECT w0=15666
SELECT w1=7544
SELECT w2=8917
BUSY TASK ewma=997
DMA IRQ c0=0
DMA IRQ c1=2
DMA IRQ c2=0
DMA IRQ c3=0
SELECT busy=15729
SELECT w0=15677
SELECT w1=7549
SELECT w2=8922
BUSY TASK ewma=997
DMA IRQ c0=0
DMA IRQ c1=2
DMA IRQ c2=0
DMA IRQ c3=0
SELECT busy=15737
SELECT w0=15685
SELECT w1=7552
SELECT w2=8926
BUSY TASK ewma=997
DMA IRQ c0=0
DMA IRQ c1=2
DMA IRQ c2=0
DMA IRQ c3=0
SELECT busy=15746
SELECT w0=15694
SELECT w1=7555
SELECT w2=8930
BUSY TASK ewma=997
DMA IRQ c0=0
DMA IRQ c1=2
DMA IRQ c2=0
DMA IRQ c3=0
SELECT busy=15754
SELECT w0=15702
SELECT w1=7559
SELECT w2=8934
BUSY TASK ewma=997
DMA IRQ c0=0
DMA IRQ c1=2
DMA IRQ c2=0
DMA IRQ c3=0
SELECT busy=15763
SELECT w0=15711
SELECT w1=7562
SELECT w2=8938
BUSY TASK ewma=997
DMA IRQ c0=0
DMA IRQ c1=2
DMA IRQ c2=0
DMA IRQ c3=0
SELECT busy=15771
SELECT w0=15720
SELECT w1=7565
SELECT w2=8942
BUSY TASK ewma=997
DMA IRQ c0=0
DMA IRQ c1=2
DMA IRQ c2=0
DMA IRQ c3=0
SELECT busy=15780
SELECT w0=15728
SELECT w1=7568
SELECT w2=8946
BUSY TASK ewma=997
DMA IRQ c0=0
DMA IRQ c1=2
DMA IRQ c2=0
DMA IRQ c3=0
SELECT busy=15788
SELECT w0=15736
SELECT w1=7571
SELECT w2=8950
BUSY TASK ewma=997
DMA IRQ c0=0
DMA IRQ c1=2
DMA IRQ c2=0
DMA IRQ c3=0
SELECT busy=15797
SELECT w0=15745
SELECT w1=7575
SELECT w2=8954
BUSY TASK ewma=997
DMA IRQ c0=0
DMA IRQ c1=2
DMA IRQ c2=0
DMA IRQ c3=0
SELECT busy=15805
SELECT w0=15753
SELECT w1=7578
SELECT w2=8958
BUSY TASK ewma=997
DMA IRQ c0=0
DMA IRQ c1=2
DMA IRQ c2=0
DMA IRQ c3=0
SELECT busy=15814
SELECT w0=15762
SELECT w1=7581
SELECT w2=8963
BUSY TASK ewma=997
DMA IRQ c0=0
DMA IRQ c1=2
DMA IRQ c2=0
DMA IRQ c3=0
SELECT busy=15822
SELECT w0=15770
SELECT w1=7585
SELECT w2=8967
BUSY TASK ewma=997
DMA IRQ c0=0
DMA IRQ c1=2
DMA IRQ c2=0
DMA IRQ c3=0
SELECT busy=15831
SELECT w0=15779
SELECT w1=7588
SELECT w2=8971
BUSY TASK ewma=997
DMA IRQ c0=0
DMA IRQ c1=2
DMA IRQ c2=0
DMA IRQ c3=0
SELECT busy=15839
SELECT w0=15787
SELECT w1=7591
SELECT w2=8975
BUSY TASK ewma=997
DMA IRQ c0=0
DMA IRQ c1=2
DMA IRQ c2=0
DMA IRQ c3=0
SELECT busy=15848
SELECT w0=15796
SELECT w1=7594
SELECT w2=8979
BUSY TASK ewma=997
DMA IRQ c0=0
DMA IRQ c1=2
DMA IRQ c2=0
DMA IRQ c3=0
SELECT busy=15857
SELECT w0=15805
SELECT w1=7598
SELECT w2=8983
BUSY TASK ewma=997
DMA IRQ c0=0
DMA IRQ c1=2
DMA IRQ c2=0
DMA IRQ c3=0
SELECT busy=15866
SELECT w0=15814
SELECT w1=7601
SELECT w2=8987
BUSY TASK ewma=997
DMA IRQ c0=0
DMA IRQ c1=2
DMA IRQ c2=0
DMA IRQ c3=0
SELECT busy=15874
SELECT w0=15823
SELECT w1=7605
SELECT w2=8991
BUSY TASK ewma=997
DMA IRQ c0=0
DMA IRQ c1=2
DMA IRQ c2=0
DMA IRQ c3=0
SELECT busy=15883
SELECT w0=15831
SELECT w1=7608
SELECT w2=8995
BUSY TASK ewma=997
DMA IRQ c0=0
DMA IRQ c1=2
DMA IRQ c2=0
DMA IRQ c3=0
SELECT busy=15892
SELECT w0=15840
SELECT w1=7611
SELECT w2=8999
BUSY TASK ewma=997
IRQ counts: cpu0=31721 cpu1=30545 cpu2=30312 cpu3=29841
SCHED secondaries: calls=90698 unexpected=0
SECTEST switches=90677 cpu1=497152894,498350474 cpu2=403643427,405659955 cpu3=646471316,649554854
PINGPONG rounds=2000 pongs=2000
DMA IRQ c0=0
DMA IRQ c1=2
DMA IRQ c2=0
DMA IRQ c3=0
SELECT busy=15901
SELECT w0=15849
SELECT w1=7615
SELECT w2=9004
BUSY TASK ewma=997
DMA IRQ c0=0
DMA IRQ c1=2
DMA IRQ c2=0
DMA IRQ c3=0
SELECT busy=15910
SELECT w0=15858
SELECT w1=7618
SELECT w2=9008
BUSY TASK ewma=997
DMA IRQ c0=0
DMA IRQ c1=2
DMA IRQ c2=0
DMA IRQ c3=0
SELECT busy=15918
SELECT w0=15866
SELECT w1=7622
SELECT w2=9013
BUSY TASK ewma=997
DMA IRQ c0=0
DMA IRQ c1=2
DMA IRQ c2=0
DMA IRQ c3=0
SELECT busy=15927
SELECT w0=15875
SELECT w1=7625
SELECT w2=9017
BUSY TASK ewma=997
DMA IRQ c0=0
DMA IRQ c1=2
DMA IRQ c2=0
DMA IRQ c3=0
SELECT busy=15935
SELECT w0=15883
SELECT w1=7628
SELECT w2=9021
BUSY TASK ewma=997
DMA IRQ c0=0
DMA IRQ c1=2
DMA IRQ c2=0
DMA IRQ c3=0
SELECT busy=15944
SELECT w0=15892
SELECT w1=7632
SELECT w2=9025
BUSY TASK ewma=997
DMA IRQ c0=0
DMA IRQ c1=2
DMA IRQ c2=0
DMA IRQ c3=0
SELECT busy=15952
SELECT w0=15900
SELECT w1=7635
SELECT w2=9029
BUSY TASK ewma=997
DMA IRQ c0=0
DMA IRQ c1=2
DMA IRQ c2=0
DMA IRQ c3=0
SELECT busy=15961
SELECT w0=15909
SELECT w1=7638
SELECT w2=9033
BUSY TASK ewma=997
DMA IRQ c0=0
DMA IRQ c1=2
DMA IRQ c2=0
DMA IRQ c3=0
SELECT busy=15969
SELECT w0=15917
SELECT w1=7641
SELECT w2=9037
BUSY TASK ewma=997
DMA IRQ c0=0
DMA IRQ c1=2
DMA IRQ c2=0
DMA IRQ c3=0
SELECT busy=15978
SELECT w0=15926
SELECT w1=7645
SELECT w2=9041
BUSY TASK ewma=997
DMA IRQ c0=0
DMA IRQ c1=2
DMA IRQ c2=0
DMA IRQ c3=0
SELECT busy=15986
SELECT w0=15935
SELECT w1=7648
SELECT w2=9045
BUSY TASK ewma=997
DMA IRQ c0=0
DMA IRQ c1=2
DMA IRQ c2=0
DMA IRQ c3=0
SELECT busy=15995
SELECT w0=15943
SELECT w1=7651
SELECT w2=9049
BUSY TASK ewma=997
DMA IRQ c0=0
DMA IRQ c1=2
DMA IRQ c2=0
DMA IRQ c3=0
SELECT busy=16004
SELECT w0=15952
SELECT w1=7654
SELECT w2=9053
BUSY TASK ewma=997
DMA IRQ c0=0
DMA IRQ c1=2
DMA IRQ c2=0
DMA IRQ c3=0
SELECT busy=16012
SELECT w0=15960
SELECT w1=7658
SELECT w2=9057
BUSY TASK ewma=997
DMA IRQ c0=0
DMA IRQ c1=2
DMA IRQ c2=0
DMA IRQ c3=0
SELECT busy=16021
SELECT w0=15969
SELECT w1=7661
SELECT w2=9061
BUSY TASK ewma=997
DMA IRQ c0=0
DMA IRQ c1=2
DMA IRQ c2=0
DMA IRQ c3=0
SELECT busy=16029
SELECT w0=15977
SELECT w1=7664
SELECT w2=9065
BUSY TASK ewma=997
DMA IRQ c0=0
DMA IRQ c1=2
DMA IRQ c2=0
DMA IRQ c3=0
SELECT busy=16038
SELECT w0=15986
SELECT w1=7667
SELECT w2=9069
BUSY TASK ewma=997
DMA IRQ c0=0
DMA IRQ c1=2
DMA IRQ c2=0
DMA IRQ c3=0
SELECT busy=16046
SELECT w0=15994
SELECT w1=7671
SELECT w2=9073
BUSY TASK ewma=997
DMA IRQ c0=0
DMA IRQ c1=2
DMA IRQ c2=0
DMA IRQ c3=0
SELECT busy=16055
SELECT w0=16003
SELECT w1=7674
SELECT w2=9077
BUSY TASK ewma=997
DMA IRQ c0=0
DMA IRQ c1=2
DMA IRQ c2=0
DMA IRQ c3=0
SELECT busy=16063
SELECT w0=16011
SELECT w1=7677
SELECT w2=9081
BUSY TASK ewma=997
DMA IRQ c0=0
DMA IRQ c1=2
DMA IRQ c2=0
DMA IRQ c3=0
SELECT busy=16072
SELECT w0=16020
SELECT w1=7681
SELECT w2=9086
BUSY TASK ewma=997
DMA IRQ c0=0
DMA IRQ c1=2
DMA IRQ c2=0
DMA IRQ c3=0
SELECT busy=16080
SELECT w0=16028
SELECT w1=7684
SELECT w2=9090
BUSY TASK ewma=997
DMA IRQ c0=0
DMA IRQ c1=2
DMA IRQ c2=0
DMA IRQ c3=0
SELECT busy=16089
SELECT w0=16037
SELECT w1=7687
SELECT w2=9094
BUSY TASK ewma=997
DMA IRQ c0=0
DMA IRQ c1=2
DMA IRQ c2=0
DMA IRQ c3=0
SELECT busy=16097
SELECT w0=16045
SELECT w1=7690
SELECT w2=9098
BUSY TASK ewma=997
DMA IRQ c0=0
DMA IRQ c1=2
DMA IRQ c2=0
DMA IRQ c3=0
SELECT busy=16106
SELECT w0=16054
SELECT w1=7694
SELECT w2=9102
BUSY TASK ewma=997
DMA IRQ c0=0
DMA IRQ c1=2
DMA IRQ c2=0
DMA IRQ c3=0
SELECT busy=16114
SELECT w0=16062
SELECT w1=7697
SELECT w2=9106
BUSY TASK ewma=997
DMA IRQ c0=0
DMA IRQ c1=2
DMA IRQ c2=0
DMA IRQ c3=0
SELECT busy=16123
SELECT w0=16071
SELECT w1=7700
SELECT w2=9110
BUSY TASK ewma=997
DMA IRQ c0=0
DMA IRQ c1=2
DMA IRQ c2=0
DMA IRQ c3=0
SELECT busy=16131
SELECT w0=16079
SELECT w1=7704
SELECT w2=9114
BUSY TASK ewma=997
DMA IRQ c0=0
DMA IRQ c1=2
DMA IRQ c2=0
DMA IRQ c3=0
SELECT busy=16140
SELECT w0=16088
SELECT w1=7707
SELECT w2=9118
BUSY TASK ewma=997
DMA IRQ c0=0
DMA IRQ c1=2
DMA IRQ c2=0
DMA IRQ c3=0
SELECT busy=16149
SELECT w0=16097
SELECT w1=7710
SELECT w2=9122
BUSY TASK ewma=997
DMA IRQ c0=0
DMA IRQ c1=2
DMA IRQ c2=0
DMA IRQ c3=0
SELECT busy=16157
SELECT w0=16105
SELECT w1=7713
SELECT w2=9126
BUSY TASK ewma=997
DMA IRQ c0=0
DMA IRQ c1=2
DMA IRQ c2=0
DMA IRQ c3=0
SELECT busy=16166
SELECT w0=16114
SELECT w1=7717
SELECT w2=9131
BUSY TASK ewma=997
DMA IRQ c0=0
DMA IRQ c1=2
DMA IRQ c2=0
DMA IRQ c3=0
SELECT busy=16174
SELECT w0=16122
SELECT w1=7720
SELECT w2=9135
BUSY TASK ewma=997
DMA IRQ c0=0
DMA IRQ c1=2
DMA IRQ c2=0
DMA IRQ c3=0
SELECT busy=16183
SELECT w0=16131
SELECT w1=7723
SELECT w2=9139
BUSY TASK ewma=997
DMA IRQ c0=0
DMA IRQ c1=2
DMA IRQ c2=0
DMA IRQ c3=0
SELECT busy=16192
SELECT w0=16140
SELECT w1=7727
SELECT w2=9143
BUSY TASK ewma=997
DMA IRQ c0=0
DMA IRQ c1=2
DMA IRQ c2=0
DMA IRQ c3=0
SELECT busy=16200
SELECT w0=16148
SELECT w1=7730
SELECT w2=9147
BUSY TASK ewma=997
DMA IRQ c0=0
DMA IRQ c1=2
DMA IRQ c2=0
DMA IRQ c3=0
SELECT busy=16209
SELECT w0=16157
SELECT w1=7733
SELECT w2=9151
BUSY TASK ewma=997
DMA IRQ c0=0
DMA IRQ c1=2
DMA IRQ c2=0
DMA IRQ c3=0
SELECT busy=16217
SELECT w0=16165
SELECT w1=7737
SELECT w2=9155
BUSY TASK ewma=997
DMA IRQ c0=0
DMA IRQ c1=2
DMA IRQ c2=0
DMA IRQ c3=0
SELECT busy=16226
SELECT w0=16174
SELECT w1=7740
SELECT w2=9160
BUSY TASK ewma=997
DMA IRQ c0=0
DMA IRQ c1=2
DMA IRQ c2=0
DMA IRQ c3=0
SELECT busy=16235
SELECT w0=16183
SELECT w1=7744
SELECT w2=9164
BUSY TASK ewma=997
DMA IRQ c0=0
DMA IRQ c1=2
DMA IRQ c2=0
DMA IRQ c3=0
SELECT busy=16244
SELECT w0=16192
SELECT w1=7747
SELECT w2=9169
BUSY TASK ewma=997
DMA IRQ c0=0
DMA IRQ c1=2
DMA IRQ c2=0
DMA IRQ c3=0
SELECT busy=16255
SELECT w0=16203
SELECT w1=7751
SELECT w2=9174
BUSY TASK ewma=997
DMA IRQ c0=0
DMA IRQ c1=2
DMA IRQ c2=0
DMA IRQ c3=0
SELECT busy=16266
SELECT w0=16214
SELECT w1=7756
SELECT w2=9180
BUSY TASK ewma=997
DMA IRQ c0=0
DMA IRQ c1=2
DMA IRQ c2=0
DMA IRQ c3=0
SELECT busy=16278
SELECT w0=16226
SELECT w1=7760
SELECT w2=9185
BUSY TASK ewma=997
DMA IRQ c0=0
DMA IRQ c1=2
DMA IRQ c2=0
DMA IRQ c3=0
SELECT busy=16289
SELECT w0=16237
SELECT w1=7764
SELECT w2=9190
BUSY TASK ewma=997
DMA IRQ c0=0
DMA IRQ c1=2
DMA IRQ c2=0
DMA IRQ c3=0
SELECT busy=16300
SELECT w0=16248
SELECT w1=7769
SELECT w2=9195
BUSY TASK ewma=997
DMA IRQ c0=0
DMA IRQ c1=2
DMA IRQ c2=0
DMA IRQ c3=0
SELECT busy=16309
SELECT w0=16257
SELECT w1=7772
SELECT w2=9200
BUSY TASK ewma=997
DMA IRQ c0=0
DMA IRQ c1=2
DMA IRQ c2=0
DMA IRQ c3=0
SELECT busy=16317
SELECT w0=16265
SELECT w1=7776
SELECT w2=9204
BUSY TASK ewma=997
DMA IRQ c0=0
DMA IRQ c1=2
DMA IRQ c2=0
DMA IRQ c3=0
SELECT busy=16326
SELECT w0=16274
SELECT w1=7779
SELECT w2=9208
BUSY TASK ewma=997
DMA IRQ c0=0
DMA IRQ c1=2
DMA IRQ c2=0
DMA IRQ c3=0
SELECT busy=16335
SELECT w0=16283
SELECT w1=7782
SELECT w2=9212
BUSY TASK ewma=997
DMA IRQ c0=0
DMA IRQ c1=2
DMA IRQ c2=0
DMA IRQ c3=0
SELECT busy=16343
SELECT w0=16292
SELECT w1=7786
SELECT w2=9216
BUSY TASK ewma=997
DMA IRQ c0=0
DMA IRQ c1=2
DMA IRQ c2=0
DMA IRQ c3=0
SELECT busy=16352
SELECT w0=16300
SELECT w1=7789
SELECT w2=9220
BUSY TASK ewma=997
DMA IRQ c0=0
DMA IRQ c1=2
DMA IRQ c2=0
DMA IRQ c3=0
SELECT busy=16361
SELECT w0=16309
SELECT w1=7792
SELECT w2=9225
BUSY TASK ewma=997
DMA IRQ c0=0
DMA IRQ c1=2
DMA IRQ c2=0
DMA IRQ c3=0
SELECT busy=16369
SELECT w0=16317
SELECT w1=7795
SELECT w2=9229
BUSY TASK ewma=997
DMA IRQ c0=0
DMA IRQ c1=2
DMA IRQ c2=0
DMA IRQ c3=0
SELECT busy=16378
SELECT w0=16326
SELECT w1=7799
SELECT w2=9233
BUSY TASK ewma=997
DMA IRQ c0=0
DMA IRQ c1=2
DMA IRQ c2=0
DMA IRQ c3=0
SELECT busy=16386
SELECT w0=16334
SELECT w1=7802
SELECT w2=9237
BUSY TASK ewma=997
DMA IRQ c0=0
DMA IRQ c1=2
DMA IRQ c2=0
DMA IRQ c3=0
SELECT busy=16395
SELECT w0=16343
SELECT w1=7805
SELECT w2=9241
BUSY TASK ewma=997
DMA IRQ c0=0
DMA IRQ c1=2
DMA IRQ c2=0
DMA IRQ c3=0
SELECT busy=16404
SELECT w0=16352
SELECT w1=7809
SELECT w2=9245
BUSY TASK ewma=997
DMA IRQ c0=0
DMA IRQ c1=2
DMA IRQ c2=0
DMA IRQ c3=0
SELECT busy=16412
SELECT w0=16360
SELECT w1=7812
SELECT w2=9249
BUSY TASK ewma=997
DMA IRQ c0=0
DMA IRQ c1=2
DMA IRQ c2=0
DMA IRQ c3=0
SELECT busy=16421
SELECT w0=16369
SELECT w1=7816
SELECT w2=9253
BUSY TASK ewma=997
DMA IRQ c0=0
DMA IRQ c1=2
DMA IRQ c2=0
DMA IRQ c3=0
SELECT busy=16430
SELECT w0=16378
SELECT w1=7819
SELECT w2=9257
BUSY TASK ewma=997
DMA IRQ c0=0
DMA IRQ c1=2
DMA IRQ c2=0
DMA IRQ c3=0
SELECT busy=16438
SELECT w0=16386
SELECT w1=7822
SELECT w2=9262
BUSY TASK ewma=997
DMA IRQ c0=0
DMA IRQ c1=2
DMA IRQ c2=0
DMA IRQ c3=0
SELECT busy=16447
SELECT w0=16395
SELECT w1=7826
SELECT w2=9266
BUSY TASK ewma=997
DMA IRQ c0=0
DMA IRQ c1=2
DMA IRQ c2=0
DMA IRQ c3=0
SELECT busy=16455
SELECT w0=16404
SELECT w1=7829
SELECT w2=9270
BUSY TASK ewma=997
IRQ counts: cpu0=32849 cpu1=31634 cpu2=31394 cpu3=30907
SCHED secondaries: calls=93935 unexpected=0
SECTEST switches=93914 cpu1=517457417,518130501 cpu2=420107638,422182045 cpu3=670408828,673371001
PINGPONG rounds=2000 pongs=2000
DMA IRQ c0=0
DMA IRQ c1=2
DMA IRQ c2=0
DMA IRQ c3=0
SELECT busy=16465
SELECT w0=16413
SELECT w1=7833
SELECT w2=9275
BUSY TASK ewma=997
DMA IRQ c0=0
DMA IRQ c1=2
DMA IRQ c2=0
DMA IRQ c3=0
SELECT busy=16474
SELECT w0=16422
SELECT w1=7836
SELECT w2=9279
BUSY TASK ewma=997
DMA IRQ c0=0
DMA IRQ c1=2
DMA IRQ c2=0
DMA IRQ c3=0
SELECT busy=16482
SELECT w0=16431
SELECT w1=7839
SELECT w2=9283
BUSY TASK ewma=997
DMA IRQ c0=0
DMA IRQ c1=2
DMA IRQ c2=0
DMA IRQ c3=0
SELECT busy=16492
SELECT w0=16440
SELECT w1=7843
SELECT w2=9288
BUSY TASK ewma=997
DMA IRQ c0=0
DMA IRQ c1=2
DMA IRQ c2=0
DMA IRQ c3=0
SELECT busy=16501
SELECT w0=16449
SELECT w1=7846
SELECT w2=9292
BUSY TASK ewma=997
DMA IRQ c0=0
DMA IRQ c1=2
DMA IRQ c2=0
DMA IRQ c3=0
SELECT busy=16509
SELECT w0=16458
SELECT w1=7850
SELECT w2=9296
BUSY TASK ewma=997
DMA IRQ c0=0
DMA IRQ c1=2
DMA IRQ c2=0
DMA IRQ c3=0
SELECT busy=16518
SELECT w0=16466
SELECT w1=7853
SELECT w2=9300
BUSY TASK ewma=997
DMA IRQ c0=0
DMA IRQ c1=2
DMA IRQ c2=0
DMA IRQ c3=0
SELECT busy=16527
SELECT w0=16475
SELECT w1=7856
SELECT w2=9304
BUSY TASK ewma=997
DMA IRQ c0=0
DMA IRQ c1=2
DMA IRQ c2=0
DMA IRQ c3=0
SELECT busy=16535
SELECT w0=16483
SELECT w1=7860
SELECT w2=9308
BUSY TASK ewma=997
DMA IRQ c0=0
DMA IRQ c1=2
DMA IRQ c2=0
DMA IRQ c3=0
SELECT busy=16544
SELECT w0=16492
SELECT w1=7863
SELECT w2=9312
BUSY TASK ewma=997
DMA IRQ c0=0
DMA IRQ c1=2
DMA IRQ c2=0
DMA IRQ c3=0
SELECT busy=16553
SELECT w0=16501
SELECT w1=7867
SELECT w2=9316
BUSY TASK ewma=997
DMA IRQ c0=0
DMA IRQ c1=2
DMA IRQ c2=0
DMA IRQ c3=0
SELECT busy=16562
SELECT w0=16510
SELECT w1=7870
SELECT w2=9321
BUSY TASK ewma=997
DMA IRQ c0=0
DMA IRQ c1=2
DMA IRQ c2=0
DMA IRQ c3=0
SELECT busy=16571
SELECT w0=16519
SELECT w1=7873
SELECT w2=9325
BUSY TASK ewma=997
DMA IRQ c0=0
DMA IRQ c1=2
DMA IRQ c2=0
DMA IRQ c3=0
SELECT busy=16580
SELECT w0=16528
SELECT w1=7877
SELECT w2=9329
BUSY TASK ewma=997
DMA IRQ c0=0
DMA IRQ c1=2
DMA IRQ c2=0
DMA IRQ c3=0
SELECT busy=16589
SELECT w0=16537
SELECT w1=7880
SELECT w2=9333
BUSY TASK ewma=997
DMA IRQ c0=0
DMA IRQ c1=2
DMA IRQ c2=0
DMA IRQ c3=0
SELECT busy=16598
SELECT w0=16546
SELECT w1=7884
SELECT w2=9338
BUSY TASK ewma=997
DMA IRQ c0=0
DMA IRQ c1=2
DMA IRQ c2=0
DMA IRQ c3=0
SELECT busy=16607
SELECT w0=16556
SELECT w1=7887
SELECT w2=9342
BUSY TASK ewma=997
DMA IRQ c0=0
DMA IRQ c1=2
DMA IRQ c2=0
DMA IRQ c3=0
SELECT busy=16616
SELECT w0=16564
SELECT w1=7890
SELECT w2=9346
BUSY TASK ewma=997
DMA IRQ c0=0
DMA IRQ c1=2
DMA IRQ c2=0
DMA IRQ c3=0
SELECT busy=16625
SELECT w0=16573
SELECT w1=7894
SELECT w2=9350
BUSY TASK ewma=997
DMA IRQ c0=0
DMA IRQ c1=2
DMA IRQ c2=0
DMA IRQ c3=0
SELECT busy=16633
SELECT w0=16581
SELECT w1=7897
SELECT w2=9354
BUSY TASK ewma=997
DMA IRQ c0=0
DMA IRQ c1=2
DMA IRQ c2=0
DMA IRQ c3=0
SELECT busy=16642
SELECT w0=16590
SELECT w1=7900
SELECT w2=9358
BUSY TASK ewma=997
DMA IRQ c0=0
DMA IRQ c1=2
DMA IRQ c2=0
DMA IRQ c3=0
SELECT busy=16650
SELECT w0=16599
SELECT w1=7904
SELECT w2=9363
BUSY TASK ewma=997
DMA IRQ c0=0
DMA IRQ c1=2
DMA IRQ c2=0
DMA IRQ c3=0
SELECT busy=16659
SELECT w0=16607
SELECT w1=7907
SELECT w2=9367
BUSY TASK ewma=997
DMA IRQ c0=0
DMA IRQ c1=2
DMA IRQ c2=0
DMA IRQ c3=0
SELECT busy=16668
SELECT w0=16616
SELECT w1=7910
SELECT w2=9371
BUSY TASK ewma=997
DMA IRQ c0=0
DMA IRQ c1=2
DMA IRQ c2=0
DMA IRQ c3=0
SELECT busy=16676
SELECT w0=16624
SELECT w1=7914
SELECT w2=9375
BUSY TASK ewma=997
DMA IRQ c0=0
DMA IRQ c1=2
DMA IRQ c2=0
DMA IRQ c3=0
SELECT busy=16686
SELECT w0=16634
SELECT w1=7917
SELECT w2=9379
BUSY TASK ewma=997
DMA IRQ c0=0
DMA IRQ c1=2
DMA IRQ c2=0
DMA IRQ c3=0
SELECT busy=16695
SELECT w0=16643
SELECT w1=7921
SELECT w2=9383
BUSY TASK ewma=997
DMA IRQ c0=0
DMA IRQ c1=2
DMA IRQ c2=0
DMA IRQ c3=0
SELECT busy=16703
SELECT w0=16651
SELECT w1=7924
SELECT w2=9387
BUSY TASK ewma=997
DMA IRQ c0=0
DMA IRQ c1=2
DMA IRQ c2=0
DMA IRQ c3=0
SELECT busy=16712
SELECT w0=16660
SELECT w1=7927
SELECT w2=9392
BUSY TASK ewma=997
DMA IRQ c0=0
DMA IRQ c1=2
DMA IRQ c2=0
DMA IRQ c3=0
SELECT busy=16720
SELECT w0=16668
SELECT w1=7930
SELECT w2=9396
BUSY TASK ewma=997
DMA IRQ c0=0
DMA IRQ c1=2
DMA IRQ c2=0
DMA IRQ c3=0
SELECT busy=16729
SELECT w0=16677
SELECT w1=7934
SELECT w2=9400
BUSY TASK ewma=997
DMA IRQ c0=0
DMA IRQ c1=2
DMA IRQ c2=0
DMA IRQ c3=0
SELECT busy=16738
SELECT w0=16686
SELECT w1=7937
SELECT w2=9404
BUSY TASK ewma=997
DMA IRQ c0=0
DMA IRQ c1=2
DMA IRQ c2=0
DMA IRQ c3=0
SELECT busy=16746
SELECT w0=16694
SELECT w1=7941
SELECT w2=9408
BUSY TASK ewma=997
DMA IRQ c0=0
DMA IRQ c1=2
DMA IRQ c2=0
DMA IRQ c3=0
SELECT busy=16755
SELECT w0=16703
SELECT w1=7944
SELECT w2=9412
BUSY TASK ewma=997
DMA IRQ c0=0
DMA IRQ c1=2
DMA IRQ c2=0
DMA IRQ c3=0
SELECT busy=16764
SELECT w0=16712
SELECT w1=7947
SELECT w2=9416
BUSY TASK ewma=997
DMA IRQ c0=0
DMA IRQ c1=2
DMA IRQ c2=0
DMA IRQ c3=0
SELECT busy=16773
SELECT w0=16721
SELECT w1=7951
SELECT w2=9421
BUSY TASK ewma=997
DMA IRQ c0=0
DMA IRQ c1=2
DMA IRQ c2=0
DMA IRQ c3=0
SELECT busy=16781
SELECT w0=16729
SELECT w1=7954
SELECT w2=9425
BUSY TASK ewma=997
DMA IRQ c0=0
DMA IRQ c1=2
DMA IRQ c2=0
DMA IRQ c3=0
SELECT busy=16790
SELECT w0=16738
SELECT w1=7957
SELECT w2=9429
BUSY TASK ewma=997
DMA IRQ c0=0
DMA IRQ c1=2
DMA IRQ c2=0
DMA IRQ c3=0
SELECT busy=16798
SELECT w0=16746
SELECT w1=7961
SELECT w2=9433
BUSY TASK ewma=997
DMA IRQ c0=0
DMA IRQ c1=2
DMA IRQ c2=0
DMA IRQ c3=0
SELECT busy=16808
SELECT w0=16756
SELECT w1=7964
SELECT w2=9437
BUSY TASK ewma=997
DMA IRQ c0=0
DMA IRQ c1=2
DMA IRQ c2=0
DMA IRQ c3=0
SELECT busy=16816
SELECT w0=16764
SELECT w1=7967
SELECT w2=9441
BUSY TASK ewma=997
DMA IRQ c0=0
DMA IRQ c1=2
DMA IRQ c2=0
DMA IRQ c3=0
SELECT busy=16825
SELECT w0=16773
SELECT w1=7971
SELECT w2=9446
BUSY TASK ewma=997
DMA IRQ c0=0
DMA IRQ c1=2
DMA IRQ c2=0
DMA IRQ c3=0
SELECT busy=16833
SELECT w0=16781
SELECT w1=7974
SELECT w2=9449
BUSY TASK ewma=997
DMA IRQ c0=0
DMA IRQ c1=2
DMA IRQ c2=0
DMA IRQ c3=0
SELECT busy=16842
SELECT w0=16790
SELECT w1=7977
SELECT w2=9454
BUSY TASK ewma=997
DMA IRQ c0=0
DMA IRQ c1=2
DMA IRQ c2=0
DMA IRQ c3=0
SELECT busy=16850
SELECT w0=16798
SELECT w1=7981
SELECT w2=9458
BUSY TASK ewma=997
DMA IRQ c0=0
DMA IRQ c1=2
DMA IRQ c2=0
DMA IRQ c3=0
SELECT busy=16859
SELECT w0=16807
SELECT w1=7984
SELECT w2=9462
BUSY TASK ewma=997
DMA IRQ c0=0
DMA IRQ c1=2
DMA IRQ c2=0
DMA IRQ c3=0
SELECT busy=16867
SELECT w0=16816
SELECT w1=7987
SELECT w2=9466
BUSY TASK ewma=997
DMA IRQ c0=0
DMA IRQ c1=2
DMA IRQ c2=0
DMA IRQ c3=0
SELECT busy=16876
SELECT w0=16824
SELECT w1=7990
SELECT w2=9470
BUSY TASK ewma=997
DMA IRQ c0=0
DMA IRQ c1=2
DMA IRQ c2=0
DMA IRQ c3=0
SELECT busy=16885
SELECT w0=16833
SELECT w1=7994
SELECT w2=9474
BUSY TASK ewma=997
DMA IRQ c0=0
DMA IRQ c1=2
DMA IRQ c2=0
DMA IRQ c3=0
SELECT busy=16893
SELECT w0=16842
SELECT w1=7997
SELECT w2=9478
BUSY TASK ewma=997
DMA IRQ c0=0
DMA IRQ c1=2
DMA IRQ c2=0
DMA IRQ c3=0
SELECT busy=16902
SELECT w0=16850
SELECT w1=8000
SELECT w2=9482
BUSY TASK ewma=997
DMA IRQ c0=0
DMA IRQ c1=2
DMA IRQ c2=0
DMA IRQ c3=0
SELECT busy=16911
SELECT w0=16859
SELECT w1=8004
SELECT w2=9486
BUSY TASK ewma=997
DMA IRQ c0=0
DMA IRQ c1=2
DMA IRQ c2=0
DMA IRQ c3=0
SELECT busy=16919
SELECT w0=16867
SELECT w1=8007
SELECT w2=9490
BUSY TASK ewma=997
DMA IRQ c0=0
DMA IRQ c1=2
DMA IRQ c2=0
DMA IRQ c3=0
SELECT busy=16928
SELECT w0=16876
SELECT w1=8010
SELECT w2=9495
BUSY TASK ewma=997
DMA IRQ c0=0
DMA IRQ c1=2
DMA IRQ c2=0
DMA IRQ c3=0
SELECT busy=16936
SELECT w0=16884
SELECT w1=8013
SELECT w2=9499
BUSY TASK ewma=997
DMA IRQ c0=0
DMA IRQ c1=2
DMA IRQ c2=0
DMA IRQ c3=0
SELECT busy=16945
SELECT w0=16893
SELECT w1=8017
SELECT w2=9503
BUSY TASK ewma=997
DMA IRQ c0=0
DMA IRQ c1=2
DMA IRQ c2=0
DMA IRQ c3=0
SELECT busy=16953
SELECT w0=16901
SELECT w1=8020
SELECT w2=9507
BUSY TASK ewma=997
DMA IRQ c0=0
DMA IRQ c1=2
DMA IRQ c2=0
DMA IRQ c3=0
SELECT busy=16962
SELECT w0=16910
SELECT w1=8023
SELECT w2=9511
BUSY TASK ewma=997
DMA IRQ c0=0
DMA IRQ c1=2
DMA IRQ c2=0
DMA IRQ c3=0
SELECT busy=16970
SELECT w0=16919
SELECT w1=8027
SELECT w2=9515
BUSY TASK ewma=997
DMA IRQ c0=0
DMA IRQ c1=2
DMA IRQ c2=0
DMA IRQ c3=0
SELECT busy=16979
SELECT w0=16927
SELECT w1=8030
SELECT w2=9519
BUSY TASK ewma=997
DMA IRQ c0=0
DMA IRQ c1=2
DMA IRQ c2=0
DMA IRQ c3=0
SELECT busy=16988
SELECT w0=16936
SELECT w1=8033
SELECT w2=9523
BUSY TASK ewma=997
DMA IRQ c0=0
DMA IRQ c1=2
DMA IRQ c2=0
DMA IRQ c3=0
SELECT busy=16996
SELECT w0=16944
SELECT w1=8036
SELECT w2=9527
BUSY TASK ewma=997
DMA IRQ c0=0
DMA IRQ c1=2
DMA IRQ c2=0
DMA IRQ c3=0
SELECT busy=17005
SELECT w0=16953
SELECT w1=8040
SELECT w2=9531
BUSY TASK ewma=997
DMA IRQ c0=0
DMA IRQ c1=2
DMA IRQ c2=0
DMA IRQ c3=0
SELECT busy=17013
SELECT w0=16961
SELECT w1=8043
SELECT w2=9535
BUSY TASK ewma=997
IRQ counts: cpu0=33965 cpu1=32704 cpu2=32456 cpu3=31957
SCHED secondaries: calls=97118 unexpected=0
SECTEST switches=97097 cpu1=538251069,538990620 cpu2=437021835,439398760 cpu3=693724024,696740046
PINGPONG rounds=2000 pongs=2000
DMA IRQ c0=0
DMA IRQ c1=2
DMA IRQ c2=0
DMA IRQ c3=0
SELECT busy=17023
SELECT w0=16972
SELECT w1=8047
SELECT w2=9540
BUSY TASK ewma=997
DMA IRQ c0=0
DMA IRQ c1=2
DMA IRQ c2=0
DMA IRQ c3=0
SELECT busy=17033
SELECT w0=16981
SELECT w1=8051
SELECT w2=9545
BUSY TASK ewma=997
DMA IRQ c0=0
DMA IRQ c1=2
DMA IRQ c2=0
DMA IRQ c3=0
SELECT busy=17042
SELECT w0=16990
SELECT w1=8054
SELECT w2=9550
BUSY TASK ewma=997
DMA IRQ c0=0
DMA IRQ c1=2
DMA IRQ c2=0
DMA IRQ c3=0
SELECT busy=17050
SELECT w0=16999
SELECT w1=8058
SELECT w2=9554
BUSY TASK ewma=997
DMA IRQ c0=0
DMA IRQ c1=2
DMA IRQ c2=0
DMA IRQ c3=0
SELECT busy=17059
SELECT w0=17007
SELECT w1=8061
SELECT w2=9558
BUSY TASK ewma=997
DMA IRQ c0=0
DMA IRQ c1=2
DMA IRQ c2=0
DMA IRQ c3=0
SELECT busy=17068
SELECT w0=17016
SELECT w1=8064
SELECT w2=9562
BUSY TASK ewma=997
DMA IRQ c0=0
DMA IRQ c1=2
DMA IRQ c2=0
DMA IRQ c3=0
SELECT busy=17076
SELECT w0=17025
SELECT w1=8068
SELECT w2=9566
BUSY TASK ewma=997
DMA IRQ c0=0
DMA IRQ c1=2
DMA IRQ c2=0
DMA IRQ c3=0
SELECT busy=17085
SELECT w0=17033
SELECT w1=8071
SELECT w2=9570
BUSY TASK ewma=997
DMA IRQ c0=0
DMA IRQ c1=2
DMA IRQ c2=0
DMA IRQ c3=0
SELECT busy=17094
SELECT w0=17042
SELECT w1=8074
SELECT w2=9574
BUSY TASK ewma=997
DMA IRQ c0=0
DMA IRQ c1=2
DMA IRQ c2=0
DMA IRQ c3=0
SELECT busy=17102
SELECT w0=17050
SELECT w1=8078
SELECT w2=9579
BUSY TASK ewma=997
DMA IRQ c0=0
DMA IRQ c1=2
DMA IRQ c2=0
DMA IRQ c3=0
SELECT busy=17111
SELECT w0=17059
SELECT w1=8081
SELECT w2=9583
BUSY TASK ewma=997
DMA IRQ c0=0
DMA IRQ c1=2
DMA IRQ c2=0
DMA IRQ c3=0
SELECT busy=17120
SELECT w0=17068
SELECT w1=8084
SELECT w2=9587
BUSY TASK ewma=997
DMA IRQ c0=0
DMA IRQ c1=2
DMA IRQ c2=0
DMA IRQ c3=0
SELECT busy=17129
SELECT w0=17077
SELECT w1=8088
SELECT w2=9591
BUSY TASK ewma=997
DMA IRQ c0=0
DMA IRQ c1=2
DMA IRQ c2=0
DMA IRQ c3=0
SELECT busy=17141
SELECT w0=17089
SELECT w1=8093
SELECT w2=9598
BUSY TASK ewma=997
DMA IRQ c0=0
DMA IRQ c1=2
DMA IRQ c2=0
DMA IRQ c3=0
SELECT busy=17154
SELECT w0=17102
SELECT w1=8098
SELECT w2=9604
BUSY TASK ewma=997
DMA IRQ c0=0
DMA IRQ c1=2
DMA IRQ c2=0
DMA IRQ c3=0
SELECT busy=17165
SELECT w0=17113
SELECT w1=8102
SELECT w2=9609
BUSY TASK ewma=997
DMA IRQ c0=0
DMA IRQ c1=2
DMA IRQ c2=0
DMA IRQ c3=0
SELECT busy=17176
SELECT w0=17124
SELECT w1=8107
SELECT w2=9614
BUSY TASK ewma=997
DMA IRQ c0=0
DMA IRQ c1=2
DMA IRQ c2=0
DMA IRQ c3=0
SELECT busy=17188
SELECT w0=17136
SELECT w1=8112
SELECT w2=9620
BUSY TASK ewma=997
DMA IRQ c0=0
DMA IRQ c1=2
DMA IRQ c2=0
DMA IRQ c3=0
SELECT busy=17199
SELECT w0=17147
SELECT w1=8116
SELECT w2=9626
BUSY TASK ewma=997
DMA IRQ c0=0
DMA IRQ c1=2
DMA IRQ c2=0
DMA IRQ c3=0
SELECT busy=17208
SELECT w0=17156
SELECT w1=8119
SELECT w2=9630
BUSY TASK ewma=997
DMA IRQ c0=0
DMA IRQ c1=2
DMA IRQ c2=0
DMA IRQ c3=0
SELECT busy=17216
SELECT w0=17164
SELECT w1=8123
SELECT w2=9634
BUSY TASK ewma=997
DMA IRQ c0=0
DMA IRQ c1=2
DMA IRQ c2=0
DMA IRQ c3=0
SELECT busy=17225
SELECT w0=17173
SELECT w1=8126
SELECT w2=9638
BUSY TASK ewma=997
DMA IRQ c0=0
DMA IRQ c1=2
DMA IRQ c2=0
DMA IRQ c3=0
SELECT busy=17237
SELECT w0=17185
SELECT w1=8131
SELECT w2=9644
BUSY TASK ewma=997
DMA IRQ c0=0
DMA IRQ c1=2
DMA IRQ c2=0
DMA IRQ c3=0
SELECT busy=17249
SELECT w0=17197
SELECT w1=8135
SELECT w2=9650
BUSY TASK ewma=997
DMA IRQ c0=0
DMA IRQ c1=2
DMA IRQ c2=0
DMA IRQ c3=0
SELECT busy=17259
SELECT w0=17208
SELECT w1=8139
SELECT w2=9655
BUSY TASK ewma=997
DMA IRQ c0=0
DMA IRQ c1=2
DMA IRQ c2=0
DMA IRQ c3=0
SELECT busy=17268
SELECT w0=17216
SELECT w1=8143
SELECT w2=9659
BUSY TASK ewma=997
DMA IRQ c0=0
DMA IRQ c1=2
DMA IRQ c2=0
DMA IRQ c3=0
SELECT busy=17277
SELECT w0=17225
SELECT w1=8146
SELECT w2=9663
BUSY TASK ewma=997
DMA IRQ c0=0
DMA IRQ c1=2
DMA IRQ c2=0
DMA IRQ c3=0
SELECT busy=17285
SELECT w0=17233
SELECT w1=8149
SELECT w2=9667
BUSY TASK ewma=997
DMA IRQ c0=0
DMA IRQ c1=2
DMA IRQ c2=0
DMA IRQ c3=0
SELECT busy=17294
SELECT w0=17242
SELECT w1=8153
SELECT w2=9671
BUSY TASK ewma=997
DMA IRQ c0=0
DMA IRQ c1=2
DMA IRQ c2=0
DMA IRQ c3=0
SELECT busy=17303
SELECT w0=17251
SELECT w1=8156
SELECT w2=9675
BUSY TASK ewma=997
DMA IRQ c0=0
DMA IRQ c1=2
DMA IRQ c2=0
DMA IRQ c3=0
SELECT busy=17312
SELECT w0=17260
SELECT w1=8160
SELECT w2=9680
BUSY TASK ewma=997
DMA IRQ c0=0
DMA IRQ c1=2
DMA IRQ c2=0
DMA IRQ c3=0
SELECT busy=17320
SELECT w0=17268
SELECT w1=8163
SELECT w2=9684
BUSY TASK ewma=997
DMA IRQ c0=0
DMA IRQ c1=2
DMA IRQ c2=0
DMA IRQ c3=0
SELECT busy=17329
SELECT w0=17277
SELECT w1=8166
SELECT w2=9688
BUSY TASK ewma=997
DMA IRQ c0=0
DMA IRQ c1=2
DMA IRQ c2=0
DMA IRQ c3=0
SELECT busy=17337
SELECT w0=17285
SELECT w1=8169
SELECT w2=9692
BUSY TASK ewma=997
DMA IRQ c0=0
DMA IRQ c1=2
DMA IRQ c2=0
DMA IRQ c3=0
SELECT busy=17346
SELECT w0=17294
SELECT w1=8173
SELECT w2=9696
BUSY TASK ewma=997
DMA IRQ c0=0
DMA IRQ c1=2
DMA IRQ c2=0
DMA IRQ c3=0
SELECT busy=17354
SELECT w0=17302
SELECT w1=8176
SELECT w2=9700
BUSY TASK ewma=997
DMA IRQ c0=0
DMA IRQ c1=2
DMA IRQ c2=0
DMA IRQ c3=0
SELECT busy=17363
SELECT w0=17311
SELECT w1=8179
SELECT w2=9704
BUSY TASK ewma=997
DMA IRQ c0=0
DMA IRQ c1=2
DMA IRQ c2=0
DMA IRQ c3=0
SELECT busy=17371
SELECT w0=17319
SELECT w1=8182
SELECT w2=9708
BUSY TASK ewma=997
DMA IRQ c0=0
DMA IRQ c1=2
DMA IRQ c2=0
DMA IRQ c3=0
SELECT busy=17380
SELECT w0=17328
SELECT w1=8186
SELECT w2=9712
BUSY TASK ewma=997
DMA IRQ c0=0
DMA IRQ c1=2
DMA IRQ c2=0
DMA IRQ c3=0
SELECT busy=17388
SELECT w0=17336
SELECT w1=8189
SELECT w2=9716
BUSY TASK ewma=997
DMA IRQ c0=0
DMA IRQ c1=2
DMA IRQ c2=0
DMA IRQ c3=0
SELECT busy=17397
SELECT w0=17345
SELECT w1=8193
SELECT w2=9720
BUSY TASK ewma=997
DMA IRQ c0=0
DMA IRQ c1=2
DMA IRQ c2=0
DMA IRQ c3=0
SELECT busy=17405
SELECT w0=17353
SELECT w1=8196
SELECT w2=9725
BUSY TASK ewma=997
DMA IRQ c0=0
DMA IRQ c1=2
DMA IRQ c2=0
DMA IRQ c3=0
SELECT busy=17414
SELECT w0=17362
SELECT w1=8199
SELECT w2=9729
BUSY TASK ewma=997
DMA IRQ c0=0
DMA IRQ c1=2
DMA IRQ c2=0
DMA IRQ c3=0
SELECT busy=17422
SELECT w0=17370
SELECT w1=8203
SELECT w2=9733
BUSY TASK ewma=997
DMA IRQ c0=0
DMA IRQ c1=2
DMA IRQ c2=0
DMA IRQ c3=0
SELECT busy=17431
SELECT w0=17379
SELECT w1=8206
SELECT w2=9737
BUSY TASK ewma=997
DMA IRQ c0=0
DMA IRQ c1=2
DMA IRQ c2=0
DMA IRQ c3=0
SELECT busy=17440
SELECT w0=17388
SELECT w1=8209
SELECT w2=9741
BUSY TASK ewma=997
DMA IRQ c0=0
DMA IRQ c1=2
DMA IRQ c2=0
DMA IRQ c3=0
SELECT busy=17448
SELECT w0=17396
SELECT w1=8213
SELECT w2=9745
BUSY TASK ewma=997
DMA IRQ c0=0
DMA IRQ c1=2
DMA IRQ c2=0
DMA IRQ c3=0
SELECT busy=17457
SELECT w0=17405
SELECT w1=8216
SELECT w2=9749
BUSY TASK ewma=997
DMA IRQ c0=0
DMA IRQ c1=2
DMA IRQ c2=0
DMA IRQ c3=0
SELECT busy=17465
SELECT w0=17413
SELECT w1=8219
SELECT w2=9753
BUSY TASK ewma=997
DMA IRQ c0=0
DMA IRQ c1=2
DMA IRQ c2=0
DMA IRQ c3=0
SELECT busy=17474
SELECT w0=17422
SELECT w1=8222
SELECT w2=9757
BUSY TASK ewma=997
DMA IRQ c0=0
DMA IRQ c1=2
DMA IRQ c2=0
DMA IRQ c3=0
SELECT busy=17482
SELECT w0=17430
SELECT w1=8225
SELECT w2=9761
BUSY TASK ewma=997
DMA IRQ c0=0
DMA IRQ c1=2
DMA IRQ c2=0
DMA IRQ c3=0
SELECT busy=17491
SELECT w0=17439
SELECT w1=8229
SELECT w2=9765
BUSY TASK ewma=997
DMA IRQ c0=0
DMA IRQ c1=2
DMA IRQ c2=0
DMA IRQ c3=0
SELECT busy=17500
SELECT w0=17448
SELECT w1=8232
SELECT w2=9769
BUSY TASK ewma=997
DMA IRQ c0=0
DMA IRQ c1=2
DMA IRQ c2=0
DMA IRQ c3=0
SELECT busy=17508
SELECT w0=17456
SELECT w1=8235
SELECT w2=9773
BUSY TASK ewma=997
DMA IRQ c0=0
DMA IRQ c1=2
DMA IRQ c2=0
DMA IRQ c3=0
SELECT busy=17517
SELECT w0=17465
SELECT w1=8239
SELECT w2=9777
BUSY TASK ewma=997
DMA IRQ c0=0
DMA IRQ c1=2
DMA IRQ c2=0
DMA IRQ c3=0
SELECT busy=17526
SELECT w0=17474
SELECT w1=8242
SELECT w2=9782
BUSY TASK ewma=997
DMA IRQ c0=0
DMA IRQ c1=2
DMA IRQ c2=0
DMA IRQ c3=0
SELECT busy=17534
SELECT w0=17482
SELECT w1=8245
SELECT w2=9786
BUSY TASK ewma=997
DMA IRQ c0=0
DMA IRQ c1=2
DMA IRQ c2=0
DMA IRQ c3=0
SELECT busy=17543
SELECT w0=17491
SELECT w1=8249
SELECT w2=9790
BUSY TASK ewma=997
DMA IRQ c0=0
DMA IRQ c1=2
DMA IRQ c2=0
DMA IRQ c3=0
SELECT busy=17551
SELECT w0=17499
SELECT w1=8252
SELECT w2=9794
BUSY TASK ewma=997
DMA IRQ c0=0
DMA IRQ c1=2
DMA IRQ c2=0
DMA IRQ c3=0
SELECT busy=17560
SELECT w0=17508
SELECT w1=8255
SELECT w2=9798
BUSY TASK ewma=997
DMA IRQ c0=0
DMA IRQ c1=2
DMA IRQ c2=0
DMA IRQ c3=0
SELECT busy=17568
SELECT w0=17516
SELECT w1=8258
SELECT w2=9802
BUSY TASK ewma=997
DMA IRQ c0=0
DMA IRQ c1=2
DMA IRQ c2=0
DMA IRQ c3=0
SELECT busy=17577
SELECT w0=17525
SELECT w1=8262
SELECT w2=9806
BUSY TASK ewma=997
DMA IRQ c0=0
DMA IRQ c1=2
DMA IRQ c2=0
DMA IRQ c3=0
SELECT busy=17585
SELECT w0=17533
SELECT w1=8265
SELECT w2=9810
BUSY TASK ewma=997
DMA IRQ c0=0
DMA IRQ c1=2
DMA IRQ c2=0
DMA IRQ c3=0
SELECT busy=17594
SELECT w0=17542
SELECT w1=8268
SELECT w2=9814
BUSY TASK ewma=997
IRQ counts: cpu0=35125 cpu1=33829 cpu2=33570 cpu3=33055
SCHED secondaries: calls=100454 unexpected=0
SECTEST switches=100433 cpu1=558353704,559118298 cpu2=454146876,456308269 cpu3=717226893,720631665
PINGPONG rounds=2000 pongs=2000
DMA IRQ c0=0
DMA IRQ c1=2
DMA IRQ c2=0
DMA IRQ c3=0
SELECT busy=17603
SELECT w0=17551
SELECT w1=8272
SELECT w2=9819
BUSY TASK ewma=997
DMA IRQ c0=0
DMA IRQ c1=2
DMA IRQ c2=0
DMA IRQ c3=0
SELECT busy=17611
SELECT w0=17559
SELECT w1=8275
SELECT w2=9823
BUSY TASK ewma=997
DMA IRQ c0=0
DMA IRQ c1=2
DMA IRQ c2=0
DMA IRQ c3=0
SELECT busy=17620
SELECT w0=17568
SELECT w1=8278
SELECT w2=9826
BUSY TASK ewma=997
DMA IRQ c0=0
DMA IRQ c1=2
DMA IRQ c2=0
DMA IRQ c3=0
SELECT busy=17628
SELECT w0=17576
SELECT w1=8281
SELECT w2=9831
BUSY TASK ewma=997
DMA IRQ c0=0
DMA IRQ c1=2
DMA IRQ c2=0
DMA IRQ c3=0
SELECT busy=17637
SELECT w0=17585
SELECT w1=8285
SELECT w2=9834
BUSY TASK ewma=997
DMA IRQ c0=0
DMA IRQ c1=2
DMA IRQ c2=0
DMA IRQ c3=0
SELECT busy=17645
SELECT w0=17594
SELECT w1=8288
SELECT w2=9839
BUSY TASK ewma=997
DMA IRQ c0=0
DMA IRQ c1=2
DMA IRQ c2=0
DMA IRQ c3=0
SELECT busy=17654
SELECT w0=17602
SELECT w1=8291
SELECT w2=9842
BUSY TASK ewma=997
DMA IRQ c0=0
DMA IRQ c1=2
DMA IRQ c2=0
DMA IRQ c3=0
SELECT busy=17663
SELECT w0=17611
SELECT w1=8295
SELECT w2=9847
BUSY TASK ewma=997
DMA IRQ c0=0
DMA IRQ c1=2
DMA IRQ c2=0
DMA IRQ c3=0
SELECT busy=17671
SELECT w0=17619
SELECT w1=8298
SELECT w2=9851
BUSY TASK ewma=997
DMA IRQ c0=0
DMA IRQ c1=2
DMA IRQ c2=0
DMA IRQ c3=0
SELECT busy=17680
SELECT w0=17628
SELECT w1=8301
SELECT w2=9855
BUSY TASK ewma=997
DMA IRQ c0=0
DMA IRQ c1=2
DMA IRQ c2=0
DMA IRQ c3=0
SELECT busy=17688
SELECT w0=17636
SELECT w1=8305
SELECT w2=9859
BUSY TASK ewma=997
DMA IRQ c0=0
DMA IRQ c1=2
DMA IRQ c2=0
DMA IRQ c3=0
SELECT busy=17697
SELECT w0=17645
SELECT w1=8308
SELECT w2=9863
BUSY TASK ewma=997
DMA IRQ c0=0
DMA IRQ c1=2
DMA IRQ c2=0
DMA IRQ c3=0
SELECT busy=17706
SELECT w0=17654
SELECT w1=8311
SELECT w2=9867
BUSY TASK ewma=997
DMA IRQ c0=0
DMA IRQ c1=2
DMA IRQ c2=0
DMA IRQ c3=0
SELECT busy=17714
SELECT w0=17662
SELECT w1=8314
SELECT w2=9871
BUSY TASK ewma=997
DMA IRQ c0=0
DMA IRQ c1=2
DMA IRQ c2=0
DMA IRQ c3=0
SELECT busy=17723
SELECT w0=17671
SELECT w1=8318
SELECT w2=9875
BUSY TASK ewma=997
DMA IRQ c0=0
DMA IRQ c1=2
DMA IRQ c2=0
DMA IRQ c3=0
SELECT busy=17731
SELECT w0=17679
SELECT w1=8321
SELECT w2=9879
BUSY TASK ewma=997
DMA IRQ c0=0
DMA IRQ c1=2
DMA IRQ c2=0
DMA IRQ c3=0
SELECT busy=17740
SELECT w0=17688
SELECT w1=8324
SELECT w2=9883
BUSY TASK ewma=997
DMA IRQ c0=0
DMA IRQ c1=2
DMA IRQ c2=0
DMA IRQ c3=0
SELECT busy=17748
SELECT w0=17696
SELECT w1=8328
SELECT w2=9888
BUSY TASK ewma=997
DMA IRQ c0=0
DMA IRQ c1=2
DMA IRQ c2=0
DMA IRQ c3=0
SELECT busy=17757
SELECT w0=17705
SELECT w1=8331
SELECT w2=9892
BUSY TASK ewma=997
DMA IRQ c0=0
DMA IRQ c1=2
DMA IRQ c2=0
DMA IRQ c3=0
SELECT busy=17765
SELECT w0=17713
SELECT w1=8334
SELECT w2=9896
BUSY TASK ewma=997
DMA IRQ c0=0
DMA IRQ c1=2
DMA IRQ c2=0
DMA IRQ c3=0
SELECT busy=17774
SELECT w0=17722
SELECT w1=8337
SELECT w2=9900
BUSY TASK ewma=997
DMA IRQ c0=0
DMA IRQ c1=2
DMA IRQ c2=0
DMA IRQ c3=0
SELECT busy=17782
SELECT w0=17731
SELECT w1=8341
SELECT w2=9904
BUSY TASK ewma=997
DMA IRQ c0=0
DMA IRQ c1=2
DMA IRQ c2=0
DMA IRQ c3=0
SELECT busy=17791
SELECT w0=17739
SELECT w1=8344
SELECT w2=9908
BUSY TASK ewma=997
DMA IRQ c0=0
DMA IRQ c1=2
DMA IRQ c2=0
DMA IRQ c3=0
SELECT busy=17800
SELECT w0=17748
SELECT w1=8347
SELECT w2=9912
BUSY TASK ewma=997
DMA IRQ c0=0
DMA IRQ c1=2
DMA IRQ c2=0
DMA IRQ c3=0
SELECT busy=17810
SELECT w0=17758
SELECT w1=8351
SELECT w2=9917
BUSY TASK ewma=997
DMA IRQ c0=0
DMA IRQ c1=2
DMA IRQ c2=0
DMA IRQ c3=0
SELECT busy=17818
SELECT w0=17766
SELECT w1=8355
SELECT w2=9921
BUSY TASK ewma=997
DMA IRQ c0=0
DMA IRQ c1=2
DMA IRQ c2=0
DMA IRQ c3=0
SELECT busy=17827
SELECT w0=17775
SELECT w1=8358
SELECT w2=9925
BUSY TASK ewma=997
DMA IRQ c0=0
DMA IRQ c1=2
DMA IRQ c2=0
DMA IRQ c3=0
SELECT busy=17836
SELECT w0=17784
SELECT w1=8361
SELECT w2=9929
BUSY TASK ewma=997
DMA IRQ c0=0
DMA IRQ c1=2
DMA IRQ c2=0
DMA IRQ c3=0
SELECT busy=17845
SELECT w0=17793
SELECT w1=8364
SELECT w2=9934
BUSY TASK ewma=997
DMA IRQ c0=0
DMA IRQ c1=2
DMA IRQ c2=0
DMA IRQ c3=0
SELECT busy=17855
SELECT w0=17803
SELECT w1=8368
SELECT w2=9939
BUSY TASK ewma=997
DMA IRQ c0=0
DMA IRQ c1=2
DMA IRQ c2=0
DMA IRQ c3=0
SELECT busy=17864
SELECT w0=17812
SELECT w1=8372
SELECT w2=9943
BUSY TASK ewma=997
DMA IRQ c0=0
DMA IRQ c1=2
DMA IRQ c2=0
DMA IRQ c3=0
SELECT busy=17873
SELECT w0=17821
SELECT w1=8375
SELECT w2=9947
BUSY TASK ewma=997
DMA IRQ c0=0
DMA IRQ c1=2
DMA IRQ c2=0
DMA IRQ c3=0
SELECT busy=17881
SELECT w0=17830
SELECT w1=8378
SELECT w2=9951
BUSY TASK ewma=997
DMA IRQ c0=0
DMA IRQ c1=2
DMA IRQ c2=0
DMA IRQ c3=0
SELECT busy=17890
SELECT w0=17838
SELECT w1=8382
SELECT w2=9955
BUSY TASK ewma=997
DMA IRQ c0=0
DMA IRQ c1=2
DMA IRQ c2=0
DMA IRQ c3=0
SELECT busy=17899
SELECT w0=17847
SELECT w1=8385
SELECT w2=9959
BUSY TASK ewma=997
DMA IRQ c0=0
DMA IRQ c1=2
DMA IRQ c2=0
DMA IRQ c3=0
SELECT busy=17907
SELECT w0=17856
SELECT w1=8388
SELECT w2=9963
BUSY TASK ewma=997
DMA IRQ c0=0
DMA IRQ c1=2
DMA IRQ c2=0
DMA IRQ c3=0
SELECT busy=17916
SELECT w0=17864
SELECT w1=8392
SELECT w2=9967
BUSY TASK ewma=997
DMA IRQ c0=0
DMA IRQ c1=2
DMA IRQ c2=0
DMA IRQ c3=0
SELECT busy=17924
SELECT w0=17873
SELECT w1=8395
SELECT w2=9971
BUSY TASK ewma=997
DMA IRQ c0=0
DMA IRQ c1=2
DMA IRQ c2=0
DMA IRQ c3=0
SELECT busy=17933
SELECT w0=17881
SELECT w1=8398
SELECT w2=9975
BUSY TASK ewma=997
DMA IRQ c0=0
DMA IRQ c1=2
DMA IRQ c2=0
DMA IRQ c3=0
SELECT busy=17942
SELECT w0=17890
SELECT w1=8402
SELECT w2=9980
BUSY TASK ewma=997
DMA IRQ c0=0
DMA IRQ c1=2
DMA IRQ c2=0
DMA IRQ c3=0
SELECT busy=17950
SELECT w0=17899
SELECT w1=8405
SELECT w2=9984
BUSY TASK ewma=997
DMA IRQ c0=0
DMA IRQ c1=2
DMA IRQ c2=0
DMA IRQ c3=0
SELECT busy=17959
SELECT w0=17907
SELECT w1=8408
SELECT w2=9988
BUSY TASK ewma=997
DMA IRQ c0=0
DMA IRQ c1=2
DMA IRQ c2=0
DMA IRQ c3=0
SELECT busy=17967
SELECT w0=17915
SELECT w1=8411
SELECT w2=9992
BUSY TASK ewma=997
DMA IRQ c0=0
DMA IRQ c1=2
DMA IRQ c2=0
DMA IRQ c3=0
SELECT busy=17976
SELECT w0=17924
SELECT w1=8415
SELECT w2=9996
BUSY TASK ewma=997
DMA IRQ c0=0
DMA IRQ c1=2
DMA IRQ c2=0
DMA IRQ c3=0
SELECT busy=17984
SELECT w0=17932
SELECT w1=8418
SELECT w2=10000
BUSY TASK ewma=997
DMA IRQ c0=0
DMA IRQ c1=2
DMA IRQ c2=0
DMA IRQ c3=0
SELECT busy=17993
SELECT w0=17941
SELECT w1=8421
SELECT w2=10004
BUSY TASK ewma=997
DMA IRQ c0=0
DMA IRQ c1=2
DMA IRQ c2=0
DMA IRQ c3=0
SELECT busy=18001
SELECT w0=17950
SELECT w1=8425
SELECT w2=10008
BUSY TASK ewma=997
DMA IRQ c0=0
DMA IRQ c1=2
DMA IRQ c2=0
DMA IRQ c3=0
SELECT busy=18012
SELECT w0=17960
SELECT w1=8429
SELECT w2=10013
BUSY TASK ewma=997
DMA IRQ c0=0
DMA IRQ c1=2
DMA IRQ c2=0
DMA IRQ c3=0
SELECT busy=18022
SELECT w0=17970
SELECT w1=8433
SELECT w2=10018
BUSY TASK ewma=997
DMA IRQ c0=0
DMA IRQ c1=2
DMA IRQ c2=0
DMA IRQ c3=0
SELECT busy=18030
SELECT w0=17978
SELECT w1=8436
SELECT w2=10022
BUSY TASK ewma=997
DMA IRQ c0=0
DMA IRQ c1=2
DMA IRQ c2=0
DMA IRQ c3=0
SELECT busy=18039
SELECT w0=17987
SELECT w1=8439
SELECT w2=10026
BUSY TASK ewma=997
DMA IRQ c0=0
DMA IRQ c1=2
DMA IRQ c2=0
DMA IRQ c3=0
SELECT busy=18048
SELECT w0=17996
SELECT w1=8443
SELECT w2=10031
BUSY TASK ewma=997
DMA IRQ c0=0
DMA IRQ c1=2
DMA IRQ c2=0
DMA IRQ c3=0
SELECT busy=18057
SELECT w0=18005
SELECT w1=8446
SELECT w2=10034
BUSY TASK ewma=997
DMA IRQ c0=0
DMA IRQ c1=2
DMA IRQ c2=0
DMA IRQ c3=0
SELECT busy=18065
SELECT w0=18013
SELECT w1=8449
SELECT w2=10038
BUSY TASK ewma=997
DMA IRQ c0=0
DMA IRQ c1=2
DMA IRQ c2=0
DMA IRQ c3=0
SELECT busy=18074
SELECT w0=18022
SELECT w1=8453
SELECT w2=10043
BUSY TASK ewma=997
DMA IRQ c0=0
DMA IRQ c1=2
DMA IRQ c2=0
DMA IRQ c3=0
SELECT busy=18082
SELECT w0=18030
SELECT w1=8456
SELECT w2=10047
BUSY TASK ewma=997
DMA IRQ c0=0
DMA IRQ c1=2
DMA IRQ c2=0
DMA IRQ c3=0
SELECT busy=18091
SELECT w0=18039
SELECT w1=8459
SELECT w2=10051
BUSY TASK ewma=997
DMA IRQ c0=0
DMA IRQ c1=2
DMA IRQ c2=0
DMA IRQ c3=0
SELECT busy=18100
SELECT w0=18048
SELECT w1=8463
SELECT w2=10055
BUSY TASK ewma=997
DMA IRQ c0=0
DMA IRQ c1=2
DMA IRQ c2=0
DMA IRQ c3=0
SELECT busy=18108
SELECT w0=18056
SELECT w1=8466
SELECT w2=10059
BUSY TASK ewma=997
DMA IRQ c0=0
DMA IRQ c1=2
DMA IRQ c2=0
DMA IRQ c3=0
SELECT busy=18117
SELECT w0=18065
SELECT w1=8469
SELECT w2=10063
BUSY TASK ewma=997
DMA IRQ c0=0
DMA IRQ c1=2
DMA IRQ c2=0
DMA IRQ c3=0
SELECT busy=18125
SELECT w0=18074
SELECT w1=8473
SELECT w2=10067
BUSY TASK ewma=997
DMA IRQ c0=0
DMA IRQ c1=2
DMA IRQ c2=0
DMA IRQ c3=0
SELECT busy=18134
SELECT w0=18082
SELECT w1=8476
SELECT w2=10071
BUSY TASK ewma=997
DMA IRQ c0=0
DMA IRQ c1=2
DMA IRQ c2=0
DMA IRQ c3=0
SELECT busy=18143
SELECT w0=18091
SELECT w1=8479
SELECT w2=10076
BUSY TASK ewma=997
DMA IRQ c0=0
DMA IRQ c1=2
DMA IRQ c2=0
DMA IRQ c3=0
SELECT busy=18151
SELECT w0=18100
SELECT w1=8483
SELECT w2=10080
BUSY TASK ewma=997
IRQ counts: cpu0=36241 cpu1=34902 cpu2=34633 cpu3=34107
SCHED secondaries: calls=103642 unexpected=0
SECTEST switches=103621 cpu1=578839588,579637305 cpu2=471210262,473700363 cpu3=741869564,745390386
PINGPONG rounds=2000 pongs=2000
DMA IRQ c0=0
DMA IRQ c1=2
DMA IRQ c2=0
DMA IRQ c3=0
SELECT busy=18161
SELECT w0=18109
SELECT w1=8486
SELECT w2=10084
BUSY TASK ewma=997
DMA IRQ c0=0
DMA IRQ c1=2
DMA IRQ c2=0
DMA IRQ c3=0
SELECT busy=18170
SELECT w0=18118
SELECT w1=8490
SELECT w2=10088
BUSY TASK ewma=997
DMA IRQ c0=0
DMA IRQ c1=2
DMA IRQ c2=0
DMA IRQ c3=0
SELECT busy=18179
SELECT w0=18127
SELECT w1=8493
SELECT w2=10093
BUSY TASK ewma=997
DMA IRQ c0=0
DMA IRQ c1=2
DMA IRQ c2=0
DMA IRQ c3=0
SELECT busy=18187
SELECT w0=18135
SELECT w1=8497
SELECT w2=10097
BUSY TASK ewma=997
DMA IRQ c0=0
DMA IRQ c1=2
DMA IRQ c2=0
DMA IRQ c3=0
SELECT busy=18196
SELECT w0=18144
SELECT w1=8500
SELECT w2=10101
BUSY TASK ewma=997
DMA IRQ c0=0
DMA IRQ c1=2
DMA IRQ c2=0
DMA IRQ c3=0
SELECT busy=18205
SELECT w0=18153
SELECT w1=8503
SELECT w2=10105
BUSY TASK ewma=997
DMA IRQ c0=0
DMA IRQ c1=2
DMA IRQ c2=0
DMA IRQ c3=0
SELECT busy=18213
SELECT w0=18161
SELECT w1=8506
SELECT w2=10110
BUSY TASK ewma=997
DMA IRQ c0=0
DMA IRQ c1=2
DMA IRQ c2=0
DMA IRQ c3=0
SELECT busy=18224
SELECT w0=18172
SELECT w1=8511
SELECT w2=10115
BUSY TASK ewma=997
DMA IRQ c0=0
DMA IRQ c1=2
DMA IRQ c2=0
DMA IRQ c3=0
SELECT busy=18235
SELECT w0=18184
SELECT w1=8515
SELECT w2=10120
BUSY TASK ewma=997
DMA IRQ c0=0
DMA IRQ c1=2
DMA IRQ c2=0
DMA IRQ c3=0
SELECT busy=18247
SELECT w0=18195
SELECT w1=8519
SELECT w2=10125
BUSY TASK ewma=997
DMA IRQ c0=0
DMA IRQ c1=2
DMA IRQ c2=0
DMA IRQ c3=0
SELECT busy=18258
SELECT w0=18206
SELECT w1=8523
SELECT w2=10130
BUSY TASK ewma=997
DMA IRQ c0=0
DMA IRQ c1=2
DMA IRQ c2=0
DMA IRQ c3=0
SELECT busy=18269
SELECT w0=18217
SELECT w1=8528
SELECT w2=10136
BUSY TASK ewma=997
DMA IRQ c0=0
DMA IRQ c1=2
DMA IRQ c2=0
DMA IRQ c3=0
SELECT busy=18280
SELECT w0=18229
SELECT w1=8532
SELECT w2=10141
BUSY TASK ewma=997
DMA IRQ c0=0
DMA IRQ c1=2
DMA IRQ c2=0
DMA IRQ c3=0
SELECT busy=18292
SELECT w0=18240
SELECT w1=8536
SELECT w2=10147
BUSY TASK ewma=997
DMA IRQ c0=0
DMA IRQ c1=2
DMA IRQ c2=0
DMA IRQ c3=0
SELECT busy=18303
SELECT w0=18251
SELECT w1=8541
SELECT w2=10152
BUSY TASK ewma=997
DMA IRQ c0=0
DMA IRQ c1=2
DMA IRQ c2=0
DMA IRQ c3=0
SELECT busy=18314
SELECT w0=18262
SELECT w1=8545
SELECT w2=10157
BUSY TASK ewma=997
DMA IRQ c0=0
DMA IRQ c1=2
DMA IRQ c2=0
DMA IRQ c3=0
SELECT busy=18325
SELECT w0=18274
SELECT w1=8549
SELECT w2=10163
BUSY TASK ewma=997
DMA IRQ c0=0
DMA IRQ c1=2
DMA IRQ c2=0
DMA IRQ c3=0
SELECT busy=18337
SELECT w0=18285
SELECT w1=8554
SELECT w2=10168
BUSY TASK ewma=997
DMA IRQ c0=0
DMA IRQ c1=2
DMA IRQ c2=0
DMA IRQ c3=0
SELECT busy=18348
SELECT w0=18296
SELECT w1=8558
SELECT w2=10173
BUSY TASK ewma=997
DMA IRQ c0=0
DMA IRQ c1=2
DMA IRQ c2=0
DMA IRQ c3=0
SELECT busy=18359
SELECT w0=18307
SELECT w1=8562
SELECT w2=10179
BUSY TASK ewma=997
DMA IRQ c0=0
DMA IRQ c1=2
DMA IRQ c2=0
DMA IRQ c3=0
SELECT busy=18370
SELECT w0=18318
SELECT w1=8567
SELECT w2=10184
BUSY TASK ewma=997
DMA IRQ c0=0
DMA IRQ c1=2
DMA IRQ c2=0
DMA IRQ c3=0
SELECT busy=18382
SELECT w0=18330
SELECT w1=8571
SELECT w2=10189
BUSY TASK ewma=997
DMA IRQ c0=0
DMA IRQ c1=2
DMA IRQ c2=0
DMA IRQ c3=0
SELECT busy=18391
SELECT w0=18339
SELECT w1=8575
SELECT w2=10194
BUSY TASK ewma=997
DMA IRQ c0=0
DMA IRQ c1=2
DMA IRQ c2=0
DMA IRQ c3=0
SELECT busy=18400
SELECT w0=18348
SELECT w1=8578
SELECT w2=10198
BUSY TASK ewma=997
DMA IRQ c0=0
DMA IRQ c1=2
DMA IRQ c2=0
DMA IRQ c3=0
SELECT busy=18408
SELECT w0=18356
SELECT w1=8581
SELECT w2=10202
BUSY TASK ewma=997
DMA IRQ c0=0
DMA IRQ c1=2
DMA IRQ c2=0
DMA IRQ c3=0
SELECT busy=18417
SELECT w0=18365
SELECT w1=8585
SELECT w2=10206
BUSY TASK ewma=997
DMA IRQ c0=0
DMA IRQ c1=2
DMA IRQ c2=0
DMA IRQ c3=0
SELECT busy=18425
SELECT w0=18373
SELECT w1=8588
SELECT w2=10210
BUSY TASK ewma=997
DMA IRQ c0=0
DMA IRQ c1=2
DMA IRQ c2=0
DMA IRQ c3=0
SELECT busy=18434
SELECT w0=18382
SELECT w1=8591
SELECT w2=10214
BUSY TASK ewma=997
DMA IRQ c0=0
DMA IRQ c1=2
DMA IRQ c2=0
DMA IRQ c3=0
SELECT busy=18442
SELECT w0=18391
SELECT w1=8595
SELECT w2=10218
BUSY TASK ewma=997
DMA IRQ c0=0
DMA IRQ c1=2
DMA IRQ c2=0
DMA IRQ c3=0
SELECT busy=18451
SELECT w0=18399
SELECT w1=8598
SELECT w2=10223
BUSY TASK ewma=997
DMA IRQ c0=0
DMA IRQ c1=2
DMA IRQ c2=0
DMA IRQ c3=0
SELECT busy=18460
SELECT w0=18408
SELECT w1=8601
SELECT w2=10226
BUSY TASK ewma=997
DMA IRQ c0=0
DMA IRQ c1=2
DMA IRQ c2=0
DMA IRQ c3=0
SELECT busy=18468
SELECT w0=18416
SELECT w1=8604
SELECT w2=10230
BUSY TASK ewma=997
DMA IRQ c0=0
DMA IRQ c1=2
DMA IRQ c2=0
DMA IRQ c3=0
SELECT busy=18476
SELECT w0=18425
SELECT w1=8608
SELECT w2=10234
BUSY TASK ewma=997
DMA IRQ c0=0
DMA IRQ c1=2
DMA IRQ c2=0
DMA IRQ c3=0
SELECT busy=18485
SELECT w0=18433
SELECT w1=8611
SELECT w2=10238
BUSY TASK ewma=997
DMA IRQ c0=0
DMA IRQ c1=2
DMA IRQ c2=0
DMA IRQ c3=0
SELECT busy=18493
SELECT w0=18442
SELECT w1=8614
SELECT w2=10242
BUSY TASK ewma=997
DMA IRQ c0=0
DMA IRQ c1=2
DMA IRQ c2=0
DMA IRQ c3=0
SELECT busy=18502
SELECT w0=18450
SELECT w1=8617
SELECT w2=10246
BUSY TASK ewma=997
DMA IRQ c0=0
DMA IRQ c1=2
DMA IRQ c2=0
DMA IRQ c3=0
SELECT busy=18510
SELECT w0=18459
SELECT w1=8621
SELECT w2=10251
BUSY TASK ewma=997
DMA IRQ c0=0
DMA IRQ c1=2
DMA IRQ c2=0
DMA IRQ c3=0
SELECT busy=18519
SELECT w0=18467
SELECT w1=8624
SELECT w2=10254
BUSY TASK ewma=997
DMA IRQ c0=0
DMA IRQ c1=2
DMA IRQ c2=0
DMA IRQ c3=0
SELECT busy=18527
SELECT w0=18476
SELECT w1=8627
SELECT w2=10259
BUSY TASK ewma=997
DMA IRQ c0=0
DMA IRQ c1=2
DMA IRQ c2=0
DMA IRQ c3=0
SELECT busy=18536
SELECT w0=18484
SELECT w1=8630
SELECT w2=10263
BUSY TASK ewma=997
DMA IRQ c0=0
DMA IRQ c1=2
DMA IRQ c2=0
DMA IRQ c3=0
SELECT busy=18545
SELECT w0=18493
SELECT w1=8634
SELECT w2=10267
BUSY TASK ewma=997
DMA IRQ c0=0
DMA IRQ c1=2
DMA IRQ c2=0
DMA IRQ c3=0
SELECT busy=18554
SELECT w0=18502
SELECT w1=8637
SELECT w2=10271
BUSY TASK ewma=997
DMA IRQ c0=0
DMA IRQ c1=2
DMA IRQ c2=0
DMA IRQ c3=0
SELECT busy=18562
SELECT w0=18510
SELECT w1=8640
SELECT w2=10275
BUSY TASK ewma=997
DMA IRQ c0=0
DMA IRQ c1=2
DMA IRQ c2=0
DMA IRQ c3=0
SELECT busy=18571
SELECT w0=18519
SELECT w1=8644
SELECT w2=10279
BUSY TASK ewma=997
DMA IRQ c0=0
DMA IRQ c1=2
DMA IRQ c2=0
DMA IRQ c3=0
SELECT busy=18580
SELECT w0=18528
SELECT w1=8647
SELECT w2=10283
BUSY TASK ewma=997
DMA IRQ c0=0
DMA IRQ c1=2
DMA IRQ c2=0
DMA IRQ c3=0
SELECT busy=18588
SELECT w0=18536
SELECT w1=8650
SELECT w2=10287
BUSY TASK ewma=997
DMA IRQ c0=0
DMA IRQ c1=2
DMA IRQ c2=0
DMA IRQ c3=0
SELECT busy=18597
SELECT w0=18545
SELECT w1=8654
SELECT w2=10292
BUSY TASK ewma=997
DMA IRQ c0=0
DMA IRQ c1=2
DMA IRQ c2=0
DMA IRQ c3=0
SELECT busy=18606
SELECT w0=18554
SELECT w1=8657
SELECT w2=10296
BUSY TASK ewma=997
DMA IRQ c0=0
DMA IRQ c1=2
DMA IRQ c2=0
DMA IRQ c3=0
SELECT busy=18617
SELECT w0=18565
SELECT w1=8661
SELECT w2=10302
BUSY TASK ewma=997
DMA IRQ c0=0
DMA IRQ c1=2
DMA IRQ c2=0
DMA IRQ c3=0
SELECT busy=18628
SELECT w0=18577
SELECT w1=8666
SELECT w2=10307
BUSY TASK ewma=997
DMA IRQ c0=0
DMA IRQ c1=2
DMA IRQ c2=0
DMA IRQ c3=0
SELECT busy=18640
SELECT w0=18588
SELECT w1=8670
SELECT w2=10312
BUSY TASK ewma=997
DMA IRQ c0=0
DMA IRQ c1=2
DMA IRQ c2=0
DMA IRQ c3=0
SELECT busy=18651
SELECT w0=18599
SELECT w1=8675
SELECT w2=10318
BUSY TASK ewma=997
DMA IRQ c0=0
DMA IRQ c1=2
DMA IRQ c2=0
DMA IRQ c3=0
SELECT busy=18662
SELECT w0=18611
SELECT w1=8679
SELECT w2=10323
BUSY TASK ewma=997
DMA IRQ c0=0
DMA IRQ c1=2
DMA IRQ c2=0
DMA IRQ c3=0
SELECT busy=18674
SELECT w0=18622
SELECT w1=8683
SELECT w2=10328
BUSY TASK ewma=997
DMA IRQ c0=0
DMA IRQ c1=2
DMA IRQ c2=0
DMA IRQ c3=0
SELECT busy=18685
SELECT w0=18633
SELECT w1=8687
SELECT w2=10333
BUSY TASK ewma=997
DMA IRQ c0=0
DMA IRQ c1=2
DMA IRQ c2=0
DMA IRQ c3=0
SELECT busy=18694
SELECT w0=18642
SELECT w1=8691
SELECT w2=10338
BUSY TASK ewma=997
DMA IRQ c0=0
DMA IRQ c1=2
DMA IRQ c2=0
DMA IRQ c3=0
SELECT busy=18702
SELECT w0=18651
SELECT w1=8694
SELECT w2=10342
BUSY TASK ewma=997
DMA IRQ c0=0
DMA IRQ c1=2
DMA IRQ c2=0
DMA IRQ c3=0
SELECT busy=18711
SELECT w0=18659
SELECT w1=8697
SELECT w2=10346
BUSY TASK ewma=997
DMA IRQ c0=0
DMA IRQ c1=2
DMA IRQ c2=0
DMA IRQ c3=0
SELECT busy=18720
SELECT w0=18668
SELECT w1=8701
SELECT w2=10351
BUSY TASK ewma=997
DMA IRQ c0=0
DMA IRQ c1=2
DMA IRQ c2=0
DMA IRQ c3=0
SELECT busy=18728
SELECT w0=18676
SELECT w1=8704
SELECT w2=10355
BUSY TASK ewma=997
DMA IRQ c0=0
DMA IRQ c1=2
DMA IRQ c2=0
DMA IRQ c3=0
SELECT busy=18737
SELECT w0=18685
SELECT w1=8707
SELECT w2=10359
BUSY TASK ewma=997
DMA IRQ c0=0
DMA IRQ c1=2
DMA IRQ c2=0
DMA IRQ c3=0
SELECT busy=18745
SELECT w0=18693
SELECT w1=8710
SELECT w2=10363
BUSY TASK ewma=997
DMA IRQ c0=0
DMA IRQ c1=2
DMA IRQ c2=0
DMA IRQ c3=0
SELECT busy=18754
SELECT w0=18702
SELECT w1=8714
SELECT w2=10367
BUSY TASK ewma=997
DMA IRQ c0=0
DMA IRQ c1=2
DMA IRQ c2=0
DMA IRQ c3=0
SELECT busy=18762
SELECT w0=18710
SELECT w1=8717
SELECT w2=10371
BUSY TASK ewma=997
IRQ counts: cpu0=37461 cpu1=36074 cpu2=35798 cpu3=35253
SCHED secondaries: calls=107125 unexpected=0
SECTEST switches=107104 cpu1=599542925,600372002 cpu2=488855481,491431420 cpu3=765044334,768911767
PINGPONG rounds=2000 pongs=2000
DMA IRQ c0=0
DMA IRQ c1=2
DMA IRQ c2=0
DMA IRQ c3=0
SELECT busy=18772
SELECT w0=18720
SELECT w1=8721
SELECT w2=10375
BUSY TASK ewma=997
DMA IRQ c0=0
DMA IRQ c1=2
DMA IRQ c2=0
DMA IRQ c3=0
SELECT busy=18780
SELECT w0=18728
SELECT w1=8724
SELECT w2=10379
BUSY TASK ewma=997
DMA IRQ c0=0
DMA IRQ c1=2
DMA IRQ c2=0
DMA IRQ c3=0
SELECT busy=18789
SELECT w0=18737
SELECT w1=8727
SELECT w2=10383
BUSY TASK ewma=997
DMA IRQ c0=0
DMA IRQ c1=2
DMA IRQ c2=0
DMA IRQ c3=0
SELECT busy=18798
SELECT w0=18746
SELECT w1=8731
SELECT w2=10388
BUSY TASK ewma=997
DMA IRQ c0=0
DMA IRQ c1=2
DMA IRQ c2=0
DMA IRQ c3=0
SELECT busy=18809
SELECT w0=18757
SELECT w1=8735
SELECT w2=10393
BUSY TASK ewma=997
DMA IRQ c0=0
DMA IRQ c1=2
DMA IRQ c2=0
DMA IRQ c3=0
SELECT busy=18820
SELECT w0=18768
SELECT w1=8739
SELECT w2=10398
BUSY TASK ewma=997
DMA IRQ c0=0
DMA IRQ c1=2
DMA IRQ c2=0
DMA IRQ c3=0
SELECT busy=18832
SELECT w0=18780
SELECT w1=8744
SELECT w2=10404
BUSY TASK ewma=997
DMA IRQ c0=0
DMA IRQ c1=2
DMA IRQ c2=0
DMA IRQ c3=0
SELECT busy=18843
SELECT w0=18791
SELECT w1=8748
SELECT w2=10409
BUSY TASK ewma=997
DMA IRQ c0=0
DMA IRQ c1=2
DMA IRQ c2=0
DMA IRQ c3=0
SELECT busy=18854
SELECT w0=18802
SELECT w1=8752
SELECT w2=10414
BUSY TASK ewma=997
DMA IRQ c0=0
DMA IRQ c1=2
DMA IRQ c2=0
DMA IRQ c3=0
SELECT busy=18865
SELECT w0=18813
SELECT w1=8757
SELECT w2=10419
BUSY TASK ewma=997
DMA IRQ c0=0
DMA IRQ c1=2
DMA IRQ c2=0
DMA IRQ c3=0
SELECT busy=18876
SELECT w0=18824
SELECT w1=8761
SELECT w2=10425
BUSY TASK ewma=997
DMA IRQ c0=0
DMA IRQ c1=2
DMA IRQ c2=0
DMA IRQ c3=0
SELECT busy=18888
SELECT w0=18836
SELECT w1=8765
SELECT w2=10430
BUSY TASK ewma=997
DMA IRQ c0=0
DMA IRQ c1=2
DMA IRQ c2=0
DMA IRQ c3=0
SELECT busy=18905
SELECT w0=18853
SELECT w1=8772
SELECT w2=10438
BUSY TASK ewma=997
DMA IRQ c0=0
DMA IRQ c1=2
DMA IRQ c2=0
DMA IRQ c3=0
SELECT busy=18915
SELECT w0=18863
SELECT w1=8776
SELECT w2=10443
BUSY TASK ewma=997
DMA IRQ c0=0
DMA IRQ c1=2
DMA IRQ c2=0
DMA IRQ c3=0
SELECT busy=18923
SELECT w0=18872
SELECT w1=8779
SELECT w2=10448
BUSY TASK ewma=997
DMA IRQ c0=0
DMA IRQ c1=2
DMA IRQ c2=0
DMA IRQ c3=0
SELECT busy=18932
SELECT w0=18880
SELECT w1=8782
SELECT w2=10452
BUSY TASK ewma=997
DMA IRQ c0=0
DMA IRQ c1=2
DMA IRQ c2=0
DMA IRQ c3=0
SELECT busy=18941
SELECT w0=18889
SELECT w1=8786
SELECT w2=10456
BUSY TASK ewma=997
DMA IRQ c0=0
DMA IRQ c1=2
DMA IRQ c2=0
DMA IRQ c3=0
SELECT busy=18950
SELECT w0=18898
SELECT w1=8789
SELECT w2=10460
BUSY TASK ewma=997
DMA IRQ c0=0
DMA IRQ c1=2
DMA IRQ c2=0
DMA IRQ c3=0
SELECT busy=18958
SELECT w0=18907
SELECT w1=8793
SELECT w2=10465
BUSY TASK ewma=997
DMA IRQ c0=0
DMA IRQ c1=2
DMA IRQ c2=0
DMA IRQ c3=0
SELECT busy=18967
SELECT w0=18915
SELECT w1=8796
SELECT w2=10469
BUSY TASK ewma=997
DMA IRQ c0=0
DMA IRQ c1=2
DMA IRQ c2=0
DMA IRQ c3=0
SELECT busy=18976
SELECT w0=18924
SELECT w1=8799
SELECT w2=10473
BUSY TASK ewma=997
DMA IRQ c0=0
DMA IRQ c1=2
DMA IRQ c2=0
DMA IRQ c3=0
SELECT busy=18984
SELECT w0=18932
SELECT w1=8802
SELECT w2=10477
BUSY TASK ewma=997
DMA IRQ c0=0
DMA IRQ c1=2
DMA IRQ c2=0
DMA IRQ c3=0
SELECT busy=18993
SELECT w0=18941
SELECT w1=8806
SELECT w2=10481
BUSY TASK ewma=997
DMA IRQ c0=0
DMA IRQ c1=2
DMA IRQ c2=0
DMA IRQ c3=0
SELECT busy=19002
SELECT w0=18950
SELECT w1=8809
SELECT w2=10485
BUSY TASK ewma=997
DMA IRQ c0=0
DMA IRQ c1=2
DMA IRQ c2=0
DMA IRQ c3=0
SELECT busy=19010
SELECT w0=18958
SELECT w1=8812
SELECT w2=10489
BUSY TASK ewma=997
DMA IRQ c0=0
DMA IRQ c1=2
DMA IRQ c2=0
DMA IRQ c3=0
SELECT busy=19019
SELECT w0=18967
SELECT w1=8816
SELECT w2=10493
BUSY TASK ewma=997
DMA IRQ c0=0
DMA IRQ c1=2
DMA IRQ c2=0
DMA IRQ c3=0
SELECT busy=19027
SELECT w0=18975
SELECT w1=8819
SELECT w2=10497
BUSY TASK ewma=997
DMA IRQ c0=0
DMA IRQ c1=2
DMA IRQ c2=0
DMA IRQ c3=0
SELECT busy=19036
SELECT w0=18984
SELECT w1=8822
SELECT w2=10502
BUSY TASK ewma=997
DMA IRQ c0=0
DMA IRQ c1=2
DMA IRQ c2=0
DMA IRQ c3=0
SELECT busy=19044
SELECT w0=18992
SELECT w1=8825
SELECT w2=10506
BUSY TASK ewma=997
DMA IRQ c0=0
DMA IRQ c1=2
DMA IRQ c2=0
DMA IRQ c3=0
SELECT busy=19053
SELECT w0=19001
SELECT w1=8829
SELECT w2=10510
BUSY TASK ewma=997
DMA IRQ c0=0
DMA IRQ c1=2
DMA IRQ c2=0
DMA IRQ c3=0
SELECT busy=19062
SELECT w0=19010
SELECT w1=8832
SELECT w2=10514
BUSY TASK ewma=997
DMA IRQ c0=0
DMA IRQ c1=2
DMA IRQ c2=0
DMA IRQ c3=0
SELECT busy=19071
SELECT w0=19019
SELECT w1=8836
SELECT w2=10518
BUSY TASK ewma=997
DMA IRQ c0=0
DMA IRQ c1=2
DMA IRQ c2=0
DMA IRQ c3=0
SELECT busy=19079
SELECT w0=19027
SELECT w1=8839
SELECT w2=10522
BUSY TASK ewma=997
DMA IRQ c0=0
DMA IRQ c1=2
DMA IRQ c2=0
DMA IRQ c3=0
SELECT busy=19088
SELECT w0=19036
SELECT w1=8842
SELECT w2=10527
BUSY TASK ewma=997
DMA IRQ c0=0
DMA IRQ c1=2
DMA IRQ c2=0
DMA IRQ c3=0
SELECT busy=19096
SELECT w0=19045
SELECT w1=8846
SELECT w2=10531
BUSY TASK ewma=997
DMA IRQ c0=0
DMA IRQ c1=2
DMA IRQ c2=0
DMA IRQ c3=0
SELECT busy=19105
SELECT w0=19053
SELECT w1=8849
SELECT w2=10535
BUSY TASK ewma=997
DMA IRQ c0=0
DMA IRQ c1=2
DMA IRQ c2=0
DMA IRQ c3=0
SELECT busy=19114
SELECT w0=19062
SELECT w1=8852
SELECT w2=10539
BUSY TASK ewma=997
DMA IRQ c0=0
DMA IRQ c1=2
DMA IRQ c2=0
DMA IRQ c3=0
SELECT busy=19122
SELECT w0=19070
SELECT w1=8855
SELECT w2=10543
BUSY TASK ewma=997
DMA IRQ c0=0
DMA IRQ c1=2
DMA IRQ c2=0
DMA IRQ c3=0
SELECT busy=19131
SELECT w0=19079
SELECT w1=8859
SELECT w2=10547
BUSY TASK ewma=997
DMA IRQ c0=0
DMA IRQ c1=2
DMA IRQ c2=0
DMA IRQ c3=0
SELECT busy=19139
SELECT w0=19087
SELECT w1=8862
SELECT w2=10551
BUSY TASK ewma=997
DMA IRQ c0=0
DMA IRQ c1=2
DMA IRQ c2=0
DMA IRQ c3=0
SELECT busy=19148
SELECT w0=19096
SELECT w1=8865
SELECT w2=10555
BUSY TASK ewma=997
DMA IRQ c0=0
DMA IRQ c1=2
DMA IRQ c2=0
DMA IRQ c3=0
SELECT busy=19157
SELECT w0=19105
SELECT w1=8869
SELECT w2=10559
BUSY TASK ewma=997
DMA IRQ c0=0
DMA IRQ c1=2
DMA IRQ c2=0
DMA IRQ c3=0
SELECT busy=19166
SELECT w0=19114
SELECT w1=8872
SELECT w2=10564
BUSY TASK ewma=997
DMA IRQ c0=0
DMA IRQ c1=2
DMA IRQ c2=0
DMA IRQ c3=0
SELECT busy=19174
SELECT w0=19122
SELECT w1=8875
SELECT w2=10568
BUSY TASK ewma=997
DMA IRQ c0=0
DMA IRQ c1=2
DMA IRQ c2=0
DMA IRQ c3=0
SELECT busy=19183
SELECT w0=19131
SELECT w1=8879
SELECT w2=10572
BUSY TASK ewma=997
DMA IRQ c0=0
DMA IRQ c1=2
DMA IRQ c2=0
DMA IRQ c3=0
SELECT busy=19191
SELECT w0=19139
SELECT w1=8882
SELECT w2=10576
BUSY TASK ewma=997
DMA IRQ c0=0
DMA IRQ c1=2
DMA IRQ c2=0
DMA IRQ c3=0
SELECT busy=19200
SELECT w0=19148
SELECT w1=8885
SELECT w2=10580
BUSY TASK ewma=997
DMA IRQ c0=0
DMA IRQ c1=2
DMA IRQ c2=0
DMA IRQ c3=0
SELECT busy=19209
SELECT w0=19157
SELECT w1=8889
SELECT w2=10584
BUSY TASK ewma=997
DMA IRQ c0=0
DMA IRQ c1=2
DMA IRQ c2=0
DMA IRQ c3=0
SELECT busy=19217
SELECT w0=19165
SELECT w1=8892
SELECT w2=10589
BUSY TASK ewma=997
DMA IRQ c0=0
DMA IRQ c1=2
DMA IRQ c2=0
DMA IRQ c3=0
SELECT busy=19226
SELECT w0=19174
SELECT w1=8895
SELECT w2=10592
BUSY TASK ewma=997
DMA IRQ c0=0
DMA IRQ c1=2
DMA IRQ c2=0
DMA IRQ c3=0
SELECT busy=19234
SELECT w0=19182
SELECT w1=8899
SELECT w2=10597
BUSY TASK ewma=997
DMA IRQ c0=0
DMA IRQ c1=2
DMA IRQ c2=0
DMA IRQ c3=0
SELECT busy=19243
SELECT w0=19191
SELECT w1=8902
SELECT w2=10601
BUSY TASK ewma=997
DMA IRQ c0=0
DMA IRQ c1=2
DMA IRQ c2=0
DMA IRQ c3=0
SELECT busy=19251
SELECT w0=19199
SELECT w1=8905
SELECT w2=10605
BUSY TASK ewma=997
DMA IRQ c0=0
DMA IRQ c1=2
DMA IRQ c2=0
DMA IRQ c3=0
SELECT busy=19260
SELECT w0=19208
SELECT w1=8909
SELECT w2=10609
BUSY TASK ewma=997
DMA IRQ c0=0
DMA IRQ c1=2
DMA IRQ c2=0
DMA IRQ c3=0
SELECT busy=19269
SELECT w0=19217
SELECT w1=8912
SELECT w2=10613
BUSY TASK ewma=997
DMA IRQ c0=0
DMA IRQ c1=2
DMA IRQ c2=0
DMA IRQ c3=0
SELECT busy=19277
SELECT w0=19225
SELECT w1=8915
SELECT w2=10617
BUSY TASK ewma=997
DMA IRQ c0=0
DMA IRQ c1=2
DMA IRQ c2=0
DMA IRQ c3=0
SELECT busy=19286
SELECT w0=19235
SELECT w1=8919
SELECT w2=10621
BUSY TASK ewma=997
DMA IRQ c0=0
DMA IRQ c1=2
DMA IRQ c2=0
DMA IRQ c3=0
SELECT busy=19295
SELECT w0=19243
SELECT w1=8922
SELECT w2=10625
BUSY TASK ewma=997
DMA IRQ c0=0
DMA IRQ c1=2
DMA IRQ c2=0
DMA IRQ c3=0
SELECT busy=19304
SELECT w0=19252
SELECT w1=8925
SELECT w2=10630
BUSY TASK ewma=997
DMA IRQ c0=0
DMA IRQ c1=2
DMA IRQ c2=0
DMA IRQ c3=0
SELECT busy=19312
SELECT w0=19260
SELECT w1=8929
SELECT w2=10634
BUSY TASK ewma=997
DMA IRQ c0=0
DMA IRQ c1=2
DMA IRQ c2=0
DMA IRQ c3=0
SELECT busy=19321
SELECT w0=19269
SELECT w1=8932
SELECT w2=10638
BUSY TASK ewma=997
DMA IRQ c0=0
DMA IRQ c1=2
DMA IRQ c2=0
DMA IRQ c3=0
SELECT busy=19330
SELECT w0=19278
SELECT w1=8935
SELECT w2=10642
BUSY TASK ewma=997
DMA IRQ c0=0
DMA IRQ c1=2
DMA IRQ c2=0
DMA IRQ c3=0
SELECT busy=19338
SELECT w0=19286
SELECT w1=8939
SELECT w2=10646
BUSY TASK ewma=997
DMA IRQ c0=0
DMA IRQ c1=2
DMA IRQ c2=0
DMA IRQ c3=0
SELECT busy=19347
SELECT w0=19295
SELECT w1=8942
SELECT w2=10650
BUSY TASK ewma=997
IRQ counts: cpu0=38631 cpu1=37198 cpu2=36913 cpu3=36352
SCHED secondaries: calls=110465 unexpected=0
SECTEST switches=110447 cpu1=620246317,621242166 cpu2=506070539,508648502 cpu3=789248584,793293951
PINGPONG rounds=2000 pongs=2000
DMA IRQ c0=0
DMA IRQ c1=2
DMA IRQ c2=0
DMA IRQ c3=0
SELECT busy=19357
SELECT w0=19305
SELECT w1=8946
SELECT w2=10655
BUSY TASK ewma=997
DMA IRQ c0=0
DMA IRQ c1=2
DMA IRQ c2=0
DMA IRQ c3=0
SELECT busy=19366
SELECT w0=19314
SELECT w1=8949
SELECT w2=10659
BUSY TASK ewma=997
DMA IRQ c0=0
DMA IRQ c1=2
DMA IRQ c2=0
DMA IRQ c3=0
SELECT busy=19374
SELECT w0=19322
SELECT w1=8952
SELECT w2=10663
BUSY TASK ewma=997
DMA IRQ c0=0
DMA IRQ c1=2
DMA IRQ c2=0
DMA IRQ c3=0
SELECT busy=19383
SELECT w0=19331
SELECT w1=8956
SELECT w2=10667
BUSY TASK ewma=997
DMA IRQ c0=0
DMA IRQ c1=2
DMA IRQ c2=0
DMA IRQ c3=0
SELECT busy=19392
SELECT w0=19340
SELECT w1=8959
SELECT w2=10671
BUSY TASK ewma=997
DMA IRQ c0=0
DMA IRQ c1=2
DMA IRQ c2=0
DMA IRQ c3=0
SELECT busy=19401
SELECT w0=19349
SELECT w1=8962
SELECT w2=10675
BUSY TASK ewma=997
DMA IRQ c0=0
DMA IRQ c1=2
DMA IRQ c2=0
DMA IRQ c3=0
SELECT busy=19409
SELECT w0=19357
SELECT w1=8966
SELECT w2=10679
BUSY TASK ewma=997
DMA IRQ c0=0
DMA IRQ c1=2
DMA IRQ c2=0
DMA IRQ c3=0
SELECT busy=19418
SELECT w0=19366
SELECT w1=8969
SELECT w2=10684
BUSY TASK ewma=997
DMA IRQ c0=0
DMA IRQ c1=2
DMA IRQ c2=0
DMA IRQ c3=0
SELECT busy=19426
SELECT w0=19374
SELECT w1=8972
SELECT w2=10688
BUSY TASK ewma=997
DMA IRQ c0=0
DMA IRQ c1=2
DMA IRQ c2=0
DMA IRQ c3=0
SELECT busy=19435
SELECT w0=19383
SELECT w1=8976
SELECT w2=10692
BUSY TASK ewma=997
DMA IRQ c0=0
DMA IRQ c1=2
DMA IRQ c2=0
DMA IRQ c3=0
SELECT busy=19444
SELECT w0=19392
SELECT w1=8979
SELECT w2=10696
BUSY TASK ewma=997
DMA IRQ c0=0
DMA IRQ c1=2
DMA IRQ c2=0
DMA IRQ c3=0
SELECT busy=19452
SELECT w0=19400
SELECT w1=8982
SELECT w2=10700
BUSY TASK ewma=997
DMA IRQ c0=0
DMA IRQ c1=2
DMA IRQ c2=0
DMA IRQ c3=0
SELECT busy=19461
SELECT w0=19409
SELECT w1=8986
SELECT w2=10704
BUSY TASK ewma=997
DMA IRQ c0=0
DMA IRQ c1=2
DMA IRQ c2=0
DMA IRQ c3=0
SELECT busy=19469
SELECT w0=19418
SELECT w1=8989
SELECT w2=10709
BUSY TASK ewma=997
DMA IRQ c0=0
DMA IRQ c1=2
DMA IRQ c2=0
DMA IRQ c3=0
SELECT busy=19478
SELECT w0=19426
SELECT w1=8992
SELECT w2=10713
BUSY TASK ewma=997
DMA IRQ c0=0
DMA IRQ c1=2
DMA IRQ c2=0
DMA IRQ c3=0
SELECT busy=19487
SELECT w0=19435
SELECT w1=8996
SELECT w2=10717
BUSY TASK ewma=997
DMA IRQ c0=0
DMA IRQ c1=2
DMA IRQ c2=0
DMA IRQ c3=0
SELECT busy=19496
SELECT w0=19444
SELECT w1=8999
SELECT w2=10721
BUSY TASK ewma=997
DMA IRQ c0=0
DMA IRQ c1=2
DMA IRQ c2=0
DMA IRQ c3=0
SELECT busy=19504
SELECT w0=19452
SELECT w1=9002
SELECT w2=10725
BUSY TASK ewma=997
DMA IRQ c0=0
DMA IRQ c1=2
DMA IRQ c2=0
DMA IRQ c3=0
SELECT busy=19513
SELECT w0=19461
SELECT w1=9005
SELECT w2=10729
BUSY TASK ewma=997
DMA IRQ c0=0
DMA IRQ c1=2
DMA IRQ c2=0
DMA IRQ c3=0
SELECT busy=19521
SELECT w0=19469
SELECT w1=9009
SELECT w2=10733
BUSY TASK ewma=997
DMA IRQ c0=0
DMA IRQ c1=2
DMA IRQ c2=0
DMA IRQ c3=0
SELECT busy=19530
SELECT w0=19478
SELECT w1=9012
SELECT w2=10737
BUSY TASK ewma=997
DMA IRQ c0=0
DMA IRQ c1=2
DMA IRQ c2=0
DMA IRQ c3=0
SELECT busy=19538
SELECT w0=19486
SELECT w1=9016
SELECT w2=10742
BUSY TASK ewma=997
DMA IRQ c0=0
DMA IRQ c1=2
DMA IRQ c2=0
DMA IRQ c3=0
SELECT busy=19547
SELECT w0=19495
SELECT w1=9019
SELECT w2=10746
BUSY TASK ewma=997
DMA IRQ c0=0
DMA IRQ c1=2
DMA IRQ c2=0
DMA IRQ c3=0
SELECT busy=19556
SELECT w0=19504
SELECT w1=9022
SELECT w2=10750
BUSY TASK ewma=997
DMA IRQ c0=0
DMA IRQ c1=2
DMA IRQ c2=0
DMA IRQ c3=0
SELECT busy=19564
SELECT w0=19512
SELECT w1=9025
SELECT w2=10754
BUSY TASK ewma=997
DMA IRQ c0=0
DMA IRQ c1=2
DMA IRQ c2=0
DMA IRQ c3=0
SELECT busy=19573
SELECT w0=19521
SELECT w1=9029
SELECT w2=10758
BUSY TASK ewma=997
DMA IRQ c0=0
DMA IRQ c1=2
DMA IRQ c2=0
DMA IRQ c3=0
SELECT busy=19581
SELECT w0=19529
SELECT w1=9032
SELECT w2=10762
BUSY TASK ewma=997
DMA IRQ c0=0
DMA IRQ c1=2
DMA IRQ c2=0
DMA IRQ c3=0
SELECT busy=19590
SELECT w0=19538
SELECT w1=9035
SELECT w2=10766
BUSY TASK ewma=997
DMA IRQ c0=0
DMA IRQ c1=2
DMA IRQ c2=0
DMA IRQ c3=0
SELECT busy=19598
SELECT w0=19546
SELECT w1=9038
SELECT w2=10770
BUSY TASK ewma=997
DMA IRQ c0=0
DMA IRQ c1=2
DMA IRQ c2=0
DMA IRQ c3=0
SELECT busy=19607
SELECT w0=19555
SELECT w1=9042
SELECT w2=10774
BUSY TASK ewma=997
DMA IRQ c0=0
DMA IRQ c1=2
DMA IRQ c2=0
DMA IRQ c3=0
SELECT busy=19615
SELECT w0=19563
SELECT w1=9045
SELECT w2=10778
BUSY TASK ewma=997
DMA IRQ c0=0
DMA IRQ c1=2
DMA IRQ c2=0
DMA IRQ c3=0
SELECT busy=19624
SELECT w0=19572
SELECT w1=9049
SELECT w2=10782
BUSY TASK ewma=997
DMA IRQ c0=0
DMA IRQ c1=2
DMA IRQ c2=0
DMA IRQ c3=0
SELECT busy=19632
SELECT w0=19580
SELECT w1=9052
SELECT w2=10787
BUSY TASK ewma=997
DMA IRQ c0=0
DMA IRQ c1=2
DMA IRQ c2=0
DMA IRQ c3=0
SELECT busy=19641
SELECT w0=19589
SELECT w1=9055
SELECT w2=10791
BUSY TASK ewma=997
DMA IRQ c0=0
DMA IRQ c1=2
DMA IRQ c2=0
DMA IRQ c3=0
SELECT busy=19649
SELECT w0=19598
SELECT w1=9059
SELECT w2=10795
BUSY TASK ewma=997
DMA IRQ c0=0
DMA IRQ c1=2
DMA IRQ c2=0
DMA IRQ c3=0
SELECT busy=19658
SELECT w0=19606
SELECT w1=9062
SELECT w2=10799
BUSY TASK ewma=997
DMA IRQ c0=0
DMA IRQ c1=2
DMA IRQ c2=0
DMA IRQ c3=0
SELECT busy=19666
SELECT w0=19614
SELECT w1=9065
SELECT w2=10803
BUSY TASK ewma=997
DMA IRQ c0=0
DMA IRQ c1=2
DMA IRQ c2=0
DMA IRQ c3=0
SELECT busy=19675
SELECT w0=19623
SELECT w1=9068
SELECT w2=10807
BUSY TASK ewma=997
DMA IRQ c0=0
DMA IRQ c1=2
DMA IRQ c2=0
DMA IRQ c3=0
SELECT busy=19683
SELECT w0=19632
SELECT w1=9072
SELECT w2=10811
BUSY TASK ewma=997
DMA IRQ c0=0
DMA IRQ c1=2
DMA IRQ c2=0
DMA IRQ c3=0
SELECT busy=19692
SELECT w0=19640
SELECT w1=9075
SELECT w2=10815
BUSY TASK ewma=997
DMA IRQ c0=0
DMA IRQ c1=2
DMA IRQ c2=0
DMA IRQ c3=0
SELECT busy=19701
SELECT w0=19649
SELECT w1=9078
SELECT w2=10819
BUSY TASK ewma=997
DMA IRQ c0=0
DMA IRQ c1=2
DMA IRQ c2=0
DMA IRQ c3=0
SELECT busy=19710
SELECT w0=19658
SELECT w1=9082
SELECT w2=10823
BUSY TASK ewma=997
DMA IRQ c0=0
DMA IRQ c1=2
DMA IRQ c2=0
DMA IRQ c3=0
SELECT busy=19718
SELECT w0=19666
SELECT w1=9085
SELECT w2=10827
BUSY TASK ewma=997
DMA IRQ c0=0
DMA IRQ c1=2
DMA IRQ c2=0
DMA IRQ c3=0
SELECT busy=19727
SELECT w0=19675
SELECT w1=9088
SELECT w2=10831
BUSY TASK ewma=997
DMA IRQ c0=0
DMA IRQ c1=2
DMA IRQ c2=0
DMA IRQ c3=0
SELECT busy=19735
SELECT w0=19683
SELECT w1=9091
SELECT w2=10835
BUSY TASK ewma=997
DMA IRQ c0=0
DMA IRQ c1=2
DMA IRQ c2=0
DMA IRQ c3=0
SELECT busy=19744
SELECT w0=19692
SELECT w1=9095
SELECT w2=10839
BUSY TASK ewma=997
DMA IRQ c0=0
DMA IRQ c1=2
DMA IRQ c2=0
DMA IRQ c3=0
SELECT busy=19752
SELECT w0=19700
SELECT w1=9098
SELECT w2=10843
BUSY TASK ewma=997
DMA IRQ c0=0
DMA IRQ c1=2
DMA IRQ c2=0
DMA IRQ c3=0
SELECT busy=19761
SELECT w0=19709
SELECT w1=9102
SELECT w2=10848
BUSY TASK ewma=997
DMA IRQ c0=0
DMA IRQ c1=2
DMA IRQ c2=0
DMA IRQ c3=0
SELECT busy=19769
SELECT w0=19717
SELECT w1=9105
SELECT w2=10852
BUSY TASK ewma=997
DMA IRQ c0=0
DMA IRQ c1=2
DMA IRQ c2=0
DMA IRQ c3=0
SELECT busy=19778
SELECT w0=19726
SELECT w1=9108
SELECT w2=10856
BUSY TASK ewma=997
DMA IRQ c0=0
DMA IRQ c1=2
DMA IRQ c2=0
DMA IRQ c3=0
SELECT busy=19786
SELECT w0=19735
SELECT w1=9112
SELECT w2=10860
BUSY TASK ewma=997
DMA IRQ c0=0
DMA IRQ c1=2
DMA IRQ c2=0
DMA IRQ c3=0
SELECT busy=19795
SELECT w0=19743
SELECT w1=9115
SELECT w2=10864
BUSY TASK ewma=997
DMA IRQ c0=0
DMA IRQ c1=2
DMA IRQ c2=0
DMA IRQ c3=0
SELECT busy=19804
SELECT w0=19752
SELECT w1=9118
SELECT w2=10868
BUSY TASK ewma=997
DMA IRQ c0=0
DMA IRQ c1=2
DMA IRQ c2=0
DMA IRQ c3=0
SELECT busy=19812
SELECT w0=19760
SELECT w1=9122
SELECT w2=10872
BUSY TASK ewma=997
DMA IRQ c0=0
DMA IRQ c1=2
DMA IRQ c2=0
DMA IRQ c3=0
SELECT busy=19821
SELECT w0=19769
SELECT w1=9125
SELECT w2=10876
BUSY TASK ewma=997
DMA IRQ c0=0
DMA IRQ c1=2
DMA IRQ c2=0
DMA IRQ c3=0
SELECT busy=19830
SELECT w0=19778
SELECT w1=9128
SELECT w2=10880
BUSY TASK ewma=997
DMA IRQ c0=0
DMA IRQ c1=2
DMA IRQ c2=0
DMA IRQ c3=0
SELECT busy=19838
SELECT w0=19786
SELECT w1=9131
SELECT w2=10884
BUSY TASK ewma=997
DMA IRQ c0=0
DMA IRQ c1=2
DMA IRQ c2=0
DMA IRQ c3=0
SELECT busy=19847
SELECT w0=19795
SELECT w1=9135
SELECT w2=10889
BUSY TASK ewma=997
DMA IRQ c0=0
DMA IRQ c1=2
DMA IRQ c2=0
DMA IRQ c3=0
SELECT busy=19855
SELECT w0=19803
SELECT w1=9138
SELECT w2=10893
BUSY TASK ewma=997
DMA IRQ c0=0
DMA IRQ c1=2
DMA IRQ c2=0
DMA IRQ c3=0
SELECT busy=19864
SELECT w0=19812
SELECT w1=9141
SELECT w2=10897
BUSY TASK ewma=997
DMA IRQ c0=0
DMA IRQ c1=2
DMA IRQ c2=0
DMA IRQ c3=0
SELECT busy=19872
SELECT w0=19820
SELECT w1=9145
SELECT w2=10901
BUSY TASK ewma=997
DMA IRQ c0=0
DMA IRQ c1=2
DMA IRQ c2=0
DMA IRQ c3=0
SELECT busy=19881
SELECT w0=19829
SELECT w1=9148
SELECT w2=10905
BUSY TASK ewma=997
DMA IRQ c0=0
DMA IRQ c1=2
DMA IRQ c2=0
DMA IRQ c3=0
SELECT busy=19890
SELECT w0=19838
SELECT w1=9151
SELECT w2=10909
BUSY TASK ewma=997
DMA IRQ c0=0
DMA IRQ c1=2
DMA IRQ c2=0
DMA IRQ c3=0
SELECT busy=19898
SELECT w0=19847
SELECT w1=9155
SELECT w2=10913
BUSY TASK ewma=997
IRQ counts: cpu0=39735 cpu1=38262 cpu2=37967 cpu3=37390
SCHED secondaries: calls=113620 unexpected=0
SECTEST switches=113599 cpu1=640710190,641820154 cpu2=522035286,524719564 cpu3=813652122,817827068
PINGPONG rounds=2000 pongs=2000
DMA IRQ c0=0
DMA IRQ c1=2
DMA IRQ c2=0
DMA IRQ c3=0
SELECT busy=19908
SELECT w0=19857
SELECT w1=9159
SELECT w2=10918
BUSY TASK ewma=997
DMA IRQ c0=0
DMA IRQ c1=2
DMA IRQ c2=0
DMA IRQ c3=0
SELECT busy=19917
SELECT w0=19865
SELECT w1=9162
SELECT w2=10922
BUSY TASK ewma=997
DMA IRQ c0=0
DMA IRQ c1=2
DMA IRQ c2=0
DMA IRQ c3=0
SELECT busy=19926
SELECT w0=19874
SELECT w1=9165
SELECT w2=10926
BUSY TASK ewma=997
DMA IRQ c0=0
DMA IRQ c1=2
DMA IRQ c2=0
DMA IRQ c3=0
SELECT busy=19934
SELECT w0=19882
SELECT w1=9168
SELECT w2=10930
BUSY TASK ewma=997
DMA IRQ c0=0
DMA IRQ c1=2
DMA IRQ c2=0
DMA IRQ c3=0
SELECT busy=19943
SELECT w0=19891
SELECT w1=9172
SELECT w2=10934
BUSY TASK ewma=997
DMA IRQ c0=0
DMA IRQ c1=2
DMA IRQ c2=0
DMA IRQ c3=0
SELECT busy=19951
SELECT w0=19899
SELECT w1=9175
SELECT w2=10938
BUSY TASK ewma=997
DMA IRQ c0=0
DMA IRQ c1=2
DMA IRQ c2=0
DMA IRQ c3=0
SELECT busy=19960
SELECT w0=19908
SELECT w1=9179
SELECT w2=10942
BUSY TASK ewma=997
DMA IRQ c0=0
DMA IRQ c1=2
DMA IRQ c2=0
DMA IRQ c3=0
SELECT busy=19969
SELECT w0=19917
SELECT w1=9182
SELECT w2=10947
BUSY TASK ewma=997
DMA IRQ c0=0
DMA IRQ c1=2
DMA IRQ c2=0
DMA IRQ c3=0
SELECT busy=19977
SELECT w0=19925
SELECT w1=9185
SELECT w2=10951
BUSY TASK ewma=997
DMA IRQ c0=0
DMA IRQ c1=2
DMA IRQ c2=0
DMA IRQ c3=0
SELECT busy=19986
SELECT w0=19934
SELECT w1=9189
SELECT w2=10955
BUSY TASK ewma=997
DMA IRQ c0=0
DMA IRQ c1=2
DMA IRQ c2=0
DMA IRQ c3=0
SELECT busy=19994
SELECT w0=19942
SELECT w1=9192
SELECT w2=10959
BUSY TASK ewma=997
DMA IRQ c0=0
DMA IRQ c1=2
DMA IRQ c2=0
DMA IRQ c3=0
SELECT busy=20003
SELECT w0=19951
SELECT w1=9195
SELECT w2=10963
BUSY TASK ewma=997
DMA IRQ c0=0
DMA IRQ c1=2
DMA IRQ c2=0
DMA IRQ c3=0
SELECT busy=20011
SELECT w0=19959
SELECT w1=9199
SELECT w2=10968
BUSY TASK ewma=997
DMA IRQ c0=0
DMA IRQ c1=2
DMA IRQ c2=0
DMA IRQ c3=0
SELECT busy=20020
SELECT w0=19968
SELECT w1=9202
SELECT w2=10972
BUSY TASK ewma=997
DMA IRQ c0=0
DMA IRQ c1=2
DMA IRQ c2=0
DMA IRQ c3=0
SELECT busy=20029
SELECT w0=19977
SELECT w1=9205
SELECT w2=10976
BUSY TASK ewma=997
DMA IRQ c0=0
DMA IRQ c1=2
DMA IRQ c2=0
DMA IRQ c3=0
SELECT busy=20037
SELECT w0=19985
SELECT w1=9209
SELECT w2=10980
BUSY TASK ewma=997
DMA IRQ c0=0
DMA IRQ c1=2
DMA IRQ c2=0
DMA IRQ c3=0
SELECT busy=20046
SELECT w0=19994
SELECT w1=9212
SELECT w2=10984
BUSY TASK ewma=997
DMA IRQ c0=0
DMA IRQ c1=2
DMA IRQ c2=0
DMA IRQ c3=0
SELECT busy=20054
SELECT w0=20002
SELECT w1=9215
SELECT w2=10988
BUSY TASK ewma=997
DMA IRQ c0=0
DMA IRQ c1=2
DMA IRQ c2=0
DMA IRQ c3=0
SELECT busy=20062
SELECT w0=20011
SELECT w1=9218
SELECT w2=10992
BUSY TASK ewma=997
DMA IRQ c0=0
DMA IRQ c1=2
DMA IRQ c2=0
DMA IRQ c3=0
SELECT busy=20071
SELECT w0=20019
SELECT w1=9222
SELECT w2=10996
BUSY TASK ewma=997
DMA IRQ c0=0
DMA IRQ c1=2
DMA IRQ c2=0
DMA IRQ c3=0
SELECT busy=20080
SELECT w0=20028
SELECT w1=9225
SELECT w2=11000
BUSY TASK ewma=997
DMA IRQ c0=0
DMA IRQ c1=2
DMA IRQ c2=0
DMA IRQ c3=0
SELECT busy=20088
SELECT w0=20036
SELECT w1=9228
SELECT w2=11004
BUSY TASK ewma=997
DMA IRQ c0=0
DMA IRQ c1=2
DMA IRQ c2=0
DMA IRQ c3=0
SELECT busy=20097
SELECT w0=20045
SELECT w1=9231
SELECT w2=11008
BUSY TASK ewma=997
DMA IRQ c0=0
DMA IRQ c1=2
DMA IRQ c2=0
DMA IRQ c3=0
SELECT busy=20105
SELECT w0=20053
SELECT w1=9235
SELECT w2=11013
BUSY TASK ewma=997
DMA IRQ c0=0
DMA IRQ c1=2
DMA IRQ c2=0
DMA IRQ c3=0
SELECT busy=20114
SELECT w0=20062
SELECT w1=9238
SELECT w2=11017
BUSY TASK ewma=997
DMA IRQ c0=0
DMA IRQ c1=2
DMA IRQ c2=0
DMA IRQ c3=0
SELECT busy=20123
SELECT w0=20071
SELECT w1=9241
SELECT w2=11021
BUSY TASK ewma=997
DMA IRQ c0=0
DMA IRQ c1=2
DMA IRQ c2=0
DMA IRQ c3=0
SELECT busy=20131
SELECT w0=20079
SELECT w1=9244
SELECT w2=11025
BUSY TASK ewma=997
DMA IRQ c0=0
DMA IRQ c1=2
DMA IRQ c2=0
DMA IRQ c3=0
SELECT busy=20140
SELECT w0=20088
SELECT w1=9248
SELECT w2=11029
BUSY TASK ewma=997
DMA IRQ c0=0
DMA IRQ c1=2
DMA IRQ c2=0
DMA IRQ c3=0
SELECT busy=20149
SELECT w0=20097
SELECT w1=9251
SELECT w2=11033
BUSY TASK ewma=997
DMA IRQ c0=0
DMA IRQ c1=2
DMA IRQ c2=0
DMA IRQ c3=0
SELECT busy=20157
SELECT w0=20105
SELECT w1=9254
SELECT w2=11037
BUSY TASK ewma=997
DMA IRQ c0=0
DMA IRQ c1=2
DMA IRQ c2=0
DMA IRQ c3=0
SELECT busy=20165
SELECT w0=20113
SELECT w1=9257
SELECT w2=11042
BUSY TASK ewma=997
DMA IRQ c0=0
DMA IRQ c1=2
DMA IRQ c2=0
DMA IRQ c3=0
SELECT busy=20174
SELECT w0=20122
SELECT w1=9261
SELECT w2=11046
BUSY TASK ewma=997
DMA IRQ c0=0
DMA IRQ c1=2
DMA IRQ c2=0
DMA IRQ c3=0
SELECT busy=20182
SELECT w0=20130
SELECT w1=9264
SELECT w2=11049
BUSY TASK ewma=997
DMA IRQ c0=0
DMA IRQ c1=2
DMA IRQ c2=0
DMA IRQ c3=0
SELECT busy=20191
SELECT w0=20139
SELECT w1=9268
SELECT w2=11054
BUSY TASK ewma=997
DMA IRQ c0=0
DMA IRQ c1=2
DMA IRQ c2=0
DMA IRQ c3=0
SELECT busy=20199
SELECT w0=20148
SELECT w1=9271
SELECT w2=11058
BUSY TASK ewma=997
DMA IRQ c0=0
DMA IRQ c1=2
DMA IRQ c2=0
DMA IRQ c3=0
SELECT busy=20208
SELECT w0=20156
SELECT w1=9274
SELECT w2=11062
BUSY TASK ewma=997
DMA IRQ c0=0
DMA IRQ c1=2
DMA IRQ c2=0
DMA IRQ c3=0
SELECT busy=20216
SELECT w0=20165
SELECT w1=9278
SELECT w2=11066
BUSY TASK ewma=997
DMA IRQ c0=0
DMA IRQ c1=2
DMA IRQ c2=0
DMA IRQ c3=0
SELECT busy=20225
SELECT w0=20173
SELECT w1=9281
SELECT w2=11070
BUSY TASK ewma=997
DMA IRQ c0=0
DMA IRQ c1=2
DMA IRQ c2=0
DMA IRQ c3=0
SELECT busy=20234
SELECT w0=20182
SELECT w1=9284
SELECT w2=11074
BUSY TASK ewma=997
DMA IRQ c0=0
DMA IRQ c1=2
DMA IRQ c2=0
DMA IRQ c3=0
SELECT busy=20242
SELECT w0=20190
SELECT w1=9288
SELECT w2=11078
BUSY TASK ewma=997
DMA IRQ c0=0
DMA IRQ c1=2
DMA IRQ c2=0
DMA IRQ c3=0
SELECT busy=20251
SELECT w0=20199
SELECT w1=9291
SELECT w2=11082
BUSY TASK ewma=997
DMA IRQ c0=0
DMA IRQ c1=2
DMA IRQ c2=0
DMA IRQ c3=0
SELECT busy=20259
SELECT w0=20208
SELECT w1=9294
SELECT w2=11087
BUSY TASK ewma=997
DMA IRQ c0=0
DMA IRQ c1=2
DMA IRQ c2=0
DMA IRQ c3=0
SELECT busy=20268
SELECT w0=20216
SELECT w1=9298
SELECT w2=11090
BUSY TASK ewma=997
DMA IRQ c0=0
DMA IRQ c1=2
DMA IRQ c2=0
DMA IRQ c3=0
SELECT busy=20277
SELECT w0=20225
SELECT w1=9301
SELECT w2=11095
BUSY TASK ewma=997
DMA IRQ c0=0
DMA IRQ c1=2
DMA IRQ c2=0
DMA IRQ c3=0
SELECT busy=20285
SELECT w0=20233
SELECT w1=9304
SELECT w2=11098
BUSY TASK ewma=997
DMA IRQ c0=0
DMA IRQ c1=2
DMA IRQ c2=0
DMA IRQ c3=0
SELECT busy=20294
SELECT w0=20242
SELECT w1=9307
SELECT w2=11103
BUSY TASK ewma=997
DMA IRQ c0=0
DMA IRQ c1=2
DMA IRQ c2=0
DMA IRQ c3=0
SELECT busy=20302
SELECT w0=20250
SELECT w1=9310
SELECT w2=11106
BUSY TASK ewma=997
DMA IRQ c0=0
DMA IRQ c1=2
DMA IRQ c2=0
DMA IRQ c3=0
SELECT busy=20311
SELECT w0=20259
SELECT w1=9314
SELECT w2=11111
BUSY TASK ewma=997
DMA IRQ c0=0
DMA IRQ c1=2
DMA IRQ c2=0
DMA IRQ c3=0
SELECT busy=20319
SELECT w0=20267
SELECT w1=9317
SELECT w2=11115
BUSY TASK ewma=997
DMA IRQ c0=0
DMA IRQ c1=2
DMA IRQ c2=0
DMA IRQ c3=0
SELECT busy=20328
SELECT w0=20276
SELECT w1=9320
SELECT w2=11119
BUSY TASK ewma=997
DMA IRQ c0=0
DMA IRQ c1=2
DMA IRQ c2=0
DMA IRQ c3=0
SELECT busy=20336
SELECT w0=20284
SELECT w1=9324
SELECT w2=11123
BUSY TASK ewma=997
DMA IRQ c0=0
DMA IRQ c1=2
DMA IRQ c2=0
DMA IRQ c3=0
SELECT busy=20345
SELECT w0=20293
SELECT w1=9327
SELECT w2=11127
BUSY TASK ewma=997
DMA IRQ c0=0
DMA IRQ c1=2
DMA IRQ c2=0
DMA IRQ c3=0
SELECT busy=20353
SELECT w0=20301
SELECT w1=9330
SELECT w2=11132
BUSY TASK ewma=997
DMA IRQ c0=0
DMA IRQ c1=2
DMA IRQ c2=0
DMA IRQ c3=0
SELECT busy=20362
SELECT w0=20310
SELECT w1=9334
SELECT w2=11136
BUSY TASK ewma=997
DMA IRQ c0=0
DMA IRQ c1=2
DMA IRQ c2=0
DMA IRQ c3=0
SELECT busy=20370
SELECT w0=20318
SELECT w1=9337
SELECT w2=11140
BUSY TASK ewma=997
DMA IRQ c0=0
DMA IRQ c1=2
DMA IRQ c2=0
DMA IRQ c3=0
SELECT busy=20379
SELECT w0=20327
SELECT w1=9341
SELECT w2=11144
BUSY TASK ewma=997
DMA IRQ c0=0
DMA IRQ c1=2
DMA IRQ c2=0
DMA IRQ c3=0
SELECT busy=20387
SELECT w0=20335
SELECT w1=9344
SELECT w2=11148
BUSY TASK ewma=997
DMA IRQ c0=0
DMA IRQ c1=2
DMA IRQ c2=0
DMA IRQ c3=0
SELECT busy=20396
SELECT w0=20344
SELECT w1=9347
SELECT w2=11152
BUSY TASK ewma=997
DMA IRQ c0=0
DMA IRQ c1=2
DMA IRQ c2=0
DMA IRQ c3=0
SELECT busy=20404
SELECT w0=20352
SELECT w1=9350
SELECT w2=11156
BUSY TASK ewma=997
DMA IRQ c0=0
DMA IRQ c1=2
DMA IRQ c2=0
DMA IRQ c3=0
SELECT busy=20413
SELECT w0=20361
SELECT w1=9353
SELECT w2=11160
BUSY TASK ewma=997
DMA IRQ c0=0
DMA IRQ c1=2
DMA IRQ c2=0
DMA IRQ c3=0
SELECT busy=20421
SELECT w0=20370
SELECT w1=9357
SELECT w2=11164
BUSY TASK ewma=997
DMA IRQ c0=0
DMA IRQ c1=2
DMA IRQ c2=0
DMA IRQ c3=0
SELECT busy=20430
SELECT w0=20378
SELECT w1=9360
SELECT w2=11168
BUSY TASK ewma=997
DMA IRQ c0=0
DMA IRQ c1=2
DMA IRQ c2=0
DMA IRQ c3=0
SELECT busy=20438
SELECT w0=20386
SELECT w1=9363
SELECT w2=11172
BUSY TASK ewma=997
DMA IRQ c0=0
DMA IRQ c1=2
DMA IRQ c2=0
DMA IRQ c3=0
SELECT busy=20447
SELECT w0=20395
SELECT w1=9367
SELECT w2=11176
BUSY TASK ewma=997
IRQ counts: cpu0=40831 cpu1=39321 cpu2=39019 cpu3=38423
SCHED secondaries: calls=116764 unexpected=0
SECTEST switches=116746 cpu1=660820725,663210032 cpu2=538948968,543008423 cpu3=838100795,842511479
PINGPONG rounds=2000 pongs=2000
DMA IRQ c0=0
DMA IRQ c1=2
DMA IRQ c2=0
DMA IRQ c3=0
SELECT busy=20457
SELECT w0=20405
SELECT w1=9370
SELECT w2=11181
BUSY TASK ewma=997
DMA IRQ c0=0
DMA IRQ c1=2
DMA IRQ c2=0
DMA IRQ c3=0
SELECT busy=20465
SELECT w0=20414
SELECT w1=9374
SELECT w2=11185
BUSY TASK ewma=997
DMA IRQ c0=0
DMA IRQ c1=2
DMA IRQ c2=0
DMA IRQ c3=0
SELECT busy=20474
SELECT w0=20422
SELECT w1=9377
SELECT w2=11189
BUSY TASK ewma=997
DMA IRQ c0=0
DMA IRQ c1=2
DMA IRQ c2=0
DMA IRQ c3=0
SELECT busy=20482
SELECT w0=20431
SELECT w1=9380
SELECT w2=11193
BUSY TASK ewma=997
DMA IRQ c0=0
DMA IRQ c1=2
DMA IRQ c2=0
DMA IRQ c3=0
SELECT busy=20491
SELECT w0=20439
SELECT w1=9383
SELECT w2=11197
BUSY TASK ewma=997
DMA IRQ c0=0
DMA IRQ c1=2
DMA IRQ c2=0
DMA IRQ c3=0
SELECT busy=20500
SELECT w0=20448
SELECT w1=9387
SELECT w2=11202
BUSY TASK ewma=997
DMA IRQ c0=0
DMA IRQ c1=2
DMA IRQ c2=0
DMA IRQ c3=0
SELECT busy=20508
SELECT w0=20456
SELECT w1=9390
SELECT w2=11206
BUSY TASK ewma=997
DMA IRQ c0=0
DMA IRQ c1=2
DMA IRQ c2=0
DMA IRQ c3=0
SELECT busy=20517
SELECT w0=20465
SELECT w1=9393
SELECT w2=11210
BUSY TASK ewma=997
DMA IRQ c0=0
DMA IRQ c1=2
DMA IRQ c2=0
DMA IRQ c3=0
SELECT busy=20525
SELECT w0=20474
SELECT w1=9397
SELECT w2=11214
BUSY TASK ewma=997
DMA IRQ c0=0
DMA IRQ c1=2
DMA IRQ c2=0
DMA IRQ c3=0
SELECT busy=20534
SELECT w0=20482
SELECT w1=9400
SELECT w2=11218
BUSY TASK ewma=997
DMA IRQ c0=0
DMA IRQ c1=2
DMA IRQ c2=0
DMA IRQ c3=0
SELECT busy=20543
SELECT w0=20491
SELECT w1=9403
SELECT w2=11222
BUSY TASK ewma=997
DMA IRQ c0=0
DMA IRQ c1=2
DMA IRQ c2=0
DMA IRQ c3=0
SELECT busy=20551
SELECT w0=20499
SELECT w1=9406
SELECT w2=11227
BUSY TASK ewma=997
DMA IRQ c0=0
DMA IRQ c1=2
DMA IRQ c2=0
DMA IRQ c3=0
SELECT busy=20560
SELECT w0=20508
SELECT w1=9410
SELECT w2=11231
BUSY TASK ewma=997
DMA IRQ c0=0
DMA IRQ c1=2
DMA IRQ c2=0
DMA IRQ c3=0
SELECT busy=20568
SELECT w0=20517
SELECT w1=9413
SELECT w2=11235
BUSY TASK ewma=997
DMA IRQ c0=0
DMA IRQ c1=2
DMA IRQ c2=0
DMA IRQ c3=0
SELECT busy=20577
SELECT w0=20525
SELECT w1=9416
SELECT w2=11239
BUSY TASK ewma=997
DMA IRQ c0=0
DMA IRQ c1=2
DMA IRQ c2=0
DMA IRQ c3=0
SELECT busy=20586
SELECT w0=20534
SELECT w1=9420
SELECT w2=11243
BUSY TASK ewma=997
DMA IRQ c0=0
DMA IRQ c1=2
DMA IRQ c2=0
DMA IRQ c3=0
SELECT busy=20594
SELECT w0=20542
SELECT w1=9423
SELECT w2=11247
BUSY TASK ewma=997
DMA IRQ c0=0
DMA IRQ c1=2
DMA IRQ c2=0
DMA IRQ c3=0
SELECT busy=20603
SELECT w0=20551
SELECT w1=9426
SELECT w2=11251
BUSY TASK ewma=997
DMA IRQ c0=0
DMA IRQ c1=2
DMA IRQ c2=0
DMA IRQ c3=0
SELECT busy=20612
SELECT w0=20560
SELECT w1=9430
SELECT w2=11255
BUSY TASK ewma=997
DMA IRQ c0=0
DMA IRQ c1=2
DMA IRQ c2=0
DMA IRQ c3=0
SELECT busy=20620
SELECT w0=20569
SELECT w1=9434
SELECT w2=11260
BUSY TASK ewma=997
DMA IRQ c0=0
DMA IRQ c1=2
DMA IRQ c2=0
DMA IRQ c3=0
SELECT busy=20629
SELECT w0=20577
SELECT w1=9437
SELECT w2=11264
BUSY TASK ewma=997
DMA IRQ c0=0
DMA IRQ c1=2
DMA IRQ c2=0
DMA IRQ c3=0
SELECT busy=20637
SELECT w0=20586
SELECT w1=9440
SELECT w2=11268
BUSY TASK ewma=997
DMA IRQ c0=0
DMA IRQ c1=2
DMA IRQ c2=0
DMA IRQ c3=0
SELECT busy=20646
SELECT w0=20594
SELECT w1=9444
SELECT w2=11272
BUSY TASK ewma=997
DMA IRQ c0=0
DMA IRQ c1=2
DMA IRQ c2=0
DMA IRQ c3=0
SELECT busy=20655
SELECT w0=20603
SELECT w1=9447
SELECT w2=11277
BUSY TASK ewma=997
DMA IRQ c0=0
DMA IRQ c1=2
DMA IRQ c2=0
DMA IRQ c3=0
SELECT busy=20663
SELECT w0=20611
SELECT w1=9450
SELECT w2=11280
BUSY TASK ewma=997
DMA IRQ c0=0
DMA IRQ c1=2
DMA IRQ c2=0
DMA IRQ c3=0
SELECT busy=20672
SELECT w0=20620
SELECT w1=9454
SELECT w2=11285
BUSY TASK ewma=997
DMA IRQ c0=0
DMA IRQ c1=2
DMA IRQ c2=0
DMA IRQ c3=0
SELECT busy=20680
SELECT w0=20628
SELECT w1=9457
SELECT w2=11289
BUSY TASK ewma=997
DMA IRQ c0=0
DMA IRQ c1=2
DMA IRQ c2=0
DMA IRQ c3=0
SELECT busy=20688
SELECT w0=20636
SELECT w1=9460
SELECT w2=11293
BUSY TASK ewma=997
DMA IRQ c0=0
DMA IRQ c1=2
DMA IRQ c2=0
DMA IRQ c3=0
SELECT busy=20697
SELECT w0=20645
SELECT w1=9463
SELECT w2=11297
BUSY TASK ewma=997
DMA IRQ c0=0
DMA IRQ c1=2
DMA IRQ c2=0
DMA IRQ c3=0
SELECT busy=20705
SELECT w0=20653
SELECT w1=9467
SELECT w2=11301
BUSY TASK ewma=997
DMA IRQ c0=0
DMA IRQ c1=2
DMA IRQ c2=0
DMA IRQ c3=0
SELECT busy=20714
SELECT w0=20662
SELECT w1=9470
SELECT w2=11305
BUSY TASK ewma=997
DMA IRQ c0=0
DMA IRQ c1=2
DMA IRQ c2=0
DMA IRQ c3=0
SELECT busy=20722
SELECT w0=20670
SELECT w1=9473
SELECT w2=11309
BUSY TASK ewma=997
DMA IRQ c0=0
DMA IRQ c1=2
DMA IRQ c2=0
DMA IRQ c3=0
SELECT busy=20731
SELECT w0=20679
SELECT w1=9477
SELECT w2=11313
BUSY TASK ewma=997
DMA IRQ c0=0
DMA IRQ c1=2
DMA IRQ c2=0
DMA IRQ c3=0
SELECT busy=20739
SELECT w0=20687
SELECT w1=9480
SELECT w2=11317
BUSY TASK ewma=997
DMA IRQ c0=0
DMA IRQ c1=2
DMA IRQ c2=0
DMA IRQ c3=0
SELECT busy=20747
SELECT w0=20695
SELECT w1=9483
SELECT w2=11321
BUSY TASK ewma=997
DMA IRQ c0=0
DMA IRQ c1=2
DMA IRQ c2=0
DMA IRQ c3=0
SELECT busy=20756
SELECT w0=20704
SELECT w1=9486
SELECT w2=11325
BUSY TASK ewma=997
DMA IRQ c0=0
DMA IRQ c1=2
DMA IRQ c2=0
DMA IRQ c3=0
SELECT busy=20764
SELECT w0=20712
SELECT w1=9490
SELECT w2=11329
BUSY TASK ewma=997
DMA IRQ c0=0
DMA IRQ c1=2
DMA IRQ c2=0
DMA IRQ c3=0
SELECT busy=20773
SELECT w0=20721
SELECT w1=9493
SELECT w2=11333
BUSY TASK ewma=997
DMA IRQ c0=0
DMA IRQ c1=2
DMA IRQ c2=0
DMA IRQ c3=0
SELECT busy=20781
SELECT w0=20730
SELECT w1=9496
SELECT w2=11337
BUSY TASK ewma=997
DMA IRQ c0=0
DMA IRQ c1=2
DMA IRQ c2=0
DMA IRQ c3=0
SELECT busy=20790
SELECT w0=20738
SELECT w1=9500
SELECT w2=11341
BUSY TASK ewma=997
DMA IRQ c0=0
DMA IRQ c1=2
DMA IRQ c2=0
DMA IRQ c3=0
SELECT busy=20799
SELECT w0=20747
SELECT w1=9503
SELECT w2=11345
BUSY TASK ewma=997
DMA IRQ c0=0
DMA IRQ c1=2
DMA IRQ c2=0
DMA IRQ c3=0
SELECT busy=20808
SELECT w0=20756
SELECT w1=9507
SELECT w2=11349
BUSY TASK ewma=997
DMA IRQ c0=0
DMA IRQ c1=2
DMA IRQ c2=0
DMA IRQ c3=0
SELECT busy=20816
SELECT w0=20764
SELECT w1=9510
SELECT w2=11354
BUSY TASK ewma=997
DMA IRQ c0=0
DMA IRQ c1=2
DMA IRQ c2=0
DMA IRQ c3=0
SELECT busy=20825
SELECT w0=20773
SELECT w1=9513
SELECT w2=11358
BUSY TASK ewma=997
DMA IRQ c0=0
DMA IRQ c1=2
DMA IRQ c2=0
DMA IRQ c3=0
SELECT busy=20834
SELECT w0=20782
SELECT w1=9516
SELECT w2=11362
BUSY TASK ewma=997
DMA IRQ c0=0
DMA IRQ c1=2
DMA IRQ c2=0
DMA IRQ c3=0
SELECT busy=20842
SELECT w0=20790
SELECT w1=9520
SELECT w2=11366
BUSY TASK ewma=997
DMA IRQ c0=0
DMA IRQ c1=2
DMA IRQ c2=0
DMA IRQ c3=0
SELECT busy=20851
SELECT w0=20799
SELECT w1=9523
SELECT w2=11370
BUSY TASK ewma=997
DMA IRQ c0=0
DMA IRQ c1=2
DMA IRQ c2=0
DMA IRQ c3=0
SELECT busy=20860
SELECT w0=20808
SELECT w1=9526
SELECT w2=11374
BUSY TASK ewma=997
DMA IRQ c0=0
DMA IRQ c1=2
DMA IRQ c2=0
DMA IRQ c3=0
SELECT busy=20868
SELECT w0=20816
SELECT w1=9530
SELECT w2=11378
BUSY TASK ewma=997
DMA IRQ c0=0
DMA IRQ c1=2
DMA IRQ c2=0
DMA IRQ c3=0
SELECT busy=20877
SELECT w0=20825
SELECT w1=9533
SELECT w2=11382
BUSY TASK ewma=997
DMA IRQ c0=0
DMA IRQ c1=2
DMA IRQ c2=0
DMA IRQ c3=0
SELECT busy=20885
SELECT w0=20833
SELECT w1=9536
SELECT w2=11386
BUSY TASK ewma=997
DMA IRQ c0=0
DMA IRQ c1=2
DMA IRQ c2=0
DMA IRQ c3=0
SELECT busy=20894
SELECT w0=20842
SELECT w1=9539
SELECT w2=11390
BUSY TASK ewma=997
DMA IRQ c0=0
DMA IRQ c1=2
DMA IRQ c2=0
DMA IRQ c3=0
SELECT busy=20902
SELECT w0=20851
SELECT w1=9543
SELECT w2=11395
BUSY TASK ewma=997
DMA IRQ c0=0
DMA IRQ c1=2
DMA IRQ c2=0
DMA IRQ c3=0
SELECT busy=20911
SELECT w0=20859
SELECT w1=9546
SELECT w2=11398
BUSY TASK ewma=997
DMA IRQ c0=0
DMA IRQ c1=2
DMA IRQ c2=0
DMA IRQ c3=0
SELECT busy=20920
SELECT w0=20868
SELECT w1=9549
SELECT w2=11403
BUSY TASK ewma=997
DMA IRQ c0=0
DMA IRQ c1=2
DMA IRQ c2=0
DMA IRQ c3=0
SELECT busy=20928
SELECT w0=20876
SELECT w1=9553
SELECT w2=11407
BUSY TASK ewma=997
DMA IRQ c0=0
DMA IRQ c1=2
DMA IRQ c2=0
DMA IRQ c3=0
SELECT busy=20937
SELECT w0=20885
SELECT w1=9556
SELECT w2=11411
BUSY TASK ewma=997
DMA IRQ c0=0
DMA IRQ c1=2
DMA IRQ c2=0
DMA IRQ c3=0
SELECT busy=20946
SELECT w0=20894
SELECT w1=9559
SELECT w2=11415
BUSY TASK ewma=997
DMA IRQ c0=0
DMA IRQ c1=2
DMA IRQ c2=0
DMA IRQ c3=0
SELECT busy=20954
SELECT w0=20902
SELECT w1=9562
SELECT w2=11419
BUSY TASK ewma=997
DMA IRQ c0=0
DMA IRQ c1=2
DMA IRQ c2=0
DMA IRQ c3=0
SELECT busy=20963
SELECT w0=20911
SELECT w1=9566
SELECT w2=11423
BUSY TASK ewma=997
DMA IRQ c0=0
DMA IRQ c1=2
DMA IRQ c2=0
DMA IRQ c3=0
SELECT busy=20972
SELECT w0=20920
SELECT w1=9569
SELECT w2=11428
BUSY TASK ewma=997
DMA IRQ c0=0
DMA IRQ c1=2
DMA IRQ c2=0
DMA IRQ c3=0
SELECT busy=20980
SELECT w0=20928
SELECT w1=9572
SELECT w2=11432
BUSY TASK ewma=997
DMA IRQ c0=0
DMA IRQ c1=2
DMA IRQ c2=0
DMA IRQ c3=0
SELECT busy=20988
SELECT w0=20936
SELECT w1=9575
SELECT w2=11435
BUSY TASK ewma=997
DMA IRQ c0=0
DMA IRQ c1=2
DMA IRQ c2=0
DMA IRQ c3=0
SELECT busy=20997
SELECT w0=20945
SELECT w1=9579
SELECT w2=11440
BUSY TASK ewma=997
IRQ counts: cpu0=41931 cpu1=40382 cpu2=40072 cpu3=39464
SCHED secondaries: calls=119918 unexpected=0
SECTEST switches=119902 cpu1=681249605,683732758 cpu2=555731072,560013114 cpu3=862964905,867684910
PINGPONG rounds=2000 pongs=2000
DMA IRQ c0=0
DMA IRQ c1=2
DMA IRQ c2=0
DMA IRQ c3=0
SELECT busy=21007
SELECT w0=20955
SELECT w1=9583
SELECT w2=11444
BUSY TASK ewma=997
DMA IRQ c0=0
DMA IRQ c1=2
DMA IRQ c2=0
DMA IRQ c3=0
SELECT busy=21015
SELECT w0=20963
SELECT w1=9586
SELECT w2=11448
BUSY TASK ewma=997
DMA IRQ c0=0
DMA IRQ c1=2
DMA IRQ c2=0
DMA IRQ c3=0
SELECT busy=21023
SELECT w0=20971
SELECT w1=9589
SELECT w2=11452
BUSY TASK ewma=997
DMA IRQ c0=0
DMA IRQ c1=2
DMA IRQ c2=0
DMA IRQ c3=0
SELECT busy=21032
SELECT w0=20980
SELECT w1=9592
SELECT w2=11456
BUSY TASK ewma=997
DMA IRQ c0=0
DMA IRQ c1=2
DMA IRQ c2=0
DMA IRQ c3=0
SELECT busy=21040
SELECT w0=20988
SELECT w1=9595
SELECT w2=11460
BUSY TASK ewma=997
DMA IRQ c0=0
DMA IRQ c1=2
DMA IRQ c2=0
DMA IRQ c3=0
SELECT busy=21049
SELECT w0=20997
SELECT w1=9599
SELECT w2=11464
BUSY TASK ewma=997
DMA IRQ c0=0
DMA IRQ c1=2
DMA IRQ c2=0
DMA IRQ c3=0
SELECT busy=21057
SELECT w0=21005
SELECT w1=9602
SELECT w2=11468
BUSY TASK ewma=997
DMA IRQ c0=0
DMA IRQ c1=2
DMA IRQ c2=0
DMA IRQ c3=0
SELECT busy=21066
SELECT w0=21014
SELECT w1=9605
SELECT w2=11472
BUSY TASK ewma=997
DMA IRQ c0=0
DMA IRQ c1=2
DMA IRQ c2=0
DMA IRQ c3=0
SELECT busy=21074
SELECT w0=21022
SELECT w1=9609
SELECT w2=11477
BUSY TASK ewma=997
DMA IRQ c0=0
DMA IRQ c1=2
DMA IRQ c2=0
DMA IRQ c3=0
SELECT busy=21083
SELECT w0=21031
SELECT w1=9612
SELECT w2=11481
BUSY TASK ewma=997
DMA IRQ c0=0
DMA IRQ c1=2
DMA IRQ c2=0
DMA IRQ c3=0
SELECT busy=21092
SELECT w0=21040
SELECT w1=9615
SELECT w2=11485
BUSY TASK ewma=997
DMA IRQ c0=0
DMA IRQ c1=2
DMA IRQ c2=0
DMA IRQ c3=0
SELECT busy=21101
SELECT w0=21049
SELECT w1=9619
SELECT w2=11489
BUSY TASK ewma=997
DMA IRQ c0=0
DMA IRQ c1=2
DMA IRQ c2=0
DMA IRQ c3=0
SELECT busy=21109
SELECT w0=21057
SELECT w1=9622
SELECT w2=11493
BUSY TASK ewma=997
DMA IRQ c0=0
DMA IRQ c1=2
DMA IRQ c2=0
DMA IRQ c3=0
SELECT busy=21118
SELECT w0=21066
SELECT w1=9625
SELECT w2=11497
BUSY TASK ewma=997
DMA IRQ c0=0
DMA IRQ c1=2
DMA IRQ c2=0
DMA IRQ c3=0
SELECT busy=21126
SELECT w0=21074
SELECT w1=9628
SELECT w2=11501
BUSY TASK ewma=997
DMA IRQ c0=0
DMA IRQ c1=2
DMA IRQ c2=0
DMA IRQ c3=0
SELECT busy=21134
SELECT w0=21083
SELECT w1=9632
SELECT w2=11505
BUSY TASK ewma=997
DMA IRQ c0=0
DMA IRQ c1=2
DMA IRQ c2=0
DMA IRQ c3=0
SELECT busy=21143
SELECT w0=21091
SELECT w1=9635
SELECT w2=11509
BUSY TASK ewma=997
DMA IRQ c0=0
DMA IRQ c1=2
DMA IRQ c2=0
DMA IRQ c3=0
SELECT busy=21151
SELECT w0=21100
SELECT w1=9639
SELECT w2=11513
BUSY TASK ewma=997
DMA IRQ c0=0
DMA IRQ c1=2
DMA IRQ c2=0
DMA IRQ c3=0
SELECT busy=21160
SELECT w0=21108
SELECT w1=9642
SELECT w2=11517
BUSY TASK ewma=997
DMA IRQ c0=0
DMA IRQ c1=2
DMA IRQ c2=0
DMA IRQ c3=0
SELECT busy=21169
SELECT w0=21117
SELECT w1=9645
SELECT w2=11522
BUSY TASK ewma=997
DMA IRQ c0=0
DMA IRQ c1=2
DMA IRQ c2=0
DMA IRQ c3=0
SELECT busy=21177
SELECT w0=21126
SELECT w1=9649
SELECT w2=11526
BUSY TASK ewma=997
DMA IRQ c0=0
DMA IRQ c1=2
DMA IRQ c2=0
DMA IRQ c3=0
SELECT busy=21186
SELECT w0=21134
SELECT w1=9652
SELECT w2=11530
BUSY TASK ewma=997
DMA IRQ c0=0
DMA IRQ c1=2
DMA IRQ c2=0
DMA IRQ c3=0
SELECT busy=21195
SELECT w0=21143
SELECT w1=9655
SELECT w2=11534
BUSY TASK ewma=997
DMA IRQ c0=0
DMA IRQ c1=2
DMA IRQ c2=0
DMA IRQ c3=0
SELECT busy=21203
SELECT w0=21151
SELECT w1=9658
SELECT w2=11538
BUSY TASK ewma=997
DMA IRQ c0=0
DMA IRQ c1=2
DMA IRQ c2=0
DMA IRQ c3=0
SELECT busy=21211
SELECT w0=21160
SELECT w1=9662
SELECT w2=11542
BUSY TASK ewma=997
DMA IRQ c0=0
DMA IRQ c1=2
DMA IRQ c2=0
DMA IRQ c3=0
SELECT busy=21220
SELECT w0=21168
SELECT w1=9665
SELECT w2=11546
BUSY TASK ewma=997
DMA IRQ c0=0
DMA IRQ c1=2
DMA IRQ c2=0
DMA IRQ c3=0
SELECT busy=21229
SELECT w0=21177
SELECT w1=9668
SELECT w2=11550
BUSY TASK ewma=997
DMA IRQ c0=0
DMA IRQ c1=2
DMA IRQ c2=0
DMA IRQ c3=0
SELECT busy=21237
SELECT w0=21185
SELECT w1=9671
SELECT w2=11554
BUSY TASK ewma=997
DMA IRQ c0=0
DMA IRQ c1=2
DMA IRQ c2=0
DMA IRQ c3=0
SELECT busy=21246
SELECT w0=21194
SELECT w1=9675
SELECT w2=11558
BUSY TASK ewma=997
DMA IRQ c0=0
DMA IRQ c1=2
DMA IRQ c2=0
DMA IRQ c3=0
SELECT busy=21254
SELECT w0=21203
SELECT w1=9678
SELECT w2=11562
BUSY TASK ewma=997
DMA IRQ c0=0
DMA IRQ c1=2
DMA IRQ c2=0
DMA IRQ c3=0
SELECT busy=21263
SELECT w0=21211
SELECT w1=9681
SELECT w2=11566
BUSY TASK ewma=997
DMA IRQ c0=0
DMA IRQ c1=2
DMA IRQ c2=0
DMA IRQ c3=0
SELECT busy=21271
SELECT w0=21220
SELECT w1=9685
SELECT w2=11570
BUSY TASK ewma=997
DMA IRQ c0=0
DMA IRQ c1=2
DMA IRQ c2=0
DMA IRQ c3=0
SELECT busy=21280
SELECT w0=21228
SELECT w1=9688
SELECT w2=11574
BUSY TASK ewma=997
DMA IRQ c0=0
DMA IRQ c1=2
DMA IRQ c2=0
DMA IRQ c3=0
SELECT busy=21289
SELECT w0=21237
SELECT w1=9691
SELECT w2=11578
BUSY TASK ewma=997
DMA IRQ c0=0
DMA IRQ c1=2
DMA IRQ c2=0
DMA IRQ c3=0
SELECT busy=21297
SELECT w0=21246
SELECT w1=9694
SELECT w2=11582
BUSY TASK ewma=997
DMA IRQ c0=0
DMA IRQ c1=2
DMA IRQ c2=0
DMA IRQ c3=0
SELECT busy=21306
SELECT w0=21254
SELECT w1=9698
SELECT w2=11586
BUSY TASK ewma=997
DMA IRQ c0=0
DMA IRQ c1=2
DMA IRQ c2=0
DMA IRQ c3=0
SELECT busy=21315
SELECT w0=21263
SELECT w1=9701
SELECT w2=11591
BUSY TASK ewma=997
DMA IRQ c0=0
DMA IRQ c1=2
DMA IRQ c2=0
DMA IRQ c3=0
SELECT busy=21323
SELECT w0=21272
SELECT w1=9704
SELECT w2=11595
BUSY TASK ewma=997
DMA IRQ c0=0
DMA IRQ c1=2
DMA IRQ c2=0
DMA IRQ c3=0
SELECT busy=21332
SELECT w0=21280
SELECT w1=9708
SELECT w2=11599
BUSY TASK ewma=997
DMA IRQ c0=0
DMA IRQ c1=2
DMA IRQ c2=0
DMA IRQ c3=0
SELECT busy=21340
SELECT w0=21288
SELECT w1=9711
SELECT w2=11603
BUSY TASK ewma=997
DMA IRQ c0=0
DMA IRQ c1=2
DMA IRQ c2=0
DMA IRQ c3=0
SELECT busy=21349
SELECT w0=21297
SELECT w1=9714
SELECT w2=11607
BUSY TASK ewma=997
DMA IRQ c0=0
DMA IRQ c1=2
DMA IRQ c2=0
DMA IRQ c3=0
SELECT busy=21358
SELECT w0=21306
SELECT w1=9718
SELECT w2=11611
BUSY TASK ewma=997
DMA IRQ c0=0
DMA IRQ c1=2
DMA IRQ c2=0
DMA IRQ c3=0
SELECT busy=21366
SELECT w0=21314
SELECT w1=9721
SELECT w2=11615
BUSY TASK ewma=997
DMA IRQ c0=0
DMA IRQ c1=2
DMA IRQ c2=0
DMA IRQ c3=0
SELECT busy=21375
SELECT w0=21323
SELECT w1=9724
SELECT w2=11619
BUSY TASK ewma=997
DMA IRQ c0=0
DMA IRQ c1=2
DMA IRQ c2=0
DMA IRQ c3=0
SELECT busy=21383
SELECT w0=21331
SELECT w1=9727
SELECT w2=11624
BUSY TASK ewma=997
DMA IRQ c0=0
DMA IRQ c1=2
DMA IRQ c2=0
DMA IRQ c3=0
SELECT busy=21392
SELECT w0=21340
SELECT w1=9731
SELECT w2=11628
BUSY TASK ewma=997
DMA IRQ c0=0
DMA IRQ c1=2
DMA IRQ c2=0
DMA IRQ c3=0
SELECT busy=21400
SELECT w0=21349
SELECT w1=9734
SELECT w2=11632
BUSY TASK ewma=997
DMA IRQ c0=0
DMA IRQ c1=2
DMA IRQ c2=0
DMA IRQ c3=0
SELECT busy=21409
SELECT w0=21357
SELECT w1=9737
SELECT w2=11636
BUSY TASK ewma=997
DMA IRQ c0=0
DMA IRQ c1=2
DMA IRQ c2=0
DMA IRQ c3=0
SELECT busy=21418
SELECT w0=21366
SELECT w1=9740
SELECT w2=11640
BUSY TASK ewma=997
DMA IRQ c0=0
DMA IRQ c1=2
DMA IRQ c2=0
DMA IRQ c3=0
SELECT busy=21426
SELECT w0=21374
SELECT w1=9744
SELECT w2=11644
BUSY TASK ewma=997
DMA IRQ c0=0
DMA IRQ c1=2
DMA IRQ c2=0
DMA IRQ c3=0
SELECT busy=21435
SELECT w0=21383
SELECT w1=9747
SELECT w2=11648
BUSY TASK ewma=997
DMA IRQ c0=0
DMA IRQ c1=2
DMA IRQ c2=0
DMA IRQ c3=0
SELECT busy=21443
SELECT w0=21392
SELECT w1=9750
SELECT w2=11652
BUSY TASK ewma=997
DMA IRQ c0=0
DMA IRQ c1=2
DMA IRQ c2=0
DMA IRQ c3=0
SELECT busy=21452
SELECT w0=21400
SELECT w1=9753
SELECT w2=11656
BUSY TASK ewma=997
DMA IRQ c0=0
DMA IRQ c1=2
DMA IRQ c2=0
DMA IRQ c3=0
SELECT busy=21461
SELECT w0=21409
SELECT w1=9757
SELECT w2=11660
BUSY TASK ewma=997
DMA IRQ c0=0
DMA IRQ c1=2
DMA IRQ c2=0
DMA IRQ c3=0
SELECT busy=21469
SELECT w0=21418
SELECT w1=9760
SELECT w2=11664
BUSY TASK ewma=997
DMA IRQ c0=0
DMA IRQ c1=2
DMA IRQ c2=0
DMA IRQ c3=0
SELECT busy=21478
SELECT w0=21426
SELECT w1=9763
SELECT w2=11668
BUSY TASK ewma=997
DMA IRQ c0=0
DMA IRQ c1=2
DMA IRQ c2=0
DMA IRQ c3=0
SELECT busy=21487
SELECT w0=21435
SELECT w1=9767
SELECT w2=11672
BUSY TASK ewma=997
DMA IRQ c0=0
DMA IRQ c1=2
DMA IRQ c2=0
DMA IRQ c3=0
SELECT busy=21495
SELECT w0=21443
SELECT w1=9770
SELECT w2=11676
BUSY TASK ewma=997
DMA IRQ c0=0
DMA IRQ c1=2
DMA IRQ c2=0
DMA IRQ c3=0
SELECT busy=21504
SELECT w0=21452
SELECT w1=9773
SELECT w2=11680
BUSY TASK ewma=997
DMA IRQ c0=0
DMA IRQ c1=2
DMA IRQ c2=0
DMA IRQ c3=0
SELECT busy=21512
SELECT w0=21461
SELECT w1=9776
SELECT w2=11685
BUSY TASK ewma=997
DMA IRQ c0=0
DMA IRQ c1=2
DMA IRQ c2=0
DMA IRQ c3=0
SELECT busy=21521
SELECT w0=21469
SELECT w1=9780
SELECT w2=11688
BUSY TASK ewma=997
DMA IRQ c0=0
DMA IRQ c1=2
DMA IRQ c2=0
DMA IRQ c3=0
SELECT busy=21529
SELECT w0=21477
SELECT w1=9783
SELECT w2=11693
BUSY TASK ewma=997
DMA IRQ c0=0
DMA IRQ c1=2
DMA IRQ c2=0
DMA IRQ c3=0
SELECT busy=21538
SELECT w0=21486
SELECT w1=9786
SELECT w2=11697
BUSY TASK ewma=997
DMA IRQ c0=0
DMA IRQ c1=2
DMA IRQ c2=0
DMA IRQ c3=0
SELECT busy=21546
SELECT w0=21495
SELECT w1=9789
SELECT w2=11701
BUSY TASK ewma=997
IRQ counts: cpu0=43031 cpu1=41436 cpu2=41117 cpu3=40501
SCHED secondaries: calls=123055 unexpected=0
SECTEST switches=123035 cpu1=701643286,704208076 cpu2=571949190,576475395 cpu3=888909390,893896502
PINGPONG rounds=2000 pongs=2000
DMA IRQ c0=0
DMA IRQ c1=2
DMA IRQ c2=0
DMA IRQ c3=0
SELECT busy=21556
SELECT w0=21504
SELECT w1=9793
SELECT w2=11706
BUSY TASK ewma=997
DMA IRQ c0=0
DMA IRQ c1=2
DMA IRQ c2=0
DMA IRQ c3=0
SELECT busy=21565
SELECT w0=21513
SELECT w1=9797
SELECT w2=11710
BUSY TASK ewma=997
DMA IRQ c0=0
DMA IRQ c1=2
DMA IRQ c2=0
DMA IRQ c3=0
SELECT busy=21574
SELECT w0=21522
SELECT w1=9800
SELECT w2=11714
BUSY TASK ewma=997
DMA IRQ c0=0
DMA IRQ c1=2
DMA IRQ c2=0
DMA IRQ c3=0
SELECT busy=21583
SELECT w0=21531
SELECT w1=9803
SELECT w2=11718
BUSY TASK ewma=997
DMA IRQ c0=0
DMA IRQ c1=2
DMA IRQ c2=0
DMA IRQ c3=0
SELECT busy=21591
SELECT w0=21539
SELECT w1=9807
SELECT w2=11722
BUSY TASK ewma=997
DMA IRQ c0=0
DMA IRQ c1=2
DMA IRQ c2=0
DMA IRQ c3=0
SELECT busy=21600
SELECT w0=21548
SELECT w1=9810
SELECT w2=11726
BUSY TASK ewma=997
DMA IRQ c0=0
DMA IRQ c1=2
DMA IRQ c2=0
DMA IRQ c3=0
SELECT busy=21609
SELECT w0=21557
SELECT w1=9813
SELECT w2=11730
BUSY TASK ewma=997
DMA IRQ c0=0
DMA IRQ c1=2
DMA IRQ c2=0
DMA IRQ c3=0
SELECT busy=21617
SELECT w0=21565
SELECT w1=9816
SELECT w2=11734
BUSY TASK ewma=997
DMA IRQ c0=0
DMA IRQ c1=2
DMA IRQ c2=0
DMA IRQ c3=0
SELECT busy=21626
SELECT w0=21574
SELECT w1=9820
SELECT w2=11739
BUSY TASK ewma=997
DMA IRQ c0=0
DMA IRQ c1=2
DMA IRQ c2=0
DMA IRQ c3=0
SELECT busy=21635
SELECT w0=21583
SELECT w1=9823
SELECT w2=11743
BUSY TASK ewma=997
DMA IRQ c0=0
DMA IRQ c1=2
DMA IRQ c2=0
DMA IRQ c3=0
SELECT busy=21643
SELECT w0=21591
SELECT w1=9826
SELECT w2=11747
BUSY TASK ewma=997
DMA IRQ c0=0
DMA IRQ c1=2
DMA IRQ c2=0
DMA IRQ c3=0
SELECT busy=21652
SELECT w0=21600
SELECT w1=9830
SELECT w2=11751
BUSY TASK ewma=997
DMA IRQ c0=0
DMA IRQ c1=2
DMA IRQ c2=0
DMA IRQ c3=0
SELECT busy=21660
SELECT w0=21608
SELECT w1=9833
SELECT w2=11755
BUSY TASK ewma=997
DMA IRQ c0=0
DMA IRQ c1=2
DMA IRQ c2=0
DMA IRQ c3=0
SELECT busy=21668
SELECT w0=21617
SELECT w1=9836
SELECT w2=11759
BUSY TASK ewma=997
DMA IRQ c0=0
DMA IRQ c1=2
DMA IRQ c2=0
DMA IRQ c3=0
SELECT busy=21677
SELECT w0=21625
SELECT w1=9839
SELECT w2=11763
BUSY TASK ewma=997
DMA IRQ c0=0
DMA IRQ c1=2
DMA IRQ c2=0
DMA IRQ c3=0
SELECT busy=21685
SELECT w0=21634
SELECT w1=9843
SELECT w2=11767
BUSY TASK ewma=997
DMA IRQ c0=0
DMA IRQ c1=2
DMA IRQ c2=0
DMA IRQ c3=0
SELECT busy=21694
SELECT w0=21642
SELECT w1=9846
SELECT w2=11771
BUSY TASK ewma=997
DMA IRQ c0=0
DMA IRQ c1=2
DMA IRQ c2=0
DMA IRQ c3=0
SELECT busy=21703
SELECT w0=21651
SELECT w1=9849
SELECT w2=11775
BUSY TASK ewma=997
DMA IRQ c0=0
DMA IRQ c1=2
DMA IRQ c2=0
DMA IRQ c3=0
SELECT busy=21711
SELECT w0=21659
SELECT w1=9853
SELECT w2=11779
BUSY TASK ewma=997
DMA IRQ c0=0
DMA IRQ c1=2
DMA IRQ c2=0
DMA IRQ c3=0
SELECT busy=21720
SELECT w0=21668
SELECT w1=9856
SELECT w2=11783
BUSY TASK ewma=997
DMA IRQ c0=0
DMA IRQ c1=2
DMA IRQ c2=0
DMA IRQ c3=0
SELECT busy=21729
SELECT w0=21677
SELECT w1=9859
SELECT w2=11787
BUSY TASK ewma=997
DMA IRQ c0=0
DMA IRQ c1=2
DMA IRQ c2=0
DMA IRQ c3=0
SELECT busy=21737
SELECT w0=21685
SELECT w1=9863
SELECT w2=11791
BUSY TASK ewma=997
DMA IRQ c0=0
DMA IRQ c1=2
DMA IRQ c2=0
DMA IRQ c3=0
SELECT busy=21746
SELECT w0=21694
SELECT w1=9866
SELECT w2=11796
BUSY TASK ewma=997
DMA IRQ c0=0
DMA IRQ c1=2
DMA IRQ c2=0
DMA IRQ c3=0
SELECT busy=21754
SELECT w0=21703
SELECT w1=9869
SELECT w2=11800
BUSY TASK ewma=997
DMA IRQ c0=0
DMA IRQ c1=2
DMA IRQ c2=0
DMA IRQ c3=0
SELECT busy=21763
SELECT w0=21711
SELECT w1=9872
SELECT w2=11804
BUSY TASK ewma=997
DMA IRQ c0=0
DMA IRQ c1=2
DMA IRQ c2=0
DMA IRQ c3=0
SELECT busy=21771
SELECT w0=21720
SELECT w1=9876
SELECT w2=11808
BUSY TASK ewma=997
DMA IRQ c0=0
DMA IRQ c1=2
DMA IRQ c2=0
DMA IRQ c3=0
SELECT busy=21780
SELECT w0=21728
SELECT w1=9879
SELECT w2=11812
BUSY TASK ewma=997
DMA IRQ c0=0
DMA IRQ c1=2
DMA IRQ c2=0
DMA IRQ c3=0
SELECT busy=21788
SELECT w0=21737
SELECT w1=9882
SELECT w2=11816
BUSY TASK ewma=997
DMA IRQ c0=0
DMA IRQ c1=2
DMA IRQ c2=0
DMA IRQ c3=0
SELECT busy=21797
SELECT w0=21745
SELECT w1=9885
SELECT w2=11820
BUSY TASK ewma=997
DMA IRQ c0=0
DMA IRQ c1=2
DMA IRQ c2=0
DMA IRQ c3=0
SELECT busy=21805
SELECT w0=21754
SELECT w1=9889
SELECT w2=11824
BUSY TASK ewma=997
DMA IRQ c0=0
DMA IRQ c1=2
DMA IRQ c2=0
DMA IRQ c3=0
SELECT busy=21814
SELECT w0=21762
SELECT w1=9892
SELECT w2=11828
BUSY TASK ewma=997
DMA IRQ c0=0
DMA IRQ c1=2
DMA IRQ c2=0
DMA IRQ c3=0
SELECT busy=21823
SELECT w0=21771
SELECT w1=9895
SELECT w2=11832
BUSY TASK ewma=997
DMA IRQ c0=0
DMA IRQ c1=2
DMA IRQ c2=0
DMA IRQ c3=0
SELECT busy=21831
SELECT w0=21779
SELECT w1=9898
SELECT w2=11836
BUSY TASK ewma=997
DMA IRQ c0=0
DMA IRQ c1=2
DMA IRQ c2=0
DMA IRQ c3=0
SELECT busy=21840
SELECT w0=21788
SELECT w1=9902
SELECT w2=11840
BUSY TASK ewma=997
DMA IRQ c0=0
DMA IRQ c1=2
DMA IRQ c2=0
DMA IRQ c3=0
SELECT busy=21848
SELECT w0=21796
SELECT w1=9905
SELECT w2=11844
BUSY TASK ewma=997
DMA IRQ c0=0
DMA IRQ c1=2
DMA IRQ c2=0
DMA IRQ c3=0
SELECT busy=21857
SELECT w0=21805
SELECT w1=9908
SELECT w2=11848
BUSY TASK ewma=997
DMA IRQ c0=0
DMA IRQ c1=2
DMA IRQ c2=0
DMA IRQ c3=0
SELECT busy=21865
SELECT w0=21814
SELECT w1=9912
SELECT w2=11852
BUSY TASK ewma=997
DMA IRQ c0=0
DMA IRQ c1=2
DMA IRQ c2=0
DMA IRQ c3=0
SELECT busy=21874
SELECT w0=21822
SELECT w1=9915
SELECT w2=11856
BUSY TASK ewma=997
DMA IRQ c0=0
DMA IRQ c1=2
DMA IRQ c2=0
DMA IRQ c3=0
SELECT busy=21883
SELECT w0=21831
SELECT w1=9918
SELECT w2=11861
BUSY TASK ewma=997
DMA IRQ c0=0
DMA IRQ c1=2
DMA IRQ c2=0
DMA IRQ c3=0
SELECT busy=21892
SELECT w0=21840
SELECT w1=9922
SELECT w2=11865
BUSY TASK ewma=997
DMA IRQ c0=0
DMA IRQ c1=2
DMA IRQ c2=0
DMA IRQ c3=0
SELECT busy=21900
SELECT w0=21849
SELECT w1=9925
SELECT w2=11869
BUSY TASK ewma=997
DMA IRQ c0=0
DMA IRQ c1=2
DMA IRQ c2=0
DMA IRQ c3=0
SELECT busy=21909
SELECT w0=21857
SELECT w1=9928
SELECT w2=11873
BUSY TASK ewma=997
DMA IRQ c0=0
DMA IRQ c1=2
DMA IRQ c2=0
DMA IRQ c3=0
SELECT busy=21918
SELECT w0=21866
SELECT w1=9931
SELECT w2=11877
BUSY TASK ewma=997
DMA IRQ c0=0
DMA IRQ c1=2
DMA IRQ c2=0
DMA IRQ c3=0
SELECT busy=21926
SELECT w0=21874
SELECT w1=9935
SELECT w2=11881
BUSY TASK ewma=997
DMA IRQ c0=0
DMA IRQ c1=2
DMA IRQ c2=0
DMA IRQ c3=0
SELECT busy=21935
SELECT w0=21883
SELECT w1=9938
SELECT w2=11885
BUSY TASK ewma=997
DMA IRQ c0=0
DMA IRQ c1=2
DMA IRQ c2=0
DMA IRQ c3=0
SELECT busy=21943
SELECT w0=21892
SELECT w1=9941
SELECT w2=11890
BUSY TASK ewma=997
DMA IRQ c0=0
DMA IRQ c1=2
DMA IRQ c2=0
DMA IRQ c3=0
SELECT busy=21952
SELECT w0=21900
SELECT w1=9945
SELECT w2=11894
BUSY TASK ewma=997
DMA IRQ c0=0
DMA IRQ c1=2
DMA IRQ c2=0
DMA IRQ c3=0
SELECT busy=21962
SELECT w0=21910
SELECT w1=9948
SELECT w2=11899
BUSY TASK ewma=997
DMA IRQ c0=0
DMA IRQ c1=2
DMA IRQ c2=0
DMA IRQ c3=0
SELECT busy=21970
SELECT w0=21918
SELECT w1=9952
SELECT w2=11903
BUSY TASK ewma=997
DMA IRQ c0=0
DMA IRQ c1=2
DMA IRQ c2=0
DMA IRQ c3=0
SELECT busy=21979
SELECT w0=21927
SELECT w1=9955
SELECT w2=11907
BUSY TASK ewma=997
DMA IRQ c0=0
DMA IRQ c1=2
DMA IRQ c2=0
DMA IRQ c3=0
SELECT busy=21988
SELECT w0=21936
SELECT w1=9958
SELECT w2=11911
BUSY TASK ewma=997
DMA IRQ c0=0
DMA IRQ c1=2
DMA IRQ c2=0
DMA IRQ c3=0
SELECT busy=21996
SELECT w0=21944
SELECT w1=9961
SELECT w2=11915
BUSY TASK ewma=997
DMA IRQ c0=0
DMA IRQ c1=2
DMA IRQ c2=0
DMA IRQ c3=0
SELECT busy=22005
SELECT w0=21953
SELECT w1=9965
SELECT w2=11919
BUSY TASK ewma=997
DMA IRQ c0=0
DMA IRQ c1=2
DMA IRQ c2=0
DMA IRQ c3=0
SELECT busy=22014
SELECT w0=21962
SELECT w1=9968
SELECT w2=11923
BUSY TASK ewma=997
DMA IRQ c0=0
DMA IRQ c1=2
DMA IRQ c2=0
DMA IRQ c3=0
SELECT busy=22022
SELECT w0=21970
SELECT w1=9971
SELECT w2=11927
BUSY TASK ewma=997
DMA IRQ c0=0
DMA IRQ c1=2
DMA IRQ c2=0
DMA IRQ c3=0
SELECT busy=22031
SELECT w0=21979
SELECT w1=9975
SELECT w2=11931
BUSY TASK ewma=997
DMA IRQ c0=0
DMA IRQ c1=2
DMA IRQ c2=0
DMA IRQ c3=0
SELECT busy=22039
SELECT w0=21987
SELECT w1=9978
SELECT w2=11936
BUSY TASK ewma=997
DMA IRQ c0=0
DMA IRQ c1=2
DMA IRQ c2=0
DMA IRQ c3=0
SELECT busy=22048
SELECT w0=21996
SELECT w1=9981
SELECT w2=11940
BUSY TASK ewma=997
DMA IRQ c0=0
DMA IRQ c1=2
DMA IRQ c2=0
DMA IRQ c3=0
SELECT busy=22057
SELECT w0=22005
SELECT w1=9984
SELECT w2=11944
BUSY TASK ewma=997
DMA IRQ c0=0
DMA IRQ c1=2
DMA IRQ c2=0
DMA IRQ c3=0
SELECT busy=22065
SELECT w0=22013
SELECT w1=9988
SELECT w2=11948
BUSY TASK ewma=997
DMA IRQ c0=0
DMA IRQ c1=2
DMA IRQ c2=0
DMA IRQ c3=0
SELECT busy=22074
SELECT w0=22022
SELECT w1=9991
SELECT w2=11952
BUSY TASK ewma=997
DMA IRQ c0=0
DMA IRQ c1=2
DMA IRQ c2=0
DMA IRQ c3=0
SELECT busy=22082
SELECT w0=22031
SELECT w1=9994
SELECT w2=11956
BUSY TASK ewma=997
DMA IRQ c0=0
DMA IRQ c1=2
DMA IRQ c2=0
DMA IRQ c3=0
SELECT busy=22091
SELECT w0=22039
SELECT w1=9998
SELECT w2=11960
BUSY TASK ewma=997
DMA IRQ c0=0
DMA IRQ c1=2
DMA IRQ c2=0
DMA IRQ c3=0
SELECT busy=22100
SELECT w0=22048
SELECT w1=10001
SELECT w2=11964
BUSY TASK ewma=997
IRQ counts: cpu0=44137 cpu1=42493 cpu2=42171 cpu3=41542
SCHED secondaries: calls=126207 unexpected=0
SECTEST switches=126189 cpu1=721846638,724330335 cpu2=588939145,593540477 cpu3=913658528,918760979
PINGPONG rounds=2000 pongs=2000
DMA IRQ c0=0
DMA IRQ c1=2
DMA IRQ c2=0
DMA IRQ c3=0
SELECT busy=22110
SELECT w0=22058
SELECT w1=10005
SELECT w2=11969
BUSY TASK ewma=997
DMA IRQ c0=0
DMA IRQ c1=2
DMA IRQ c2=0
DMA IRQ c3=0
SELECT busy=22121
SELECT w0=22069
SELECT w1=10009
SELECT w2=11975
BUSY TASK ewma=997
DMA IRQ c0=0
DMA IRQ c1=2
DMA IRQ c2=0
DMA IRQ c3=0
SELECT busy=22130
SELECT w0=22078
SELECT w1=10013
SELECT w2=11979
BUSY TASK ewma=997
DMA IRQ c0=0
DMA IRQ c1=2
DMA IRQ c2=0
DMA IRQ c3=0
SELECT busy=22138
SELECT w0=22087
SELECT w1=10016
SELECT w2=11983
BUSY TASK ewma=997
DMA IRQ c0=0
DMA IRQ c1=2
DMA IRQ c2=0
DMA IRQ c3=0
SELECT busy=22147
SELECT w0=22095
SELECT w1=10019
SELECT w2=11987
BUSY TASK ewma=997
DMA IRQ c0=0
DMA IRQ c1=2
DMA IRQ c2=0
DMA IRQ c3=0
SELECT busy=22156
SELECT w0=22104
SELECT w1=10022
SELECT w2=11991
BUSY TASK ewma=997
DMA IRQ c0=0
DMA IRQ c1=2
DMA IRQ c2=0
DMA IRQ c3=0
SELECT busy=22166
SELECT w0=22114
SELECT w1=10026
SELECT w2=11996
BUSY TASK ewma=997
DMA IRQ c0=0
DMA IRQ c1=2
DMA IRQ c2=0
DMA IRQ c3=0
SELECT busy=22177
SELECT w0=22125
SELECT w1=10030
SELECT w2=12001
BUSY TASK ewma=997
DMA IRQ c0=0
DMA IRQ c1=2
DMA IRQ c2=0
DMA IRQ c3=0
SELECT busy=22188
SELECT w0=22136
SELECT w1=10035
SELECT w2=12006
BUSY TASK ewma=997
DMA IRQ c0=0
DMA IRQ c1=2
DMA IRQ c2=0
DMA IRQ c3=0
SELECT busy=22199
SELECT w0=22147
SELECT w1=10039
SELECT w2=12012
BUSY TASK ewma=997
DMA IRQ c0=0
DMA IRQ c1=2
DMA IRQ c2=0
DMA IRQ c3=0
SELECT busy=22210
SELECT w0=22158
SELECT w1=10044
SELECT w2=12017
BUSY TASK ewma=997
DMA IRQ c0=0
DMA IRQ c1=2
DMA IRQ c2=0
DMA IRQ c3=0
SELECT busy=22222
SELECT w0=22170
SELECT w1=10048
SELECT w2=12022
BUSY TASK ewma=997
DMA IRQ c0=0
DMA IRQ c1=2
DMA IRQ c2=0
DMA IRQ c3=0
SELECT busy=22233
SELECT w0=22181
SELECT w1=10052
SELECT w2=12028
BUSY TASK ewma=997
DMA IRQ c0=0
DMA IRQ c1=2
DMA IRQ c2=0
DMA IRQ c3=0
SELECT busy=22244
SELECT w0=22192
SELECT w1=10056
SELECT w2=12033
BUSY TASK ewma=997
DMA IRQ c0=0
DMA IRQ c1=2
DMA IRQ c2=0
DMA IRQ c3=0
SELECT busy=22255
SELECT w0=22203
SELECT w1=10060
SELECT w2=12038
BUSY TASK ewma=997
DMA IRQ c0=0
DMA IRQ c1=2
DMA IRQ c2=0
DMA IRQ c3=0
SELECT busy=22264
SELECT w0=22212
SELECT w1=10064
SELECT w2=12042
BUSY TASK ewma=997
DMA IRQ c0=0
DMA IRQ c1=2
DMA IRQ c2=0
DMA IRQ c3=0
SELECT busy=22272
SELECT w0=22220
SELECT w1=10067
SELECT w2=12046
BUSY TASK ewma=997
DMA IRQ c0=0
DMA IRQ c1=2
DMA IRQ c2=0
DMA IRQ c3=0
SELECT busy=22281
SELECT w0=22229
SELECT w1=10071
SELECT w2=12050
BUSY TASK ewma=997
DMA IRQ c0=0
DMA IRQ c1=2
DMA IRQ c2=0
DMA IRQ c3=0
SELECT busy=22290
SELECT w0=22238
SELECT w1=10074
SELECT w2=12055
BUSY TASK ewma=997
DMA IRQ c0=0
DMA IRQ c1=2
DMA IRQ c2=0
DMA IRQ c3=0
SELECT busy=22303
SELECT w0=22251
SELECT w1=10079
SELECT w2=12061
BUSY TASK ewma=997
DMA IRQ c0=0
DMA IRQ c1=2
DMA IRQ c2=0
DMA IRQ c3=0
SELECT busy=22315
SELECT w0=22263
SELECT w1=10084
SELECT w2=12067
BUSY TASK ewma=997
DMA IRQ c0=0
DMA IRQ c1=2
DMA IRQ c2=0
DMA IRQ c3=0
SELECT busy=22326
SELECT w0=22274
SELECT w1=10088
SELECT w2=12072
BUSY TASK ewma=997
DMA IRQ c0=0
DMA IRQ c1=2
DMA IRQ c2=0
DMA IRQ c3=0
SELECT busy=22340
SELECT w0=22288
SELECT w1=10094
SELECT w2=12079
BUSY TASK ewma=997
DMA IRQ c0=0
DMA IRQ c1=2
DMA IRQ c2=0
DMA IRQ c3=0
SELECT busy=22350
SELECT w0=22298
SELECT w1=10097
SELECT w2=12083
BUSY TASK ewma=997
DMA IRQ c0=0
DMA IRQ c1=2
DMA IRQ c2=0
DMA IRQ c3=0
SELECT busy=22358
SELECT w0=22306
SELECT w1=10101
SELECT w2=12088
BUSY TASK ewma=997
DMA IRQ c0=0
DMA IRQ c1=2
DMA IRQ c2=0
DMA IRQ c3=0
SELECT busy=22367
SELECT w0=22315
SELECT w1=10104
SELECT w2=12092
BUSY TASK ewma=997
DMA IRQ c0=0
DMA IRQ c1=2
DMA IRQ c2=0
DMA IRQ c3=0
SELECT busy=22376
SELECT w0=22324
SELECT w1=10107
SELECT w2=12096
BUSY TASK ewma=997
DMA IRQ c0=0
DMA IRQ c1=2
DMA IRQ c2=0
DMA IRQ c3=0
SELECT busy=22384
SELECT w0=22332
SELECT w1=10110
SELECT w2=12100
BUSY TASK ewma=997
DMA IRQ c0=0
DMA IRQ c1=2
DMA IRQ c2=0
DMA IRQ c3=0
SELECT busy=22393
SELECT w0=22341
SELECT w1=10114
SELECT w2=12104
BUSY TASK ewma=997
DMA IRQ c0=0
DMA IRQ c1=2
DMA IRQ c2=0
DMA IRQ c3=0
SELECT busy=22401
SELECT w0=22350
SELECT w1=10117
SELECT w2=12108
BUSY TASK ewma=997
DMA IRQ c0=0
DMA IRQ c1=2
DMA IRQ c2=0
DMA IRQ c3=0
SELECT busy=22410
SELECT w0=22358
SELECT w1=10120
SELECT w2=12112
BUSY TASK ewma=997
DMA IRQ c0=0
DMA IRQ c1=2
DMA IRQ c2=0
DMA IRQ c3=0
SELECT busy=22419
SELECT w0=22367
SELECT w1=10123
SELECT w2=12116
BUSY TASK ewma=997
DMA IRQ c0=0
DMA IRQ c1=2
DMA IRQ c2=0
DMA IRQ c3=0
SELECT busy=22427
SELECT w0=22375
SELECT w1=10127
SELECT w2=12120
BUSY TASK ewma=997
DMA IRQ c0=0
DMA IRQ c1=2
DMA IRQ c2=0
DMA IRQ c3=0
SELECT busy=22436
SELECT w0=22384
SELECT w1=10130
SELECT w2=12124
BUSY TASK ewma=997
DMA IRQ c0=0
DMA IRQ c1=2
DMA IRQ c2=0
DMA IRQ c3=0
SELECT busy=22445
SELECT w0=22393
SELECT w1=10133
SELECT w2=12128
BUSY TASK ewma=997
DMA IRQ c0=0
DMA IRQ c1=2
DMA IRQ c2=0
DMA IRQ c3=0
SELECT busy=22453
SELECT w0=22401
SELECT w1=10136
SELECT w2=12133
BUSY TASK ewma=997
DMA IRQ c0=0
DMA IRQ c1=2
DMA IRQ c2=0
DMA IRQ c3=0
SELECT busy=22462
SELECT w0=22410
SELECT w1=10140
SELECT w2=12136
BUSY TASK ewma=997
DMA IRQ c0=0
DMA IRQ c1=2
DMA IRQ c2=0
DMA IRQ c3=0
SELECT busy=22470
SELECT w0=22419
SELECT w1=10143
SELECT w2=12141
BUSY TASK ewma=997
DMA IRQ c0=0
DMA IRQ c1=2
DMA IRQ c2=0
DMA IRQ c3=0
SELECT busy=22479
SELECT w0=22427
SELECT w1=10146
SELECT w2=12145
BUSY TASK ewma=997
DMA IRQ c0=0
DMA IRQ c1=2
DMA IRQ c2=0
DMA IRQ c3=0
SELECT busy=22487
SELECT w0=22436
SELECT w1=10150
SELECT w2=12149
BUSY TASK ewma=997
DMA IRQ c0=0
DMA IRQ c1=2
DMA IRQ c2=0
DMA IRQ c3=0
SELECT busy=22496
SELECT w0=22444
SELECT w1=10153
SELECT w2=12153
BUSY TASK ewma=997
DMA IRQ c0=0
DMA IRQ c1=2
DMA IRQ c2=0
DMA IRQ c3=0
SELECT busy=22505
SELECT w0=22453
SELECT w1=10156
SELECT w2=12157
BUSY TASK ewma=997
DMA IRQ c0=0
DMA IRQ c1=2
DMA IRQ c2=0
DMA IRQ c3=0
SELECT busy=22513
SELECT w0=22461
SELECT w1=10159
SELECT w2=12161
BUSY TASK ewma=997
DMA IRQ c0=0
DMA IRQ c1=2
DMA IRQ c2=0
DMA IRQ c3=0
SELECT busy=22522
SELECT w0=22470
SELECT w1=10163
SELECT w2=12165
BUSY TASK ewma=997
DMA IRQ c0=0
DMA IRQ c1=2
DMA IRQ c2=0
DMA IRQ c3=0
SELECT busy=22530
SELECT w0=22478
SELECT w1=10166
SELECT w2=12169
BUSY TASK ewma=997
DMA IRQ c0=0
DMA IRQ c1=2
DMA IRQ c2=0
DMA IRQ c3=0
SELECT busy=22539
SELECT w0=22487
SELECT w1=10169
SELECT w2=12173
BUSY TASK ewma=997
DMA IRQ c0=0
DMA IRQ c1=2
DMA IRQ c2=0
DMA IRQ c3=0
SELECT busy=22548
SELECT w0=22496
SELECT w1=10173
SELECT w2=12177
BUSY TASK ewma=997
DMA IRQ c0=0
DMA IRQ c1=2
DMA IRQ c2=0
DMA IRQ c3=0
SELECT busy=22556
SELECT w0=22504
SELECT w1=10176
SELECT w2=12181
BUSY TASK ewma=997
DMA IRQ c0=0
DMA IRQ c1=2
DMA IRQ c2=0
DMA IRQ c3=0
SELECT busy=22565
SELECT w0=22513
SELECT w1=10179
SELECT w2=12185
BUSY TASK ewma=997
DMA IRQ c0=0
DMA IRQ c1=2
DMA IRQ c2=0
DMA IRQ c3=0
SELECT busy=22573
SELECT w0=22521
SELECT w1=10182
SELECT w2=12189
BUSY TASK ewma=997
DMA IRQ c0=0
DMA IRQ c1=2
DMA IRQ c2=0
DMA IRQ c3=0
SELECT busy=22582
SELECT w0=22530
SELECT w1=10186
SELECT w2=12193
BUSY TASK ewma=997
DMA IRQ c0=0
DMA IRQ c1=2
DMA IRQ c2=0
DMA IRQ c3=0
SELECT busy=22591
SELECT w0=22539
SELECT w1=10189
SELECT w2=12198
BUSY TASK ewma=997
DMA IRQ c0=0
DMA IRQ c1=2
DMA IRQ c2=0
DMA IRQ c3=0
SELECT busy=22599
SELECT w0=22547
SELECT w1=10193
SELECT w2=12202
BUSY TASK ewma=997
DMA IRQ c0=0
DMA IRQ c1=2
DMA IRQ c2=0
DMA IRQ c3=0
SELECT busy=22608
SELECT w0=22556
SELECT w1=10196
SELECT w2=12206
BUSY TASK ewma=997
DMA IRQ c0=0
DMA IRQ c1=2
DMA IRQ c2=0
DMA IRQ c3=0
SELECT busy=22617
SELECT w0=22565
SELECT w1=10199
SELECT w2=12210
BUSY TASK ewma=997
DMA IRQ c0=0
DMA IRQ c1=2
DMA IRQ c2=0
DMA IRQ c3=0
SELECT busy=22625
SELECT w0=22573
SELECT w1=10202
SELECT w2=12214
BUSY TASK ewma=997
DMA IRQ c0=0
DMA IRQ c1=2
DMA IRQ c2=0
DMA IRQ c3=0
SELECT busy=22634
SELECT w0=22582
SELECT w1=10206
SELECT w2=12218
BUSY TASK ewma=997
DMA IRQ c0=0
DMA IRQ c1=2
DMA IRQ c2=0
DMA IRQ c3=0
SELECT busy=22642
SELECT w0=22591
SELECT w1=10209
SELECT w2=12222
BUSY TASK ewma=997
DMA IRQ c0=0
DMA IRQ c1=2
DMA IRQ c2=0
DMA IRQ c3=0
SELECT busy=22651
SELECT w0=22599
SELECT w1=10212
SELECT w2=12226
BUSY TASK ewma=997
DMA IRQ c0=0
DMA IRQ c1=2
DMA IRQ c2=0
DMA IRQ c3=0
SELECT busy=22660
SELECT w0=22608
SELECT w1=10216
SELECT w2=12230
BUSY TASK ewma=997
DMA IRQ c0=0
DMA IRQ c1=2
DMA IRQ c2=0
DMA IRQ c3=0
SELECT busy=22668
SELECT w0=22616
SELECT w1=10219
SELECT w2=12234
BUSY TASK ewma=997
DMA IRQ c0=0
DMA IRQ c1=2
DMA IRQ c2=0
DMA IRQ c3=0
SELECT busy=22677
SELECT w0=22625
SELECT w1=10222
SELECT w2=12239
BUSY TASK ewma=997
DMA IRQ c0=0
DMA IRQ c1=2
DMA IRQ c2=0
DMA IRQ c3=0
SELECT busy=22686
SELECT w0=22634
SELECT w1=10226
SELECT w2=12243
BUSY TASK ewma=997
DMA IRQ c0=0
DMA IRQ c1=2
DMA IRQ c2=0
DMA IRQ c3=0
SELECT busy=22694
SELECT w0=22642
SELECT w1=10229
SELECT w2=12247
BUSY TASK ewma=997
IRQ counts: cpu0=45327 cpu1=43633 cpu2=43302 cpu3=42668
SCHED secondaries: calls=129603 unexpected=0
SECTEST switches=129585 cpu1=742534124,745045823 cpu2=605826141,610634641 cpu3=938940845,944372347
PINGPONG rounds=2000 pongs=2000
DMA IRQ c0=0
DMA IRQ c1=2
DMA IRQ c2=0
DMA IRQ c3=0
SELECT busy=22704
SELECT w0=22652
SELECT w1=10233
SELECT w2=12252
BUSY TASK ewma=997
DMA IRQ c0=0
DMA IRQ c1=2
DMA IRQ c2=0
DMA IRQ c3=0
SELECT busy=22713
SELECT w0=22661
SELECT w1=10236
SELECT w2=12256
BUSY TASK ewma=997
DMA IRQ c0=0
DMA IRQ c1=2
DMA IRQ c2=0
DMA IRQ c3=0
SELECT busy=22722
SELECT w0=22670
SELECT w1=10239
SELECT w2=12260
BUSY TASK ewma=997
DMA IRQ c0=0
DMA IRQ c1=2
DMA IRQ c2=0
DMA IRQ c3=0
SELECT busy=22730
SELECT w0=22679
SELECT w1=10243
SELECT w2=12264
BUSY TASK ewma=997
DMA IRQ c0=0
DMA IRQ c1=2
DMA IRQ c2=0
DMA IRQ c3=0
SELECT busy=22739
SELECT w0=22687
SELECT w1=10246
SELECT w2=12268
BUSY TASK ewma=997
DMA IRQ c0=0
DMA IRQ c1=2
DMA IRQ c2=0
DMA IRQ c3=0
SELECT busy=22748
SELECT w0=22696
SELECT w1=10249
SELECT w2=12273
BUSY TASK ewma=997
DMA IRQ c0=0
DMA IRQ c1=2
DMA IRQ c2=0
DMA IRQ c3=0
SELECT busy=22761
SELECT w0=22709
SELECT w1=10255
SELECT w2=12279
BUSY TASK ewma=997
DMA IRQ c0=0
DMA IRQ c1=2
DMA IRQ c2=0
DMA IRQ c3=0
SELECT busy=22772
SELECT w0=22720
SELECT w1=10259
SELECT w2=12285
BUSY TASK ewma=997
DMA IRQ c0=0
DMA IRQ c1=2
DMA IRQ c2=0
DMA IRQ c3=0
SELECT busy=22783
SELECT w0=22731
SELECT w1=10263
SELECT w2=12290
BUSY TASK ewma=997
DMA IRQ c0=0
DMA IRQ c1=2
DMA IRQ c2=0
DMA IRQ c3=0
SELECT busy=22792
SELECT w0=22740
SELECT w1=10267
SELECT w2=12294
BUSY TASK ewma=997
DMA IRQ c0=0
DMA IRQ c1=2
DMA IRQ c2=0
DMA IRQ c3=0
SELECT busy=22801
SELECT w0=22749
SELECT w1=10270
SELECT w2=12298
BUSY TASK ewma=997
DMA IRQ c0=0
DMA IRQ c1=2
DMA IRQ c2=0
DMA IRQ c3=0
SELECT busy=22809
SELECT w0=22757
SELECT w1=10273
SELECT w2=12302
BUSY TASK ewma=997
DMA IRQ c0=0
DMA IRQ c1=2
DMA IRQ c2=0
DMA IRQ c3=0
SELECT busy=22818
SELECT w0=22766
SELECT w1=10277
SELECT w2=12306
BUSY TASK ewma=997
DMA IRQ c0=0
DMA IRQ c1=2
DMA IRQ c2=0
DMA IRQ c3=0
SELECT busy=22826
SELECT w0=22775
SELECT w1=10280
SELECT w2=12310
BUSY TASK ewma=997
DMA IRQ c0=0
DMA IRQ c1=2
DMA IRQ c2=0
DMA IRQ c3=0
SELECT busy=22835
SELECT w0=22783
SELECT w1=10283
SELECT w2=12314
BUSY TASK ewma=997
DMA IRQ c0=0
DMA IRQ c1=2
DMA IRQ c2=0
DMA IRQ c3=0
SELECT busy=22844
SELECT w0=22792
SELECT w1=10287
SELECT w2=12319
BUSY TASK ewma=997
DMA IRQ c0=0
DMA IRQ c1=2
DMA IRQ c2=0
DMA IRQ c3=0
SELECT busy=22852
SELECT w0=22800
SELECT w1=10290
SELECT w2=12323
BUSY TASK ewma=997
DMA IRQ c0=0
DMA IRQ c1=2
DMA IRQ c2=0
DMA IRQ c3=0
SELECT busy=22861
SELECT w0=22809
SELECT w1=10293
SELECT w2=12327
BUSY TASK ewma=997
DMA IRQ c0=0
DMA IRQ c1=2
DMA IRQ c2=0
DMA IRQ c3=0
SELECT busy=22870
SELECT w0=22818
SELECT w1=10296
SELECT w2=12331
BUSY TASK ewma=997
DMA IRQ c0=0
DMA IRQ c1=2
DMA IRQ c2=0
DMA IRQ c3=0
SELECT busy=22878
SELECT w0=22826
SELECT w1=10300
SELECT w2=12335
BUSY TASK ewma=997
DMA IRQ c0=0
DMA IRQ c1=2
DMA IRQ c2=0
DMA IRQ c3=0
SELECT busy=22887
SELECT w0=22835
SELECT w1=10303
SELECT w2=12339
BUSY TASK ewma=997
DMA IRQ c0=0
DMA IRQ c1=2
DMA IRQ c2=0
DMA IRQ c3=0
SELECT busy=22895
SELECT w0=22844
SELECT w1=10307
SELECT w2=12343
BUSY TASK ewma=997
DMA IRQ c0=0
DMA IRQ c1=2
DMA IRQ c2=0
DMA IRQ c3=0
SELECT busy=22904
SELECT w0=22852
SELECT w1=10310
SELECT w2=12347
BUSY TASK ewma=997
DMA IRQ c0=0
DMA IRQ c1=2
DMA IRQ c2=0
DMA IRQ c3=0
SELECT busy=22912
SELECT w0=22860
SELECT w1=10313
SELECT w2=12351
BUSY TASK ewma=997
DMA IRQ c0=0
DMA IRQ c1=2
DMA IRQ c2=0
DMA IRQ c3=0
SELECT busy=22921
SELECT w0=22869
SELECT w1=10316
SELECT w2=12356
BUSY TASK ewma=997
DMA IRQ c0=0
DMA IRQ c1=2
DMA IRQ c2=0
DMA IRQ c3=0
SELECT busy=22930
SELECT w0=22878
SELECT w1=10320
SELECT w2=12360
BUSY TASK ewma=997
DMA IRQ c0=0
DMA IRQ c1=2
DMA IRQ c2=0
DMA IRQ c3=0
SELECT busy=22939
SELECT w0=22887
SELECT w1=10323
SELECT w2=12364
BUSY TASK ewma=997
DMA IRQ c0=0
DMA IRQ c1=2
DMA IRQ c2=0
DMA IRQ c3=0
SELECT busy=22948
SELECT w0=22896
SELECT w1=10327
SELECT w2=12368
BUSY TASK ewma=997
DMA IRQ c0=0
DMA IRQ c1=2
DMA IRQ c2=0
DMA IRQ c3=0
SELECT busy=22960
SELECT w0=22908
SELECT w1=10331
SELECT w2=12374
BUSY TASK ewma=997
DMA IRQ c0=0
DMA IRQ c1=2
DMA IRQ c2=0
DMA IRQ c3=0
SELECT busy=22971
SELECT w0=22919
SELECT w1=10335
SELECT w2=12379
BUSY TASK ewma=997
DMA IRQ c0=0
DMA IRQ c1=2
DMA IRQ c2=0
DMA IRQ c3=0
SELECT busy=22982
SELECT w0=22930
SELECT w1=10340
SELECT w2=12384
BUSY TASK ewma=997
DMA IRQ c0=0
DMA IRQ c1=2
DMA IRQ c2=0
DMA IRQ c3=0
SELECT busy=22994
SELECT w0=22942
SELECT w1=10344
SELECT w2=12390
BUSY TASK ewma=997
DMA IRQ c0=0
DMA IRQ c1=2
DMA IRQ c2=0
DMA IRQ c3=0
SELECT busy=23004
SELECT w0=22952
SELECT w1=10348
SELECT w2=12395
BUSY TASK ewma=997
DMA IRQ c0=0
DMA IRQ c1=2
DMA IRQ c2=0
DMA IRQ c3=0
SELECT busy=23013
SELECT w0=22961
SELECT w1=10351
SELECT w2=12399
BUSY TASK ewma=997
DMA IRQ c0=0
DMA IRQ c1=2
DMA IRQ c2=0
DMA IRQ c3=0
SELECT busy=23024
SELECT w0=22972
SELECT w1=10356
SELECT w2=12404
BUSY TASK ewma=997
DMA IRQ c0=0
DMA IRQ c1=2
DMA IRQ c2=0
DMA IRQ c3=0
SELECT busy=23035
SELECT w0=22984
SELECT w1=10360
SELECT w2=12410
BUSY TASK ewma=997
DMA IRQ c0=0
DMA IRQ c1=2
DMA IRQ c2=0
DMA IRQ c3=0
SELECT busy=23046
SELECT w0=22995
SELECT w1=10364
SELECT w2=12415
BUSY TASK ewma=997
DMA IRQ c0=0
DMA IRQ c1=2
DMA IRQ c2=0
DMA IRQ c3=0
SELECT busy=23058
SELECT w0=23006
SELECT w1=10369
SELECT w2=12421
BUSY TASK ewma=997
DMA IRQ c0=0
DMA IRQ c1=2
DMA IRQ c2=0
DMA IRQ c3=0
SELECT busy=23069
SELECT w0=23017
SELECT w1=10373
SELECT w2=12426
BUSY TASK ewma=997
DMA IRQ c0=0
DMA IRQ c1=2
DMA IRQ c2=0
DMA IRQ c3=0
SELECT busy=23078
SELECT w0=23026
SELECT w1=10376
SELECT w2=12431
BUSY TASK ewma=997
DMA IRQ c0=0
DMA IRQ c1=2
DMA IRQ c2=0
DMA IRQ c3=0
SELECT busy=23086
SELECT w0=23035
SELECT w1=10380
SELECT w2=12435
BUSY TASK ewma=997
DMA IRQ c0=0
DMA IRQ c1=2
DMA IRQ c2=0
DMA IRQ c3=0
SELECT busy=23095
SELECT w0=23043
SELECT w1=10383
SELECT w2=12440
BUSY TASK ewma=997
DMA IRQ c0=0
DMA IRQ c1=2
DMA IRQ c2=0
DMA IRQ c3=0
SELECT busy=23104
SELECT w0=23052
SELECT w1=10386
SELECT w2=12444
BUSY TASK ewma=997
DMA IRQ c0=0
DMA IRQ c1=2
DMA IRQ c2=0
DMA IRQ c3=0
SELECT busy=23112
SELECT w0=23060
SELECT w1=10390
SELECT w2=12448
BUSY TASK ewma=997
DMA IRQ c0=0
DMA IRQ c1=2
DMA IRQ c2=0
DMA IRQ c3=0
SELECT busy=23121
SELECT w0=23069
SELECT w1=10393
SELECT w2=12453
BUSY TASK ewma=997
DMA IRQ c0=0
DMA IRQ c1=2
DMA IRQ c2=0
DMA IRQ c3=0
SELECT busy=23130
SELECT w0=23078
SELECT w1=10396
SELECT w2=12457
BUSY TASK ewma=997
DMA IRQ c0=0
DMA IRQ c1=2
DMA IRQ c2=0
DMA IRQ c3=0
SELECT busy=23139
SELECT w0=23087
SELECT w1=10400
SELECT w2=12461
BUSY TASK ewma=997
DMA IRQ c0=0
DMA IRQ c1=2
DMA IRQ c2=0
DMA IRQ c3=0
SELECT busy=23147
SELECT w0=23095
SELECT w1=10403
SELECT w2=12465
BUSY TASK ewma=997
DMA IRQ c0=0
DMA IRQ c1=2
DMA IRQ c2=0
DMA IRQ c3=0
SELECT busy=23156
SELECT w0=23104
SELECT w1=10407
SELECT w2=12469
BUSY TASK ewma=997
DMA IRQ c0=0
DMA IRQ c1=2
DMA IRQ c2=0
DMA IRQ c3=0
SELECT busy=23165
SELECT w0=23114
SELECT w1=10410
SELECT w2=12474
BUSY TASK ewma=997
DMA IRQ c0=0
DMA IRQ c1=2
DMA IRQ c2=0
DMA IRQ c3=0
SELECT busy=23176
SELECT w0=23124
SELECT w1=10415
SELECT w2=12479
BUSY TASK ewma=997
DMA IRQ c0=0
DMA IRQ c1=2
DMA IRQ c2=0
DMA IRQ c3=0
SELECT busy=23185
SELECT w0=23133
SELECT w1=10418
SELECT w2=12484
BUSY TASK ewma=997
DMA IRQ c0=0
DMA IRQ c1=2
DMA IRQ c2=0
DMA IRQ c3=0
SELECT busy=23194
SELECT w0=23142
SELECT w1=10422
SELECT w2=12488
BUSY TASK ewma=997
DMA IRQ c0=0
DMA IRQ c1=2
DMA IRQ c2=0
DMA IRQ c3=0
SELECT busy=23203
SELECT w0=23151
SELECT w1=10425
SELECT w2=12492
BUSY TASK ewma=997
DMA IRQ c0=0
DMA IRQ c1=2
DMA IRQ c2=0
DMA IRQ c3=0
SELECT busy=23212
SELECT w0=23160
SELECT w1=10429
SELECT w2=12497
BUSY TASK ewma=997
DMA IRQ c0=0
DMA IRQ c1=2
DMA IRQ c2=0
DMA IRQ c3=0
SELECT busy=23221
SELECT w0=23169
SELECT w1=10432
SELECT w2=12501
BUSY TASK ewma=997
DMA IRQ c0=0
DMA IRQ c1=2
DMA IRQ c2=0
DMA IRQ c3=0
SELECT busy=23229
SELECT w0=23177
SELECT w1=10435
SELECT w2=12505
BUSY TASK ewma=997
DMA IRQ c0=0
DMA IRQ c1=2
DMA IRQ c2=0
DMA IRQ c3=0
SELECT busy=23238
SELECT w0=23186
SELECT w1=10439
SELECT w2=12510
BUSY TASK ewma=997
DMA IRQ c0=0
DMA IRQ c1=2
DMA IRQ c2=0
DMA IRQ c3=0
SELECT busy=23246
SELECT w0=23194
SELECT w1=10442
SELECT w2=12514
BUSY TASK ewma=997
DMA IRQ c0=0
DMA IRQ c1=2
DMA IRQ c2=0
DMA IRQ c3=0
SELECT busy=23255
SELECT w0=23203
SELECT w1=10445
SELECT w2=12518
BUSY TASK ewma=997
DMA IRQ c0=0
DMA IRQ c1=2
DMA IRQ c2=0
DMA IRQ c3=0
SELECT busy=23264
SELECT w0=23212
SELECT w1=10449
SELECT w2=12523
BUSY TASK ewma=997
DMA IRQ c0=0
DMA IRQ c1=2
DMA IRQ c2=0
DMA IRQ c3=0
SELECT busy=23272
SELECT w0=23220
SELECT w1=10452
SELECT w2=12527
BUSY TASK ewma=997
DMA IRQ c0=0
DMA IRQ c1=2
DMA IRQ c2=0
DMA IRQ c3=0
SELECT busy=23281
SELECT w0=23229
SELECT w1=10455
SELECT w2=12531
BUSY TASK ewma=997
DMA IRQ c0=0
DMA IRQ c1=2
DMA IRQ c2=0
DMA IRQ c3=0
SELECT busy=23289
SELECT w0=23237
SELECT w1=10458
SELECT w2=12535
BUSY TASK ewma=997
IRQ counts: cpu0=46517 cpu1=44782 cpu2=44457 cpu3=43791
SCHED secondaries: calls=133030 unexpected=0
SECTEST switches=133011 cpu1=763437640,766035939 cpu2=623219096,628195535 cpu3=964841835,970606728
PINGPONG rounds=2000 pongs=2000
DMA IRQ c0=0
DMA IRQ c1=2
DMA IRQ c2=0
DMA IRQ c3=0
SELECT busy=23299
SELECT w0=23247
SELECT w1=10462
SELECT w2=12540
BUSY TASK ewma=997
DMA IRQ c0=0
DMA IRQ c1=2
DMA IRQ c2=0
DMA IRQ c3=0
SELECT busy=23311
SELECT w0=23259
SELECT w1=10467
SELECT w2=12546
BUSY TASK ewma=997
DMA IRQ c0=0
DMA IRQ c1=2
DMA IRQ c2=0
DMA IRQ c3=0
SELECT busy=23321
SELECT w0=23270
SELECT w1=10471
SELECT w2=12551
BUSY TASK ewma=997
DMA IRQ c0=0
DMA IRQ c1=2
DMA IRQ c2=0
DMA IRQ c3=0
SELECT busy=23330
SELECT w0=23278
SELECT w1=10474
SELECT w2=12555
BUSY TASK ewma=997
DMA IRQ c0=0
DMA IRQ c1=2
DMA IRQ c2=0
DMA IRQ c3=0
SELECT busy=23338
SELECT w0=23287
SELECT w1=10478
SELECT w2=12560
BUSY TASK ewma=997
DMA IRQ c0=0
DMA IRQ c1=2
DMA IRQ c2=0
DMA IRQ c3=0
SELECT busy=23350
SELECT w0=23298
SELECT w1=10482
SELECT w2=12565
BUSY TASK ewma=997
DMA IRQ c0=0
DMA IRQ c1=2
DMA IRQ c2=0
DMA IRQ c3=0
SELECT busy=23361
SELECT w0=23309
SELECT w1=10486
SELECT w2=12571
BUSY TASK ewma=997
DMA IRQ c0=0
DMA IRQ c1=2
DMA IRQ c2=0
DMA IRQ c3=0
SELECT busy=23372
SELECT w0=23320
SELECT w1=10490
SELECT w2=12575
BUSY TASK ewma=997
DMA IRQ c0=0
DMA IRQ c1=2
DMA IRQ c2=0
DMA IRQ c3=0
SELECT busy=23383
SELECT w0=23331
SELECT w1=10495
SELECT w2=12581
BUSY TASK ewma=997
DMA IRQ c0=0
DMA IRQ c1=2
DMA IRQ c2=0
DMA IRQ c3=0
SELECT busy=23395
SELECT w0=23343
SELECT w1=10499
SELECT w2=12586
BUSY TASK ewma=997
DMA IRQ c0=0
DMA IRQ c1=2
DMA IRQ c2=0
DMA IRQ c3=0
SELECT busy=23406
SELECT w0=23354
SELECT w1=10503
SELECT w2=12592
BUSY TASK ewma=997
DMA IRQ c0=0
DMA IRQ c1=2
DMA IRQ c2=0
DMA IRQ c3=0
SELECT busy=23417
SELECT w0=23365
SELECT w1=10508
SELECT w2=12597
BUSY TASK ewma=997
DMA IRQ c0=0
DMA IRQ c1=2
DMA IRQ c2=0
DMA IRQ c3=0
SELECT busy=23428
SELECT w0=23377
SELECT w1=10512
SELECT w2=12602
BUSY TASK ewma=997
DMA IRQ c0=0
DMA IRQ c1=2
DMA IRQ c2=0
DMA IRQ c3=0
SELECT busy=23440
SELECT w0=23388
SELECT w1=10516
SELECT w2=12608
BUSY TASK ewma=997
DMA IRQ c0=0
DMA IRQ c1=2
DMA IRQ c2=0
DMA IRQ c3=0
SELECT busy=23451
SELECT w0=23399
SELECT w1=10521
SELECT w2=12613
BUSY TASK ewma=997
DMA IRQ c0=0
DMA IRQ c1=2
DMA IRQ c2=0
DMA IRQ c3=0
SELECT busy=23462
SELECT w0=23410
SELECT w1=10525
SELECT w2=12618
BUSY TASK ewma=997
DMA IRQ c0=0
DMA IRQ c1=2
DMA IRQ c2=0
DMA IRQ c3=0
SELECT busy=23474
SELECT w0=23422
SELECT w1=10529
SELECT w2=12624
BUSY TASK ewma=997
DMA IRQ c0=0
DMA IRQ c1=2
DMA IRQ c2=0
DMA IRQ c3=0
SELECT busy=23485
SELECT w0=23433
SELECT w1=10534
SELECT w2=12629
BUSY TASK ewma=997
DMA IRQ c0=0
DMA IRQ c1=2
DMA IRQ c2=0
DMA IRQ c3=0
SELECT busy=23495
SELECT w0=23443
SELECT w1=10537
SELECT w2=12634
BUSY TASK ewma=997
DMA IRQ c0=0
DMA IRQ c1=2
DMA IRQ c2=0
DMA IRQ c3=0
SELECT busy=23503
SELECT w0=23451
SELECT w1=10541
SELECT w2=12638
BUSY TASK ewma=997
DMA IRQ c0=0
DMA IRQ c1=2
DMA IRQ c2=0
DMA IRQ c3=0
SELECT busy=23512
SELECT w0=23460
SELECT w1=10544
SELECT w2=12642
BUSY TASK ewma=997
DMA IRQ c0=0
DMA IRQ c1=2
DMA IRQ c2=0
DMA IRQ c3=0
SELECT busy=23520
SELECT w0=23468
SELECT w1=10547
SELECT w2=12646
BUSY TASK ewma=997
DMA IRQ c0=0
DMA IRQ c1=2
DMA IRQ c2=0
DMA IRQ c3=0
SELECT busy=23529
SELECT w0=23477
SELECT w1=10551
SELECT w2=12650
BUSY TASK ewma=997
DMA IRQ c0=0
DMA IRQ c1=2
DMA IRQ c2=0
DMA IRQ c3=0
SELECT busy=23537
SELECT w0=23485
SELECT w1=10554
SELECT w2=12654
BUSY TASK ewma=997
DMA IRQ c0=0
DMA IRQ c1=2
DMA IRQ c2=0
DMA IRQ c3=0
SELECT busy=23546
SELECT w0=23494
SELECT w1=10557
SELECT w2=12658
BUSY TASK ewma=997
DMA IRQ c0=0
DMA IRQ c1=2
DMA IRQ c2=0
DMA IRQ c3=0
SELECT busy=23554
SELECT w0=23502
SELECT w1=10561
SELECT w2=12662
BUSY TASK ewma=997
DMA IRQ c0=0
DMA IRQ c1=2
DMA IRQ c2=0
DMA IRQ c3=0
SELECT busy=23563
SELECT w0=23511
SELECT w1=10564
SELECT w2=12666
BUSY TASK ewma=997
DMA IRQ c0=0
DMA IRQ c1=2
DMA IRQ c2=0
DMA IRQ c3=0
SELECT busy=23571
SELECT w0=23520
SELECT w1=10567
SELECT w2=12670
BUSY TASK ewma=997
DMA IRQ c0=0
DMA IRQ c1=2
DMA IRQ c2=0
DMA IRQ c3=0
SELECT busy=23580
SELECT w0=23528
SELECT w1=10570
SELECT w2=12674
BUSY TASK ewma=997
DMA IRQ c0=0
DMA IRQ c1=2
DMA IRQ c2=0
DMA IRQ c3=0
SELECT busy=23589
SELECT w0=23537
SELECT w1=10574
SELECT w2=12678
BUSY TASK ewma=997
DMA IRQ c0=0
DMA IRQ c1=2
DMA IRQ c2=0
DMA IRQ c3=0
SELECT busy=23597
SELECT w0=23545
SELECT w1=10577
SELECT w2=12682
BUSY TASK ewma=997
DMA IRQ c0=0
DMA IRQ c1=2
DMA IRQ c2=0
DMA IRQ c3=0
SELECT busy=23606
SELECT w0=23554
SELECT w1=10580
SELECT w2=12686
BUSY TASK ewma=997
DMA IRQ c0=0
DMA IRQ c1=2
DMA IRQ c2=0
DMA IRQ c3=0
SELECT busy=23614
SELECT w0=23563
SELECT w1=10584
SELECT w2=12691
BUSY TASK ewma=997
DMA IRQ c0=0
DMA IRQ c1=2
DMA IRQ c2=0
DMA IRQ c3=0
SELECT busy=23623
SELECT w0=23571
SELECT w1=10587
SELECT w2=12694
BUSY TASK ewma=997
DMA IRQ c0=0
DMA IRQ c1=2
DMA IRQ c2=0
DMA IRQ c3=0
SELECT busy=23632
SELECT w0=23580
SELECT w1=10590
SELECT w2=12699
BUSY TASK ewma=997
DMA IRQ c0=0
DMA IRQ c1=2
DMA IRQ c2=0
DMA IRQ c3=0
SELECT busy=23640
SELECT w0=23588
SELECT w1=10594
SELECT w2=12703
BUSY TASK ewma=997
DMA IRQ c0=0
DMA IRQ c1=2
DMA IRQ c2=0
DMA IRQ c3=0
SELECT busy=23649
SELECT w0=23597
SELECT w1=10597
SELECT w2=12707
BUSY TASK ewma=997
DMA IRQ c0=0
DMA IRQ c1=2
DMA IRQ c2=0
DMA IRQ c3=0
SELECT busy=23657
SELECT w0=23605
SELECT w1=10600
SELECT w2=12711
BUSY TASK ewma=997
DMA IRQ c0=0
DMA IRQ c1=2
DMA IRQ c2=0
DMA IRQ c3=0
SELECT busy=23666
SELECT w0=23614
SELECT w1=10603
SELECT w2=12715
BUSY TASK ewma=997
DMA IRQ c0=0
DMA IRQ c1=2
DMA IRQ c2=0
DMA IRQ c3=0
SELECT busy=23674
SELECT w0=23622
SELECT w1=10607
SELECT w2=12719
BUSY TASK ewma=997
DMA IRQ c0=0
DMA IRQ c1=2
DMA IRQ c2=0
DMA IRQ c3=0
SELECT busy=23683
SELECT w0=23631
SELECT w1=10610
SELECT w2=12723
BUSY TASK ewma=997
DMA IRQ c0=0
DMA IRQ c1=2
DMA IRQ c2=0
DMA IRQ c3=0
SELECT busy=23692
SELECT w0=23640
SELECT w1=10613
SELECT w2=12727
BUSY TASK ewma=997
DMA IRQ c0=0
DMA IRQ c1=2
DMA IRQ c2=0
DMA IRQ c3=0
SELECT busy=23700
SELECT w0=23648
SELECT w1=10617
SELECT w2=12731
BUSY TASK ewma=997
DMA IRQ c0=0
DMA IRQ c1=2
DMA IRQ c2=0
DMA IRQ c3=0
SELECT busy=23709
SELECT w0=23657
SELECT w1=10620
SELECT w2=12735
BUSY TASK ewma=997
DMA IRQ c0=0
DMA IRQ c1=2
DMA IRQ c2=0
DMA IRQ c3=0
SELECT busy=23717
SELECT w0=23666
SELECT w1=10623
SELECT w2=12740
BUSY TASK ewma=997
DMA IRQ c0=0
DMA IRQ c1=2
DMA IRQ c2=0
DMA IRQ c3=0
SELECT busy=23726
SELECT w0=23674
SELECT w1=10627
SELECT w2=12744
BUSY TASK ewma=997
DMA IRQ c0=0
DMA IRQ c1=2
DMA IRQ c2=0
DMA IRQ c3=0
SELECT busy=23735
SELECT w0=23683
SELECT w1=10630
SELECT w2=12748
BUSY TASK ewma=997
DMA IRQ c0=0
DMA IRQ c1=2
DMA IRQ c2=0
DMA IRQ c3=0
SELECT busy=23743
SELECT w0=23691
SELECT w1=10633
SELECT w2=12752
BUSY TASK ewma=997
DMA IRQ c0=0
DMA IRQ c1=2
DMA IRQ c2=0
DMA IRQ c3=0
SELECT busy=23752
SELECT w0=23700
SELECT w1=10636
SELECT w2=12756
BUSY TASK ewma=997
DMA IRQ c0=0
DMA IRQ c1=2
DMA IRQ c2=0
DMA IRQ c3=0
SELECT busy=23760
SELECT w0=23708
SELECT w1=10640
SELECT w2=12760
BUSY TASK ewma=997
DMA IRQ c0=0
DMA IRQ c1=2
DMA IRQ c2=0
DMA IRQ c3=0
SELECT busy=23769
SELECT w0=23717
SELECT w1=10643
SELECT w2=12764
BUSY TASK ewma=997
DMA IRQ c0=0
DMA IRQ c1=2
DMA IRQ c2=0
DMA IRQ c3=0
SELECT busy=23778
SELECT w0=23726
SELECT w1=10647
SELECT w2=12768
BUSY TASK ewma=997
DMA IRQ c0=0
DMA IRQ c1=2
DMA IRQ c2=0
DMA IRQ c3=0
SELECT busy=23787
SELECT w0=23735
SELECT w1=10650
SELECT w2=12773
BUSY TASK ewma=997
DMA IRQ c0=0
DMA IRQ c1=2
DMA IRQ c2=0
DMA IRQ c3=0
SELECT busy=23795
SELECT w0=23743
SELECT w1=10653
SELECT w2=12777
BUSY TASK ewma=997
DMA IRQ c0=0
DMA IRQ c1=2
DMA IRQ c2=0
DMA IRQ c3=0
SELECT busy=23804
SELECT w0=23752
SELECT w1=10657
SELECT w2=12781
BUSY TASK ewma=997
DMA IRQ c0=0
DMA IRQ c1=2
DMA IRQ c2=0
DMA IRQ c3=0
SELECT busy=23813
SELECT w0=23761
SELECT w1=10660
SELECT w2=12785
BUSY TASK ewma=997
DMA IRQ c0=0
DMA IRQ c1=2
DMA IRQ c2=0
DMA IRQ c3=0
SELECT busy=23821
SELECT w0=23769
SELECT w1=10663
SELECT w2=12789
BUSY TASK ewma=997
DMA IRQ c0=0
DMA IRQ c1=2
DMA IRQ c2=0
DMA IRQ c3=0
SELECT busy=23830
SELECT w0=23778
SELECT w1=10666
SELECT w2=12793
BUSY TASK ewma=997
DMA IRQ c0=0
DMA IRQ c1=2
DMA IRQ c2=0
DMA IRQ c3=0
SELECT busy=23839
SELECT w0=23787
SELECT w1=10670
SELECT w2=12797
BUSY TASK ewma=997
DMA IRQ c0=0
DMA IRQ c1=2
DMA IRQ c2=0
DMA IRQ c3=0
SELECT busy=23847
SELECT w0=23795
SELECT w1=10673
SELECT w2=12801
BUSY TASK ewma=997
DMA IRQ c0=0
DMA IRQ c1=2
DMA IRQ c2=0
DMA IRQ c3=0
SELECT busy=23856
SELECT w0=23804
SELECT w1=10676
SELECT w2=12806
BUSY TASK ewma=997
DMA IRQ c0=0
DMA IRQ c1=2
DMA IRQ c2=0
DMA IRQ c3=0
SELECT busy=23864
SELECT w0=23812
SELECT w1=10680
SELECT w2=12810
BUSY TASK ewma=997
DMA IRQ c0=0
DMA IRQ c1=2
DMA IRQ c2=0
DMA IRQ c3=0
SELECT busy=23873
SELECT w0=23821
SELECT w1=10683
SELECT w2=12814
BUSY TASK ewma=997
DMA IRQ c0=0
DMA IRQ c1=2
DMA IRQ c2=0
DMA IRQ c3=0
SELECT busy=23881
SELECT w0=23829
SELECT w1=10686
SELECT w2=12817
BUSY TASK ewma=997
IRQ counts: cpu0=47701 cpu1=45920 cpu2=45585 cpu3=44903
SCHED secondaries: calls=136408 unexpected=0
SECTEST switches=136388 cpu1=783680670,786302352 cpu2=639700024,644812988 cpu3=989477851,995459116
PINGPONG rounds=2000 pongs=2000
DMA IRQ c0=0
DMA IRQ c1=2
DMA IRQ c2=0
DMA IRQ c3=0
SELECT busy=23891
SELECT w0=23839
SELECT w1=10690
SELECT w2=12822
BUSY TASK ewma=997
DMA IRQ c0=0
DMA IRQ c1=2
DMA IRQ c2=0
DMA IRQ c3=0
SELECT busy=23900
SELECT w0=23848
SELECT w1=10693
SELECT w2=12826
BUSY TASK ewma=997
DMA IRQ c0=0
DMA IRQ c1=2
DMA IRQ c2=0
DMA IRQ c3=0
SELECT busy=23909
SELECT w0=23857
SELECT w1=10697
SELECT w2=12831
BUSY TASK ewma=997
DMA IRQ c0=0
DMA IRQ c1=2
DMA IRQ c2=0
DMA IRQ c3=0
SELECT busy=23917
SELECT w0=23865
SELECT w1=10700
SELECT w2=12835
BUSY TASK ewma=997
DMA IRQ c0=0
DMA IRQ c1=2
DMA IRQ c2=0
DMA IRQ c3=0
SELECT busy=23926
SELECT w0=23874
SELECT w1=10703
SELECT w2=12839
BUSY TASK ewma=997
DMA IRQ c0=0
DMA IRQ c1=2
DMA IRQ c2=0
DMA IRQ c3=0
SELECT busy=23935
SELECT w0=23883
SELECT w1=10707
SELECT w2=12843
BUSY TASK ewma=997
DMA IRQ c0=0
DMA IRQ c1=2
DMA IRQ c2=0
DMA IRQ c3=0
SELECT busy=23943
SELECT w0=23891
SELECT w1=10710
SELECT w2=12847
BUSY TASK ewma=997
DMA IRQ c0=0
DMA IRQ c1=2
DMA IRQ c2=0
DMA IRQ c3=0
SELECT busy=23951
SELECT w0=23900
SELECT w1=10713
SELECT w2=12851
BUSY TASK ewma=997
DMA IRQ c0=0
DMA IRQ c1=2
DMA IRQ c2=0
DMA IRQ c3=0
SELECT busy=23960
SELECT w0=23908
SELECT w1=10716
SELECT w2=12855
BUSY TASK ewma=997
DMA IRQ c0=0
DMA IRQ c1=2
DMA IRQ c2=0
DMA IRQ c3=0
SELECT busy=23969
SELECT w0=23917
SELECT w1=10720
SELECT w2=12859
BUSY TASK ewma=997
DMA IRQ c0=0
DMA IRQ c1=2
DMA IRQ c2=0
DMA IRQ c3=0
SELECT busy=23977
SELECT w0=23925
SELECT w1=10723
SELECT w2=12863
BUSY TASK ewma=997
DMA IRQ c0=0
DMA IRQ c1=2
DMA IRQ c2=0
DMA IRQ c3=0
SELECT busy=23986
SELECT w0=23934
SELECT w1=10726
SELECT w2=12867
BUSY TASK ewma=997
DMA IRQ c0=0
DMA IRQ c1=2
DMA IRQ c2=0
DMA IRQ c3=0
SELECT busy=23994
SELECT w0=23942
SELECT w1=10729
SELECT w2=12871
BUSY TASK ewma=997
DMA IRQ c0=0
DMA IRQ c1=2
DMA IRQ c2=0
DMA IRQ c3=0
SELECT busy=24003
SELECT w0=23951
SELECT w1=10733
SELECT w2=12875
BUSY TASK ewma=997
DMA IRQ c0=0
DMA IRQ c1=2
DMA IRQ c2=0
DMA IRQ c3=0
SELECT busy=24011
SELECT w0=23959
SELECT w1=10736
SELECT w2=12880
BUSY TASK ewma=997
DMA IRQ c0=0
DMA IRQ c1=2
DMA IRQ c2=0
DMA IRQ c3=0
SELECT busy=24020
SELECT w0=23968
SELECT w1=10739
SELECT w2=12883
BUSY TASK ewma=997
DMA IRQ c0=0
DMA IRQ c1=2
DMA IRQ c2=0
DMA IRQ c3=0
SELECT busy=24028
SELECT w0=23976
SELECT w1=10742
SELECT w2=12887
BUSY TASK ewma=997
DMA IRQ c0=0
DMA IRQ c1=2
DMA IRQ c2=0
DMA IRQ c3=0
SELECT busy=24037
SELECT w0=23985
SELECT w1=10746
SELECT w2=12891
BUSY TASK ewma=997
DMA IRQ c0=0
DMA IRQ c1=2
DMA IRQ c2=0
DMA IRQ c3=0
SELECT busy=24045
SELECT w0=23993
SELECT w1=10749
SELECT w2=12895
BUSY TASK ewma=997
DMA IRQ c0=0
DMA IRQ c1=2
DMA IRQ c2=0
DMA IRQ c3=0
SELECT busy=24053
SELECT w0=24001
SELECT w1=10752
SELECT w2=12899
BUSY TASK ewma=997
DMA IRQ c0=0
DMA IRQ c1=2
DMA IRQ c2=0
DMA IRQ c3=0
SELECT busy=24062
SELECT w0=24010
SELECT w1=10755
SELECT w2=12903
BUSY TASK ewma=997
DMA IRQ c0=0
DMA IRQ c1=2
DMA IRQ c2=0
DMA IRQ c3=0
SELECT busy=24070
SELECT w0=24018
SELECT w1=10759
SELECT w2=12908
BUSY TASK ewma=997
DMA IRQ c0=0
DMA IRQ c1=2
DMA IRQ c2=0
DMA IRQ c3=0
SELECT busy=24079
SELECT w0=24027
SELECT w1=10762
SELECT w2=12912
BUSY TASK ewma=997
DMA IRQ c0=0
DMA IRQ c1=2
DMA IRQ c2=0
DMA IRQ c3=0
SELECT busy=24088
SELECT w0=24036
SELECT w1=10765
SELECT w2=12916
BUSY TASK ewma=997
DMA IRQ c0=0
DMA IRQ c1=2
DMA IRQ c2=0
DMA IRQ c3=0
SELECT busy=24096
SELECT w0=24045
SELECT w1=10769
SELECT w2=12920
BUSY TASK ewma=997
DMA IRQ c0=0
DMA IRQ c1=2
DMA IRQ c2=0
DMA IRQ c3=0
SELECT busy=24105
SELECT w0=24053
SELECT w1=10772
SELECT w2=12924
BUSY TASK ewma=997
DMA IRQ c0=0
DMA IRQ c1=2
DMA IRQ c2=0
DMA IRQ c3=0
SELECT busy=24114
SELECT w0=24062
SELECT w1=10775
SELECT w2=12928
BUSY TASK ewma=997
DMA IRQ c0=0
DMA IRQ c1=2
DMA IRQ c2=0
DMA IRQ c3=0
SELECT busy=24122
SELECT w0=24070
SELECT w1=10778
SELECT w2=12932
BUSY TASK ewma=997
DMA IRQ c0=0
DMA IRQ c1=2
DMA IRQ c2=0
DMA IRQ c3=0
SELECT busy=24131
SELECT w0=24079
SELECT w1=10782
SELECT w2=12936
BUSY TASK ewma=997
DMA IRQ c0=0
DMA IRQ c1=2
DMA IRQ c2=0
DMA IRQ c3=0
SELECT busy=24139
SELECT w0=24087
SELECT w1=10785
SELECT w2=12940
BUSY TASK ewma=997
DMA IRQ c0=0
DMA IRQ c1=2
DMA IRQ c2=0
DMA IRQ c3=0
SELECT busy=24147
SELECT w0=24095
SELECT w1=10788
SELECT w2=12944
BUSY TASK ewma=997
DMA IRQ c0=0
DMA IRQ c1=2
DMA IRQ c2=0
DMA IRQ c3=0
SELECT busy=24156
SELECT w0=24104
SELECT w1=10791
SELECT w2=12948
BUSY TASK ewma=997
DMA IRQ c0=0
DMA IRQ c1=2
DMA IRQ c2=0
DMA IRQ c3=0
SELECT busy=24165
SELECT w0=24113
SELECT w1=10795
SELECT w2=12952
BUSY TASK ewma=997
DMA IRQ c0=0
DMA IRQ c1=2
DMA IRQ c2=0
DMA IRQ c3=0
SELECT busy=24173
SELECT w0=24121
SELECT w1=10798
SELECT w2=12956
BUSY TASK ewma=997
DMA IRQ c0=0
DMA IRQ c1=2
DMA IRQ c2=0
DMA IRQ c3=0
SELECT busy=24182
SELECT w0=24130
SELECT w1=10801
SELECT w2=12960
BUSY TASK ewma=997
DMA IRQ c0=0
DMA IRQ c1=2
DMA IRQ c2=0
DMA IRQ c3=0
SELECT busy=24190
SELECT w0=24138
SELECT w1=10804
SELECT w2=12964
BUSY TASK ewma=997
DMA IRQ c0=0
DMA IRQ c1=2
DMA IRQ c2=0
DMA IRQ c3=0
SELECT busy=24199
SELECT w0=24147
SELECT w1=10808
SELECT w2=12968
BUSY TASK ewma=997
DMA IRQ c0=0
DMA IRQ c1=2
DMA IRQ c2=0
DMA IRQ c3=0
SELECT busy=24207
SELECT w0=24156
SELECT w1=10811
SELECT w2=12972
BUSY TASK ewma=997
DMA IRQ c0=0
DMA IRQ c1=2
DMA IRQ c2=0
DMA IRQ c3=0
SELECT busy=24216
SELECT w0=24165
SELECT w1=10815
SELECT w2=12977
BUSY TASK ewma=997
DMA IRQ c0=0
DMA IRQ c1=2
DMA IRQ c2=0
DMA IRQ c3=0
SELECT busy=24225
SELECT w0=24174
SELECT w1=10818
SELECT w2=12981
BUSY TASK ewma=997
DMA IRQ c0=0
DMA IRQ c1=2
DMA IRQ c2=0
DMA IRQ c3=0
SELECT busy=24234
SELECT w0=24182
SELECT w1=10822
SELECT w2=12985
BUSY TASK ewma=997
DMA IRQ c0=0
DMA IRQ c1=2
DMA IRQ c2=0
DMA IRQ c3=0
SELECT busy=24243
SELECT w0=24192
SELECT w1=10825
SELECT w2=12990
BUSY TASK ewma=997
DMA IRQ c0=0
DMA IRQ c1=2
DMA IRQ c2=0
DMA IRQ c3=0
SELECT busy=24252
SELECT w0=24200
SELECT w1=10829
SELECT w2=12994
BUSY TASK ewma=997
DMA IRQ c0=0
DMA IRQ c1=2
DMA IRQ c2=0
DMA IRQ c3=0
SELECT busy=24261
SELECT w0=24209
SELECT w1=10832
SELECT w2=12998
BUSY TASK ewma=997
DMA IRQ c0=0
DMA IRQ c1=2
DMA IRQ c2=0
DMA IRQ c3=0
SELECT busy=24270
SELECT w0=24218
SELECT w1=10835
SELECT w2=13002
BUSY TASK ewma=997
DMA IRQ c0=0
DMA IRQ c1=2
DMA IRQ c2=0
DMA IRQ c3=0
SELECT busy=24279
SELECT w0=24227
SELECT w1=10839
SELECT w2=13007
BUSY TASK ewma=997
DMA IRQ c0=0
DMA IRQ c1=2
DMA IRQ c2=0
DMA IRQ c3=0
SELECT busy=24288
SELECT w0=24236
SELECT w1=10842
SELECT w2=13011
BUSY TASK ewma=997
DMA IRQ c0=0
DMA IRQ c1=2
DMA IRQ c2=0
DMA IRQ c3=0
SELECT busy=24297
SELECT w0=24245
SELECT w1=10846
SELECT w2=13015
BUSY TASK ewma=997
DMA IRQ c0=0
DMA IRQ c1=2
DMA IRQ c2=0
DMA IRQ c3=0
SELECT busy=24306
SELECT w0=24254
SELECT w1=10849
SELECT w2=13020
BUSY TASK ewma=997
DMA IRQ c0=0
DMA IRQ c1=2
DMA IRQ c2=0
DMA IRQ c3=0
SELECT busy=24315
SELECT w0=24263
SELECT w1=10853
SELECT w2=13024
BUSY TASK ewma=997
DMA IRQ c0=0
DMA IRQ c1=2
DMA IRQ c2=0
DMA IRQ c3=0
SELECT busy=24324
SELECT w0=24272
SELECT w1=10856
SELECT w2=13028
BUSY TASK ewma=997
DMA IRQ c0=0
DMA IRQ c1=2
DMA IRQ c2=0
DMA IRQ c3=0
SELECT busy=24335
SELECT w0=24283
SELECT w1=10861
SELECT w2=13033
BUSY TASK ewma=997
DMA IRQ c0=0
DMA IRQ c1=2
DMA IRQ c2=0
DMA IRQ c3=0
SELECT busy=24346
SELECT w0=24295
SELECT w1=10865
SELECT w2=13039
BUSY TASK ewma=997
DMA IRQ c0=0
DMA IRQ c1=2
DMA IRQ c2=0
DMA IRQ c3=0
SELECT busy=24358
SELECT w0=24306
SELECT w1=10869
SELECT w2=13044
BUSY TASK ewma=997
DMA IRQ c0=0
DMA IRQ c1=2
DMA IRQ c2=0
DMA IRQ c3=0
SELECT busy=24369
SELECT w0=24317
SELECT w1=10873
SELECT w2=13049
BUSY TASK ewma=997
DMA IRQ c0=0
DMA IRQ c1=2
DMA IRQ c2=0
DMA IRQ c3=0
SELECT busy=24380
SELECT w0=24328
SELECT w1=10878
SELECT w2=13055
BUSY TASK ewma=997
DMA IRQ c0=0
DMA IRQ c1=2
DMA IRQ c2=0
DMA IRQ c3=0
SELECT busy=24391
SELECT w0=24339
SELECT w1=10882
SELECT w2=13060
BUSY TASK ewma=997
DMA IRQ c0=0
DMA IRQ c1=2
DMA IRQ c2=0
DMA IRQ c3=0
SELECT busy=24402
SELECT w0=24350
SELECT w1=10886
SELECT w2=13065
BUSY TASK ewma=997
DMA IRQ c0=0
DMA IRQ c1=2
DMA IRQ c2=0
DMA IRQ c3=0
SELECT busy=24412
SELECT w0=24360
SELECT w1=10890
SELECT w2=13070
BUSY TASK ewma=997
DMA IRQ c0=0
DMA IRQ c1=2
DMA IRQ c2=0
DMA IRQ c3=0
SELECT busy=24421
SELECT w0=24369
SELECT w1=10893
SELECT w2=13074
BUSY TASK ewma=997
DMA IRQ c0=0
DMA IRQ c1=2
DMA IRQ c2=0
DMA IRQ c3=0
SELECT busy=24429
SELECT w0=24377
SELECT w1=10896
SELECT w2=13078
BUSY TASK ewma=997
DMA IRQ c0=0
DMA IRQ c1=2
DMA IRQ c2=0
DMA IRQ c3=0
SELECT busy=24438
SELECT w0=24386
SELECT w1=10900
SELECT w2=13082
BUSY TASK ewma=997
DMA IRQ c0=0
DMA IRQ c1=2
DMA IRQ c2=0
DMA IRQ c3=0
SELECT busy=24446
SELECT w0=24394
SELECT w1=10903
SELECT w2=13087
BUSY TASK ewma=997
DMA IRQ c0=0
DMA IRQ c1=2
DMA IRQ c2=0
DMA IRQ c3=0
SELECT busy=24455
SELECT w0=24403
SELECT w1=10906
SELECT w2=13090
BUSY TASK ewma=997
IRQ counts: cpu0=48847 cpu1=47019 cpu2=46675 cpu3=45976
SCHED secondaries: calls=139670 unexpected=0
SECTEST switches=139654 cpu1=804583341,807203074 cpu2=657894072,663232702 cpu3=1014017732,1019938531
PINGPONG rounds=2000 pongs=2000
DMA IRQ c0=0
DMA IRQ c1=2
DMA IRQ c2=0
DMA IRQ c3=0
SELECT busy=24464
SELECT w0=24412
SELECT w1=10910
SELECT w2=13095
BUSY TASK ewma=997
DMA IRQ c0=0
DMA IRQ c1=2
DMA IRQ c2=0
DMA IRQ c3=0
SELECT busy=24473
SELECT w0=24421
SELECT w1=10913
SELECT w2=13099
BUSY TASK ewma=997
DMA IRQ c0=0
DMA IRQ c1=2
DMA IRQ c2=0
DMA IRQ c3=0
SELECT busy=24482
SELECT w0=24430
SELECT w1=10916
SELECT w2=13103
BUSY TASK ewma=997
DMA IRQ c0=0
DMA IRQ c1=2
DMA IRQ c2=0
DMA IRQ c3=0
SELECT busy=24490
SELECT w0=24438
SELECT w1=10920
SELECT w2=13108
BUSY TASK ewma=997
DMA IRQ c0=0
DMA IRQ c1=2
DMA IRQ c2=0
DMA IRQ c3=0
SELECT busy=24499
SELECT w0=24448
SELECT w1=10923
SELECT w2=13112
BUSY TASK ewma=997
DMA IRQ c0=0
DMA IRQ c1=2
DMA IRQ c2=0
DMA IRQ c3=0
SELECT busy=24508
SELECT w0=24457
SELECT w1=10927
SELECT w2=13116
BUSY TASK ewma=997
DMA IRQ c0=0
DMA IRQ c1=2
DMA IRQ c2=0
DMA IRQ c3=0
SELECT busy=24517
SELECT w0=24465
SELECT w1=10930
SELECT w2=13120
BUSY TASK ewma=997
DMA IRQ c0=0
DMA IRQ c1=2
DMA IRQ c2=0
DMA IRQ c3=0
SELECT busy=24526
SELECT w0=24474
SELECT w1=10933
SELECT w2=13125
BUSY TASK ewma=997
DMA IRQ c0=0
DMA IRQ c1=2
DMA IRQ c2=0
DMA IRQ c3=0
SELECT busy=24535
SELECT w0=24483
SELECT w1=10937
SELECT w2=13129
BUSY TASK ewma=997
DMA IRQ c0=0
DMA IRQ c1=2
DMA IRQ c2=0
DMA IRQ c3=0
SELECT busy=24544
SELECT w0=24493
SELECT w1=10941
SELECT w2=13133
BUSY TASK ewma=997
DMA IRQ c0=0
DMA IRQ c1=2
DMA IRQ c2=0
DMA IRQ c3=0
SELECT busy=24553
SELECT w0=24502
SELECT w1=10944
SELECT w2=13138
BUSY TASK ewma=997
DMA IRQ c0=0
DMA IRQ c1=2
DMA IRQ c2=0
DMA IRQ c3=0
SELECT busy=24562
SELECT w0=24510
SELECT w1=10948
SELECT w2=13142
BUSY TASK ewma=997
DMA IRQ c0=0
DMA IRQ c1=2
DMA IRQ c2=0
DMA IRQ c3=0
SELECT busy=24571
SELECT w0=24520
SELECT w1=10951
SELECT w2=13146
BUSY TASK ewma=997
DMA IRQ c0=0
DMA IRQ c1=2
DMA IRQ c2=0
DMA IRQ c3=0
SELECT busy=24580
SELECT w0=24528
SELECT w1=10954
SELECT w2=13150
BUSY TASK ewma=997
DMA IRQ c0=0
DMA IRQ c1=2
DMA IRQ c2=0
DMA IRQ c3=0
SELECT busy=24589
SELECT w0=24537
SELECT w1=10958
SELECT w2=13155
BUSY TASK ewma=997
DMA IRQ c0=0
DMA IRQ c1=2
DMA IRQ c2=0
DMA IRQ c3=0
SELECT busy=24598
SELECT w0=24546
SELECT w1=10961
SELECT w2=13159
BUSY TASK ewma=997
DMA IRQ c0=0
DMA IRQ c1=2
DMA IRQ c2=0
DMA IRQ c3=0
SELECT busy=24607
SELECT w0=24555
SELECT w1=10965
SELECT w2=13163
BUSY TASK ewma=997
DMA IRQ c0=0
DMA IRQ c1=2
DMA IRQ c2=0
DMA IRQ c3=0
SELECT busy=24616
SELECT w0=24564
SELECT w1=10968
SELECT w2=13167
BUSY TASK ewma=997
DMA IRQ c0=0
DMA IRQ c1=2
DMA IRQ c2=0
DMA IRQ c3=0
SELECT busy=24625
SELECT w0=24573
SELECT w1=10971
SELECT w2=13172
BUSY TASK ewma=997
DMA IRQ c0=0
DMA IRQ c1=2
DMA IRQ c2=0
DMA IRQ c3=0
SELECT busy=24634
SELECT w0=24582
SELECT w1=10975
SELECT w2=13176
BUSY TASK ewma=997
DMA IRQ c0=0
DMA IRQ c1=2
DMA IRQ c2=0
DMA IRQ c3=0
SELECT busy=24643
SELECT w0=24591
SELECT w1=10978
SELECT w2=13180
BUSY TASK ewma=997
DMA IRQ c0=0
DMA IRQ c1=2
DMA IRQ c2=0
DMA IRQ c3=0
SELECT busy=24652
SELECT w0=24600
SELECT w1=10982
SELECT w2=13185
BUSY TASK ewma=997
DMA IRQ c0=0
DMA IRQ c1=2
DMA IRQ c2=0
DMA IRQ c3=0
SELECT busy=24661
SELECT w0=24609
SELECT w1=10985
SELECT w2=13189
BUSY TASK ewma=997
DMA IRQ c0=0
DMA IRQ c1=2
DMA IRQ c2=0
DMA IRQ c3=0
SELECT busy=24670
SELECT w0=24618
SELECT w1=10989
SELECT w2=13193
BUSY TASK ewma=997
DMA IRQ c0=0
DMA IRQ c1=2
DMA IRQ c2=0
DMA IRQ c3=0
SELECT busy=24679
SELECT w0=24627
SELECT w1=10992
SELECT w2=13198
BUSY TASK ewma=997
DMA IRQ c0=0
DMA IRQ c1=2
DMA IRQ c2=0
DMA IRQ c3=0
SELECT busy=24687
SELECT w0=24635
SELECT w1=10996
SELECT w2=13202
BUSY TASK ewma=997
DMA IRQ c0=0
DMA IRQ c1=2
DMA IRQ c2=0
DMA IRQ c3=0
SELECT busy=24696
SELECT w0=24644
SELECT w1=10999
SELECT w2=13206
BUSY TASK ewma=997
DMA IRQ c0=0
DMA IRQ c1=2
DMA IRQ c2=0
DMA IRQ c3=0
SELECT busy=24704
SELECT w0=24652
SELECT w1=11002
SELECT w2=13210
BUSY TASK ewma=997
DMA IRQ c0=0
DMA IRQ c1=2
DMA IRQ c2=0
DMA IRQ c3=0
SELECT busy=24713
SELECT w0=24661
SELECT w1=11006
SELECT w2=13214
BUSY TASK ewma=997
DMA IRQ c0=0
DMA IRQ c1=2
DMA IRQ c2=0
DMA IRQ c3=0
SELECT busy=24722
SELECT w0=24670
SELECT w1=11009
SELECT w2=13218
BUSY TASK ewma=997
DMA IRQ c0=0
DMA IRQ c1=2
DMA IRQ c2=0
DMA IRQ c3=0
SELECT busy=24730
SELECT w0=24678
SELECT w1=11012
SELECT w2=13222
BUSY TASK ewma=997
DMA IRQ c0=0
DMA IRQ c1=2
DMA IRQ c2=0
DMA IRQ c3=0
SELECT busy=24738
SELECT w0=24686
SELECT w1=11015
SELECT w2=13226
BUSY TASK ewma=997
DMA IRQ c0=0
DMA IRQ c1=2
DMA IRQ c2=0
DMA IRQ c3=0
SELECT busy=24747
SELECT w0=24695
SELECT w1=11019
SELECT w2=13230
BUSY TASK ewma=997
DMA IRQ c0=0
DMA IRQ c1=2
DMA IRQ c2=0
DMA IRQ c3=0
SELECT busy=24755
SELECT w0=24704
SELECT w1=11022
SELECT w2=13234
BUSY TASK ewma=997
DMA IRQ c0=0
DMA IRQ c1=2
DMA IRQ c2=0
DMA IRQ c3=0
SELECT busy=24764
SELECT w0=24712
SELECT w1=11025
SELECT w2=13238
BUSY TASK ewma=997
DMA IRQ c0=0
DMA IRQ c1=2
DMA IRQ c2=0
DMA IRQ c3=0
SELECT busy=24773
SELECT w0=24721
SELECT w1=11029
SELECT w2=13242
BUSY TASK ewma=997
DMA IRQ c0=0
DMA IRQ c1=2
DMA IRQ c2=0
DMA IRQ c3=0
SELECT busy=24781
SELECT w0=24729
SELECT w1=11032
SELECT w2=13246
BUSY TASK ewma=997
DMA IRQ c0=0
DMA IRQ c1=2
DMA IRQ c2=0
DMA IRQ c3=0
SELECT busy=24790
SELECT w0=24738
SELECT w1=11035
SELECT w2=13250
BUSY TASK ewma=997
DMA IRQ c0=0
DMA IRQ c1=2
DMA IRQ c2=0
DMA IRQ c3=0
SELECT busy=24799
SELECT w0=24747
SELECT w1=11039
SELECT w2=13255
BUSY TASK ewma=997
DMA IRQ c0=0
DMA IRQ c1=2
DMA IRQ c2=0
DMA IRQ c3=0
SELECT busy=24807
SELECT w0=24755
SELECT w1=11042
SELECT w2=13259
BUSY TASK ewma=997
DMA IRQ c0=0
DMA IRQ c1=2
DMA IRQ c2=0
DMA IRQ c3=0
SELECT busy=24816
SELECT w0=24764
SELECT w1=11045
SELECT w2=13263
BUSY TASK ewma=997
DMA IRQ c0=0
DMA IRQ c1=2
DMA IRQ c2=0
DMA IRQ c3=0
SELECT busy=24824
SELECT w0=24772
SELECT w1=11048
SELECT w2=13267
BUSY TASK ewma=997
DMA IRQ c0=0
DMA IRQ c1=2
DMA IRQ c2=0
DMA IRQ c3=0
SELECT busy=24833
SELECT w0=24781
SELECT w1=11052
SELECT w2=13271
BUSY TASK ewma=997
DMA IRQ c0=0
DMA IRQ c1=2
DMA IRQ c2=0
DMA IRQ c3=0
SELECT busy=24841
SELECT w0=24789
SELECT w1=11055
SELECT w2=13275
BUSY TASK ewma=997
DMA IRQ c0=0
DMA IRQ c1=2
DMA IRQ c2=0
DMA IRQ c3=0
SELECT busy=24850
SELECT w0=24799
SELECT w1=11058
SELECT w2=13279
BUSY TASK ewma=997
DMA IRQ c0=0
DMA IRQ c1=2
DMA IRQ c2=0
DMA IRQ c3=0
SELECT busy=24861
SELECT w0=24809
SELECT w1=11062
SELECT w2=13284
BUSY TASK ewma=997
DMA IRQ c0=0
DMA IRQ c1=2
DMA IRQ c2=0
DMA IRQ c3=0
SELECT busy=24869
SELECT w0=24817
SELECT w1=11065
SELECT w2=13288
BUSY TASK ewma=997
DMA IRQ c0=0
DMA IRQ c1=2
DMA IRQ c2=0
DMA IRQ c3=0
SELECT busy=24877
SELECT w0=24826
SELECT w1=11069
SELECT w2=13292
BUSY TASK ewma=997
DMA IRQ c0=0
DMA IRQ c1=2
DMA IRQ c2=0
DMA IRQ c3=0
SELECT busy=24886
SELECT w0=24834
SELECT w1=11072
SELECT w2=13296
BUSY TASK ewma=997
DMA IRQ c0=0
DMA IRQ c1=2
DMA IRQ c2=0
DMA IRQ c3=0
SELECT busy=24895
SELECT w0=24843
SELECT w1=11075
SELECT w2=13300
BUSY TASK ewma=997
DMA IRQ c0=0
DMA IRQ c1=2
DMA IRQ c2=0
DMA IRQ c3=0
SELECT busy=24904
SELECT w0=24852
SELECT w1=11079
SELECT w2=13304
BUSY TASK ewma=997
DMA IRQ c0=0
DMA IRQ c1=2
DMA IRQ c2=0
DMA IRQ c3=0
SELECT busy=24912
SELECT w0=24860
SELECT w1=11082
SELECT w2=13308
BUSY TASK ewma=997
DMA IRQ c0=0
DMA IRQ c1=2
DMA IRQ c2=0
DMA IRQ c3=0
SELECT busy=24921
SELECT w0=24869
SELECT w1=11085
SELECT w2=13312
BUSY TASK ewma=997
DMA IRQ c0=0
DMA IRQ c1=2
DMA IRQ c2=0
DMA IRQ c3=0
SELECT busy=24929
SELECT w0=24877
SELECT w1=11088
SELECT w2=13317
BUSY TASK ewma=997
DMA IRQ c0=0
DMA IRQ c1=2
DMA IRQ c2=0
DMA IRQ c3=0
SELECT busy=24938
SELECT w0=24886
SELECT w1=11092
SELECT w2=13321
BUSY TASK ewma=997
DMA IRQ c0=0
DMA IRQ c1=2
DMA IRQ c2=0
DMA IRQ c3=0
SELECT busy=24946
SELECT w0=24895
SELECT w1=11095
SELECT w2=13325
BUSY TASK ewma=997
DMA IRQ c0=0
DMA IRQ c1=2
DMA IRQ c2=0
DMA IRQ c3=0
SELECT busy=24955
SELECT w0=24904
SELECT w1=11098
SELECT w2=13329
BUSY TASK ewma=997
DMA IRQ c0=0
DMA IRQ c1=2
DMA IRQ c2=0
DMA IRQ c3=0
SELECT busy=24964
SELECT w0=24912
SELECT w1=11101
SELECT w2=13333
BUSY TASK ewma=997
DMA IRQ c0=0
DMA IRQ c1=2
DMA IRQ c2=0
DMA IRQ c3=0
SELECT busy=24973
SELECT w0=24921
SELECT w1=11105
SELECT w2=13337
BUSY TASK ewma=997
DMA IRQ c0=0
DMA IRQ c1=2
DMA IRQ c2=0
DMA IRQ c3=0
SELECT busy=24982
SELECT w0=24930
SELECT w1=11108
SELECT w2=13342
BUSY TASK ewma=997
DMA IRQ c0=0
DMA IRQ c1=2
DMA IRQ c2=0
DMA IRQ c3=0
SELECT busy=24991
SELECT w0=24939
SELECT w1=11112
SELECT w2=13346
BUSY TASK ewma=997
DMA IRQ c0=0
DMA IRQ c1=2
DMA IRQ c2=0
DMA IRQ c3=0
SELECT busy=25000
SELECT w0=24948
SELECT w1=11115
SELECT w2=13350
BUSY TASK ewma=997
DMA IRQ c0=0
DMA IRQ c1=2
DMA IRQ c2=0
DMA IRQ c3=0
SELECT busy=25009
SELECT w0=24957
SELECT w1=11119
SELECT w2=13355
BUSY TASK ewma=997
DMA IRQ c0=0
DMA IRQ c1=2
DMA IRQ c2=0
DMA IRQ c3=0
SELECT busy=25018
SELECT w0=24966
SELECT w1=11122
SELECT w2=13359
BUSY TASK ewma=997
IRQ counts: cpu0=49973 cpu1=48100 cpu2=47751 cpu3=47035
SCHED secondaries: calls=142887 unexpected=0
SECTEST switches=142868 cpu1=825274322,827827735 cpu2=673456794,678916357 cpu3=1038792993,1044902944
PINGPONG rounds=2000 pongs=2000
DMA IRQ c0=0
DMA IRQ c1=2
DMA IRQ c2=0
DMA IRQ c3=0
SELECT busy=25028
SELECT w0=24976
SELECT w1=11126
SELECT w2=13364
BUSY TASK ewma=997
DMA IRQ c0=0
DMA IRQ c1=2
DMA IRQ c2=0
DMA IRQ c3=0
SELECT busy=25037
SELECT w0=24985
SELECT w1=11130
SELECT w2=13368
BUSY TASK ewma=997
DMA IRQ c0=0
DMA IRQ c1=2
DMA IRQ c2=0
DMA IRQ c3=0
SELECT busy=25046
SELECT w0=24994
SELECT w1=11133
SELECT w2=13372
BUSY TASK ewma=997
DMA IRQ c0=0
DMA IRQ c1=2
DMA IRQ c2=0
DMA IRQ c3=0
SELECT busy=25055
SELECT w0=25003
SELECT w1=11137
SELECT w2=13377
BUSY TASK ewma=997
DMA IRQ c0=0
DMA IRQ c1=2
DMA IRQ c2=0
DMA IRQ c3=0
SELECT busy=25064
SELECT w0=25012
SELECT w1=11140
SELECT w2=13381
BUSY TASK ewma=997
DMA IRQ c0=0
DMA IRQ c1=2
DMA IRQ c2=0
DMA IRQ c3=0
SELECT busy=25073
SELECT w0=25021
SELECT w1=11143
SELECT w2=13385
BUSY TASK ewma=997
DMA IRQ c0=0
DMA IRQ c1=2
DMA IRQ c2=0
DMA IRQ c3=0
SELECT busy=25082
SELECT w0=25030
SELECT w1=11147
SELECT w2=13389
BUSY TASK ewma=997
DMA IRQ c0=0
DMA IRQ c1=2
DMA IRQ c2=0
DMA IRQ c3=0
SELECT busy=25091
SELECT w0=25039
SELECT w1=11150
SELECT w2=13394
BUSY TASK ewma=997
DMA IRQ c0=0
DMA IRQ c1=2
DMA IRQ c2=0
DMA IRQ c3=0
SELECT busy=25100
SELECT w0=25048
SELECT w1=11154
SELECT w2=13398
BUSY TASK ewma=997
DMA IRQ c0=0
DMA IRQ c1=2
DMA IRQ c2=0
DMA IRQ c3=0
SELECT busy=25109
SELECT w0=25057
SELECT w1=11157
SELECT w2=13402
BUSY TASK ewma=997
DMA IRQ c0=0
DMA IRQ c1=2
DMA IRQ c2=0
DMA IRQ c3=0
SELECT busy=25119
SELECT w0=25067
SELECT w1=11161
SELECT w2=13407
BUSY TASK ewma=997
DMA IRQ c0=0
DMA IRQ c1=2
DMA IRQ c2=0
DMA IRQ c3=0
SELECT busy=25131
SELECT w0=25079
SELECT w1=11165
SELECT w2=13413
BUSY TASK ewma=997
DMA IRQ c0=0
DMA IRQ c1=2
DMA IRQ c2=0
DMA IRQ c3=0
SELECT busy=25142
SELECT w0=25090
SELECT w1=11170
SELECT w2=13418
BUSY TASK ewma=997
DMA IRQ c0=0
DMA IRQ c1=2
DMA IRQ c2=0
DMA IRQ c3=0
SELECT busy=25154
SELECT w0=25102
SELECT w1=11174
SELECT w2=13424
BUSY TASK ewma=997
DMA IRQ c0=0
DMA IRQ c1=2
DMA IRQ c2=0
DMA IRQ c3=0
SELECT busy=25165
SELECT w0=25114
SELECT w1=11179
SELECT w2=13429
BUSY TASK ewma=997
DMA IRQ c0=0
DMA IRQ c1=2
DMA IRQ c2=0
DMA IRQ c3=0
SELECT busy=25176
SELECT w0=25125
SELECT w1=11183
SELECT w2=13435
BUSY TASK ewma=997
DMA IRQ c0=0
DMA IRQ c1=2
DMA IRQ c2=0
DMA IRQ c3=0
SELECT busy=25188
SELECT w0=25136
SELECT w1=11187
SELECT w2=13440
BUSY TASK ewma=997
DMA IRQ c0=0
DMA IRQ c1=2
DMA IRQ c2=0
DMA IRQ c3=0
SELECT busy=25199
SELECT w0=25147
SELECT w1=11191
SELECT w2=13445
BUSY TASK ewma=997
DMA IRQ c0=0
DMA IRQ c1=2
DMA IRQ c2=0
DMA IRQ c3=0
SELECT busy=25207
SELECT w0=25155
SELECT w1=11195
SELECT w2=13449
BUSY TASK ewma=997
DMA IRQ c0=0
DMA IRQ c1=2
DMA IRQ c2=0
DMA IRQ c3=0
SELECT busy=25215
SELECT w0=25163
SELECT w1=11198
SELECT w2=13453
BUSY TASK ewma=997
DMA IRQ c0=0
DMA IRQ c1=2
DMA IRQ c2=0
DMA IRQ c3=0
SELECT busy=25224
SELECT w0=25172
SELECT w1=11201
SELECT w2=13457
BUSY TASK ewma=997
DMA IRQ c0=0
DMA IRQ c1=2
DMA IRQ c2=0
DMA IRQ c3=0
SELECT busy=25232
SELECT w0=25180
SELECT w1=11204
SELECT w2=13462
BUSY TASK ewma=997
DMA IRQ c0=0
DMA IRQ c1=2
DMA IRQ c2=0
DMA IRQ c3=0
SELECT busy=25241
SELECT w0=25189
SELECT w1=11208
SELECT w2=13466
BUSY TASK ewma=997
DMA IRQ c0=0
DMA IRQ c1=2
DMA IRQ c2=0
DMA IRQ c3=0
SELECT busy=25249
SELECT w0=25197
SELECT w1=11211
SELECT w2=13470
BUSY TASK ewma=997
DMA IRQ c0=0
DMA IRQ c1=2
DMA IRQ c2=0
DMA IRQ c3=0
SELECT busy=25258
SELECT w0=25206
SELECT w1=11214
SELECT w2=13474
BUSY TASK ewma=997
DMA IRQ c0=0
DMA IRQ c1=2
DMA IRQ c2=0
DMA IRQ c3=0
SELECT busy=25266
SELECT w0=25215
SELECT w1=11218
SELECT w2=13478
BUSY TASK ewma=997
DMA IRQ c0=0
DMA IRQ c1=2
DMA IRQ c2=0
DMA IRQ c3=0
SELECT busy=25275
SELECT w0=25223
SELECT w1=11221
SELECT w2=13482
BUSY TASK ewma=997
DMA IRQ c0=0
DMA IRQ c1=2
DMA IRQ c2=0
DMA IRQ c3=0
SELECT busy=25283
SELECT w0=25231
SELECT w1=11224
SELECT w2=13486
BUSY TASK ewma=997
DMA IRQ c0=0
DMA IRQ c1=2
DMA IRQ c2=0
DMA IRQ c3=0
SELECT busy=25292
SELECT w0=25240
SELECT w1=11227
SELECT w2=13490
BUSY TASK ewma=997
DMA IRQ c0=0
DMA IRQ c1=2
DMA IRQ c2=0
DMA IRQ c3=0
SELECT busy=25301
SELECT w0=25249
SELECT w1=11231
SELECT w2=13494
BUSY TASK ewma=997
DMA IRQ c0=0
DMA IRQ c1=2
DMA IRQ c2=0
DMA IRQ c3=0
SELECT busy=25310
SELECT w0=25258
SELECT w1=11234
SELECT w2=13498
BUSY TASK ewma=997
DMA IRQ c0=0
DMA IRQ c1=2
DMA IRQ c2=0
DMA IRQ c3=0
SELECT busy=25321
SELECT w0=25269
SELECT w1=11239
SELECT w2=13504
BUSY TASK ewma=997
DMA IRQ c0=0
DMA IRQ c1=2
DMA IRQ c2=0
DMA IRQ c3=0
SELECT busy=25332
SELECT w0=25280
SELECT w1=11243
SELECT w2=13509
BUSY TASK ewma=997
DMA IRQ c0=0
DMA IRQ c1=2
DMA IRQ c2=0
DMA IRQ c3=0
SELECT busy=25343
SELECT w0=25291
SELECT w1=11247
SELECT w2=13514
BUSY TASK ewma=997
DMA IRQ c0=0
DMA IRQ c1=2
DMA IRQ c2=0
DMA IRQ c3=0
SELECT busy=25354
SELECT w0=25302
SELECT w1=11251
SELECT w2=13519
BUSY TASK ewma=997
DMA IRQ c0=0
DMA IRQ c1=2
DMA IRQ c2=0
DMA IRQ c3=0
SELECT busy=25366
SELECT w0=25314
SELECT w1=11256
SELECT w2=13525
BUSY TASK ewma=997
DMA IRQ c0=0
DMA IRQ c1=2
DMA IRQ c2=0
DMA IRQ c3=0
SELECT busy=25377
SELECT w0=25325
SELECT w1=11260
SELECT w2=13530
BUSY TASK ewma=997
DMA IRQ c0=0
DMA IRQ c1=2
DMA IRQ c2=0
DMA IRQ c3=0
SELECT busy=25389
SELECT w0=25337
SELECT w1=11265
SELECT w2=13536
BUSY TASK ewma=997
DMA IRQ c0=0
DMA IRQ c1=2
DMA IRQ c2=0
DMA IRQ c3=0
SELECT busy=25400
SELECT w0=25348
SELECT w1=11269
SELECT w2=13541
BUSY TASK ewma=997
DMA IRQ c0=0
DMA IRQ c1=2
DMA IRQ c2=0
DMA IRQ c3=0
SELECT busy=25411
SELECT w0=25359
SELECT w1=11273
SELECT w2=13547
BUSY TASK ewma=997
DMA IRQ c0=0
DMA IRQ c1=2
DMA IRQ c2=0
DMA IRQ c3=0
SELECT busy=25422
SELECT w0=25370
SELECT w1=11278
SELECT w2=13552
BUSY TASK ewma=997
DMA IRQ c0=0
DMA IRQ c1=2
DMA IRQ c2=0
DMA IRQ c3=0
SELECT busy=25433
SELECT w0=25381
SELECT w1=11282
SELECT w2=13557
BUSY TASK ewma=997
DMA IRQ c0=0
DMA IRQ c1=2
DMA IRQ c2=0
DMA IRQ c3=0
SELECT busy=25445
SELECT w0=25393
SELECT w1=11286
SELECT w2=13563
BUSY TASK ewma=997
DMA IRQ c0=0
DMA IRQ c1=2
DMA IRQ c2=0
DMA IRQ c3=0
SELECT busy=25456
SELECT w0=25404
SELECT w1=11290
SELECT w2=13568
BUSY TASK ewma=997
DMA IRQ c0=0
DMA IRQ c1=2
DMA IRQ c2=0
DMA IRQ c3=0
SELECT busy=25467
SELECT w0=25415
SELECT w1=11295
SELECT w2=13573
BUSY TASK ewma=997
DMA IRQ c0=0
DMA IRQ c1=2
DMA IRQ c2=0
DMA IRQ c3=0
SELECT busy=25479
SELECT w0=25427
SELECT w1=11299
SELECT w2=13579
BUSY TASK ewma=997
DMA IRQ c0=0
DMA IRQ c1=2
DMA IRQ c2=0
DMA IRQ c3=0
SELECT busy=25489
SELECT w0=25437
SELECT w1=11303
SELECT w2=13583
BUSY TASK ewma=997
DMA IRQ c0=0
DMA IRQ c1=2
DMA IRQ c2=0
DMA IRQ c3=0
SELECT busy=25498
SELECT w0=25446
SELECT w1=11307
SELECT w2=13588
BUSY TASK ewma=997
DMA IRQ c0=0
DMA IRQ c1=2
DMA IRQ c2=0
DMA IRQ c3=0
SELECT busy=25506
SELECT w0=25454
SELECT w1=11310
SELECT w2=13592
BUSY TASK ewma=997
DMA IRQ c0=0
DMA IRQ c1=2
DMA IRQ c2=0
DMA IRQ c3=0
SELECT busy=25515
SELECT w0=25463
SELECT w1=11313
SELECT w2=13596
BUSY TASK ewma=997
DMA IRQ c0=0
DMA IRQ c1=2
DMA IRQ c2=0
DMA IRQ c3=0
SELECT busy=25524
SELECT w0=25472
SELECT w1=11317
SELECT w2=13600
BUSY TASK ewma=997
DMA IRQ c0=0
DMA IRQ c1=2
DMA IRQ c2=0
DMA IRQ c3=0
SELECT busy=25533
SELECT w0=25481
SELECT w1=11320
SELECT w2=13604
BUSY TASK ewma=997
DMA IRQ c0=0
DMA IRQ c1=2
DMA IRQ c2=0
DMA IRQ c3=0
SELECT busy=25542
SELECT w0=25490
SELECT w1=11324
SELECT w2=13608
BUSY TASK ewma=997
DMA IRQ c0=0
DMA IRQ c1=2
DMA IRQ c2=0
DMA IRQ c3=0
SELECT busy=25550
SELECT w0=25498
SELECT w1=11327
SELECT w2=13613
BUSY TASK ewma=997
DMA IRQ c0=0
DMA IRQ c1=2
DMA IRQ c2=0
DMA IRQ c3=0
SELECT busy=25559
SELECT w0=25508
SELECT w1=11331
SELECT w2=13617
BUSY TASK ewma=997
DMA IRQ c0=0
DMA IRQ c1=2
DMA IRQ c2=0
DMA IRQ c3=0
SELECT busy=25568
SELECT w0=25517
SELECT w1=11334
SELECT w2=13621
BUSY TASK ewma=997
DMA IRQ c0=0
DMA IRQ c1=2
DMA IRQ c2=0
DMA IRQ c3=0
SELECT busy=25577
SELECT w0=25526
SELECT w1=11338
SELECT w2=13626
BUSY TASK ewma=997
DMA IRQ c0=0
DMA IRQ c1=2
DMA IRQ c2=0
DMA IRQ c3=0
SELECT busy=25587
SELECT w0=25535
SELECT w1=11341
SELECT w2=13630
BUSY TASK ewma=997
DMA IRQ c0=0
DMA IRQ c1=2
DMA IRQ c2=0
DMA IRQ c3=0
SELECT busy=25596
SELECT w0=25544
SELECT w1=11345
SELECT w2=13634
BUSY TASK ewma=997
DMA IRQ c0=0
DMA IRQ c1=2
DMA IRQ c2=0
DMA IRQ c3=0
SELECT busy=25605
SELECT w0=25553
SELECT w1=11348
SELECT w2=13638
BUSY TASK ewma=997
DMA IRQ c0=0
DMA IRQ c1=2
DMA IRQ c2=0
DMA IRQ c3=0
SELECT busy=25613
SELECT w0=25562
SELECT w1=11352
SELECT w2=13643
BUSY TASK ewma=997
DMA IRQ c0=0
DMA IRQ c1=2
DMA IRQ c2=0
DMA IRQ c3=0
SELECT busy=25622
SELECT w0=25571
SELECT w1=11355
SELECT w2=13647
BUSY TASK ewma=997
DMA IRQ c0=0
DMA IRQ c1=2
DMA IRQ c2=0
DMA IRQ c3=0
SELECT busy=25632
SELECT w0=25580
SELECT w1=11359
SELECT w2=13651
BUSY TASK ewma=997
DMA IRQ c0=0
DMA IRQ c1=2
DMA IRQ c2=0
DMA IRQ c3=0
SELECT busy=25641
SELECT w0=25589
SELECT w1=11362
SELECT w2=13656
BUSY TASK ewma=997
IRQ counts: cpu0=51219 cpu1=49301 cpu2=48938 cpu3=48198
SCHED secondaries: calls=146437 unexpected=0
SECTEST switches=146416 cpu1=846121168,848940725 cpu2=687172927,692882384 cpu3=1066565704,1073376710
PINGPONG rounds=2000 pongs=2000
DMA IRQ c0=0
DMA IRQ c1=2
DMA IRQ c2=0
DMA IRQ c3=0
SELECT busy=25651
SELECT w0=25599
SELECT w1=11366
SELECT w2=13660
BUSY TASK ewma=997
DMA IRQ c0=0
DMA IRQ c1=2
DMA IRQ c2=0
DMA IRQ c3=0
SELECT busy=25661
SELECT w0=25609
SELECT w1=11370
SELECT w2=13665
BUSY TASK ewma=997
DMA IRQ c0=0
DMA IRQ c1=2
DMA IRQ c2=0
DMA IRQ c3=0
SELECT busy=25672
SELECT w0=25620
SELECT w1=11374
SELECT w2=13670
BUSY TASK ewma=997
DMA IRQ c0=0
DMA IRQ c1=2
DMA IRQ c2=0
DMA IRQ c3=0
SELECT busy=25683
SELECT w0=25631
SELECT w1=11379
SELECT w2=13676
BUSY TASK ewma=997
DMA IRQ c0=0
DMA IRQ c1=2
DMA IRQ c2=0
DMA IRQ c3=0
SELECT busy=25694
SELECT w0=25643
SELECT w1=11383
SELECT w2=13681
BUSY TASK ewma=997
DMA IRQ c0=0
DMA IRQ c1=2
DMA IRQ c2=0
DMA IRQ c3=0
SELECT busy=25706
SELECT w0=25654
SELECT w1=11387
SELECT w2=13687
BUSY TASK ewma=997
DMA IRQ c0=0
DMA IRQ c1=2
DMA IRQ c2=0
DMA IRQ c3=0
SELECT busy=25718
SELECT w0=25666
SELECT w1=11392
SELECT w2=13692
BUSY TASK ewma=997
DMA IRQ c0=0
DMA IRQ c1=2
DMA IRQ c2=0
DMA IRQ c3=0
SELECT busy=25730
SELECT w0=25678
SELECT w1=11396
SELECT w2=13698
BUSY TASK ewma=997
DMA IRQ c0=0
DMA IRQ c1=2
DMA IRQ c2=0
DMA IRQ c3=0
SELECT busy=25741
SELECT w0=25689
SELECT w1=11401
SELECT w2=13704
BUSY TASK ewma=997
DMA IRQ c0=0
DMA IRQ c1=2
DMA IRQ c2=0
DMA IRQ c3=0
SELECT busy=25752
SELECT w0=25701
SELECT w1=11405
SELECT w2=13709
BUSY TASK ewma=997
DMA IRQ c0=0
DMA IRQ c1=2
DMA IRQ c2=0
DMA IRQ c3=0
SELECT busy=25763
SELECT w0=25712
SELECT w1=11409
SELECT w2=13715
BUSY TASK ewma=997
DMA IRQ c0=0
DMA IRQ c1=2
DMA IRQ c2=0
DMA IRQ c3=0
SELECT busy=25775
SELECT w0=25723
SELECT w1=11414
SELECT w2=13720
BUSY TASK ewma=997
DMA IRQ c0=0
DMA IRQ c1=2
DMA IRQ c2=0
DMA IRQ c3=0
SELECT busy=25786
SELECT w0=25734
SELECT w1=11418
SELECT w2=13726
BUSY TASK ewma=997
DMA IRQ c0=0
DMA IRQ c1=2
DMA IRQ c2=0
DMA IRQ c3=0
SELECT busy=25797
SELECT w0=25745
SELECT w1=11422
SELECT w2=13731
BUSY TASK ewma=997
DMA IRQ c0=0
DMA IRQ c1=2
DMA IRQ c2=0
DMA IRQ c3=0
SELECT busy=25809
SELECT w0=25757
SELECT w1=11427
SELECT w2=13737
BUSY TASK ewma=997
DMA IRQ c0=0
DMA IRQ c1=2
DMA IRQ c2=0
DMA IRQ c3=0
SELECT busy=25820
SELECT w0=25769
SELECT w1=11431
SELECT w2=13743
BUSY TASK ewma=997
DMA IRQ c0=0
DMA IRQ c1=2
DMA IRQ c2=0
DMA IRQ c3=0
SELECT busy=25832
SELECT w0=25781
SELECT w1=11436
SELECT w2=13748
BUSY TASK ewma=997
DMA IRQ c0=0
DMA IRQ c1=2
DMA IRQ c2=0
DMA IRQ c3=0
SELECT busy=25844
SELECT w0=25792
SELECT w1=11440
SELECT w2=13754
BUSY TASK ewma=997
DMA IRQ c0=0
DMA IRQ c1=2
DMA IRQ c2=0
DMA IRQ c3=0
SELECT busy=25856
SELECT w0=25804
SELECT w1=11445
SELECT w2=13759
BUSY TASK ewma=997
DMA IRQ c0=0
DMA IRQ c1=2
DMA IRQ c2=0
DMA IRQ c3=0
SELECT busy=25868
SELECT w0=25816
SELECT w1=11450
SELECT w2=13765
BUSY TASK ewma=997
DMA IRQ c0=0
DMA IRQ c1=2
DMA IRQ c2=0
DMA IRQ c3=0
SELECT busy=25879
SELECT w0=25827
SELECT w1=11454
SELECT w2=13770
BUSY TASK ewma=997
DMA IRQ c0=0
DMA IRQ c1=2
DMA IRQ c2=0
DMA IRQ c3=0
SELECT busy=25889
SELECT w0=25837
SELECT w1=11458
SELECT w2=13775
BUSY TASK ewma=997
DMA IRQ c0=0
DMA IRQ c1=2
DMA IRQ c2=0
DMA IRQ c3=0
SELECT busy=25898
SELECT w0=25846
SELECT w1=11461
SELECT w2=13780
BUSY TASK ewma=997
DMA IRQ c0=0
DMA IRQ c1=2
DMA IRQ c2=0
DMA IRQ c3=0
SELECT busy=25907
SELECT w0=25856
SELECT w1=11465
SELECT w2=13784
BUSY TASK ewma=997
DMA IRQ c0=0
DMA IRQ c1=2
DMA IRQ c2=0
DMA IRQ c3=0
SELECT busy=25916
SELECT w0=25864
SELECT w1=11468
SELECT w2=13788
BUSY TASK ewma=997
DMA IRQ c0=0
DMA IRQ c1=2
DMA IRQ c2=0
DMA IRQ c3=0
SELECT busy=25925
SELECT w0=25873
SELECT w1=11472
SELECT w2=13793
BUSY TASK ewma=997
DMA IRQ c0=0
DMA IRQ c1=2
DMA IRQ c2=0
DMA IRQ c3=0
SELECT busy=25934
SELECT w0=25882
SELECT w1=11475
SELECT w2=13797
BUSY TASK ewma=997
DMA IRQ c0=0
DMA IRQ c1=2
DMA IRQ c2=0
DMA IRQ c3=0
SELECT busy=25943
SELECT w0=25891
SELECT w1=11478
SELECT w2=13801
BUSY TASK ewma=997
DMA IRQ c0=0
DMA IRQ c1=2
DMA IRQ c2=0
DMA IRQ c3=0
SELECT busy=25954
SELECT w0=25902
SELECT w1=11483
SELECT w2=13806
BUSY TASK ewma=997
DMA IRQ c0=0
DMA IRQ c1=2
DMA IRQ c2=0
DMA IRQ c3=0
SELECT busy=25965
SELECT w0=25914
SELECT w1=11487
SELECT w2=13812
BUSY TASK ewma=997
DMA IRQ c0=0
DMA IRQ c1=2
DMA IRQ c2=0
DMA IRQ c3=0
SELECT busy=25977
SELECT w0=25925
SELECT w1=11492
SELECT w2=13817
BUSY TASK ewma=997
DMA IRQ c0=0
DMA IRQ c1=2
DMA IRQ c2=0
DMA IRQ c3=0
SELECT busy=25988
SELECT w0=25936
SELECT w1=11495
SELECT w2=13823
BUSY TASK ewma=997
DMA IRQ c0=0
DMA IRQ c1=2
DMA IRQ c2=0
DMA IRQ c3=0
SELECT busy=26000
SELECT w0=25948
SELECT w1=11500
SELECT w2=13828
BUSY TASK ewma=997
DMA IRQ c0=0
DMA IRQ c1=2
DMA IRQ c2=0
DMA IRQ c3=0
SELECT busy=26011
SELECT w0=25959
SELECT w1=11504
SELECT w2=13833
BUSY TASK ewma=997
DMA IRQ c0=0
DMA IRQ c1=2
DMA IRQ c2=0
DMA IRQ c3=0
SELECT busy=26023
SELECT w0=25971
SELECT w1=11509
SELECT w2=13839
BUSY TASK ewma=997
DMA IRQ c0=0
DMA IRQ c1=2
DMA IRQ c2=0
DMA IRQ c3=0
SELECT busy=26036
SELECT w0=25984
SELECT w1=11514
SELECT w2=13845
BUSY TASK ewma=997
DMA IRQ c0=0
DMA IRQ c1=2
DMA IRQ c2=0
DMA IRQ c3=0
SELECT busy=26047
SELECT w0=25995
SELECT w1=11518
SELECT w2=13850
BUSY TASK ewma=997
DMA IRQ c0=0
DMA IRQ c1=2
DMA IRQ c2=0
DMA IRQ c3=0
SELECT busy=26058
SELECT w0=26006
SELECT w1=11523
SELECT w2=13856
BUSY TASK ewma=997
DMA IRQ c0=0
DMA IRQ c1=2
DMA IRQ c2=0
DMA IRQ c3=0
SELECT busy=26069
SELECT w0=26018
SELECT w1=11527
SELECT w2=13861
BUSY TASK ewma=997
DMA IRQ c0=0
DMA IRQ c1=2
DMA IRQ c2=0
DMA IRQ c3=0
SELECT busy=26081
SELECT w0=26029
SELECT w1=11531
SELECT w2=13866
BUSY TASK ewma=997
DMA IRQ c0=0
DMA IRQ c1=2
DMA IRQ c2=0
DMA IRQ c3=0
SELECT busy=26091
SELECT w0=26040
SELECT w1=11535
SELECT w2=13872
BUSY TASK ewma=997
DMA IRQ c0=0
DMA IRQ c1=2
DMA IRQ c2=0
DMA IRQ c3=0
SELECT busy=26100
SELECT w0=26048
SELECT w1=11539
SELECT w2=13876
BUSY TASK ewma=997
DMA IRQ c0=0
DMA IRQ c1=2
DMA IRQ c2=0
DMA IRQ c3=0
SELECT busy=26109
SELECT w0=26057
SELECT w1=11542
SELECT w2=13880
BUSY TASK ewma=997
DMA IRQ c0=0
DMA IRQ c1=2
DMA IRQ c2=0
DMA IRQ c3=0
SELECT busy=26118
SELECT w0=26066
SELECT w1=11545
SELECT w2=13884
BUSY TASK ewma=997
DMA IRQ c0=0
DMA IRQ c1=2
DMA IRQ c2=0
DMA IRQ c3=0
SELECT busy=26126
SELECT w0=26074
SELECT w1=11549
SELECT w2=13888
BUSY TASK ewma=997
DMA IRQ c0=0
DMA IRQ c1=2
DMA IRQ c2=0
DMA IRQ c3=0
SELECT busy=26135
SELECT w0=26083
SELECT w1=11552
SELECT w2=13892
BUSY TASK ewma=997
DMA IRQ c0=0
DMA IRQ c1=2
DMA IRQ c2=0
DMA IRQ c3=0
SELECT busy=26143
SELECT w0=26091
SELECT w1=11555
SELECT w2=13896
BUSY TASK ewma=997
DMA IRQ c0=0
DMA IRQ c1=2
DMA IRQ c2=0
DMA IRQ c3=0
SELECT busy=26152
SELECT w0=26100
SELECT w1=11559
SELECT w2=13900
BUSY TASK ewma=997
DMA IRQ c0=0
DMA IRQ c1=2
DMA IRQ c2=0
DMA IRQ c3=0
SELECT busy=26161
SELECT w0=26109
SELECT w1=11562
SELECT w2=13904
BUSY TASK ewma=997
DMA IRQ c0=0
DMA IRQ c1=2
DMA IRQ c2=0
DMA IRQ c3=0
SELECT busy=26169
SELECT w0=26117
SELECT w1=11565
SELECT w2=13908
BUSY TASK ewma=997
DMA IRQ c0=0
DMA IRQ c1=2
DMA IRQ c2=0
DMA IRQ c3=0
SELECT busy=26177
SELECT w0=26126
SELECT w1=11568
SELECT w2=13912
BUSY TASK ewma=997
DMA IRQ c0=0
DMA IRQ c1=2
DMA IRQ c2=0
DMA IRQ c3=0
SELECT busy=26186
SELECT w0=26134
SELECT w1=11572
SELECT w2=13916
BUSY TASK ewma=997
DMA IRQ c0=0
DMA IRQ c1=2
DMA IRQ c2=0
DMA IRQ c3=0
SELECT busy=26195
SELECT w0=26143
SELECT w1=11575
SELECT w2=13921
BUSY TASK ewma=997
DMA IRQ c0=0
DMA IRQ c1=2
DMA IRQ c2=0
DMA IRQ c3=0
SELECT busy=26204
SELECT w0=26152
SELECT w1=11579
SELECT w2=13925
BUSY TASK ewma=997
DMA IRQ c0=0
DMA IRQ c1=2
DMA IRQ c2=0
DMA IRQ c3=0
SELECT busy=26212
SELECT w0=26160
SELECT w1=11582
SELECT w2=13929
BUSY TASK ewma=997
DMA IRQ c0=0
DMA IRQ c1=2
DMA IRQ c2=0
DMA IRQ c3=0
SELECT busy=26221
SELECT w0=26169
SELECT w1=11585
SELECT w2=13933
BUSY TASK ewma=997
DMA IRQ c0=0
DMA IRQ c1=2
DMA IRQ c2=0
DMA IRQ c3=0
SELECT busy=26230
SELECT w0=26178
SELECT w1=11589
SELECT w2=13937
BUSY TASK ewma=997
DMA IRQ c0=0
DMA IRQ c1=2
DMA IRQ c2=0
DMA IRQ c3=0
SELECT busy=26238
SELECT w0=26186
SELECT w1=11592
SELECT w2=13942
BUSY TASK ewma=997
DMA IRQ c0=0
DMA IRQ c1=2
DMA IRQ c2=0
DMA IRQ c3=0
SELECT busy=26247
SELECT w0=26195
SELECT w1=11595
SELECT w2=13945
BUSY TASK ewma=997
DMA IRQ c0=0
DMA IRQ c1=2
DMA IRQ c2=0
DMA IRQ c3=0
SELECT busy=26256
SELECT w0=26204
SELECT w1=11598
SELECT w2=13950
BUSY TASK ewma=997
DMA IRQ c0=0
DMA IRQ c1=2
DMA IRQ c2=0
DMA IRQ c3=0
SELECT busy=26264
SELECT w0=26212
SELECT w1=11602
SELECT w2=13954
BUSY TASK ewma=997
DMA IRQ c0=0
DMA IRQ c1=2
DMA IRQ c2=0
DMA IRQ c3=0
SELECT busy=26273
SELECT w0=26221
SELECT w1=11605
SELECT w2=13958
BUSY TASK ewma=997
DMA IRQ c0=0
DMA IRQ c1=2
DMA IRQ c2=0
DMA IRQ c3=0
SELECT busy=26290
SELECT w0=26238
SELECT w1=11612
SELECT w2=13967
BUSY TASK ewma=997
DMA IRQ c0=0
DMA IRQ c1=2
DMA IRQ c2=0
DMA IRQ c3=0
SELECT busy=26306
SELECT w0=26254
SELECT w1=11618
SELECT w2=13974
BUSY TASK ewma=997
IRQ counts: cpu0=52555 cpu1=50584 cpu2=50216 cpu3=49460
SCHED secondaries: calls=150260 unexpected=0
SECTEST switches=150242 cpu1=867383305,870201999 cpu2=704885154,710668600 cpu3=1092762153,1099745818
PINGPONG rounds=2000 pongs=2000
DMA IRQ c0=0
DMA IRQ c1=2
DMA IRQ c2=0
DMA IRQ c3=0
SELECT busy=26319
SELECT w0=26267
SELECT w1=11623
SELECT w2=13981
BUSY TASK ewma=997
DMA IRQ c0=0
DMA IRQ c1=2
DMA IRQ c2=0
DMA IRQ c3=0
SELECT busy=26330
SELECT w0=26278
SELECT w1=11627
SELECT w2=13986
BUSY TASK ewma=997
DMA IRQ c0=0
DMA IRQ c1=2
DMA IRQ c2=0
DMA IRQ c3=0
SELECT busy=26341
SELECT w0=26289
SELECT w1=11632
SELECT w2=13991
BUSY TASK ewma=997
DMA IRQ c0=0
DMA IRQ c1=2
DMA IRQ c2=0
DMA IRQ c3=0
SELECT busy=26353
SELECT w0=26301
SELECT w1=11636
SELECT w2=13996
BUSY TASK ewma=997
DMA IRQ c0=0
DMA IRQ c1=2
DMA IRQ c2=0
DMA IRQ c3=0
SELECT busy=26364
SELECT w0=26312
SELECT w1=11640
SELECT w2=14002
BUSY TASK ewma=997
DMA IRQ c0=0
DMA IRQ c1=2
DMA IRQ c2=0
DMA IRQ c3=0
SELECT busy=26376
SELECT w0=26324
SELECT w1=11645
SELECT w2=14007
BUSY TASK ewma=997
DMA IRQ c0=0
DMA IRQ c1=2
DMA IRQ c2=0
DMA IRQ c3=0
SELECT busy=26387
SELECT w0=26335
SELECT w1=11649
SELECT w2=14013
BUSY TASK ewma=997
DMA IRQ c0=0
DMA IRQ c1=2
DMA IRQ c2=0
DMA IRQ c3=0
SELECT busy=26398
SELECT w0=26347
SELECT w1=11654
SELECT w2=14018
BUSY TASK ewma=997
DMA IRQ c0=0
DMA IRQ c1=2
DMA IRQ c2=0
DMA IRQ c3=0
SELECT busy=26410
SELECT w0=26358
SELECT w1=11658
SELECT w2=14023
BUSY TASK ewma=997
DMA IRQ c0=0
DMA IRQ c1=2
DMA IRQ c2=0
DMA IRQ c3=0
SELECT busy=26421
SELECT w0=26369
SELECT w1=11662
SELECT w2=14029
BUSY TASK ewma=997
DMA IRQ c0=0
DMA IRQ c1=2
DMA IRQ c2=0
DMA IRQ c3=0
SELECT busy=26432
SELECT w0=26380
SELECT w1=11666
SELECT w2=14034
BUSY TASK ewma=997
DMA IRQ c0=0
DMA IRQ c1=2
DMA IRQ c2=0
DMA IRQ c3=0
SELECT busy=26442
SELECT w0=26391
SELECT w1=11670
SELECT w2=14039
BUSY TASK ewma=997
DMA IRQ c0=0
DMA IRQ c1=2
DMA IRQ c2=0
DMA IRQ c3=0
SELECT busy=26451
SELECT w0=26400
SELECT w1=11674
SELECT w2=14043
BUSY TASK ewma=997
DMA IRQ c0=0
DMA IRQ c1=2
DMA IRQ c2=0
DMA IRQ c3=0
SELECT busy=26460
SELECT w0=26408
SELECT w1=11677
SELECT w2=14047
BUSY TASK ewma=997
DMA IRQ c0=0
DMA IRQ c1=2
DMA IRQ c2=0
DMA IRQ c3=0
SELECT busy=26469
SELECT w0=26417
SELECT w1=11680
SELECT w2=14052
BUSY TASK ewma=997
DMA IRQ c0=0
DMA IRQ c1=2
DMA IRQ c2=0
DMA IRQ c3=0
SELECT busy=26477
SELECT w0=26425
SELECT w1=11684
SELECT w2=14056
BUSY TASK ewma=997
DMA IRQ c0=0
DMA IRQ c1=2
DMA IRQ c2=0
DMA IRQ c3=0
SELECT busy=26486
SELECT w0=26434
SELECT w1=11687
SELECT w2=14060
BUSY TASK ewma=997
DMA IRQ c0=0
DMA IRQ c1=2
DMA IRQ c2=0
DMA IRQ c3=0
SELECT busy=26494
SELECT w0=26442
SELECT w1=11690
SELECT w2=14064
BUSY TASK ewma=997
DMA IRQ c0=0
DMA IRQ c1=2
DMA IRQ c2=0
DMA IRQ c3=0
SELECT busy=26503
SELECT w0=26451
SELECT w1=11694
SELECT w2=14068
BUSY TASK ewma=997
DMA IRQ c0=0
DMA IRQ c1=2
DMA IRQ c2=0
DMA IRQ c3=0
SELECT busy=26515
SELECT w0=26463
SELECT w1=11698
SELECT w2=14074
BUSY TASK ewma=997
DMA IRQ c0=0
DMA IRQ c1=2
DMA IRQ c2=0
DMA IRQ c3=0
SELECT busy=26527
SELECT w0=26475
SELECT w1=11703
SELECT w2=14079
BUSY TASK ewma=997
DMA IRQ c0=0
DMA IRQ c1=2
DMA IRQ c2=0
DMA IRQ c3=0
SELECT busy=26538
SELECT w0=26486
SELECT w1=11707
SELECT w2=14084
BUSY TASK ewma=997
DMA IRQ c0=0
DMA IRQ c1=2
DMA IRQ c2=0
DMA IRQ c3=0
SELECT busy=26549
SELECT w0=26497
SELECT w1=11711
SELECT w2=14090
BUSY TASK ewma=997
DMA IRQ c0=0
DMA IRQ c1=2
DMA IRQ c2=0
DMA IRQ c3=0
SELECT busy=26560
SELECT w0=26508
SELECT w1=11716
SELECT w2=14095
BUSY TASK ewma=997
DMA IRQ c0=0
DMA IRQ c1=2
DMA IRQ c2=0
DMA IRQ c3=0
SELECT busy=26572
SELECT w0=26520
SELECT w1=11720
SELECT w2=14100
BUSY TASK ewma=997
DMA IRQ c0=0
DMA IRQ c1=2
DMA IRQ c2=0
DMA IRQ c3=0
SELECT busy=26584
SELECT w0=26532
SELECT w1=11725
SELECT w2=14107
BUSY TASK ewma=997
DMA IRQ c0=0
DMA IRQ c1=2
DMA IRQ c2=0
DMA IRQ c3=0
SELECT busy=26595
SELECT w0=26543
SELECT w1=11729
SELECT w2=14112
BUSY TASK ewma=997
DMA IRQ c0=0
DMA IRQ c1=2
DMA IRQ c2=0
DMA IRQ c3=0
SELECT busy=26606
SELECT w0=26554
SELECT w1=11733
SELECT w2=14117
BUSY TASK ewma=997
DMA IRQ c0=0
DMA IRQ c1=2
DMA IRQ c2=0
DMA IRQ c3=0
SELECT busy=26618
SELECT w0=26566
SELECT w1=11738
SELECT w2=14122
BUSY TASK ewma=997
DMA IRQ c0=0
DMA IRQ c1=2
DMA IRQ c2=0
DMA IRQ c3=0
SELECT busy=26628
SELECT w0=26577
SELECT w1=11742
SELECT w2=14127
BUSY TASK ewma=997
DMA IRQ c0=0
DMA IRQ c1=2
DMA IRQ c2=0
DMA IRQ c3=0
SELECT busy=26639
SELECT w0=26588
SELECT w1=11746
SELECT w2=14133
BUSY TASK ewma=997
DMA IRQ c0=0
DMA IRQ c1=2
DMA IRQ c2=0
DMA IRQ c3=0
SELECT busy=26651
SELECT w0=26599
SELECT w1=11750
SELECT w2=14138
BUSY TASK ewma=997
DMA IRQ c0=0
DMA IRQ c1=2
DMA IRQ c2=0
DMA IRQ c3=0
SELECT busy=26661
SELECT w0=26610
SELECT w1=11754
SELECT w2=14143
BUSY TASK ewma=997
DMA IRQ c0=0
DMA IRQ c1=2
DMA IRQ c2=0
DMA IRQ c3=0
SELECT busy=26675
SELECT w0=26623
SELECT w1=11760
SELECT w2=14149
BUSY TASK ewma=997
DMA IRQ c0=0
DMA IRQ c1=2
DMA IRQ c2=0
DMA IRQ c3=0
SELECT busy=26686
SELECT w0=26634
SELECT w1=11764
SELECT w2=14155
BUSY TASK ewma=997
DMA IRQ c0=0
DMA IRQ c1=2
DMA IRQ c2=0
DMA IRQ c3=0
SELECT busy=26698
SELECT w0=26646
SELECT w1=11768
SELECT w2=14160
BUSY TASK ewma=997
DMA IRQ c0=0
DMA IRQ c1=2
DMA IRQ c2=0
DMA IRQ c3=0
SELECT busy=26709
SELECT w0=26657
SELECT w1=11773
SELECT w2=14166
BUSY TASK ewma=997
DMA IRQ c0=0
DMA IRQ c1=2
DMA IRQ c2=0
DMA IRQ c3=0
SELECT busy=26721
SELECT w0=26669
SELECT w1=11777
SELECT w2=14171
BUSY TASK ewma=997
DMA IRQ c0=0
DMA IRQ c1=2
DMA IRQ c2=0
DMA IRQ c3=0
SELECT busy=26732
SELECT w0=26680
SELECT w1=11782
SELECT w2=14177
BUSY TASK ewma=997
DMA IRQ c0=0
DMA IRQ c1=2
DMA IRQ c2=0
DMA IRQ c3=0
SELECT busy=26743
SELECT w0=26691
SELECT w1=11786
SELECT w2=14182
BUSY TASK ewma=997
DMA IRQ c0=0
DMA IRQ c1=2
DMA IRQ c2=0
DMA IRQ c3=0
SELECT busy=26754
SELECT w0=26702
SELECT w1=11790
SELECT w2=14187
BUSY TASK ewma=997
DMA IRQ c0=0
DMA IRQ c1=2
DMA IRQ c2=0
DMA IRQ c3=0
SELECT busy=26765
SELECT w0=26713
SELECT w1=11794
SELECT w2=14193
BUSY TASK ewma=997
DMA IRQ c0=0
DMA IRQ c1=2
DMA IRQ c2=0
DMA IRQ c3=0
SELECT busy=26776
SELECT w0=26725
SELECT w1=11799
SELECT w2=14198
BUSY TASK ewma=997
DMA IRQ c0=0
DMA IRQ c1=2
DMA IRQ c2=0
DMA IRQ c3=0
SELECT busy=26788
SELECT w0=26736
SELECT w1=11803
SELECT w2=14204
BUSY TASK ewma=997
DMA IRQ c0=0
DMA IRQ c1=2
DMA IRQ c2=0
DMA IRQ c3=0
SELECT busy=26799
SELECT w0=26747
SELECT w1=11808
SELECT w2=14209
BUSY TASK ewma=997
DMA IRQ c0=0
DMA IRQ c1=2
DMA IRQ c2=0
DMA IRQ c3=0
SELECT busy=26810
SELECT w0=26759
SELECT w1=11812
SELECT w2=14214
BUSY TASK ewma=997
DMA IRQ c0=0
DMA IRQ c1=2
DMA IRQ c2=0
DMA IRQ c3=0
SELECT busy=26822
SELECT w0=26770
SELECT w1=11816
SELECT w2=14219
BUSY TASK ewma=997
DMA IRQ c0=0
DMA IRQ c1=2
DMA IRQ c2=0
DMA IRQ c3=0
SELECT busy=26833
SELECT w0=26781
SELECT w1=11820
SELECT w2=14225
BUSY TASK ewma=997
DMA IRQ c0=0
DMA IRQ c1=2
DMA IRQ c2=0
DMA IRQ c3=0
SELECT busy=26845
SELECT w0=26793
SELECT w1=11825
SELECT w2=14230
BUSY TASK ewma=997
DMA IRQ c0=0
DMA IRQ c1=2
DMA IRQ c2=0
DMA IRQ c3=0
SELECT busy=26856
SELECT w0=26804
SELECT w1=11829
SELECT w2=14236
BUSY TASK ewma=997
DMA IRQ c0=0
DMA IRQ c1=2
DMA IRQ c2=0
DMA IRQ c3=0
SELECT busy=26867
SELECT w0=26815
SELECT w1=11834
SELECT w2=14241
BUSY TASK ewma=997
DMA IRQ c0=0
DMA IRQ c1=2
DMA IRQ c2=0
DMA IRQ c3=0
SELECT busy=26878
SELECT w0=26827
SELECT w1=11838
SELECT w2=14247
BUSY TASK ewma=997
DMA IRQ c0=0
DMA IRQ c1=2
DMA IRQ c2=0
DMA IRQ c3=0
SELECT busy=26890
SELECT w0=26838
SELECT w1=11842
SELECT w2=14252
BUSY TASK ewma=997
DMA IRQ c0=0
DMA IRQ c1=2
DMA IRQ c2=0
DMA IRQ c3=0
SELECT busy=26901
SELECT w0=26849
SELECT w1=11846
SELECT w2=14257
BUSY TASK ewma=997
DMA IRQ c0=0
DMA IRQ c1=2
DMA IRQ c2=0
DMA IRQ c3=0
SELECT busy=26912
SELECT w0=26860
SELECT w1=11851
SELECT w2=14263
BUSY TASK ewma=997
DMA IRQ c0=0
DMA IRQ c1=2
DMA IRQ c2=0
DMA IRQ c3=0
SELECT busy=26923
SELECT w0=26871
SELECT w1=11855
SELECT w2=14268
BUSY TASK ewma=997
DMA IRQ c0=0
DMA IRQ c1=2
DMA IRQ c2=0
DMA IRQ c3=0
SELECT busy=26934
SELECT w0=26882
SELECT w1=11859
SELECT w2=14273
BUSY TASK ewma=997
DMA IRQ c0=0
DMA IRQ c1=2
DMA IRQ c2=0
DMA IRQ c3=0
SELECT busy=26946
SELECT w0=26894
SELECT w1=11864
SELECT w2=14279
BUSY TASK ewma=997
DMA IRQ c0=0
DMA IRQ c1=2
DMA IRQ c2=0
DMA IRQ c3=0
SELECT busy=26957
SELECT w0=26905
SELECT w1=11868
SELECT w2=14284
BUSY TASK ewma=997
DMA IRQ c0=0
DMA IRQ c1=2
DMA IRQ c2=0
DMA IRQ c3=0
SELECT busy=26968
SELECT w0=26916
SELECT w1=11872
SELECT w2=14289
BUSY TASK ewma=997
DMA IRQ c0=0
DMA IRQ c1=2
DMA IRQ c2=0
DMA IRQ c3=0
SELECT busy=26979
SELECT w0=26927
SELECT w1=11876
SELECT w2=14294
BUSY TASK ewma=997
DMA IRQ c0=0
DMA IRQ c1=2
DMA IRQ c2=0
DMA IRQ c3=0
SELECT busy=26988
SELECT w0=26936
SELECT w1=11880
SELECT w2=14299
BUSY TASK ewma=997
DMA IRQ c0=0
DMA IRQ c1=2
DMA IRQ c2=0
DMA IRQ c3=0
SELECT busy=26997
SELECT w0=26945
SELECT w1=11883
SELECT w2=14303
BUSY TASK ewma=997
DMA IRQ c0=0
DMA IRQ c1=2
DMA IRQ c2=0
DMA IRQ c3=0
SELECT busy=27006
SELECT w0=26954
SELECT w1=11887
SELECT w2=14308
BUSY TASK ewma=997
IRQ counts: cpu0=53949 cpu1=51922 cpu2=51544 cpu3=50786
SCHED secondaries: calls=154252 unexpected=0
SECTEST switches=154232 cpu1=887758590,890794673 cpu2=721697452,727602081 cpu3=1119293310,1126231861
PINGPONG rounds=2000 pongs=2000
DMA IRQ c0=0
DMA IRQ c1=2
DMA IRQ c2=0
DMA IRQ c3=0
SELECT busy=27015
SELECT w0=26963
SELECT w1=11890
SELECT w2=14312
BUSY TASK ewma=997
DMA IRQ c0=0
DMA IRQ c1=2
DMA IRQ c2=0
DMA IRQ c3=0
SELECT busy=27026
SELECT w0=26974
SELECT w1=11895
SELECT w2=14317
BUSY TASK ewma=997
DMA IRQ c0=0
DMA IRQ c1=2
DMA IRQ c2=0
DMA IRQ c3=0
SELECT busy=27037
SELECT w0=26985
SELECT w1=11899
SELECT w2=14323
BUSY TASK ewma=997
DMA IRQ c0=0
DMA IRQ c1=2
DMA IRQ c2=0
DMA IRQ c3=0
SELECT busy=27054
SELECT w0=27002
SELECT w1=11905
SELECT w2=14331
BUSY TASK ewma=997
DMA IRQ c0=0
DMA IRQ c1=2
DMA IRQ c2=0
DMA IRQ c3=0
SELECT busy=27070
SELECT w0=27018
SELECT w1=11912
SELECT w2=14338
BUSY TASK ewma=997
DMA IRQ c0=0
DMA IRQ c1=2
DMA IRQ c2=0
DMA IRQ c3=0
SELECT busy=27081
SELECT w0=27029
SELECT w1=11916
SELECT w2=14343
BUSY TASK ewma=997
DMA IRQ c0=0
DMA IRQ c1=2
DMA IRQ c2=0
DMA IRQ c3=0
SELECT busy=27092
SELECT w0=27040
SELECT w1=11920
SELECT w2=14349
BUSY TASK ewma=997
DMA IRQ c0=0
DMA IRQ c1=2
DMA IRQ c2=0
DMA IRQ c3=0
SELECT busy=27104
SELECT w0=27052
SELECT w1=11925
SELECT w2=14354
BUSY TASK ewma=997
DMA IRQ c0=0
DMA IRQ c1=2
DMA IRQ c2=0
DMA IRQ c3=0
SELECT busy=27115
SELECT w0=27064
SELECT w1=11929
SELECT w2=14360
BUSY TASK ewma=997
DMA IRQ c0=0
DMA IRQ c1=2
DMA IRQ c2=0
DMA IRQ c3=0
SELECT busy=27127
SELECT w0=27075
SELECT w1=11933
SELECT w2=14365
BUSY TASK ewma=997
DMA IRQ c0=0
DMA IRQ c1=2
DMA IRQ c2=0
DMA IRQ c3=0
SELECT busy=27138
SELECT w0=27086
SELECT w1=11938
SELECT w2=14371
BUSY TASK ewma=997
DMA IRQ c0=0
DMA IRQ c1=2
DMA IRQ c2=0
DMA IRQ c3=0
SELECT busy=27154
SELECT w0=27102
SELECT w1=11944
SELECT w2=14379
BUSY TASK ewma=997
DMA IRQ c0=0
DMA IRQ c1=2
DMA IRQ c2=0
DMA IRQ c3=0
SELECT busy=27176
SELECT w0=27124
SELECT w1=11953
SELECT w2=14389
BUSY TASK ewma=997
DMA IRQ c0=0
DMA IRQ c1=2
DMA IRQ c2=0
DMA IRQ c3=0
SELECT busy=27192
SELECT w0=27140
SELECT w1=11958
SELECT w2=14397
BUSY TASK ewma=997
DMA IRQ c0=0
DMA IRQ c1=2
DMA IRQ c2=0
DMA IRQ c3=0
SELECT busy=27203
SELECT w0=27152
SELECT w1=11963
SELECT w2=14402
BUSY TASK ewma=997
DMA IRQ c0=0
DMA IRQ c1=2
DMA IRQ c2=0
DMA IRQ c3=0
SELECT busy=27215
SELECT w0=27163
SELECT w1=11968
SELECT w2=14408
BUSY TASK ewma=997
DMA IRQ c0=0
DMA IRQ c1=2
DMA IRQ c2=0
DMA IRQ c3=0
SELECT busy=27227
SELECT w0=27176
SELECT w1=11972
SELECT w2=14414
BUSY TASK ewma=997
DMA IRQ c0=0
DMA IRQ c1=2
DMA IRQ c2=0
DMA IRQ c3=0
SELECT busy=27240
SELECT w0=27188
SELECT w1=11977
SELECT w2=14420
BUSY TASK ewma=997
DMA IRQ c0=0
DMA IRQ c1=2
DMA IRQ c2=0
DMA IRQ c3=0
SELECT busy=27254
SELECT w0=27202
SELECT w1=11982
SELECT w2=14426
BUSY TASK ewma=997
DMA IRQ c0=0
DMA IRQ c1=2
DMA IRQ c2=0
DMA IRQ c3=0
SELECT busy=27265
SELECT w0=27213
SELECT w1=11987
SELECT w2=14432
BUSY TASK ewma=997
DMA IRQ c0=0
DMA IRQ c1=2
DMA IRQ c2=0
DMA IRQ c3=0
SELECT busy=27276
SELECT w0=27224
SELECT w1=11991
SELECT w2=14437
BUSY TASK ewma=997
DMA IRQ c0=0
DMA IRQ c1=2
DMA IRQ c2=0
DMA IRQ c3=0
SELECT busy=27287
SELECT w0=27235
SELECT w1=11995
SELECT w2=14442
BUSY TASK ewma=997
DMA IRQ c0=0
DMA IRQ c1=2
DMA IRQ c2=0
DMA IRQ c3=0
SELECT busy=27299
SELECT w0=27247
SELECT w1=12000
SELECT w2=14448
BUSY TASK ewma=997
DMA IRQ c0=0
DMA IRQ c1=2
DMA IRQ c2=0
DMA IRQ c3=0
SELECT busy=27310
SELECT w0=27258
SELECT w1=12004
SELECT w2=14453
BUSY TASK ewma=997
DMA IRQ c0=0
DMA IRQ c1=2
DMA IRQ c2=0
DMA IRQ c3=0
SELECT busy=27321
SELECT w0=27269
SELECT w1=12008
SELECT w2=14458
BUSY TASK ewma=997
DMA IRQ c0=0
DMA IRQ c1=2
DMA IRQ c2=0
DMA IRQ c3=0
SELECT busy=27332
SELECT w0=27280
SELECT w1=12012
SELECT w2=14463
BUSY TASK ewma=997
DMA IRQ c0=0
DMA IRQ c1=2
DMA IRQ c2=0
DMA IRQ c3=0
SELECT busy=27343
SELECT w0=27291
SELECT w1=12017
SELECT w2=14468
BUSY TASK ewma=997
DMA IRQ c0=0
DMA IRQ c1=2
DMA IRQ c2=0
DMA IRQ c3=0
SELECT busy=27354
SELECT w0=27302
SELECT w1=12021
SELECT w2=14474
BUSY TASK ewma=997
DMA IRQ c0=0
DMA IRQ c1=2
DMA IRQ c2=0
DMA IRQ c3=0
SELECT busy=27364
SELECT w0=27312
SELECT w1=12024
SELECT w2=14478
BUSY TASK ewma=997
DMA IRQ c0=0
DMA IRQ c1=2
DMA IRQ c2=0
DMA IRQ c3=0
SELECT busy=27372
SELECT w0=27321
SELECT w1=12028
SELECT w2=14482
BUSY TASK ewma=997
DMA IRQ c0=0
DMA IRQ c1=2
DMA IRQ c2=0
DMA IRQ c3=0
SELECT busy=27381
SELECT w0=27329
SELECT w1=12031
SELECT w2=14486
BUSY TASK ewma=997
DMA IRQ c0=0
DMA IRQ c1=2
DMA IRQ c2=0
DMA IRQ c3=0
SELECT busy=27390
SELECT w0=27338
SELECT w1=12034
SELECT w2=14490
BUSY TASK ewma=997
DMA IRQ c0=0
DMA IRQ c1=2
DMA IRQ c2=0
DMA IRQ c3=0
SELECT busy=27398
SELECT w0=27346
SELECT w1=12038
SELECT w2=14495
BUSY TASK ewma=997
DMA IRQ c0=0
DMA IRQ c1=2
DMA IRQ c2=0
DMA IRQ c3=0
SELECT busy=27407
SELECT w0=27355
SELECT w1=12041
SELECT w2=14498
BUSY TASK ewma=997
DMA IRQ c0=0
DMA IRQ c1=2
DMA IRQ c2=0
DMA IRQ c3=0
SELECT busy=27415
SELECT w0=27364
SELECT w1=12044
SELECT w2=14503
BUSY TASK ewma=997
DMA IRQ c0=0
DMA IRQ c1=2
DMA IRQ c2=0
DMA IRQ c3=0
SELECT busy=27424
SELECT w0=27372
SELECT w1=12048
SELECT w2=14507
BUSY TASK ewma=997
DMA IRQ c0=0
DMA IRQ c1=2
DMA IRQ c2=0
DMA IRQ c3=0
SELECT busy=27433
SELECT w0=27381
SELECT w1=12051
SELECT w2=14511
BUSY TASK ewma=997
DMA IRQ c0=0
DMA IRQ c1=2
DMA IRQ c2=0
DMA IRQ c3=0
SELECT busy=27442
SELECT w0=27390
SELECT w1=12055
SELECT w2=14515
BUSY TASK ewma=997
DMA IRQ c0=0
DMA IRQ c1=2
DMA IRQ c2=0
DMA IRQ c3=0
SELECT busy=27454
SELECT w0=27402
SELECT w1=12059
SELECT w2=14521
BUSY TASK ewma=997
DMA IRQ c0=0
DMA IRQ c1=2
DMA IRQ c2=0
DMA IRQ c3=0
SELECT busy=27469
SELECT w0=27417
SELECT w1=12065
SELECT w2=14528
BUSY TASK ewma=997
DMA IRQ c0=0
DMA IRQ c1=2
DMA IRQ c2=0
DMA IRQ c3=0
SELECT busy=27481
SELECT w0=27429
SELECT w1=12070
SELECT w2=14534
BUSY TASK ewma=997
DMA IRQ c0=0
DMA IRQ c1=2
DMA IRQ c2=0
DMA IRQ c3=0
SELECT busy=27492
SELECT w0=27440
SELECT w1=12074
SELECT w2=14539
BUSY TASK ewma=997
DMA IRQ c0=0
DMA IRQ c1=2
DMA IRQ c2=0
DMA IRQ c3=0
SELECT busy=27503
SELECT w0=27451
SELECT w1=12078
SELECT w2=14544
BUSY TASK ewma=997
DMA IRQ c0=0
DMA IRQ c1=2
DMA IRQ c2=0
DMA IRQ c3=0
SELECT busy=27514
SELECT w0=27462
SELECT w1=12083
SELECT w2=14550
BUSY TASK ewma=997
DMA IRQ c0=0
DMA IRQ c1=2
DMA IRQ c2=0
DMA IRQ c3=0
SELECT busy=27525
SELECT w0=27473
SELECT w1=12087
SELECT w2=14555
BUSY TASK ewma=997
DMA IRQ c0=0
DMA IRQ c1=2
DMA IRQ c2=0
DMA IRQ c3=0
SELECT busy=27536
SELECT w0=27484
SELECT w1=12092
SELECT w2=14560
BUSY TASK ewma=997
DMA IRQ c0=0
DMA IRQ c1=2
DMA IRQ c2=0
DMA IRQ c3=0
SELECT busy=27547
SELECT w0=27496
SELECT w1=12096
SELECT w2=14566
BUSY TASK ewma=997
DMA IRQ c0=0
DMA IRQ c1=2
DMA IRQ c2=0
DMA IRQ c3=0
SELECT busy=27559
SELECT w0=27507
SELECT w1=12100
SELECT w2=14571
BUSY TASK ewma=997
DMA IRQ c0=0
DMA IRQ c1=2
DMA IRQ c2=0
DMA IRQ c3=0
SELECT busy=27570
SELECT w0=27518
SELECT w1=12104
SELECT w2=14576
BUSY TASK ewma=997
DMA IRQ c0=0
DMA IRQ c1=2
DMA IRQ c2=0
DMA IRQ c3=0
SELECT busy=27581
SELECT w0=27529
SELECT w1=12109
SELECT w2=14581
BUSY TASK ewma=997
DMA IRQ c0=0
DMA IRQ c1=2
DMA IRQ c2=0
DMA IRQ c3=0
SELECT busy=27592
SELECT w0=27540
SELECT w1=12113
SELECT w2=14587
BUSY TASK ewma=997
DMA IRQ c0=0
DMA IRQ c1=2
DMA IRQ c2=0
DMA IRQ c3=0
SELECT busy=27603
SELECT w0=27551
SELECT w1=12117
SELECT w2=14592
BUSY TASK ewma=997
DMA IRQ c0=0
DMA IRQ c1=2
DMA IRQ c2=0
DMA IRQ c3=0
SELECT busy=27614
SELECT w0=27562
SELECT w1=12121
SELECT w2=14597
BUSY TASK ewma=997
DMA IRQ c0=0
DMA IRQ c1=2
DMA IRQ c2=0
DMA IRQ c3=0
SELECT busy=27623
SELECT w0=27571
SELECT w1=12125
SELECT w2=14601
BUSY TASK ewma=997
DMA IRQ c0=0
DMA IRQ c1=2
DMA IRQ c2=0
DMA IRQ c3=0
SELECT busy=27631
SELECT w0=27580
SELECT w1=12128
SELECT w2=14606
BUSY TASK ewma=997
DMA IRQ c0=0
DMA IRQ c1=2
DMA IRQ c2=0
DMA IRQ c3=0
SELECT busy=27641
SELECT w0=27590
SELECT w1=12132
SELECT w2=14610
BUSY TASK ewma=997
DMA IRQ c0=0
DMA IRQ c1=2
DMA IRQ c2=0
DMA IRQ c3=0
SELECT busy=27653
SELECT w0=27601
SELECT w1=12136
SELECT w2=14616
BUSY TASK ewma=997
DMA IRQ c0=0
DMA IRQ c1=2
DMA IRQ c2=0
DMA IRQ c3=0
SELECT busy=27665
SELECT w0=27613
SELECT w1=12141
SELECT w2=14621
BUSY TASK ewma=997
DMA IRQ c0=0
DMA IRQ c1=2
DMA IRQ c2=0
DMA IRQ c3=0
SELECT busy=27676
SELECT w0=27624
SELECT w1=12145
SELECT w2=14626
BUSY TASK ewma=997
DMA IRQ c0=0
DMA IRQ c1=2
DMA IRQ c2=0
DMA IRQ c3=0
SELECT busy=27687
SELECT w0=27635
SELECT w1=12150
SELECT w2=14632
BUSY TASK ewma=997
DMA IRQ c0=0
DMA IRQ c1=2
DMA IRQ c2=0
DMA IRQ c3=0
SELECT busy=27699
SELECT w0=27647
SELECT w1=12154
SELECT w2=14637
BUSY TASK ewma=997
DMA IRQ c0=0
DMA IRQ c1=2
DMA IRQ c2=0
DMA IRQ c3=0
SELECT busy=27710
SELECT w0=27658
SELECT w1=12158
SELECT w2=14642
BUSY TASK ewma=997
DMA IRQ c0=0
DMA IRQ c1=2
DMA IRQ c2=0
DMA IRQ c3=0
SELECT busy=27721
SELECT w0=27669
SELECT w1=12163
SELECT w2=14648
BUSY TASK ewma=997
DMA IRQ c0=0
DMA IRQ c1=2
DMA IRQ c2=0
DMA IRQ c3=0
SELECT busy=27732
SELECT w0=27680
SELECT w1=12167
SELECT w2=14653
BUSY TASK ewma=997
IRQ counts: cpu0=55407 cpu1=53328 cpu2=52930 cpu3=52186
SCHED secondaries: calls=158445 unexpected=0
SECTEST switches=158429 cpu1=909454094,912672735 cpu2=739889762,746089842 cpu3=1144966974,1151816948
PINGPONG rounds=2000 pongs=2000
DMA IRQ c0=0
DMA IRQ c1=2
DMA IRQ c2=0
DMA IRQ c3=0
SELECT busy=27745
SELECT w0=27693
SELECT w1=12172
SELECT w2=14659
BUSY TASK ewma=997
DMA IRQ c0=0
DMA IRQ c1=2
DMA IRQ c2=0
DMA IRQ c3=0
SELECT busy=27756
SELECT w0=27704
SELECT w1=12176
SELECT w2=14664
BUSY TASK ewma=997
DMA IRQ c0=0
DMA IRQ c1=2
DMA IRQ c2=0
DMA IRQ c3=0
SELECT busy=27767
SELECT w0=27715
SELECT w1=12181
SELECT w2=14670
BUSY TASK ewma=997
DMA IRQ c0=0
DMA IRQ c1=2
DMA IRQ c2=0
DMA IRQ c3=0
SELECT busy=27778
SELECT w0=27727
SELECT w1=12185
SELECT w2=14675
BUSY TASK ewma=997
DMA IRQ c0=0
DMA IRQ c1=2
DMA IRQ c2=0
DMA IRQ c3=0
SELECT busy=27789
SELECT w0=27738
SELECT w1=12189
SELECT w2=14680
BUSY TASK ewma=997
DMA IRQ c0=0
DMA IRQ c1=2
DMA IRQ c2=0
DMA IRQ c3=0
SELECT busy=27799
SELECT w0=27747
SELECT w1=12193
SELECT w2=14685
BUSY TASK ewma=997
DMA IRQ c0=0
DMA IRQ c1=2
DMA IRQ c2=0
DMA IRQ c3=0
SELECT busy=27808
SELECT w0=27756
SELECT w1=12196
SELECT w2=14689
BUSY TASK ewma=997
DMA IRQ c0=0
DMA IRQ c1=2
DMA IRQ c2=0
DMA IRQ c3=0
SELECT busy=27816
SELECT w0=27764
SELECT w1=12199
SELECT w2=14693
BUSY TASK ewma=997
DMA IRQ c0=0
DMA IRQ c1=2
DMA IRQ c2=0
DMA IRQ c3=0
SELECT busy=27824
SELECT w0=27773
SELECT w1=12203
SELECT w2=14697
BUSY TASK ewma=997
DMA IRQ c0=0
DMA IRQ c1=2
DMA IRQ c2=0
DMA IRQ c3=0
SELECT busy=27834
SELECT w0=27782
SELECT w1=12206
SELECT w2=14701
BUSY TASK ewma=997
DMA IRQ c0=0
DMA IRQ c1=2
DMA IRQ c2=0
DMA IRQ c3=0
SELECT busy=27845
SELECT w0=27793
SELECT w1=12210
SELECT w2=14706
BUSY TASK ewma=997
DMA IRQ c0=0
DMA IRQ c1=2
DMA IRQ c2=0
DMA IRQ c3=0
SELECT busy=27856
SELECT w0=27805
SELECT w1=12215
SELECT w2=14712
BUSY TASK ewma=997
DMA IRQ c0=0
DMA IRQ c1=2
DMA IRQ c2=0
DMA IRQ c3=0
SELECT busy=27867
SELECT w0=27816
SELECT w1=12219
SELECT w2=14717
BUSY TASK ewma=997
DMA IRQ c0=0
DMA IRQ c1=2
DMA IRQ c2=0
DMA IRQ c3=0
SELECT busy=27878
SELECT w0=27827
SELECT w1=12223
SELECT w2=14722
BUSY TASK ewma=997
DMA IRQ c0=0
DMA IRQ c1=2
DMA IRQ c2=0
DMA IRQ c3=0
SELECT busy=27889
SELECT w0=27838
SELECT w1=12227
SELECT w2=14728
BUSY TASK ewma=997
DMA IRQ c0=0
DMA IRQ c1=2
DMA IRQ c2=0
DMA IRQ c3=0
SELECT busy=27901
SELECT w0=27849
SELECT w1=12232
SELECT w2=14733
BUSY TASK ewma=997
DMA IRQ c0=0
DMA IRQ c1=2
DMA IRQ c2=0
DMA IRQ c3=0
SELECT busy=27912
SELECT w0=27860
SELECT w1=12236
SELECT w2=14739
BUSY TASK ewma=997
DMA IRQ c0=0
DMA IRQ c1=2
DMA IRQ c2=0
DMA IRQ c3=0
SELECT busy=27923
SELECT w0=27871
SELECT w1=12240
SELECT w2=14744
BUSY TASK ewma=997
DMA IRQ c0=0
DMA IRQ c1=2
DMA IRQ c2=0
DMA IRQ c3=0
SELECT busy=27932
SELECT w0=27880
SELECT w1=12244
SELECT w2=14748
BUSY TASK ewma=997
DMA IRQ c0=0
DMA IRQ c1=2
DMA IRQ c2=0
DMA IRQ c3=0
SELECT busy=27941
SELECT w0=27889
SELECT w1=12247
SELECT w2=14752
BUSY TASK ewma=997
DMA IRQ c0=0
DMA IRQ c1=2
DMA IRQ c2=0
DMA IRQ c3=0
SELECT busy=27949
SELECT w0=27897
SELECT w1=12250
SELECT w2=14756
BUSY TASK ewma=997
DMA IRQ c0=0
DMA IRQ c1=2
DMA IRQ c2=0
DMA IRQ c3=0
SELECT busy=27958
SELECT w0=27906
SELECT w1=12254
SELECT w2=14760
BUSY TASK ewma=997
DMA IRQ c0=0
DMA IRQ c1=2
DMA IRQ c2=0
DMA IRQ c3=0
SELECT busy=27967
SELECT w0=27915
SELECT w1=12257
SELECT w2=14764
BUSY TASK ewma=997
DMA IRQ c0=0
DMA IRQ c1=2
DMA IRQ c2=0
DMA IRQ c3=0
SELECT busy=27975
SELECT w0=27923
SELECT w1=12260
SELECT w2=14768
BUSY TASK ewma=997
DMA IRQ c0=0
DMA IRQ c1=2
DMA IRQ c2=0
DMA IRQ c3=0
SELECT busy=27984
SELECT w0=27932
SELECT w1=12264
SELECT w2=14773
BUSY TASK ewma=997
DMA IRQ c0=0
DMA IRQ c1=2
DMA IRQ c2=0
DMA IRQ c3=0
SELECT busy=27992
SELECT w0=27940
SELECT w1=12267
SELECT w2=14777
BUSY TASK ewma=997
DMA IRQ c0=0
DMA IRQ c1=2
DMA IRQ c2=0
DMA IRQ c3=0
SELECT busy=28001
SELECT w0=27949
SELECT w1=12270
SELECT w2=14781
BUSY TASK ewma=997
DMA IRQ c0=0
DMA IRQ c1=2
DMA IRQ c2=0
DMA IRQ c3=0
SELECT busy=28010
SELECT w0=27958
SELECT w1=12274
SELECT w2=14785
BUSY TASK ewma=997
DMA IRQ c0=0
DMA IRQ c1=2
DMA IRQ c2=0
DMA IRQ c3=0
SELECT busy=28018
SELECT w0=27966
SELECT w1=12277
SELECT w2=14789
BUSY TASK ewma=997
DMA IRQ c0=0
DMA IRQ c1=2
DMA IRQ c2=0
DMA IRQ c3=0
SELECT busy=28027
SELECT w0=27975
SELECT w1=12280
SELECT w2=14793
BUSY TASK ewma=997
DMA IRQ c0=0
DMA IRQ c1=2
DMA IRQ c2=0
DMA IRQ c3=0
SELECT busy=28037
SELECT w0=27985
SELECT w1=12284
SELECT w2=14798
BUSY TASK ewma=997
DMA IRQ c0=0
DMA IRQ c1=2
DMA IRQ c2=0
DMA IRQ c3=0
SELECT busy=28048
SELECT w0=27996
SELECT w1=12288
SELECT w2=14803
BUSY TASK ewma=997
DMA IRQ c0=0
DMA IRQ c1=2
DMA IRQ c2=0
DMA IRQ c3=0
SELECT busy=28059
SELECT w0=28007
SELECT w1=12293
SELECT w2=14808
BUSY TASK ewma=997
DMA IRQ c0=0
DMA IRQ c1=2
DMA IRQ c2=0
DMA IRQ c3=0
SELECT busy=28071
SELECT w0=28019
SELECT w1=12297
SELECT w2=14814
BUSY TASK ewma=997
DMA IRQ c0=0
DMA IRQ c1=2
DMA IRQ c2=0
DMA IRQ c3=0
SELECT busy=28082
SELECT w0=28030
SELECT w1=12301
SELECT w2=14819
BUSY TASK ewma=997
DMA IRQ c0=0
DMA IRQ c1=2
DMA IRQ c2=0
DMA IRQ c3=0
SELECT busy=28094
SELECT w0=28042
SELECT w1=12306
SELECT w2=14825
BUSY TASK ewma=997
DMA IRQ c0=0
DMA IRQ c1=2
DMA IRQ c2=0
DMA IRQ c3=0
SELECT busy=28105
SELECT w0=28053
SELECT w1=12310
SELECT w2=14830
BUSY TASK ewma=997
DMA IRQ c0=0
DMA IRQ c1=2
DMA IRQ c2=0
DMA IRQ c3=0
SELECT busy=28116
SELECT w0=28064
SELECT w1=12315
SELECT w2=14836
BUSY TASK ewma=997
DMA IRQ c0=0
DMA IRQ c1=2
DMA IRQ c2=0
DMA IRQ c3=0
SELECT busy=28128
SELECT w0=28076
SELECT w1=12319
SELECT w2=14841
BUSY TASK ewma=997
DMA IRQ c0=0
DMA IRQ c1=2
DMA IRQ c2=0
DMA IRQ c3=0
SELECT busy=28139
SELECT w0=28087
SELECT w1=12323
SELECT w2=14846
BUSY TASK ewma=997
DMA IRQ c0=0
DMA IRQ c1=2
DMA IRQ c2=0
DMA IRQ c3=0
SELECT busy=28150
SELECT w0=28099
SELECT w1=12328
SELECT w2=14852
BUSY TASK ewma=997
DMA IRQ c0=0
DMA IRQ c1=2
DMA IRQ c2=0
DMA IRQ c3=0
SELECT busy=28160
SELECT w0=28108
SELECT w1=12331
SELECT w2=14856
BUSY TASK ewma=997
DMA IRQ c0=0
DMA IRQ c1=2
DMA IRQ c2=0
DMA IRQ c3=0
SELECT busy=28169
SELECT w0=28117
SELECT w1=12335
SELECT w2=14860
BUSY TASK ewma=997
DMA IRQ c0=0
DMA IRQ c1=2
DMA IRQ c2=0
DMA IRQ c3=0
SELECT busy=28181
SELECT w0=28129
SELECT w1=12339
SELECT w2=14866
BUSY TASK ewma=997
DMA IRQ c0=0
DMA IRQ c1=2
DMA IRQ c2=0
DMA IRQ c3=0
SELECT busy=28192
SELECT w0=28141
SELECT w1=12344
SELECT w2=14872
BUSY TASK ewma=997
DMA IRQ c0=0
DMA IRQ c1=2
DMA IRQ c2=0
DMA IRQ c3=0
SELECT busy=28204
SELECT w0=28152
SELECT w1=12348
SELECT w2=14877
BUSY TASK ewma=997
DMA IRQ c0=0
DMA IRQ c1=2
DMA IRQ c2=0
DMA IRQ c3=0
SELECT busy=28216
SELECT w0=28164
SELECT w1=12353
SELECT w2=14883
BUSY TASK ewma=997
DMA IRQ c0=0
DMA IRQ c1=2
DMA IRQ c2=0
DMA IRQ c3=0
SELECT busy=28227
SELECT w0=28175
SELECT w1=12358
SELECT w2=14889
BUSY TASK ewma=997
DMA IRQ c0=0
DMA IRQ c1=2
DMA IRQ c2=0
DMA IRQ c3=0
SELECT busy=28239
SELECT w0=28187
SELECT w1=12362
SELECT w2=14894
BUSY TASK ewma=997
DMA IRQ c0=0
DMA IRQ c1=2
DMA IRQ c2=0
DMA IRQ c3=0
SELECT busy=28251
SELECT w0=28199
SELECT w1=12367
SELECT w2=14900
BUSY TASK ewma=997
DMA IRQ c0=0
DMA IRQ c1=2
DMA IRQ c2=0
DMA IRQ c3=0
SELECT busy=28262
SELECT w0=28211
SELECT w1=12371
SELECT w2=14906
BUSY TASK ewma=997
DMA IRQ c0=0
DMA IRQ c1=2
DMA IRQ c2=0
DMA IRQ c3=0
SELECT busy=28274
SELECT w0=28222
SELECT w1=12376
SELECT w2=14912
BUSY TASK ewma=997
DMA IRQ c0=0
DMA IRQ c1=2
DMA IRQ c2=0
DMA IRQ c3=0
SELECT busy=28286
SELECT w0=28234
SELECT w1=12380
SELECT w2=14917
BUSY TASK ewma=997
DMA IRQ c0=0
DMA IRQ c1=2
DMA IRQ c2=0
DMA IRQ c3=0
SELECT busy=28297
SELECT w0=28245
SELECT w1=12384
SELECT w2=14922
BUSY TASK ewma=997
DMA IRQ c0=0
DMA IRQ c1=2
DMA IRQ c2=0
DMA IRQ c3=0
SELECT busy=28308
SELECT w0=28256
SELECT w1=12388
SELECT w2=14927
BUSY TASK ewma=997
DMA IRQ c0=0
DMA IRQ c1=2
DMA IRQ c2=0
DMA IRQ c3=0
SELECT busy=28319
SELECT w0=28268
SELECT w1=12393
SELECT w2=14933
BUSY TASK ewma=997
DMA IRQ c0=0
DMA IRQ c1=2
DMA IRQ c2=0
DMA IRQ c3=0
SELECT busy=28331
SELECT w0=28279
SELECT w1=12397
SELECT w2=14939
BUSY TASK ewma=997
DMA IRQ c0=0
DMA IRQ c1=2
DMA IRQ c2=0
DMA IRQ c3=0
SELECT busy=28343
SELECT w0=28291
SELECT w1=12402
SELECT w2=14944
BUSY TASK ewma=997
DMA IRQ c0=0
DMA IRQ c1=2
DMA IRQ c2=0
DMA IRQ c3=0
SELECT busy=28355
SELECT w0=28303
SELECT w1=12406
SELECT w2=14950
BUSY TASK ewma=997
DMA IRQ c0=0
DMA IRQ c1=2
DMA IRQ c2=0
DMA IRQ c3=0
SELECT busy=28366
SELECT w0=28314
SELECT w1=12411
SELECT w2=14955
BUSY TASK ewma=997
DMA IRQ c0=0
DMA IRQ c1=2
DMA IRQ c2=0
DMA IRQ c3=0
SELECT busy=28378
SELECT w0=28326
SELECT w1=12415
SELECT w2=14961
BUSY TASK ewma=997
DMA IRQ c0=0
DMA IRQ c1=2
DMA IRQ c2=0
DMA IRQ c3=0
SELECT busy=28390
SELECT w0=28338
SELECT w1=12420
SELECT w2=14966
BUSY TASK ewma=997
DMA IRQ c0=0
DMA IRQ c1=2
DMA IRQ c2=0
DMA IRQ c3=0
SELECT busy=28401
SELECT w0=28350
SELECT w1=12424
SELECT w2=14972
BUSY TASK ewma=997
DMA IRQ c0=0
DMA IRQ c1=2
DMA IRQ c2=0
DMA IRQ c3=0
SELECT busy=28414
SELECT w0=28362
SELECT w1=12429
SELECT w2=14978
BUSY TASK ewma=997
IRQ counts: cpu0=56769 cpu1=54638 cpu2=54228 cpu3=53467
SCHED secondaries: calls=162336 unexpected=0
SECTEST switches=162315 cpu1=930196563,933302431 cpu2=756356390,762674271 cpu3=1169468404,1176448553
PINGPONG rounds=2000 pongs=2000
DMA IRQ c0=0
DMA IRQ c1=2
DMA IRQ c2=0
DMA IRQ c3=0
SELECT busy=28426
SELECT w0=28374
SELECT w1=12434
SELECT w2=14983
BUSY TASK ewma=997
DMA IRQ c0=0
DMA IRQ c1=2
DMA IRQ c2=0
DMA IRQ c3=0
SELECT busy=28435
SELECT w0=28383
SELECT w1=12437
SELECT w2=14988
BUSY TASK ewma=997
DMA IRQ c0=0
DMA IRQ c1=2
DMA IRQ c2=0
DMA IRQ c3=0
SELECT busy=28444
SELECT w0=28392
SELECT w1=12440
SELECT w2=14992
BUSY TASK ewma=997
DMA IRQ c0=0
DMA IRQ c1=2
DMA IRQ c2=0
DMA IRQ c3=0
SELECT busy=28453
SELECT w0=28401
SELECT w1=12444
SELECT w2=14996
BUSY TASK ewma=997
DMA IRQ c0=0
DMA IRQ c1=2
DMA IRQ c2=0
DMA IRQ c3=0
SELECT busy=28462
SELECT w0=28410
SELECT w1=12447
SELECT w2=15000
BUSY TASK ewma=997
DMA IRQ c0=0
DMA IRQ c1=2
DMA IRQ c2=0
DMA IRQ c3=0
SELECT busy=28471
SELECT w0=28419
SELECT w1=12451
SELECT w2=15005
BUSY TASK ewma=997
DMA IRQ c0=0
DMA IRQ c1=2
DMA IRQ c2=0
DMA IRQ c3=0
SELECT busy=28479
SELECT w0=28427
SELECT w1=12454
SELECT w2=15009
BUSY TASK ewma=997
DMA IRQ c0=0
DMA IRQ c1=2
DMA IRQ c2=0
DMA IRQ c3=0
SELECT busy=28488
SELECT w0=28436
SELECT w1=12458
SELECT w2=15013
BUSY TASK ewma=997
DMA IRQ c0=0
DMA IRQ c1=2
DMA IRQ c2=0
DMA IRQ c3=0
SELECT busy=28496
SELECT w0=28444
SELECT w1=12461
SELECT w2=15017
BUSY TASK ewma=997
DMA IRQ c0=0
DMA IRQ c1=2
DMA IRQ c2=0
DMA IRQ c3=0
SELECT busy=28505
SELECT w0=28453
SELECT w1=12464
SELECT w2=15021
BUSY TASK ewma=997
DMA IRQ c0=0
DMA IRQ c1=2
DMA IRQ c2=0
DMA IRQ c3=0
SELECT busy=28514
SELECT w0=28462
SELECT w1=12468
SELECT w2=15025
BUSY TASK ewma=997
DMA IRQ c0=0
DMA IRQ c1=2
DMA IRQ c2=0
DMA IRQ c3=0
SELECT busy=28523
SELECT w0=28471
SELECT w1=12471
SELECT w2=15030
BUSY TASK ewma=997
DMA IRQ c0=0
DMA IRQ c1=2
DMA IRQ c2=0
DMA IRQ c3=0
SELECT busy=28532
SELECT w0=28480
SELECT w1=12475
SELECT w2=15034
BUSY TASK ewma=997
DMA IRQ c0=0
DMA IRQ c1=2
DMA IRQ c2=0
DMA IRQ c3=0
SELECT busy=28541
SELECT w0=28489
SELECT w1=12478
SELECT w2=15038
BUSY TASK ewma=997
DMA IRQ c0=0
DMA IRQ c1=2
DMA IRQ c2=0
DMA IRQ c3=0
SELECT busy=28549
SELECT w0=28497
SELECT w1=12482
SELECT w2=15042
BUSY TASK ewma=997
DMA IRQ c0=0
DMA IRQ c1=2
DMA IRQ c2=0
DMA IRQ c3=0
SELECT busy=28558
SELECT w0=28506
SELECT w1=12485
SELECT w2=15046
BUSY TASK ewma=997
DMA IRQ c0=0
DMA IRQ c1=2
DMA IRQ c2=0
DMA IRQ c3=0
SELECT busy=28566
SELECT w0=28514
SELECT w1=12488
SELECT w2=15050
BUSY TASK ewma=997
DMA IRQ c0=0
DMA IRQ c1=2
DMA IRQ c2=0
DMA IRQ c3=0
SELECT busy=28575
SELECT w0=28523
SELECT w1=12491
SELECT w2=15054
BUSY TASK ewma=997
DMA IRQ c0=0
DMA IRQ c1=2
DMA IRQ c2=0
DMA IRQ c3=0
SELECT busy=28583
SELECT w0=28531
SELECT w1=12494
SELECT w2=15058
BUSY TASK ewma=997
DMA IRQ c0=0
DMA IRQ c1=2
DMA IRQ c2=0
DMA IRQ c3=0
SELECT busy=28592
SELECT w0=28540
SELECT w1=12498
SELECT w2=15062
BUSY TASK ewma=997
DMA IRQ c0=0
DMA IRQ c1=2
DMA IRQ c2=0
DMA IRQ c3=0
SELECT busy=28600
SELECT w0=28548
SELECT w1=12501
SELECT w2=15066
BUSY TASK ewma=997
DMA IRQ c0=0
DMA IRQ c1=2
DMA IRQ c2=0
DMA IRQ c3=0
SELECT busy=28609
SELECT w0=28557
SELECT w1=12504
SELECT w2=15071
BUSY TASK ewma=997
DMA IRQ c0=0
DMA IRQ c1=2
DMA IRQ c2=0
DMA IRQ c3=0
SELECT busy=28617
SELECT w0=28565
SELECT w1=12508
SELECT w2=15075
BUSY TASK ewma=997
DMA IRQ c0=0
DMA IRQ c1=2
DMA IRQ c2=0
DMA IRQ c3=0
SELECT busy=28626
SELECT w0=28574
SELECT w1=12511
SELECT w2=15079
BUSY TASK ewma=997
DMA IRQ c0=0
DMA IRQ c1=2
DMA IRQ c2=0
DMA IRQ c3=0
SELECT busy=28635
SELECT w0=28583
SELECT w1=12515
SELECT w2=15083
BUSY TASK ewma=997
DMA IRQ c0=0
DMA IRQ c1=2
DMA IRQ c2=0
DMA IRQ c3=0
SELECT busy=28646
SELECT w0=28594
SELECT w1=12519
SELECT w2=15089
BUSY TASK ewma=997
DMA IRQ c0=0
DMA IRQ c1=2
DMA IRQ c2=0
DMA IRQ c3=0
SELECT busy=28657
SELECT w0=28606
SELECT w1=12523
SELECT w2=15094
BUSY TASK ewma=997
DMA IRQ c0=0
DMA IRQ c1=2
DMA IRQ c2=0
DMA IRQ c3=0
SELECT busy=28668
SELECT w0=28616
SELECT w1=12528
SELECT w2=15099
BUSY TASK ewma=997
DMA IRQ c0=0
DMA IRQ c1=2
DMA IRQ c2=0
DMA IRQ c3=0
SELECT busy=28680
SELECT w0=28628
SELECT w1=12532
SELECT w2=15105
BUSY TASK ewma=997
DMA IRQ c0=0
DMA IRQ c1=2
DMA IRQ c2=0
DMA IRQ c3=0
SELECT busy=28691
SELECT w0=28640
SELECT w1=12537
SELECT w2=15110
BUSY TASK ewma=997
DMA IRQ c0=0
DMA IRQ c1=2
DMA IRQ c2=0
DMA IRQ c3=0
SELECT busy=28703
SELECT w0=28651
SELECT w1=12541
SELECT w2=15116
BUSY TASK ewma=997
DMA IRQ c0=0
DMA IRQ c1=2
DMA IRQ c2=0
DMA IRQ c3=0
SELECT busy=28714
SELECT w0=28662
SELECT w1=12545
SELECT w2=15121
BUSY TASK ewma=997
DMA IRQ c0=0
DMA IRQ c1=2
DMA IRQ c2=0
DMA IRQ c3=0
SELECT busy=28723
SELECT w0=28671
SELECT w1=12549
SELECT w2=15125
BUSY TASK ewma=997
DMA IRQ c0=0
DMA IRQ c1=2
DMA IRQ c2=0
DMA IRQ c3=0
SELECT busy=28732
SELECT w0=28680
SELECT w1=12552
SELECT w2=15129
BUSY TASK ewma=997
DMA IRQ c0=0
DMA IRQ c1=2
DMA IRQ c2=0
DMA IRQ c3=0
SELECT busy=28740
SELECT w0=28688
SELECT w1=12555
SELECT w2=15133
BUSY TASK ewma=997
DMA IRQ c0=0
DMA IRQ c1=2
DMA IRQ c2=0
DMA IRQ c3=0
SELECT busy=28749
SELECT w0=28697
SELECT w1=12558
SELECT w2=15137
BUSY TASK ewma=997
DMA IRQ c0=0
DMA IRQ c1=2
DMA IRQ c2=0
DMA IRQ c3=0
SELECT busy=28757
SELECT w0=28705
SELECT w1=12562
SELECT w2=15141
BUSY TASK ewma=997
DMA IRQ c0=0
DMA IRQ c1=2
DMA IRQ c2=0
DMA IRQ c3=0
SELECT busy=28766
SELECT w0=28714
SELECT w1=12565
SELECT w2=15146
BUSY TASK ewma=997
DMA IRQ c0=0
DMA IRQ c1=2
DMA IRQ c2=0
DMA IRQ c3=0
SELECT busy=28775
SELECT w0=28723
SELECT w1=12568
SELECT w2=15150
BUSY TASK ewma=997
DMA IRQ c0=0
DMA IRQ c1=2
DMA IRQ c2=0
DMA IRQ c3=0
SELECT busy=28783
SELECT w0=28731
SELECT w1=12572
SELECT w2=15153
BUSY TASK ewma=997
DMA IRQ c0=0
DMA IRQ c1=2
DMA IRQ c2=0
DMA IRQ c3=0
SELECT busy=28792
SELECT w0=28740
SELECT w1=12575
SELECT w2=15158
BUSY TASK ewma=997
DMA IRQ c0=0
DMA IRQ c1=2
DMA IRQ c2=0
DMA IRQ c3=0
SELECT busy=28800
SELECT w0=28748
SELECT w1=12578
SELECT w2=15161
BUSY TASK ewma=997
DMA IRQ c0=0
DMA IRQ c1=2
DMA IRQ c2=0
DMA IRQ c3=0
SELECT busy=28809
SELECT w0=28757
SELECT w1=12582
SELECT w2=15166
BUSY TASK ewma=997
DMA IRQ c0=0
DMA IRQ c1=2
DMA IRQ c2=0
DMA IRQ c3=0
SELECT busy=28817
SELECT w0=28765
SELECT w1=12585
SELECT w2=15170
BUSY TASK ewma=997
DMA IRQ c0=0
DMA IRQ c1=2
DMA IRQ c2=0
DMA IRQ c3=0
SELECT busy=28826
SELECT w0=28774
SELECT w1=12588
SELECT w2=15174
BUSY TASK ewma=997
DMA IRQ c0=0
DMA IRQ c1=2
DMA IRQ c2=0
DMA IRQ c3=0
SELECT busy=28834
SELECT w0=28782
SELECT w1=12591
SELECT w2=15178
BUSY TASK ewma=997
DMA IRQ c0=0
DMA IRQ c1=2
DMA IRQ c2=0
DMA IRQ c3=0
SELECT busy=28843
SELECT w0=28791
SELECT w1=12595
SELECT w2=15182
BUSY TASK ewma=997
DMA IRQ c0=0
DMA IRQ c1=2
DMA IRQ c2=0
DMA IRQ c3=0
SELECT busy=28851
SELECT w0=28800
SELECT w1=12598
SELECT w2=15186
BUSY TASK ewma=997
DMA IRQ c0=0
DMA IRQ c1=2
DMA IRQ c2=0
DMA IRQ c3=0
SELECT busy=28860
SELECT w0=28808
SELECT w1=12601
SELECT w2=15190
BUSY TASK ewma=997
DMA IRQ c0=0
DMA IRQ c1=2
DMA IRQ c2=0
DMA IRQ c3=0
SELECT busy=28868
SELECT w0=28816
SELECT w1=12604
SELECT w2=15194
BUSY TASK ewma=997
DMA IRQ c0=0
DMA IRQ c1=2
DMA IRQ c2=0
DMA IRQ c3=0
SELECT busy=28877
SELECT w0=28825
SELECT w1=12608
SELECT w2=15198
BUSY TASK ewma=997
DMA IRQ c0=0
DMA IRQ c1=2
DMA IRQ c2=0
DMA IRQ c3=0
SELECT busy=28886
SELECT w0=28834
SELECT w1=12611
SELECT w2=15202
BUSY TASK ewma=997
DMA IRQ c0=0
DMA IRQ c1=2
DMA IRQ c2=0
DMA IRQ c3=0
SELECT busy=28894
SELECT w0=28842
SELECT w1=12614
SELECT w2=15206
BUSY TASK ewma=997
DMA IRQ c0=0
DMA IRQ c1=2
DMA IRQ c2=0
DMA IRQ c3=0
SELECT busy=28903
SELECT w0=28851
SELECT w1=12618
SELECT w2=15210
BUSY TASK ewma=997
DMA IRQ c0=0
DMA IRQ c1=2
DMA IRQ c2=0
DMA IRQ c3=0
SELECT busy=28911
SELECT w0=28859
SELECT w1=12621
SELECT w2=15214
BUSY TASK ewma=997
DMA IRQ c0=0
DMA IRQ c1=2
DMA IRQ c2=0
DMA IRQ c3=0
SELECT busy=28920
SELECT w0=28868
SELECT w1=12624
SELECT w2=15218
BUSY TASK ewma=997
DMA IRQ c0=0
DMA IRQ c1=2
DMA IRQ c2=0
DMA IRQ c3=0
SELECT busy=28928
SELECT w0=28877
SELECT w1=12627
SELECT w2=15223
BUSY TASK ewma=997
DMA IRQ c0=0
DMA IRQ c1=2
DMA IRQ c2=0
DMA IRQ c3=0
SELECT busy=28937
SELECT w0=28885
SELECT w1=12631
SELECT w2=15227
BUSY TASK ewma=997
DMA IRQ c0=0
DMA IRQ c1=2
DMA IRQ c2=0
DMA IRQ c3=0
SELECT busy=28945
SELECT w0=28894
SELECT w1=12634
SELECT w2=15231
BUSY TASK ewma=997
DMA IRQ c0=0
DMA IRQ c1=2
DMA IRQ c2=0
DMA IRQ c3=0
SELECT busy=28954
SELECT w0=28902
SELECT w1=12637
SELECT w2=15235
BUSY TASK ewma=997
DMA IRQ c0=0
DMA IRQ c1=2
DMA IRQ c2=0
DMA IRQ c3=0
SELECT busy=28963
SELECT w0=28911
SELECT w1=12641
SELECT w2=15239
BUSY TASK ewma=997
DMA IRQ c0=0
DMA IRQ c1=2
DMA IRQ c2=0
DMA IRQ c3=0
SELECT busy=28972
SELECT w0=28920
SELECT w1=12644
SELECT w2=15244
BUSY TASK ewma=997
DMA IRQ c0=0
DMA IRQ c1=2
DMA IRQ c2=0
DMA IRQ c3=0
SELECT busy=28983
SELECT w0=28931
SELECT w1=12648
SELECT w2=15249
BUSY TASK ewma=997
DMA IRQ c0=0
DMA IRQ c1=2
DMA IRQ c2=0
DMA IRQ c3=0
SELECT busy=28994
SELECT w0=28943
SELECT w1=12653
SELECT w2=15255
BUSY TASK ewma=997
IRQ counts: cpu0=57931 cpu1=55756 cpu2=55337 cpu3=54553
SCHED secondaries: calls=165649 unexpected=0
SECTEST switches=165629 cpu1=950996940,954032367 cpu2=774118438,780626846 cpu3=1192457072,1199632974
PINGPONG rounds=2000 pongs=2000
DMA IRQ c0=0
DMA IRQ c1=2
DMA IRQ c2=0
DMA IRQ c3=0
SELECT busy=29007
SELECT w0=28955
SELECT w1=12657
SELECT w2=15261
BUSY TASK ewma=997
DMA IRQ c0=0
DMA IRQ c1=2
DMA IRQ c2=0
DMA IRQ c3=0
SELECT busy=29018
SELECT w0=28967
SELECT w1=12662
SELECT w2=15266
BUSY TASK ewma=997
DMA IRQ c0=0
DMA IRQ c1=2
DMA IRQ c2=0
DMA IRQ c3=0
SELECT busy=29030
SELECT w0=28978
SELECT w1=12666
SELECT w2=15271
BUSY TASK ewma=997
DMA IRQ c0=0
DMA IRQ c1=2
DMA IRQ c2=0
DMA IRQ c3=0
SELECT busy=29041
SELECT w0=28989
SELECT w1=12670
SELECT w2=15277
BUSY TASK ewma=997
DMA IRQ c0=0
DMA IRQ c1=2
DMA IRQ c2=0
DMA IRQ c3=0
SELECT busy=29053
SELECT w0=29001
SELECT w1=12675
SELECT w2=15282
BUSY TASK ewma=997
DMA IRQ c0=0
DMA IRQ c1=2
DMA IRQ c2=0
DMA IRQ c3=0
SELECT busy=29064
SELECT w0=29012
SELECT w1=12679
SELECT w2=15287
BUSY TASK ewma=997
DMA IRQ c0=0
DMA IRQ c1=2
DMA IRQ c2=0
DMA IRQ c3=0
SELECT busy=29075
SELECT w0=29024
SELECT w1=12684
SELECT w2=15293
BUSY TASK ewma=997
DMA IRQ c0=0
DMA IRQ c1=2
DMA IRQ c2=0
DMA IRQ c3=0
SELECT busy=29085
SELECT w0=29034
SELECT w1=12688
SELECT w2=15298
BUSY TASK ewma=997
DMA IRQ c0=0
DMA IRQ c1=2
DMA IRQ c2=0
DMA IRQ c3=0
SELECT busy=29094
SELECT w0=29042
SELECT w1=12691
SELECT w2=15302
BUSY TASK ewma=997
DMA IRQ c0=0
DMA IRQ c1=2
DMA IRQ c2=0
DMA IRQ c3=0
SELECT busy=29103
SELECT w0=29051
SELECT w1=12695
SELECT w2=15306
BUSY TASK ewma=997
DMA IRQ c0=0
DMA IRQ c1=2
DMA IRQ c2=0
DMA IRQ c3=0
SELECT busy=29111
SELECT w0=29059
SELECT w1=12698
SELECT w2=15311
BUSY TASK ewma=997
DMA IRQ c0=0
DMA IRQ c1=2
DMA IRQ c2=0
DMA IRQ c3=0
SELECT busy=29120
SELECT w0=29068
SELECT w1=12701
SELECT w2=15315
BUSY TASK ewma=997
DMA IRQ c0=0
DMA IRQ c1=2
DMA IRQ c2=0
DMA IRQ c3=0
SELECT busy=29128
SELECT w0=29077
SELECT w1=12705
SELECT w2=15319
BUSY TASK ewma=997
DMA IRQ c0=0
DMA IRQ c1=2
DMA IRQ c2=0
DMA IRQ c3=0
SELECT busy=29137
SELECT w0=29085
SELECT w1=12708
SELECT w2=15323
BUSY TASK ewma=997
DMA IRQ c0=0
DMA IRQ c1=2
DMA IRQ c2=0
DMA IRQ c3=0
SELECT busy=29146
SELECT w0=29094
SELECT w1=12711
SELECT w2=15327
BUSY TASK ewma=997
DMA IRQ c0=0
DMA IRQ c1=2
DMA IRQ c2=0
DMA IRQ c3=0
SELECT busy=29154
SELECT w0=29102
SELECT w1=12714
SELECT w2=15331
BUSY TASK ewma=997
DMA IRQ c0=0
DMA IRQ c1=2
DMA IRQ c2=0
DMA IRQ c3=0
SELECT busy=29163
SELECT w0=29111
SELECT w1=12718
SELECT w2=15335
BUSY TASK ewma=997
DMA IRQ c0=0
DMA IRQ c1=2
DMA IRQ c2=0
DMA IRQ c3=0
SELECT busy=29171
SELECT w0=29120
SELECT w1=12721
SELECT w2=15339
BUSY TASK ewma=997
DMA IRQ c0=0
DMA IRQ c1=2
DMA IRQ c2=0
DMA IRQ c3=0
SELECT busy=29180
SELECT w0=29128
SELECT w1=12724
SELECT w2=15343
BUSY TASK ewma=997
DMA IRQ c0=0
DMA IRQ c1=2
DMA IRQ c2=0
DMA IRQ c3=0
SELECT busy=29189
SELECT w0=29137
SELECT w1=12728
SELECT w2=15347
BUSY TASK ewma=997
DMA IRQ c0=0
DMA IRQ c1=2
DMA IRQ c2=0
DMA IRQ c3=0
SELECT busy=29198
SELECT w0=29146
SELECT w1=12731
SELECT w2=15352
BUSY TASK ewma=997
DMA IRQ c0=0
DMA IRQ c1=2
DMA IRQ c2=0
DMA IRQ c3=0
SELECT busy=29206
SELECT w0=29154
SELECT w1=12734
SELECT w2=15356
BUSY TASK ewma=997
DMA IRQ c0=0
DMA IRQ c1=2
DMA IRQ c2=0
DMA IRQ c3=0
SELECT busy=29215
SELECT w0=29163
SELECT w1=12738
SELECT w2=15360
BUSY TASK ewma=997
DMA IRQ c0=0
DMA IRQ c1=2
DMA IRQ c2=0
DMA IRQ c3=0
SELECT busy=29224
SELECT w0=29172
SELECT w1=12741
SELECT w2=15364
BUSY TASK ewma=997
DMA IRQ c0=0
DMA IRQ c1=2
DMA IRQ c2=0
DMA IRQ c3=0
SELECT busy=29232
SELECT w0=29180
SELECT w1=12744
SELECT w2=15368
BUSY TASK ewma=997
DMA IRQ c0=0
DMA IRQ c1=2
DMA IRQ c2=0
DMA IRQ c3=0
SELECT busy=29241
SELECT w0=29189
SELECT w1=12747
SELECT w2=15372
BUSY TASK ewma=997
DMA IRQ c0=0
DMA IRQ c1=2
DMA IRQ c2=0
DMA IRQ c3=0
SELECT busy=29249
SELECT w0=29197
SELECT w1=12751
SELECT w2=15377
BUSY TASK ewma=997
DMA IRQ c0=0
DMA IRQ c1=2
DMA IRQ c2=0
DMA IRQ c3=0
SELECT busy=29258
SELECT w0=29206
SELECT w1=12754
SELECT w2=15380
BUSY TASK ewma=997
DMA IRQ c0=0
DMA IRQ c1=2
DMA IRQ c2=0
DMA IRQ c3=0
SELECT busy=29266
SELECT w0=29215
SELECT w1=12757
SELECT w2=15385
BUSY TASK ewma=997
DMA IRQ c0=0
DMA IRQ c1=2
DMA IRQ c2=0
DMA IRQ c3=0
SELECT busy=29275
SELECT w0=29223
SELECT w1=12760
SELECT w2=15389
BUSY TASK ewma=997
DMA IRQ c0=0
DMA IRQ c1=2
DMA IRQ c2=0
DMA IRQ c3=0
SELECT busy=29284
SELECT w0=29232
SELECT w1=12764
SELECT w2=15393
BUSY TASK ewma=997
DMA IRQ c0=0
DMA IRQ c1=2
DMA IRQ c2=0
DMA IRQ c3=0
SELECT busy=29292
SELECT w0=29241
SELECT w1=12767
SELECT w2=15397
BUSY TASK ewma=997
DMA IRQ c0=0
DMA IRQ c1=2
DMA IRQ c2=0
DMA IRQ c3=0
SELECT busy=29301
SELECT w0=29249
SELECT w1=12770
SELECT w2=15401
BUSY TASK ewma=997
DMA IRQ c0=0
DMA IRQ c1=2
DMA IRQ c2=0
DMA IRQ c3=0
SELECT busy=29310
SELECT w0=29258
SELECT w1=12774
SELECT w2=15405
BUSY TASK ewma=997
DMA IRQ c0=0
DMA IRQ c1=2
DMA IRQ c2=0
DMA IRQ c3=0
SELECT busy=29318
SELECT w0=29266
SELECT w1=12777
SELECT w2=15410
BUSY TASK ewma=997
DMA IRQ c0=0
DMA IRQ c1=2
DMA IRQ c2=0
DMA IRQ c3=0
SELECT busy=29327
SELECT w0=29275
SELECT w1=12780
SELECT w2=15414
BUSY TASK ewma=997
DMA IRQ c0=0
DMA IRQ c1=2
DMA IRQ c2=0
DMA IRQ c3=0
SELECT busy=29335
SELECT w0=29283
SELECT w1=12784
SELECT w2=15418
BUSY TASK ewma=997
DMA IRQ c0=0
DMA IRQ c1=2
DMA IRQ c2=0
DMA IRQ c3=0
SELECT busy=29344
SELECT w0=29292
SELECT w1=12787
SELECT w2=15422
BUSY TASK ewma=997
DMA IRQ c0=0
DMA IRQ c1=2
DMA IRQ c2=0
DMA IRQ c3=0
SELECT busy=29353
SELECT w0=29301
SELECT w1=12790
SELECT w2=15426
BUSY TASK ewma=997
DMA IRQ c0=0
DMA IRQ c1=2
DMA IRQ c2=0
DMA IRQ c3=0
SELECT busy=29361
SELECT w0=29309
SELECT w1=12793
SELECT w2=15430
BUSY TASK ewma=997
DMA IRQ c0=0
DMA IRQ c1=2
DMA IRQ c2=0
DMA IRQ c3=0
SELECT busy=29370
SELECT w0=29318
SELECT w1=12797
SELECT w2=15434
BUSY TASK ewma=997
DMA IRQ c0=0
DMA IRQ c1=2
DMA IRQ c2=0
DMA IRQ c3=0
SELECT busy=29378
SELECT w0=29326
SELECT w1=12800
SELECT w2=15438
BUSY TASK ewma=997
DMA IRQ c0=0
DMA IRQ c1=2
DMA IRQ c2=0
DMA IRQ c3=0
SELECT busy=29387
SELECT w0=29335
SELECT w1=12803
SELECT w2=15442
BUSY TASK ewma=997
DMA IRQ c0=0
DMA IRQ c1=2
DMA IRQ c2=0
DMA IRQ c3=0
SELECT busy=29396
SELECT w0=29344
SELECT w1=12807
SELECT w2=15446
BUSY TASK ewma=997
DMA IRQ c0=0
DMA IRQ c1=2
DMA IRQ c2=0
DMA IRQ c3=0
SELECT busy=29405
SELECT w0=29353
SELECT w1=12810
SELECT w2=15451
BUSY TASK ewma=997
DMA IRQ c0=0
DMA IRQ c1=2
DMA IRQ c2=0
DMA IRQ c3=0
SELECT busy=29413
SELECT w0=29361
SELECT w1=12813
SELECT w2=15455
BUSY TASK ewma=997
DMA IRQ c0=0
DMA IRQ c1=2
DMA IRQ c2=0
DMA IRQ c3=0
SELECT busy=29422
SELECT w0=29370
SELECT w1=12817
SELECT w2=15459
BUSY TASK ewma=997
DMA IRQ c0=0
DMA IRQ c1=2
DMA IRQ c2=0
DMA IRQ c3=0
SELECT busy=29430
SELECT w0=29378
SELECT w1=12820
SELECT w2=15463
BUSY TASK ewma=997
DMA IRQ c0=0
DMA IRQ c1=2
DMA IRQ c2=0
DMA IRQ c3=0
SELECT busy=29439
SELECT w0=29387
SELECT w1=12823
SELECT w2=15467
BUSY TASK ewma=997
DMA IRQ c0=0
DMA IRQ c1=2
DMA IRQ c2=0
DMA IRQ c3=0
SELECT busy=29447
SELECT w0=29395
SELECT w1=12826
SELECT w2=15471
BUSY TASK ewma=997
DMA IRQ c0=0
DMA IRQ c1=2
DMA IRQ c2=0
DMA IRQ c3=0
SELECT busy=29456
SELECT w0=29404
SELECT w1=12830
SELECT w2=15475
BUSY TASK ewma=997
DMA IRQ c0=0
DMA IRQ c1=2
DMA IRQ c2=0
DMA IRQ c3=0
SELECT busy=29464
SELECT w0=29412
SELECT w1=12833
SELECT w2=15479
BUSY TASK ewma=997
DMA IRQ c0=0
DMA IRQ c1=2
DMA IRQ c2=0
DMA IRQ c3=0
SELECT busy=29473
SELECT w0=29421
SELECT w1=12836
SELECT w2=15483
BUSY TASK ewma=997
DMA IRQ c0=0
DMA IRQ c1=2
DMA IRQ c2=0
DMA IRQ c3=0
SELECT busy=29482
SELECT w0=29430
SELECT w1=12840
SELECT w2=15487
BUSY TASK ewma=997
DMA IRQ c0=0
DMA IRQ c1=2
DMA IRQ c2=0
DMA IRQ c3=0
SELECT busy=29490
SELECT w0=29438
SELECT w1=12843
SELECT w2=15491
BUSY TASK ewma=997
DMA IRQ c0=0
DMA IRQ c1=2
DMA IRQ c2=0
DMA IRQ c3=0
SELECT busy=29499
SELECT w0=29447
SELECT w1=12846
SELECT w2=15495
BUSY TASK ewma=997
DMA IRQ c0=0
DMA IRQ c1=2
DMA IRQ c2=0
DMA IRQ c3=0
SELECT busy=29507
SELECT w0=29456
SELECT w1=12850
SELECT w2=15500
BUSY TASK ewma=997
DMA IRQ c0=0
DMA IRQ c1=2
DMA IRQ c2=0
DMA IRQ c3=0
SELECT busy=29516
SELECT w0=29464
SELECT w1=12853
SELECT w2=15503
BUSY TASK ewma=997
DMA IRQ c0=0
DMA IRQ c1=2
DMA IRQ c2=0
DMA IRQ c3=0
SELECT busy=29524
SELECT w0=29473
SELECT w1=12856
SELECT w2=15507
BUSY TASK ewma=997
DMA IRQ c0=0
DMA IRQ c1=2
DMA IRQ c2=0
DMA IRQ c3=0
SELECT busy=29533
SELECT w0=29481
SELECT w1=12859
SELECT w2=15511
BUSY TASK ewma=997
DMA IRQ c0=0
DMA IRQ c1=2
DMA IRQ c2=0
DMA IRQ c3=0
SELECT busy=29542
SELECT w0=29490
SELECT w1=12863
SELECT w2=15516
BUSY TASK ewma=997
DMA IRQ c0=0
DMA IRQ c1=2
DMA IRQ c2=0
DMA IRQ c3=0
SELECT busy=29550
SELECT w0=29498
SELECT w1=12866
SELECT w2=15520
BUSY TASK ewma=997
DMA IRQ c0=0
DMA IRQ c1=2
DMA IRQ c2=0
DMA IRQ c3=0
SELECT busy=29560
SELECT w0=29508
SELECT w1=12870
SELECT w2=15524
BUSY TASK ewma=997
DMA IRQ c0=0
DMA IRQ c1=2
DMA IRQ c2=0
DMA IRQ c3=0
SELECT busy=29569
SELECT w0=29517
SELECT w1=12873
SELECT w2=15529
BUSY TASK ewma=997
IRQ counts: cpu0=59075 cpu1=56855 cpu2=56428 cpu3=55630
SCHED secondaries: calls=168913 unexpected=0
SECTEST switches=168893 cpu1=971485823,974553267 cpu2=792022991,798592248 cpu3=1214821510,1222093387
PINGPONG rounds=2000 pongs=2000
DMA IRQ c0=0
DMA IRQ c1=2
DMA IRQ c2=0
DMA IRQ c3=0
SELECT busy=29578
SELECT w0=29527
SELECT w1=12877
SELECT w2=15533
BUSY TASK ewma=997
DMA IRQ c0=0
DMA IRQ c1=2
DMA IRQ c2=0
DMA IRQ c3=0
SELECT busy=29587
SELECT w0=29535
SELECT w1=12880
SELECT w2=15537
BUSY TASK ewma=997
DMA IRQ c0=0
DMA IRQ c1=2
DMA IRQ c2=0
DMA IRQ c3=0
SELECT busy=29596
SELECT w0=29544
SELECT w1=12884
SELECT w2=15541
BUSY TASK ewma=997
DMA IRQ c0=0
DMA IRQ c1=2
DMA IRQ c2=0
DMA IRQ c3=0
SELECT busy=29604
SELECT w0=29552
SELECT w1=12887
SELECT w2=15546
BUSY TASK ewma=997
DMA IRQ c0=0
DMA IRQ c1=2
DMA IRQ c2=0
DMA IRQ c3=0
SELECT busy=29613
SELECT w0=29561
SELECT w1=12890
SELECT w2=15550
BUSY TASK ewma=997
DMA IRQ c0=0
DMA IRQ c1=2
DMA IRQ c2=0
DMA IRQ c3=0
SELECT busy=29622
SELECT w0=29570
SELECT w1=12894
SELECT w2=15554
BUSY TASK ewma=997
DMA IRQ c0=0
DMA IRQ c1=2
DMA IRQ c2=0
DMA IRQ c3=0
SELECT busy=29630
SELECT w0=29578
SELECT w1=12897
SELECT w2=15558
BUSY TASK ewma=997
DMA IRQ c0=0
DMA IRQ c1=2
DMA IRQ c2=0
DMA IRQ c3=0
SELECT busy=29639
SELECT w0=29587
SELECT w1=12900
SELECT w2=15562
BUSY TASK ewma=997
DMA IRQ c0=0
DMA IRQ c1=2
DMA IRQ c2=0
DMA IRQ c3=0
SELECT busy=29647
SELECT w0=29595
SELECT w1=12903
SELECT w2=15566
BUSY TASK ewma=997
DMA IRQ c0=0
DMA IRQ c1=2
DMA IRQ c2=0
DMA IRQ c3=0
SELECT busy=29656
SELECT w0=29604
SELECT w1=12907
SELECT w2=15570
BUSY TASK ewma=997
DMA IRQ c0=0
DMA IRQ c1=2
DMA IRQ c2=0
DMA IRQ c3=0
SELECT busy=29664
SELECT w0=29613
SELECT w1=12910
SELECT w2=15574
BUSY TASK ewma=997
DMA IRQ c0=0
DMA IRQ c1=2
DMA IRQ c2=0
DMA IRQ c3=0
SELECT busy=29673
SELECT w0=29621
SELECT w1=12913
SELECT w2=15578
BUSY TASK ewma=997
DMA IRQ c0=0
DMA IRQ c1=2
DMA IRQ c2=0
DMA IRQ c3=0
SELECT busy=29681
SELECT w0=29629
SELECT w1=12917
SELECT w2=15582
BUSY TASK ewma=997
DMA IRQ c0=0
DMA IRQ c1=2
DMA IRQ c2=0
DMA IRQ c3=0
SELECT busy=29690
SELECT w0=29638
SELECT w1=12920
SELECT w2=15587
BUSY TASK ewma=997
DMA IRQ c0=0
DMA IRQ c1=2
DMA IRQ c2=0
DMA IRQ c3=0
SELECT busy=29699
SELECT w0=29647
SELECT w1=12923
SELECT w2=15591
BUSY TASK ewma=997
DMA IRQ c0=0
DMA IRQ c1=2
DMA IRQ c2=0
DMA IRQ c3=0
SELECT busy=29707
SELECT w0=29655
SELECT w1=12927
SELECT w2=15595
BUSY TASK ewma=997
DMA IRQ c0=0
DMA IRQ c1=2
DMA IRQ c2=0
DMA IRQ c3=0
SELECT busy=29717
SELECT w0=29665
SELECT w1=12930
SELECT w2=15599
BUSY TASK ewma=997
DMA IRQ c0=0
DMA IRQ c1=2
DMA IRQ c2=0
DMA IRQ c3=0
SELECT busy=29728
SELECT w0=29676
SELECT w1=12934
SELECT w2=15604
BUSY TASK ewma=997
DMA IRQ c0=0
DMA IRQ c1=2
DMA IRQ c2=0
DMA IRQ c3=0
SELECT busy=29737
SELECT w0=29685
SELECT w1=12938
SELECT w2=15609
BUSY TASK ewma=997
DMA IRQ c0=0
DMA IRQ c1=2
DMA IRQ c2=0
DMA IRQ c3=0
SELECT busy=29745
SELECT w0=29694
SELECT w1=12941
SELECT w2=15613
BUSY TASK ewma=997
DMA IRQ c0=0
DMA IRQ c1=2
DMA IRQ c2=0
DMA IRQ c3=0
SELECT busy=29754
SELECT w0=29702
SELECT w1=12945
SELECT w2=15617
BUSY TASK ewma=997
DMA IRQ c0=0
DMA IRQ c1=2
DMA IRQ c2=0
DMA IRQ c3=0
SELECT busy=29762
SELECT w0=29710
SELECT w1=12948
SELECT w2=15621
BUSY TASK ewma=997
DMA IRQ c0=0
DMA IRQ c1=2
DMA IRQ c2=0
DMA IRQ c3=0
SELECT busy=29771
SELECT w0=29719
SELECT w1=12951
SELECT w2=15625
BUSY TASK ewma=997
DMA IRQ c0=0
DMA IRQ c1=2
DMA IRQ c2=0
DMA IRQ c3=0
SELECT busy=29780
SELECT w0=29728
SELECT w1=12955
SELECT w2=15629
BUSY TASK ewma=997
DMA IRQ c0=0
DMA IRQ c1=2
DMA IRQ c2=0
DMA IRQ c3=0
SELECT busy=29788
SELECT w0=29737
SELECT w1=12958
SELECT w2=15634
BUSY TASK ewma=997
DMA IRQ c0=0
DMA IRQ c1=2
DMA IRQ c2=0
DMA IRQ c3=0
SELECT busy=29797
SELECT w0=29745
SELECT w1=12961
SELECT w2=15638
BUSY TASK ewma=997
DMA IRQ c0=0
DMA IRQ c1=2
DMA IRQ c2=0
DMA IRQ c3=0
SELECT busy=29805
SELECT w0=29753
SELECT w1=12965
SELECT w2=15642
BUSY TASK ewma=997
DMA IRQ c0=0
DMA IRQ c1=2
DMA IRQ c2=0
DMA IRQ c3=0
SELECT busy=29814
SELECT w0=29762
SELECT w1=12968
SELECT w2=15646
BUSY TASK ewma=997
DMA IRQ c0=0
DMA IRQ c1=2
DMA IRQ c2=0
DMA IRQ c3=0
SELECT busy=29822
SELECT w0=29770
SELECT w1=12971
SELECT w2=15650
BUSY TASK ewma=997
DMA IRQ c0=0
DMA IRQ c1=2
DMA IRQ c2=0
DMA IRQ c3=0
SELECT busy=29831
SELECT w0=29779
SELECT w1=12974
SELECT w2=15654
BUSY TASK ewma=997
DMA IRQ c0=0
DMA IRQ c1=2
DMA IRQ c2=0
DMA IRQ c3=0
SELECT busy=29840
SELECT w0=29788
SELECT w1=12978
SELECT w2=15658
BUSY TASK ewma=997
DMA IRQ c0=0
DMA IRQ c1=2
DMA IRQ c2=0
DMA IRQ c3=0
SELECT busy=29851
SELECT w0=29799
SELECT w1=12982
SELECT w2=15664
BUSY TASK ewma=997
DMA IRQ c0=0
DMA IRQ c1=2
DMA IRQ c2=0
DMA IRQ c3=0
SELECT busy=29865
SELECT w0=29813
SELECT w1=12988
SELECT w2=15671
BUSY TASK ewma=997
DMA IRQ c0=0
DMA IRQ c1=2
DMA IRQ c2=0
DMA IRQ c3=0
SELECT busy=29876
SELECT w0=29824
SELECT w1=12992
SELECT w2=15676
BUSY TASK ewma=997
DMA IRQ c0=0
DMA IRQ c1=2
DMA IRQ c2=0
DMA IRQ c3=0
SELECT busy=29887
SELECT w0=29835
SELECT w1=12996
SELECT w2=15681
BUSY TASK ewma=997
DMA IRQ c0=0
DMA IRQ c1=2
DMA IRQ c2=0
DMA IRQ c3=0
SELECT busy=29898
SELECT w0=29846
SELECT w1=13000
SELECT w2=15686
BUSY TASK ewma=997
DMA IRQ c0=0
DMA IRQ c1=2
DMA IRQ c2=0
DMA IRQ c3=0
SELECT busy=29909
SELECT w0=29857
SELECT w1=13005
SELECT w2=15691
BUSY TASK ewma=997
DMA IRQ c0=0
DMA IRQ c1=2
DMA IRQ c2=0
DMA IRQ c3=0
SELECT busy=29920
SELECT w0=29868
SELECT w1=13009
SELECT w2=15697
BUSY TASK ewma=997
DMA IRQ c0=0
DMA IRQ c1=2
DMA IRQ c2=0
DMA IRQ c3=0
SELECT busy=29931
SELECT w0=29880
SELECT w1=13013
SELECT w2=15702
BUSY TASK ewma=997
DMA IRQ c0=0
DMA IRQ c1=2
DMA IRQ c2=0
DMA IRQ c3=0
SELECT busy=29943
SELECT w0=29891
SELECT w1=13018
SELECT w2=15708
BUSY TASK ewma=997
DMA IRQ c0=0
DMA IRQ c1=2
DMA IRQ c2=0
DMA IRQ c3=0
SELECT busy=29954
SELECT w0=29902
SELECT w1=13022
SELECT w2=15713
BUSY TASK ewma=997
DMA IRQ c0=0
DMA IRQ c1=2
DMA IRQ c2=0
DMA IRQ c3=0
SELECT busy=29965
SELECT w0=29913
SELECT w1=13026
SELECT w2=15718
BUSY TASK ewma=997
DMA IRQ c0=0
DMA IRQ c1=2
DMA IRQ c2=0
DMA IRQ c3=0
SELECT busy=29976
SELECT w0=29925
SELECT w1=13030
SELECT w2=15724
BUSY TASK ewma=997
DMA IRQ c0=0
DMA IRQ c1=2
DMA IRQ c2=0
DMA IRQ c3=0
SELECT busy=29988
SELECT w0=29936
SELECT w1=13035
SELECT w2=15729
BUSY TASK ewma=997
DMA IRQ c0=0
DMA IRQ c1=2
DMA IRQ c2=0
DMA IRQ c3=0
SELECT busy=29999
SELECT w0=29947
SELECT w1=13039
SELECT w2=15734
BUSY TASK ewma=997
DMA IRQ c0=0
DMA IRQ c1=2
DMA IRQ c2=0
DMA IRQ c3=0
SELECT busy=30010
SELECT w0=29958
SELECT w1=13043
SELECT w2=15740
BUSY TASK ewma=997
DMA IRQ c0=0
DMA IRQ c1=2
DMA IRQ c2=0
DMA IRQ c3=0
SELECT busy=30021
SELECT w0=29969
SELECT w1=13048
SELECT w2=15745
BUSY TASK ewma=997
DMA IRQ c0=0
DMA IRQ c1=2
DMA IRQ c2=0
DMA IRQ c3=0
SELECT busy=30032
SELECT w0=29980
SELECT w1=13052
SELECT w2=15751
BUSY TASK ewma=997
DMA IRQ c0=0
DMA IRQ c1=2
DMA IRQ c2=0
DMA IRQ c3=0
SELECT busy=30043
SELECT w0=29991
SELECT w1=13056
SELECT w2=15756
BUSY TASK ewma=997
DMA IRQ c0=0
DMA IRQ c1=2
DMA IRQ c2=0
DMA IRQ c3=0
SELECT busy=30055
SELECT w0=30003
SELECT w1=13061
SELECT w2=15761
BUSY TASK ewma=997
DMA IRQ c0=0
DMA IRQ c1=2
DMA IRQ c2=0
DMA IRQ c3=0
SELECT busy=30065
SELECT w0=30013
SELECT w1=13064
SELECT w2=15766
BUSY TASK ewma=997
DMA IRQ c0=0
DMA IRQ c1=2
DMA IRQ c2=0
DMA IRQ c3=0
SELECT busy=30073
SELECT w0=30022
SELECT w1=13068
SELECT w2=15770
BUSY TASK ewma=997
DMA IRQ c0=0
DMA IRQ c1=2
DMA IRQ c2=0
DMA IRQ c3=0
SELECT busy=30082
SELECT w0=30030
SELECT w1=13071
SELECT w2=15774
BUSY TASK ewma=997
DMA IRQ c0=0
DMA IRQ c1=2
DMA IRQ c2=0
DMA IRQ c3=0
SELECT busy=30091
SELECT w0=30039
SELECT w1=13074
SELECT w2=15778
BUSY TASK ewma=997
DMA IRQ c0=0
DMA IRQ c1=2
DMA IRQ c2=0
DMA IRQ c3=0
SELECT busy=30101
SELECT w0=30050
SELECT w1=13078
SELECT w2=15783
BUSY TASK ewma=997
DMA IRQ c0=0
DMA IRQ c1=2
DMA IRQ c2=0
DMA IRQ c3=0
SELECT busy=30112
SELECT w0=30060
SELECT w1=13082
SELECT w2=15788
BUSY TASK ewma=997
DMA IRQ c0=0
DMA IRQ c1=2
DMA IRQ c2=0
DMA IRQ c3=0
SELECT busy=30121
SELECT w0=30069
SELECT w1=13086
SELECT w2=15792
BUSY TASK ewma=997
DMA IRQ c0=0
DMA IRQ c1=2
DMA IRQ c2=0
DMA IRQ c3=0
SELECT busy=30130
SELECT w0=30078
SELECT w1=13089
SELECT w2=15796
BUSY TASK ewma=997
DMA IRQ c0=0
DMA IRQ c1=2
DMA IRQ c2=0
DMA IRQ c3=0
SELECT busy=30138
SELECT w0=30086
SELECT w1=13093
SELECT w2=15801
BUSY TASK ewma=997
DMA IRQ c0=0
DMA IRQ c1=2
DMA IRQ c2=0
DMA IRQ c3=0
SELECT busy=30147
SELECT w0=30095
SELECT w1=13096
SELECT w2=15804
BUSY TASK ewma=997
DMA IRQ c0=0
DMA IRQ c1=2
DMA IRQ c2=0
DMA IRQ c3=0
SELECT busy=30155
SELECT w0=30103
SELECT w1=13099
SELECT w2=15808
BUSY TASK ewma=997
DMA IRQ c0=0
DMA IRQ c1=2
DMA IRQ c2=0
DMA IRQ c3=0
SELECT busy=30164
SELECT w0=30112
SELECT w1=13102
SELECT w2=15812
BUSY TASK ewma=997
DMA IRQ c0=0
DMA IRQ c1=2
DMA IRQ c2=0
DMA IRQ c3=0
SELECT busy=30172
SELECT w0=30120
SELECT w1=13105
SELECT w2=15816
BUSY TASK ewma=997
DMA IRQ c0=0
DMA IRQ c1=2
DMA IRQ c2=0
DMA IRQ c3=0
SELECT busy=30181
SELECT w0=30129
SELECT w1=13109
SELECT w2=15821
BUSY TASK ewma=997
IRQ counts: cpu0=60299 cpu1=58034 cpu2=57596 cpu3=56782
SCHED secondaries: calls=172415 unexpected=0
SECTEST switches=172395 cpu1=992190458,995375205 cpu2=809437493,816462352 cpu3=1240131981,1246706118
PINGPONG rounds=2000 pongs=2000
DMA IRQ c0=0
DMA IRQ c1=2
DMA IRQ c2=0
DMA IRQ c3=0
SELECT busy=30191
SELECT w0=30139
SELECT w1=13113
SELECT w2=15825
BUSY TASK ewma=997
DMA IRQ c0=0
DMA IRQ c1=2
DMA IRQ c2=0
DMA IRQ c3=0
SELECT busy=30199
SELECT w0=30147
SELECT w1=13116
SELECT w2=15829
BUSY TASK ewma=997
DMA IRQ c0=0
DMA IRQ c1=2
DMA IRQ c2=0
DMA IRQ c3=0
SELECT busy=30208
SELECT w0=30156
SELECT w1=13119
SELECT w2=15833
BUSY TASK ewma=997
DMA IRQ c0=0
DMA IRQ c1=2
DMA IRQ c2=0
DMA IRQ c3=0
SELECT busy=30221
SELECT w0=30169
SELECT w1=13125
SELECT w2=15840
BUSY TASK ewma=997
DMA IRQ c0=0
DMA IRQ c1=2
DMA IRQ c2=0
DMA IRQ c3=0
SELECT busy=30232
SELECT w0=30180
SELECT w1=13129
SELECT w2=15845
BUSY TASK ewma=997
DMA IRQ c0=0
DMA IRQ c1=2
DMA IRQ c2=0
DMA IRQ c3=0
SELECT busy=30243
SELECT w0=30192
SELECT w1=13133
SELECT w2=15851
BUSY TASK ewma=997
DMA IRQ c0=0
DMA IRQ c1=2
DMA IRQ c2=0
DMA IRQ c3=0
SELECT busy=30255
SELECT w0=30203
SELECT w1=13138
SELECT w2=15856
BUSY TASK ewma=997
DMA IRQ c0=0
DMA IRQ c1=2
DMA IRQ c2=0
DMA IRQ c3=0
SELECT busy=30266
SELECT w0=30214
SELECT w1=13142
SELECT w2=15861
BUSY TASK ewma=997
DMA IRQ c0=0
DMA IRQ c1=2
DMA IRQ c2=0
DMA IRQ c3=0
SELECT busy=30277
SELECT w0=30225
SELECT w1=13146
SELECT w2=15867
BUSY TASK ewma=997
DMA IRQ c0=0
DMA IRQ c1=2
DMA IRQ c2=0
DMA IRQ c3=0
SELECT busy=30288
SELECT w0=30236
SELECT w1=13151
SELECT w2=15872
BUSY TASK ewma=997
DMA IRQ c0=0
DMA IRQ c1=2
DMA IRQ c2=0
DMA IRQ c3=0
SELECT busy=30300
SELECT w0=30248
SELECT w1=13155
SELECT w2=15878
BUSY TASK ewma=997
DMA IRQ c0=0
DMA IRQ c1=2
DMA IRQ c2=0
DMA IRQ c3=0
SELECT busy=30310
SELECT w0=30258
SELECT w1=13159
SELECT w2=15883
BUSY TASK ewma=997
DMA IRQ c0=0
DMA IRQ c1=2
DMA IRQ c2=0
DMA IRQ c3=0
SELECT busy=30321
SELECT w0=30269
SELECT w1=13163
SELECT w2=15888
BUSY TASK ewma=997
DMA IRQ c0=0
DMA IRQ c1=2
DMA IRQ c2=0
DMA IRQ c3=0
SELECT busy=30329
SELECT w0=30277
SELECT w1=13166
SELECT w2=15892
BUSY TASK ewma=997
DMA IRQ c0=0
DMA IRQ c1=2
DMA IRQ c2=0
DMA IRQ c3=0
SELECT busy=30338
SELECT w0=30286
SELECT w1=13170
SELECT w2=15896
BUSY TASK ewma=997
DMA IRQ c0=0
DMA IRQ c1=2
DMA IRQ c2=0
DMA IRQ c3=0
SELECT busy=30347
SELECT w0=30295
SELECT w1=13173
SELECT w2=15900
BUSY TASK ewma=997
DMA IRQ c0=0
DMA IRQ c1=2
DMA IRQ c2=0
DMA IRQ c3=0
SELECT busy=30356
SELECT w0=30304
SELECT w1=13177
SELECT w2=15904
BUSY TASK ewma=997
DMA IRQ c0=0
DMA IRQ c1=2
DMA IRQ c2=0
DMA IRQ c3=0
SELECT busy=30364
SELECT w0=30313
SELECT w1=13180
SELECT w2=15909
BUSY TASK ewma=997
DMA IRQ c0=0
DMA IRQ c1=2
DMA IRQ c2=0
DMA IRQ c3=0
SELECT busy=30374
SELECT w0=30322
SELECT w1=13184
SELECT w2=15913
BUSY TASK ewma=997
DMA IRQ c0=0
DMA IRQ c1=2
DMA IRQ c2=0
DMA IRQ c3=0
SELECT busy=30385
SELECT w0=30333
SELECT w1=13188
SELECT w2=15918
BUSY TASK ewma=997
DMA IRQ c0=0
DMA IRQ c1=2
DMA IRQ c2=0
DMA IRQ c3=0
SELECT busy=30396
SELECT w0=30344
SELECT w1=13192
SELECT w2=15924
BUSY TASK ewma=997
DMA IRQ c0=0
DMA IRQ c1=2
DMA IRQ c2=0
DMA IRQ c3=0
SELECT busy=30407
SELECT w0=30355
SELECT w1=13196
SELECT w2=15929
BUSY TASK ewma=997
DMA IRQ c0=0
DMA IRQ c1=2
DMA IRQ c2=0
DMA IRQ c3=0
SELECT busy=30418
SELECT w0=30366
SELECT w1=13201
SELECT w2=15934
BUSY TASK ewma=997
DMA IRQ c0=0
DMA IRQ c1=2
DMA IRQ c2=0
DMA IRQ c3=0
SELECT busy=30427
SELECT w0=30375
SELECT w1=13204
SELECT w2=15939
BUSY TASK ewma=997
DMA IRQ c0=0
DMA IRQ c1=2
DMA IRQ c2=0
DMA IRQ c3=0
SELECT busy=30436
SELECT w0=30384
SELECT w1=13208
SELECT w2=15943
BUSY TASK ewma=997
DMA IRQ c0=0
DMA IRQ c1=2
DMA IRQ c2=0
DMA IRQ c3=0
SELECT busy=30444
SELECT w0=30392
SELECT w1=13211
SELECT w2=15947
BUSY TASK ewma=997
DMA IRQ c0=0
DMA IRQ c1=2
DMA IRQ c2=0
DMA IRQ c3=0
SELECT busy=30453
SELECT w0=30401
SELECT w1=13214
SELECT w2=15951
BUSY TASK ewma=997
DMA IRQ c0=0
DMA IRQ c1=2
DMA IRQ c2=0
DMA IRQ c3=0
SELECT busy=30461
SELECT w0=30409
SELECT w1=13218
SELECT w2=15955
BUSY TASK ewma=997
DMA IRQ c0=0
DMA IRQ c1=2
DMA IRQ c2=0
DMA IRQ c3=0
SELECT busy=30470
SELECT w0=30418
SELECT w1=13221
SELECT w2=15959
BUSY TASK ewma=997
DMA IRQ c0=0
DMA IRQ c1=2
DMA IRQ c2=0
DMA IRQ c3=0
SELECT busy=30478
SELECT w0=30427
SELECT w1=13225
SELECT w2=15963
BUSY TASK ewma=997
DMA IRQ c0=0
DMA IRQ c1=2
DMA IRQ c2=0
DMA IRQ c3=0
SELECT busy=30487
SELECT w0=30435
SELECT w1=13228
SELECT w2=15967
BUSY TASK ewma=997
DMA IRQ c0=0
DMA IRQ c1=2
DMA IRQ c2=0
DMA IRQ c3=0
SELECT busy=30496
SELECT w0=30444
SELECT w1=13232
SELECT w2=15971
BUSY TASK ewma=997
DMA IRQ c0=0
DMA IRQ c1=2
DMA IRQ c2=0
DMA IRQ c3=0
SELECT busy=30504
SELECT w0=30452
SELECT w1=13235
SELECT w2=15976
BUSY TASK ewma=997
DMA IRQ c0=0
DMA IRQ c1=2
DMA IRQ c2=0
DMA IRQ c3=0
SELECT busy=30513
SELECT w0=30461
SELECT w1=13238
SELECT w2=15980
BUSY TASK ewma=997
DMA IRQ c0=0
DMA IRQ c1=2
DMA IRQ c2=0
DMA IRQ c3=0
SELECT busy=30521
SELECT w0=30469
SELECT w1=13242
SELECT w2=15984
BUSY TASK ewma=997
DMA IRQ c0=0
DMA IRQ c1=2
DMA IRQ c2=0
DMA IRQ c3=0
SELECT busy=30530
SELECT w0=30478
SELECT w1=13245
SELECT w2=15988
BUSY TASK ewma=997
DMA IRQ c0=0
DMA IRQ c1=2
DMA IRQ c2=0
DMA IRQ c3=0
SELECT busy=30538
SELECT w0=30487
SELECT w1=13249
SELECT w2=15992
BUSY TASK ewma=997
DMA IRQ c0=0
DMA IRQ c1=2
DMA IRQ c2=0
DMA IRQ c3=0
SELECT busy=30547
SELECT w0=30495
SELECT w1=13252
SELECT w2=15996
BUSY TASK ewma=997
DMA IRQ c0=0
DMA IRQ c1=2
DMA IRQ c2=0
DMA IRQ c3=0
SELECT busy=30556
SELECT w0=30504
SELECT w1=13255
SELECT w2=16000
BUSY TASK ewma=997
DMA IRQ c0=0
DMA IRQ c1=2
DMA IRQ c2=0
DMA IRQ c3=0
SELECT busy=30564
SELECT w0=30512
SELECT w1=13259
SELECT w2=16004
BUSY TASK ewma=997
DMA IRQ c0=0
DMA IRQ c1=2
DMA IRQ c2=0
DMA IRQ c3=0
SELECT busy=30573
SELECT w0=30521
SELECT w1=13262
SELECT w2=16008
BUSY TASK ewma=997
DMA IRQ c0=0
DMA IRQ c1=2
DMA IRQ c2=0
DMA IRQ c3=0
SELECT busy=30582
SELECT w0=30530
SELECT w1=13266
SELECT w2=16012
BUSY TASK ewma=997
DMA IRQ c0=0
DMA IRQ c1=2
DMA IRQ c2=0
DMA IRQ c3=0
SELECT busy=30590
SELECT w0=30539
SELECT w1=13270
SELECT w2=16017
BUSY TASK ewma=997
DMA IRQ c0=0
DMA IRQ c1=2
DMA IRQ c2=0
DMA IRQ c3=0
SELECT busy=30599
SELECT w0=30547
SELECT w1=13273
SELECT w2=16021
BUSY TASK ewma=997
DMA IRQ c0=0
DMA IRQ c1=2
DMA IRQ c2=0
DMA IRQ c3=0
SELECT busy=30608
SELECT w0=30556
SELECT w1=13276
SELECT w2=16025
BUSY TASK ewma=997
DMA IRQ c0=0
DMA IRQ c1=2
DMA IRQ c2=0
DMA IRQ c3=0
SELECT busy=30616
SELECT w0=30564
SELECT w1=13280
SELECT w2=16029
BUSY TASK ewma=997
DMA IRQ c0=0
DMA IRQ c1=2
DMA IRQ c2=0
DMA IRQ c3=0
SELECT busy=30625
SELECT w0=30573
SELECT w1=13283
SELECT w2=16033
BUSY TASK ewma=997
DMA IRQ c0=0
DMA IRQ c1=2
DMA IRQ c2=0
DMA IRQ c3=0
SELECT busy=30633
SELECT w0=30582
SELECT w1=13287
SELECT w2=16037
BUSY TASK ewma=997
DMA IRQ c0=0
DMA IRQ c1=2
DMA IRQ c2=0
DMA IRQ c3=0
SELECT busy=30642
SELECT w0=30590
SELECT w1=13290
SELECT w2=16041
BUSY TASK ewma=997
DMA IRQ c0=0
DMA IRQ c1=2
DMA IRQ c2=0
DMA IRQ c3=0
SELECT busy=30651
SELECT w0=30599
SELECT w1=13293
SELECT w2=16045
BUSY TASK ewma=997
DMA IRQ c0=0
DMA IRQ c1=2
DMA IRQ c2=0
DMA IRQ c3=0
SELECT busy=30659
SELECT w0=30607
SELECT w1=13296
SELECT w2=16050
BUSY TASK ewma=997
DMA IRQ c0=0
DMA IRQ c1=2
DMA IRQ c2=0
DMA IRQ c3=0
SELECT busy=30668
SELECT w0=30616
SELECT w1=13300
SELECT w2=16053
BUSY TASK ewma=997
DMA IRQ c0=0
DMA IRQ c1=2
DMA IRQ c2=0
DMA IRQ c3=0
SELECT busy=30676
SELECT w0=30625
SELECT w1=13303
SELECT w2=16058
BUSY TASK ewma=997
DMA IRQ c0=0
DMA IRQ c1=2
DMA IRQ c2=0
DMA IRQ c3=0
SELECT busy=30685
SELECT w0=30633
SELECT w1=13306
SELECT w2=16062
BUSY TASK ewma=997
DMA IRQ c0=0
DMA IRQ c1=2
DMA IRQ c2=0
DMA IRQ c3=0
SELECT busy=30694
SELECT w0=30642
SELECT w1=13310
SELECT w2=16066
BUSY TASK ewma=997
DMA IRQ c0=0
DMA IRQ c1=2
DMA IRQ c2=0
DMA IRQ c3=0
SELECT busy=30702
SELECT w0=30651
SELECT w1=13313
SELECT w2=16070
BUSY TASK ewma=997
DMA IRQ c0=0
DMA IRQ c1=2
DMA IRQ c2=0
DMA IRQ c3=0
SELECT busy=30711
SELECT w0=30659
SELECT w1=13316
SELECT w2=16074
BUSY TASK ewma=997
DMA IRQ c0=0
DMA IRQ c1=2
DMA IRQ c2=0
DMA IRQ c3=0
SELECT busy=30719
SELECT w0=30667
SELECT w1=13320
SELECT w2=16078
BUSY TASK ewma=997
DMA IRQ c0=0
DMA IRQ c1=2
DMA IRQ c2=0
DMA IRQ c3=0
SELECT busy=30728
SELECT w0=30676
SELECT w1=13323
SELECT w2=16082
BUSY TASK ewma=997
DMA IRQ c0=0
DMA IRQ c1=2
DMA IRQ c2=0
DMA IRQ c3=0
SELECT busy=30737
SELECT w0=30685
SELECT w1=13326
SELECT w2=16086
BUSY TASK ewma=997
DMA IRQ c0=0
DMA IRQ c1=2
DMA IRQ c2=0
DMA IRQ c3=0
SELECT busy=30746
SELECT w0=30694
SELECT w1=13330
SELECT w2=16091
BUSY TASK ewma=997
DMA IRQ c0=0
DMA IRQ c1=2
DMA IRQ c2=0
DMA IRQ c3=0
SELECT busy=30754
SELECT w0=30702
SELECT w1=13333
SELECT w2=16095
BUSY TASK ewma=997
DMA IRQ c0=0
DMA IRQ c1=2
DMA IRQ c2=0
DMA IRQ c3=0
SELECT busy=30763
SELECT w0=30711
SELECT w1=13336
SELECT w2=16099
BUSY TASK ewma=997
DMA IRQ c0=0
DMA IRQ c1=2
DMA IRQ c2=0
DMA IRQ c3=0
SELECT busy=30772
SELECT w0=30720
SELECT w1=13340
SELECT w2=16103
BUSY TASK ewma=997
IRQ counts: cpu0=61493 cpu1=59199 cpu2=58738 cpu3=57908
SCHED secondaries: calls=175848 unexpected=0
SECTEST switches=175830 cpu1=1013142838,1016113257 cpu2=826990057,834084936 cpu3=1264400964,1270883143
PINGPONG rounds=2000 pongs=2000
DMA IRQ c0=0
DMA IRQ c1=2
DMA IRQ c2=0
DMA IRQ c3=0
SELECT busy=30789
SELECT w0=30737
SELECT w1=13346
SELECT w2=16111
BUSY TASK ewma=997
DMA IRQ c0=0
DMA IRQ c1=2
DMA IRQ c2=0
DMA IRQ c3=0
SELECT busy=30800
SELECT w0=30748
SELECT w1=13351
SELECT w2=16117
BUSY TASK ewma=997
DMA IRQ c0=0
DMA IRQ c1=2
DMA IRQ c2=0
DMA IRQ c3=0
SELECT busy=30811
SELECT w0=30759
SELECT w1=13355
SELECT w2=16122
BUSY TASK ewma=997
DMA IRQ c0=0
DMA IRQ c1=2
DMA IRQ c2=0
DMA IRQ c3=0
SELECT busy=30822
SELECT w0=30771
SELECT w1=13359
SELECT w2=16128
BUSY TASK ewma=997
DMA IRQ c0=0
DMA IRQ c1=2
DMA IRQ c2=0
DMA IRQ c3=0
SELECT busy=30834
SELECT w0=30782
SELECT w1=13364
SELECT w2=16133
BUSY TASK ewma=997
DMA IRQ c0=0
DMA IRQ c1=2
DMA IRQ c2=0
DMA IRQ c3=0
SELECT busy=30845
SELECT w0=30793
SELECT w1=13368
SELECT w2=16138
BUSY TASK ewma=997
DMA IRQ c0=0
DMA IRQ c1=2
DMA IRQ c2=0
DMA IRQ c3=0
SELECT busy=30856
SELECT w0=30804
SELECT w1=13372
SELECT w2=16143
BUSY TASK ewma=997
DMA IRQ c0=0
DMA IRQ c1=2
DMA IRQ c2=0
DMA IRQ c3=0
SELECT busy=30867
SELECT w0=30815
SELECT w1=13376
SELECT w2=16149
BUSY TASK ewma=997
DMA IRQ c0=0
DMA IRQ c1=2
DMA IRQ c2=0
DMA IRQ c3=0
SELECT busy=30878
SELECT w0=30826
SELECT w1=13381
SELECT w2=16154
BUSY TASK ewma=997
DMA IRQ c0=0
DMA IRQ c1=2
DMA IRQ c2=0
DMA IRQ c3=0
SELECT busy=30889
SELECT w0=30837
SELECT w1=13385
SELECT w2=16160
BUSY TASK ewma=997
DMA IRQ c0=0
DMA IRQ c1=2
DMA IRQ c2=0
DMA IRQ c3=0
SELECT busy=30901
SELECT w0=30849
SELECT w1=13389
SELECT w2=16165
BUSY TASK ewma=997
DMA IRQ c0=0
DMA IRQ c1=2
DMA IRQ c2=0
DMA IRQ c3=0
SELECT busy=30912
SELECT w0=30860
SELECT w1=13394
SELECT w2=16170
BUSY TASK ewma=997
DMA IRQ c0=0
DMA IRQ c1=2
DMA IRQ c2=0
DMA IRQ c3=0
SELECT busy=30923
SELECT w0=30872
SELECT w1=13398
SELECT w2=16176
BUSY TASK ewma=997
DMA IRQ c0=0
DMA IRQ c1=2
DMA IRQ c2=0
DMA IRQ c3=0
SELECT busy=30935
SELECT w0=30883
SELECT w1=13403
SELECT w2=16181
BUSY TASK ewma=997
DMA IRQ c0=0
DMA IRQ c1=2
DMA IRQ c2=0
DMA IRQ c3=0
SELECT busy=30946
SELECT w0=30894
SELECT w1=13407
SELECT w2=16186
BUSY TASK ewma=997
DMA IRQ c0=0
DMA IRQ c1=2
DMA IRQ c2=0
DMA IRQ c3=0
SELECT busy=30956
SELECT w0=30904
SELECT w1=13411
SELECT w2=16191
BUSY TASK ewma=997
DMA IRQ c0=0
DMA IRQ c1=2
DMA IRQ c2=0
DMA IRQ c3=0
SELECT busy=30968
SELECT w0=30916
SELECT w1=13416
SELECT w2=16197
BUSY TASK ewma=997
DMA IRQ c0=0
DMA IRQ c1=2
DMA IRQ c2=0
DMA IRQ c3=0
SELECT busy=30979
SELECT w0=30927
SELECT w1=13420
SELECT w2=16202
BUSY TASK ewma=997
DMA IRQ c0=0
DMA IRQ c1=2
DMA IRQ c2=0
DMA IRQ c3=0
SELECT busy=30991
SELECT w0=30939
SELECT w1=13425
SELECT w2=16208
BUSY TASK ewma=997
DMA IRQ c0=0
DMA IRQ c1=2
DMA IRQ c2=0
DMA IRQ c3=0
SELECT busy=31001
SELECT w0=30949
SELECT w1=13429
SELECT w2=16213
BUSY TASK ewma=997
DMA IRQ c0=0
DMA IRQ c1=2
DMA IRQ c2=0
DMA IRQ c3=0
SELECT busy=31012
SELECT w0=30961
SELECT w1=13433
SELECT w2=16219
BUSY TASK ewma=997
DMA IRQ c0=0
DMA IRQ c1=2
DMA IRQ c2=0
DMA IRQ c3=0
SELECT busy=31023
SELECT w0=30972
SELECT w1=13437
SELECT w2=16224
BUSY TASK ewma=997
DMA IRQ c0=0
DMA IRQ c1=2
DMA IRQ c2=0
DMA IRQ c3=0
SELECT busy=31035
SELECT w0=30983
SELECT w1=13441
SELECT w2=16229
BUSY TASK ewma=997
DMA IRQ c0=0
DMA IRQ c1=2
DMA IRQ c2=0
DMA IRQ c3=0
SELECT busy=31046
SELECT w0=30994
SELECT w1=13446
SELECT w2=16235
BUSY TASK ewma=997
DMA IRQ c0=0
DMA IRQ c1=2
DMA IRQ c2=0
DMA IRQ c3=0
SELECT busy=31057
SELECT w0=31006
SELECT w1=13450
SELECT w2=16240
BUSY TASK ewma=997
DMA IRQ c0=0
DMA IRQ c1=2
DMA IRQ c2=0
DMA IRQ c3=0
SELECT busy=31069
SELECT w0=31017
SELECT w1=13454
SELECT w2=16245
BUSY TASK ewma=997
DMA IRQ c0=0
DMA IRQ c1=2
DMA IRQ c2=0
DMA IRQ c3=0
SELECT busy=31080
SELECT w0=31028
SELECT w1=13459
SELECT w2=16251
BUSY TASK ewma=997
DMA IRQ c0=0
DMA IRQ c1=2
DMA IRQ c2=0
DMA IRQ c3=0
SELECT busy=31091
SELECT w0=31039
SELECT w1=13463
SELECT w2=16256
BUSY TASK ewma=997
DMA IRQ c0=0
DMA IRQ c1=2
DMA IRQ c2=0
DMA IRQ c3=0
SELECT busy=31102
SELECT w0=31050
SELECT w1=13467
SELECT w2=16261
BUSY TASK ewma=997
DMA IRQ c0=0
DMA IRQ c1=2
DMA IRQ c2=0
DMA IRQ c3=0
SELECT busy=31113
SELECT w0=31061
SELECT w1=13472
SELECT w2=16266
BUSY TASK ewma=997
DMA IRQ c0=0
DMA IRQ c1=2
DMA IRQ c2=0
DMA IRQ c3=0
SELECT busy=31125
SELECT w0=31073
SELECT w1=13476
SELECT w2=16272
BUSY TASK ewma=997
DMA IRQ c0=0
DMA IRQ c1=2
DMA IRQ c2=0
DMA IRQ c3=0
SELECT busy=31136
SELECT w0=31084
SELECT w1=13481
SELECT w2=16277
BUSY TASK ewma=997
DMA IRQ c0=0
DMA IRQ c1=2
DMA IRQ c2=0
DMA IRQ c3=0
SELECT busy=31147
SELECT w0=31095
SELECT w1=13485
SELECT w2=16282
BUSY TASK ewma=997
DMA IRQ c0=0
DMA IRQ c1=2
DMA IRQ c2=0
DMA IRQ c3=0
SELECT busy=31158
SELECT w0=31106
SELECT w1=13489
SELECT w2=16288
BUSY TASK ewma=997
DMA IRQ c0=0
DMA IRQ c1=2
DMA IRQ c2=0
DMA IRQ c3=0
SELECT busy=31169
SELECT w0=31117
SELECT w1=13494
SELECT w2=16293
BUSY TASK ewma=997
DMA IRQ c0=0
DMA IRQ c1=2
DMA IRQ c2=0
DMA IRQ c3=0
SELECT busy=31180
SELECT w0=31128
SELECT w1=13498
SELECT w2=16299
BUSY TASK ewma=997
DMA IRQ c0=0
DMA IRQ c1=2
DMA IRQ c2=0
DMA IRQ c3=0
SELECT busy=31191
SELECT w0=31139
SELECT w1=13502
SELECT w2=16304
BUSY TASK ewma=997
DMA IRQ c0=0
DMA IRQ c1=2
DMA IRQ c2=0
DMA IRQ c3=0
SELECT busy=31202
SELECT w0=31151
SELECT w1=13506
SELECT w2=16309
BUSY TASK ewma=997
DMA IRQ c0=0
DMA IRQ c1=2
DMA IRQ c2=0
DMA IRQ c3=0
SELECT busy=31214
SELECT w0=31162
SELECT w1=13511
SELECT w2=16314
BUSY TASK ewma=997
DMA IRQ c0=0
DMA IRQ c1=2
DMA IRQ c2=0
DMA IRQ c3=0
SELECT busy=31226
SELECT w0=31174
SELECT w1=13516
SELECT w2=16320
BUSY TASK ewma=997
DMA IRQ c0=0
DMA IRQ c1=2
DMA IRQ c2=0
DMA IRQ c3=0
SELECT busy=31237
SELECT w0=31185
SELECT w1=13520
SELECT w2=16325
BUSY TASK ewma=997
DMA IRQ c0=0
DMA IRQ c1=2
DMA IRQ c2=0
DMA IRQ c3=0
SELECT busy=31248
SELECT w0=31197
SELECT w1=13524
SELECT w2=16331
BUSY TASK ewma=997
DMA IRQ c0=0
DMA IRQ c1=2
DMA IRQ c2=0
DMA IRQ c3=0
SELECT busy=31259
SELECT w0=31208
SELECT w1=13528
SELECT w2=16336
BUSY TASK ewma=997
DMA IRQ c0=0
DMA IRQ c1=2
DMA IRQ c2=0
DMA IRQ c3=0
SELECT busy=31271
SELECT w0=31219
SELECT w1=13533
SELECT w2=16341
BUSY TASK ewma=997
DMA IRQ c0=0
DMA IRQ c1=2
DMA IRQ c2=0
DMA IRQ c3=0
SELECT busy=31282
SELECT w0=31230
SELECT w1=13537
SELECT w2=16346
BUSY TASK ewma=997
DMA IRQ c0=0
DMA IRQ c1=2
DMA IRQ c2=0
DMA IRQ c3=0
SELECT busy=31293
SELECT w0=31241
SELECT w1=13541
SELECT w2=16352
BUSY TASK ewma=997
DMA IRQ c0=0
DMA IRQ c1=2
DMA IRQ c2=0
DMA IRQ c3=0
SELECT busy=31304
SELECT w0=31252
SELECT w1=13545
SELECT w2=16357
BUSY TASK ewma=997
DMA IRQ c0=0
DMA IRQ c1=2
DMA IRQ c2=0
DMA IRQ c3=0
SELECT busy=31315
SELECT w0=31263
SELECT w1=13550
SELECT w2=16363
BUSY TASK ewma=997
DMA IRQ c0=0
DMA IRQ c1=2
DMA IRQ c2=0
DMA IRQ c3=0
SELECT busy=31326
SELECT w0=31274
SELECT w1=13554
SELECT w2=16367
BUSY TASK ewma=997
DMA IRQ c0=0
DMA IRQ c1=2
DMA IRQ c2=0
DMA IRQ c3=0
SELECT busy=31335
SELECT w0=31283
SELECT w1=13557
SELECT w2=16372
BUSY TASK ewma=997
DMA IRQ c0=0
DMA IRQ c1=2
DMA IRQ c2=0
DMA IRQ c3=0
SELECT busy=31344
SELECT w0=31292
SELECT w1=13561
SELECT w2=16376
BUSY TASK ewma=997
DMA IRQ c0=0
DMA IRQ c1=2
DMA IRQ c2=0
DMA IRQ c3=0
SELECT busy=31352
SELECT w0=31301
SELECT w1=13564
SELECT w2=16380
BUSY TASK ewma=997
DMA IRQ c0=0
DMA IRQ c1=2
DMA IRQ c2=0
DMA IRQ c3=0
SELECT busy=31364
SELECT w0=31312
SELECT w1=13568
SELECT w2=16386
BUSY TASK ewma=997
DMA IRQ c0=0
DMA IRQ c1=2
DMA IRQ c2=0
DMA IRQ c3=0
SELECT busy=31376
SELECT w0=31324
SELECT w1=13573
SELECT w2=16391
BUSY TASK ewma=997
DMA IRQ c0=0
DMA IRQ c1=2
DMA IRQ c2=0
DMA IRQ c3=0
SELECT busy=31387
SELECT w0=31335
SELECT w1=13577
SELECT w2=16396
BUSY TASK ewma=997
DMA IRQ c0=0
DMA IRQ c1=2
DMA IRQ c2=0
DMA IRQ c3=0
SELECT busy=31396
SELECT w0=31344
SELECT w1=13580
SELECT w2=16401
BUSY TASK ewma=997
DMA IRQ c0=0
DMA IRQ c1=2
DMA IRQ c2=0
DMA IRQ c3=0
SELECT busy=31404
SELECT w0=31352
SELECT w1=13584
SELECT w2=16405
BUSY TASK ewma=997
DMA IRQ c0=0
DMA IRQ c1=2
DMA IRQ c2=0
DMA IRQ c3=0
SELECT busy=31413
SELECT w0=31361
SELECT w1=13587
SELECT w2=16409
BUSY TASK ewma=997
DMA IRQ c0=0
DMA IRQ c1=2
DMA IRQ c2=0
DMA IRQ c3=0
SELECT busy=31422
SELECT w0=31370
SELECT w1=13590
SELECT w2=16413
BUSY TASK ewma=997
DMA IRQ c0=0
DMA IRQ c1=2
DMA IRQ c2=0
DMA IRQ c3=0
SELECT busy=31430
SELECT w0=31379
SELECT w1=13594
SELECT w2=16417
BUSY TASK ewma=997
DMA IRQ c0=0
DMA IRQ c1=2
DMA IRQ c2=0
DMA IRQ c3=0
SELECT busy=31439
SELECT w0=31387
SELECT w1=13597
SELECT w2=16422
BUSY TASK ewma=997
DMA IRQ c0=0
DMA IRQ c1=2
DMA IRQ c2=0
DMA IRQ c3=0
SELECT busy=31450
SELECT w0=31398
SELECT w1=13601
SELECT w2=16427
BUSY TASK ewma=997
DMA IRQ c0=0
DMA IRQ c1=2
DMA IRQ c2=0
DMA IRQ c3=0
SELECT busy=31462
SELECT w0=31410
SELECT w1=13606
SELECT w2=16432
BUSY TASK ewma=997
DMA IRQ c0=0
DMA IRQ c1=2
DMA IRQ c2=0
DMA IRQ c3=0
SELECT busy=31474
SELECT w0=31423
SELECT w1=13611
SELECT w2=16438
BUSY TASK ewma=997
IRQ counts: cpu0=62893 cpu1=60547 cpu2=60072 cpu3=59225
SCHED secondaries: calls=179845 unexpected=0
SECTEST switches=179825 cpu1=1033537989,1036622225 cpu2=843644578,850762706 cpu3=1288996099,1295777257
PINGPONG rounds=2000 pongs=2000
DMA IRQ c0=0
DMA IRQ c1=2
DMA IRQ c2=0
DMA IRQ c3=0
SELECT busy=31488
SELECT w0=31436
SELECT w1=13616
SELECT w2=16444
BUSY TASK ewma=997
DMA IRQ c0=0
DMA IRQ c1=2
DMA IRQ c2=0
DMA IRQ c3=0
SELECT busy=31499
SELECT w0=31447
SELECT w1=13620
SELECT w2=16450
BUSY TASK ewma=997
DMA IRQ c0=0
DMA IRQ c1=2
DMA IRQ c2=0
DMA IRQ c3=0
SELECT busy=31510
SELECT w0=31458
SELECT w1=13624
SELECT w2=16455
BUSY TASK ewma=997
DMA IRQ c0=0
DMA IRQ c1=2
DMA IRQ c2=0
DMA IRQ c3=0
SELECT busy=31522
SELECT w0=31470
SELECT w1=13629
SELECT w2=16460
BUSY TASK ewma=997
DMA IRQ c0=0
DMA IRQ c1=2
DMA IRQ c2=0
DMA IRQ c3=0
SELECT busy=31533
SELECT w0=31481
SELECT w1=13633
SELECT w2=16466
BUSY TASK ewma=997
DMA IRQ c0=0
DMA IRQ c1=2
DMA IRQ c2=0
DMA IRQ c3=0
SELECT busy=31545
SELECT w0=31493
SELECT w1=13638
SELECT w2=16472
BUSY TASK ewma=997
DMA IRQ c0=0
DMA IRQ c1=2
DMA IRQ c2=0
DMA IRQ c3=0
SELECT busy=31556
SELECT w0=31504
SELECT w1=13642
SELECT w2=16477
BUSY TASK ewma=997
DMA IRQ c0=0
DMA IRQ c1=2
DMA IRQ c2=0
DMA IRQ c3=0
SELECT busy=31567
SELECT w0=31515
SELECT w1=13646
SELECT w2=16483
BUSY TASK ewma=997
DMA IRQ c0=0
DMA IRQ c1=2
DMA IRQ c2=0
DMA IRQ c3=0
SELECT busy=31579
SELECT w0=31527
SELECT w1=13651
SELECT w2=16488
BUSY TASK ewma=997
DMA IRQ c0=0
DMA IRQ c1=2
DMA IRQ c2=0
DMA IRQ c3=0
SELECT busy=31591
SELECT w0=31539
SELECT w1=13656
SELECT w2=16494
BUSY TASK ewma=997
DMA IRQ c0=0
DMA IRQ c1=2
DMA IRQ c2=0
DMA IRQ c3=0
SELECT busy=31603
SELECT w0=31551
SELECT w1=13660
SELECT w2=16500
BUSY TASK ewma=997
DMA IRQ c0=0
DMA IRQ c1=2
DMA IRQ c2=0
DMA IRQ c3=0
SELECT busy=31615
SELECT w0=31563
SELECT w1=13665
SELECT w2=16506
BUSY TASK ewma=997
DMA IRQ c0=0
DMA IRQ c1=2
DMA IRQ c2=0
DMA IRQ c3=0
SELECT busy=31627
SELECT w0=31575
SELECT w1=13670
SELECT w2=16511
BUSY TASK ewma=997
DMA IRQ c0=0
DMA IRQ c1=2
DMA IRQ c2=0
DMA IRQ c3=0
SELECT busy=31639
SELECT w0=31587
SELECT w1=13675
SELECT w2=16517
BUSY TASK ewma=997
DMA IRQ c0=0
DMA IRQ c1=2
DMA IRQ c2=0
DMA IRQ c3=0
SELECT busy=31651
SELECT w0=31599
SELECT w1=13679
SELECT w2=16523
BUSY TASK ewma=997
DMA IRQ c0=0
DMA IRQ c1=2
DMA IRQ c2=0
DMA IRQ c3=0
SELECT busy=31663
SELECT w0=31611
SELECT w1=13684
SELECT w2=16529
BUSY TASK ewma=997
DMA IRQ c0=0
DMA IRQ c1=2
DMA IRQ c2=0
DMA IRQ c3=0
SELECT busy=31675
SELECT w0=31623
SELECT w1=13689
SELECT w2=16535
BUSY TASK ewma=997
DMA IRQ c0=0
DMA IRQ c1=2
DMA IRQ c2=0
DMA IRQ c3=0
SELECT busy=31686
SELECT w0=31634
SELECT w1=13693
SELECT w2=16540
BUSY TASK ewma=997
DMA IRQ c0=0
DMA IRQ c1=2
DMA IRQ c2=0
DMA IRQ c3=0
SELECT busy=31697
SELECT w0=31645
SELECT w1=13697
SELECT w2=16545
BUSY TASK ewma=997
DMA IRQ c0=0
DMA IRQ c1=2
DMA IRQ c2=0
DMA IRQ c3=0
SELECT busy=31708
SELECT w0=31656
SELECT w1=13701
SELECT w2=16550
BUSY TASK ewma=997
DMA IRQ c0=0
DMA IRQ c1=2
DMA IRQ c2=0
DMA IRQ c3=0
SELECT busy=31719
SELECT w0=31667
SELECT w1=13705
SELECT w2=16555
BUSY TASK ewma=997
DMA IRQ c0=0
DMA IRQ c1=2
DMA IRQ c2=0
DMA IRQ c3=0
SELECT busy=31730
SELECT w0=31678
SELECT w1=13710
SELECT w2=16560
BUSY TASK ewma=997
DMA IRQ c0=0
DMA IRQ c1=2
DMA IRQ c2=0
DMA IRQ c3=0
SELECT busy=31741
SELECT w0=31689
SELECT w1=13714
SELECT w2=16566
BUSY TASK ewma=997
DMA IRQ c0=0
DMA IRQ c1=2
DMA IRQ c2=0
DMA IRQ c3=0
SELECT busy=31752
SELECT w0=31701
SELECT w1=13718
SELECT w2=16571
BUSY TASK ewma=997
DMA IRQ c0=0
DMA IRQ c1=2
DMA IRQ c2=0
DMA IRQ c3=0
SELECT busy=31764
SELECT w0=31712
SELECT w1=13723
SELECT w2=16577
BUSY TASK ewma=997
DMA IRQ c0=0
DMA IRQ c1=2
DMA IRQ c2=0
DMA IRQ c3=0
SELECT busy=31776
SELECT w0=31724
SELECT w1=13728
SELECT w2=16583
BUSY TASK ewma=997
DMA IRQ c0=0
DMA IRQ c1=2
DMA IRQ c2=0
DMA IRQ c3=0
SELECT busy=31788
SELECT w0=31736
SELECT w1=13732
SELECT w2=16589
BUSY TASK ewma=997
DMA IRQ c0=0
DMA IRQ c1=2
DMA IRQ c2=0
DMA IRQ c3=0
SELECT busy=31799
SELECT w0=31747
SELECT w1=13736
SELECT w2=16594
BUSY TASK ewma=997
DMA IRQ c0=0
DMA IRQ c1=2
DMA IRQ c2=0
DMA IRQ c3=0
SELECT busy=31810
SELECT w0=31758
SELECT w1=13740
SELECT w2=16599
BUSY TASK ewma=997
DMA IRQ c0=0
DMA IRQ c1=2
DMA IRQ c2=0
DMA IRQ c3=0
SELECT busy=31821
SELECT w0=31769
SELECT w1=13745
SELECT w2=16605
BUSY TASK ewma=997
DMA IRQ c0=0
DMA IRQ c1=2
DMA IRQ c2=0
DMA IRQ c3=0
SELECT busy=31832
SELECT w0=31780
SELECT w1=13749
SELECT w2=16610
BUSY TASK ewma=997
DMA IRQ c0=0
DMA IRQ c1=2
DMA IRQ c2=0
DMA IRQ c3=0
SELECT busy=31845
SELECT w0=31793
SELECT w1=13754
SELECT w2=16616
BUSY TASK ewma=997
DMA IRQ c0=0
DMA IRQ c1=2
DMA IRQ c2=0
DMA IRQ c3=0
SELECT busy=31857
SELECT w0=31805
SELECT w1=13759
SELECT w2=16622
BUSY TASK ewma=997
DMA IRQ c0=0
DMA IRQ c1=2
DMA IRQ c2=0
DMA IRQ c3=0
SELECT busy=31869
SELECT w0=31818
SELECT w1=13764
SELECT w2=16628
BUSY TASK ewma=997
DMA IRQ c0=0
DMA IRQ c1=2
DMA IRQ c2=0
DMA IRQ c3=0
SELECT busy=31882
SELECT w0=31830
SELECT w1=13768
SELECT w2=16634
BUSY TASK ewma=997
DMA IRQ c0=0
DMA IRQ c1=2
DMA IRQ c2=0
DMA IRQ c3=0
SELECT busy=31894
SELECT w0=31842
SELECT w1=13773
SELECT w2=16640
BUSY TASK ewma=997
DMA IRQ c0=0
DMA IRQ c1=2
DMA IRQ c2=0
DMA IRQ c3=0
SELECT busy=31906
SELECT w0=31854
SELECT w1=13778
SELECT w2=16646
BUSY TASK ewma=997
DMA IRQ c0=0
DMA IRQ c1=2
DMA IRQ c2=0
DMA IRQ c3=0
SELECT busy=31918
SELECT w0=31866
SELECT w1=13782
SELECT w2=16651
BUSY TASK ewma=997
DMA IRQ c0=0
DMA IRQ c1=2
DMA IRQ c2=0
DMA IRQ c3=0
SELECT busy=31930
SELECT w0=31878
SELECT w1=13787
SELECT w2=16657
BUSY TASK ewma=997
DMA IRQ c0=0
DMA IRQ c1=2
DMA IRQ c2=0
DMA IRQ c3=0
SELECT busy=31941
SELECT w0=31890
SELECT w1=13791
SELECT w2=16663
BUSY TASK ewma=997
DMA IRQ c0=0
DMA IRQ c1=2
DMA IRQ c2=0
DMA IRQ c3=0
SELECT busy=31951
SELECT w0=31899
SELECT w1=13795
SELECT w2=16667
BUSY TASK ewma=997
DMA IRQ c0=0
DMA IRQ c1=2
DMA IRQ c2=0
DMA IRQ c3=0
SELECT busy=31960
SELECT w0=31908
SELECT w1=13799
SELECT w2=16671
BUSY TASK ewma=997
DMA IRQ c0=0
DMA IRQ c1=2
DMA IRQ c2=0
DMA IRQ c3=0
SELECT busy=31969
SELECT w0=31917
SELECT w1=13802
SELECT w2=16676
BUSY TASK ewma=997
DMA IRQ c0=0
DMA IRQ c1=2
DMA IRQ c2=0
DMA IRQ c3=0
SELECT busy=31978
SELECT w0=31926
SELECT w1=13806
SELECT w2=16680
BUSY TASK ewma=997
DMA IRQ c0=0
DMA IRQ c1=2
DMA IRQ c2=0
DMA IRQ c3=0
SELECT busy=31987
SELECT w0=31935
SELECT w1=13809
SELECT w2=16685
BUSY TASK ewma=997
DMA IRQ c0=0
DMA IRQ c1=2
DMA IRQ c2=0
DMA IRQ c3=0
SELECT busy=31996
SELECT w0=31945
SELECT w1=13813
SELECT w2=16689
BUSY TASK ewma=997
DMA IRQ c0=0
DMA IRQ c1=2
DMA IRQ c2=0
DMA IRQ c3=0
SELECT busy=32006
SELECT w0=31954
SELECT w1=13817
SELECT w2=16694
BUSY TASK ewma=997
DMA IRQ c0=0
DMA IRQ c1=2
DMA IRQ c2=0
DMA IRQ c3=0
SELECT busy=32015
SELECT w0=31963
SELECT w1=13820
SELECT w2=16698
BUSY TASK ewma=997
DMA IRQ c0=0
DMA IRQ c1=2
DMA IRQ c2=0
DMA IRQ c3=0
SELECT busy=32024
SELECT w0=31972
SELECT w1=13824
SELECT w2=16702
BUSY TASK ewma=997
DMA IRQ c0=0
DMA IRQ c1=2
DMA IRQ c2=0
DMA IRQ c3=0
SELECT busy=32033
SELECT w0=31981
SELECT w1=13827
SELECT w2=16707
BUSY TASK ewma=997
DMA IRQ c0=0
DMA IRQ c1=2
DMA IRQ c2=0
DMA IRQ c3=0
SELECT busy=32042
SELECT w0=31990
SELECT w1=13830
SELECT w2=16712
BUSY TASK ewma=997
DMA IRQ c0=0
DMA IRQ c1=2
DMA IRQ c2=0
DMA IRQ c3=0
SELECT busy=32051
SELECT w0=32000
SELECT w1=13834
SELECT w2=16716
BUSY TASK ewma=997
DMA IRQ c0=0
DMA IRQ c1=2
DMA IRQ c2=0
DMA IRQ c3=0
SELECT busy=32061
SELECT w0=32009
SELECT w1=13838
SELECT w2=16721
BUSY TASK ewma=997
DMA IRQ c0=0
DMA IRQ c1=2
DMA IRQ c2=0
DMA IRQ c3=0
SELECT busy=32070
SELECT w0=32018
SELECT w1=13841
SELECT w2=16725
BUSY TASK ewma=997
DMA IRQ c0=0
DMA IRQ c1=2
DMA IRQ c2=0
DMA IRQ c3=0
SELECT busy=32079
SELECT w0=32028
SELECT w1=13845
SELECT w2=16729
BUSY TASK ewma=997
DMA IRQ c0=0
DMA IRQ c1=2
DMA IRQ c2=0
DMA IRQ c3=0
SELECT busy=32088
SELECT w0=32037
SELECT w1=13848
SELECT w2=16734
BUSY TASK ewma=997
DMA IRQ c0=0
DMA IRQ c1=2
DMA IRQ c2=0
DMA IRQ c3=0
SELECT busy=32097
SELECT w0=32046
SELECT w1=13852
SELECT w2=16738
BUSY TASK ewma=997
DMA IRQ c0=0
DMA IRQ c1=2
DMA IRQ c2=0
DMA IRQ c3=0
SELECT busy=32107
SELECT w0=32055
SELECT w1=13855
SELECT w2=16742
BUSY TASK ewma=997
DMA IRQ c0=0
DMA IRQ c1=2
DMA IRQ c2=0
DMA IRQ c3=0
SELECT busy=32116
SELECT w0=32064
SELECT w1=13859
SELECT w2=16747
BUSY TASK ewma=997
DMA IRQ c0=0
DMA IRQ c1=2
DMA IRQ c2=0
DMA IRQ c3=0
SELECT busy=32129
SELECT w0=32077
SELECT w1=13864
SELECT w2=16753
BUSY TASK ewma=997
DMA IRQ c0=0
DMA IRQ c1=2
DMA IRQ c2=0
DMA IRQ c3=0
SELECT busy=32141
SELECT w0=32089
SELECT w1=13869
SELECT w2=16759
BUSY TASK ewma=997
DMA IRQ c0=0
DMA IRQ c1=2
DMA IRQ c2=0
DMA IRQ c3=0
SELECT busy=32152
SELECT w0=32100
SELECT w1=13873
SELECT w2=16764
BUSY TASK ewma=997
DMA IRQ c0=0
DMA IRQ c1=2
DMA IRQ c2=0
DMA IRQ c3=0
SELECT busy=32164
SELECT w0=32112
SELECT w1=13877
SELECT w2=16770
BUSY TASK ewma=997
DMA IRQ c0=0
DMA IRQ c1=2
DMA IRQ c2=0
DMA IRQ c3=0
SELECT busy=32175
SELECT w0=32123
SELECT w1=13882
SELECT w2=16775
BUSY TASK ewma=997
IRQ counts: cpu0=64293 cpu1=61903 cpu2=61419 cpu3=60559
SCHED secondaries: calls=183884 unexpected=0
SECTEST switches=183864 cpu1=1055032059,1058216960 cpu2=861138912,868379454 cpu3=1315372442,1322343127
PINGPONG rounds=2000 pongs=2000
DMA IRQ c0=0
DMA IRQ c1=2
DMA IRQ c2=0
DMA IRQ c3=0
SELECT busy=32188
SELECT w0=32136
SELECT w1=13887
SELECT w2=16781
BUSY TASK ewma=997
DMA IRQ c0=0
DMA IRQ c1=2
DMA IRQ c2=0
DMA IRQ c3=0
SELECT busy=32200
SELECT w0=32148
SELECT w1=13891
SELECT w2=16787
BUSY TASK ewma=997
DMA IRQ c0=0
DMA IRQ c1=2
DMA IRQ c2=0
DMA IRQ c3=0
SELECT busy=32211
SELECT w0=32159
SELECT w1=13896
SELECT w2=16792
BUSY TASK ewma=997
DMA IRQ c0=0
DMA IRQ c1=2
DMA IRQ c2=0
DMA IRQ c3=0
SELECT busy=32222
SELECT w0=32170
SELECT w1=13900
SELECT w2=16797
BUSY TASK ewma=997
DMA IRQ c0=0
DMA IRQ c1=2
DMA IRQ c2=0
DMA IRQ c3=0
SELECT busy=32233
SELECT w0=32181
SELECT w1=13905
SELECT w2=16802
BUSY TASK ewma=997
DMA IRQ c0=0
DMA IRQ c1=2
DMA IRQ c2=0
DMA IRQ c3=0
SELECT busy=32242
SELECT w0=32190
SELECT w1=13908
SELECT w2=16807
BUSY TASK ewma=997
DMA IRQ c0=0
DMA IRQ c1=2
DMA IRQ c2=0
DMA IRQ c3=0
SELECT busy=32250
SELECT w0=32199
SELECT w1=13912
SELECT w2=16811
BUSY TASK ewma=997
DMA IRQ c0=0
DMA IRQ c1=2
DMA IRQ c2=0
DMA IRQ c3=0
SELECT busy=32259
SELECT w0=32207
SELECT w1=13915
SELECT w2=16815
BUSY TASK ewma=997
DMA IRQ c0=0
DMA IRQ c1=2
DMA IRQ c2=0
DMA IRQ c3=0
SELECT busy=32268
SELECT w0=32216
SELECT w1=13919
SELECT w2=16819
BUSY TASK ewma=997
DMA IRQ c0=0
DMA IRQ c1=2
DMA IRQ c2=0
DMA IRQ c3=0
SELECT busy=32277
SELECT w0=32225
SELECT w1=13922
SELECT w2=16823
BUSY TASK ewma=997
DMA IRQ c0=0
DMA IRQ c1=2
DMA IRQ c2=0
DMA IRQ c3=0
SELECT busy=32285
SELECT w0=32233
SELECT w1=13925
SELECT w2=16827
BUSY TASK ewma=997
DMA IRQ c0=0
DMA IRQ c1=2
DMA IRQ c2=0
DMA IRQ c3=0
SELECT busy=32294
SELECT w0=32242
SELECT w1=13929
SELECT w2=16831
BUSY TASK ewma=997
DMA IRQ c0=0
DMA IRQ c1=2
DMA IRQ c2=0
DMA IRQ c3=0
SELECT busy=32302
SELECT w0=32250
SELECT w1=13932
SELECT w2=16835
BUSY TASK ewma=997
DMA IRQ c0=0
DMA IRQ c1=2
DMA IRQ c2=0
DMA IRQ c3=0
SELECT busy=32311
SELECT w0=32259
SELECT w1=13936
SELECT w2=16840
BUSY TASK ewma=997
DMA IRQ c0=0
DMA IRQ c1=2
DMA IRQ c2=0
DMA IRQ c3=0
SELECT busy=32321
SELECT w0=32269
SELECT w1=13940
SELECT w2=16844
BUSY TASK ewma=997
DMA IRQ c0=0
DMA IRQ c1=2
DMA IRQ c2=0
DMA IRQ c3=0
SELECT busy=32331
SELECT w0=32279
SELECT w1=13944
SELECT w2=16849
BUSY TASK ewma=997
DMA IRQ c0=0
DMA IRQ c1=2
DMA IRQ c2=0
DMA IRQ c3=0
SELECT busy=32342
SELECT w0=32290
SELECT w1=13948
SELECT w2=16855
BUSY TASK ewma=997
DMA IRQ c0=0
DMA IRQ c1=2
DMA IRQ c2=0
DMA IRQ c3=0
SELECT busy=32353
SELECT w0=32301
SELECT w1=13953
SELECT w2=16860
BUSY TASK ewma=997
DMA IRQ c0=0
DMA IRQ c1=2
DMA IRQ c2=0
DMA IRQ c3=0
SELECT busy=32364
SELECT w0=32313
SELECT w1=13957
SELECT w2=16866
BUSY TASK ewma=997
DMA IRQ c0=0
DMA IRQ c1=2
DMA IRQ c2=0
DMA IRQ c3=0
SELECT busy=32376
SELECT w0=32324
SELECT w1=13962
SELECT w2=16871
BUSY TASK ewma=997
DMA IRQ c0=0
DMA IRQ c1=2
DMA IRQ c2=0
DMA IRQ c3=0
SELECT busy=32387
SELECT w0=32335
SELECT w1=13966
SELECT w2=16876
BUSY TASK ewma=997
DMA IRQ c0=0
DMA IRQ c1=2
DMA IRQ c2=0
DMA IRQ c3=0
SELECT busy=32398
SELECT w0=32347
SELECT w1=13970
SELECT w2=16882
BUSY TASK ewma=997
DMA IRQ c0=0
DMA IRQ c1=2
DMA IRQ c2=0
DMA IRQ c3=0
SELECT busy=32410
SELECT w0=32358
SELECT w1=13975
SELECT w2=16887
BUSY TASK ewma=997
DMA IRQ c0=0
DMA IRQ c1=2
DMA IRQ c2=0
DMA IRQ c3=0
SELECT busy=32421
SELECT w0=32369
SELECT w1=13979
SELECT w2=16893
BUSY TASK ewma=997
DMA IRQ c0=0
DMA IRQ c1=2
DMA IRQ c2=0
DMA IRQ c3=0
SELECT busy=32431
SELECT w0=32379
SELECT w1=13983
SELECT w2=16897
BUSY TASK ewma=997
DMA IRQ c0=0
DMA IRQ c1=2
DMA IRQ c2=0
DMA IRQ c3=0
SELECT busy=32440
SELECT w0=32388
SELECT w1=13986
SELECT w2=16901
BUSY TASK ewma=997
DMA IRQ c0=0
DMA IRQ c1=2
DMA IRQ c2=0
DMA IRQ c3=0
SELECT busy=32448
SELECT w0=32396
SELECT w1=13989
SELECT w2=16905
BUSY TASK ewma=997
DMA IRQ c0=0
DMA IRQ c1=2
DMA IRQ c2=0
DMA IRQ c3=0
SELECT busy=32457
SELECT w0=32405
SELECT w1=13993
SELECT w2=16910
BUSY TASK ewma=997
DMA IRQ c0=0
DMA IRQ c1=2
DMA IRQ c2=0
DMA IRQ c3=0
SELECT busy=32465
SELECT w0=32413
SELECT w1=13996
SELECT w2=16914
BUSY TASK ewma=997
DMA IRQ c0=0
DMA IRQ c1=2
DMA IRQ c2=0
DMA IRQ c3=0
SELECT busy=32474
SELECT w0=32422
SELECT w1=13999
SELECT w2=16918
BUSY TASK ewma=997
DMA IRQ c0=0
DMA IRQ c1=2
DMA IRQ c2=0
DMA IRQ c3=0
SELECT busy=32483
SELECT w0=32431
SELECT w1=14003
SELECT w2=16922
BUSY TASK ewma=997
DMA IRQ c0=0
DMA IRQ c1=2
DMA IRQ c2=0
DMA IRQ c3=0
SELECT busy=32491
SELECT w0=32439
SELECT w1=14006
SELECT w2=16926
BUSY TASK ewma=997
DMA IRQ c0=0
DMA IRQ c1=2
DMA IRQ c2=0
DMA IRQ c3=0
SELECT busy=32500
SELECT w0=32448
SELECT w1=14009
SELECT w2=16930
BUSY TASK ewma=997
DMA IRQ c0=0
DMA IRQ c1=2
DMA IRQ c2=0
DMA IRQ c3=0
SELECT busy=32508
SELECT w0=32456
SELECT w1=14012
SELECT w2=16934
BUSY TASK ewma=997
DMA IRQ c0=0
DMA IRQ c1=2
DMA IRQ c2=0
DMA IRQ c3=0
SELECT busy=32517
SELECT w0=32465
SELECT w1=14016
SELECT w2=16938
BUSY TASK ewma=997
DMA IRQ c0=0
DMA IRQ c1=2
DMA IRQ c2=0
DMA IRQ c3=0
SELECT busy=32526
SELECT w0=32474
SELECT w1=14019
SELECT w2=16943
BUSY TASK ewma=997
DMA IRQ c0=0
DMA IRQ c1=2
DMA IRQ c2=0
DMA IRQ c3=0
SELECT busy=32535
SELECT w0=32483
SELECT w1=14023
SELECT w2=16947
BUSY TASK ewma=997
DMA IRQ c0=0
DMA IRQ c1=2
DMA IRQ c2=0
DMA IRQ c3=0
SELECT busy=32543
SELECT w0=32491
SELECT w1=14026
SELECT w2=16951
BUSY TASK ewma=997
DMA IRQ c0=0
DMA IRQ c1=2
DMA IRQ c2=0
DMA IRQ c3=0
SELECT busy=32552
SELECT w0=32500
SELECT w1=14029
SELECT w2=16955
BUSY TASK ewma=997
DMA IRQ c0=0
DMA IRQ c1=2
DMA IRQ c2=0
DMA IRQ c3=0
SELECT busy=32560
SELECT w0=32508
SELECT w1=14032
SELECT w2=16959
BUSY TASK ewma=997
DMA IRQ c0=0
DMA IRQ c1=2
DMA IRQ c2=0
DMA IRQ c3=0
SELECT busy=32569
SELECT w0=32517
SELECT w1=14036
SELECT w2=16963
BUSY TASK ewma=997
DMA IRQ c0=0
DMA IRQ c1=2
DMA IRQ c2=0
DMA IRQ c3=0
SELECT busy=32578
SELECT w0=32526
SELECT w1=14039
SELECT w2=16967
BUSY TASK ewma=997
DMA IRQ c0=0
DMA IRQ c1=2
DMA IRQ c2=0
DMA IRQ c3=0
SELECT busy=32586
SELECT w0=32534
SELECT w1=14042
SELECT w2=16971
BUSY TASK ewma=997
DMA IRQ c0=0
DMA IRQ c1=2
DMA IRQ c2=0
DMA IRQ c3=0
SELECT busy=32595
SELECT w0=32543
SELECT w1=14046
SELECT w2=16975
BUSY TASK ewma=997
DMA IRQ c0=0
DMA IRQ c1=2
DMA IRQ c2=0
DMA IRQ c3=0
SELECT busy=32603
SELECT w0=32551
SELECT w1=14049
SELECT w2=16980
BUSY TASK ewma=997
DMA IRQ c0=0
DMA IRQ c1=2
DMA IRQ c2=0
DMA IRQ c3=0
SELECT busy=32612
SELECT w0=32560
SELECT w1=14052
SELECT w2=16984
BUSY TASK ewma=997
DMA IRQ c0=0
DMA IRQ c1=2
DMA IRQ c2=0
DMA IRQ c3=0
SELECT busy=32620
SELECT w0=32568
SELECT w1=14055
SELECT w2=16988
BUSY TASK ewma=997
DMA IRQ c0=0
DMA IRQ c1=2
DMA IRQ c2=0
DMA IRQ c3=0
SELECT busy=32629
SELECT w0=32577
SELECT w1=14059
SELECT w2=16992
BUSY TASK ewma=997
DMA IRQ c0=0
DMA IRQ c1=2
DMA IRQ c2=0
DMA IRQ c3=0
SELECT busy=32638
SELECT w0=32586
SELECT w1=14062
SELECT w2=16996
BUSY TASK ewma=997
DMA IRQ c0=0
DMA IRQ c1=2
DMA IRQ c2=0
DMA IRQ c3=0
SELECT busy=32646
SELECT w0=32594
SELECT w1=14065
SELECT w2=17000
BUSY TASK ewma=997
DMA IRQ c0=0
DMA IRQ c1=2
DMA IRQ c2=0
DMA IRQ c3=0
SELECT busy=32655
SELECT w0=32603
SELECT w1=14069
SELECT w2=17004
BUSY TASK ewma=997
DMA IRQ c0=0
DMA IRQ c1=2
DMA IRQ c2=0
DMA IRQ c3=0
SELECT busy=32664
SELECT w0=32612
SELECT w1=14072
SELECT w2=17008
BUSY TASK ewma=997
DMA IRQ c0=0
DMA IRQ c1=2
DMA IRQ c2=0
DMA IRQ c3=0
SELECT busy=32672
SELECT w0=32620
SELECT w1=14075
SELECT w2=17012
BUSY TASK ewma=997
DMA IRQ c0=0
DMA IRQ c1=2
DMA IRQ c2=0
DMA IRQ c3=0
SELECT busy=32681
SELECT w0=32629
SELECT w1=14079
SELECT w2=17016
BUSY TASK ewma=997
DMA IRQ c0=0
DMA IRQ c1=2
DMA IRQ c2=0
DMA IRQ c3=0
SELECT busy=32689
SELECT w0=32638
SELECT w1=14082
SELECT w2=17021
BUSY TASK ewma=997
DMA IRQ c0=0
DMA IRQ c1=2
DMA IRQ c2=0
DMA IRQ c3=0
SELECT busy=32698
SELECT w0=32646
SELECT w1=14085
SELECT w2=17025
BUSY TASK ewma=997
DMA IRQ c0=0
DMA IRQ c1=2
DMA IRQ c2=0
DMA IRQ c3=0
SELECT busy=32707
SELECT w0=32655
SELECT w1=14089
SELECT w2=17029
BUSY TASK ewma=997
DMA IRQ c0=0
DMA IRQ c1=2
DMA IRQ c2=0
DMA IRQ c3=0
SELECT busy=32715
SELECT w0=32663
SELECT w1=14092
SELECT w2=17033
BUSY TASK ewma=997
DMA IRQ c0=0
DMA IRQ c1=2
DMA IRQ c2=0
DMA IRQ c3=0
SELECT busy=32724
SELECT w0=32672
SELECT w1=14095
SELECT w2=17037
BUSY TASK ewma=997
DMA IRQ c0=0
DMA IRQ c1=2
DMA IRQ c2=0
DMA IRQ c3=0
SELECT busy=32733
SELECT w0=32681
SELECT w1=14099
SELECT w2=17041
BUSY TASK ewma=997
DMA IRQ c0=0
DMA IRQ c1=2
DMA IRQ c2=0
DMA IRQ c3=0
SELECT busy=32744
SELECT w0=32692
SELECT w1=14103
SELECT w2=17047
BUSY TASK ewma=997
DMA IRQ c0=0
DMA IRQ c1=2
DMA IRQ c2=0
DMA IRQ c3=0
SELECT busy=32755
SELECT w0=32703
SELECT w1=14107
SELECT w2=17052
BUSY TASK ewma=997
DMA IRQ c0=0
DMA IRQ c1=2
DMA IRQ c2=0
DMA IRQ c3=0
SELECT busy=32767
SELECT w0=32715
SELECT w1=14112
SELECT w2=17058
BUSY TASK ewma=997
DMA IRQ c0=0
DMA IRQ c1=2
DMA IRQ c2=0
DMA IRQ c3=0
SELECT busy=32778
SELECT w0=32726
SELECT w1=14116
SELECT w2=17063
BUSY TASK ewma=997
IRQ counts: cpu0=65499 cpu1=63074 cpu2=62572 cpu3=61700
SCHED secondaries: calls=187347 unexpected=0
SECTEST switches=187327 cpu1=1075236854,1078460157 cpu2=877759828,885308614 cpu3=1340256107,1347296402
PINGPONG rounds=2000 pongs=2000
DMA IRQ c0=0
DMA IRQ c1=2
DMA IRQ c2=0
DMA IRQ c3=0
SELECT busy=32791
SELECT w0=32740
SELECT w1=14121
SELECT w2=17069
BUSY TASK ewma=997
DMA IRQ c0=0
DMA IRQ c1=2
DMA IRQ c2=0
DMA IRQ c3=0
SELECT busy=32803
SELECT w0=32751
SELECT w1=14125
SELECT w2=17075
BUSY TASK ewma=997
DMA IRQ c0=0
DMA IRQ c1=2
DMA IRQ c2=0
DMA IRQ c3=0
SELECT busy=32814
SELECT w0=32762
SELECT w1=14130
SELECT w2=17080
BUSY TASK ewma=997
DMA IRQ c0=0
DMA IRQ c1=2
DMA IRQ c2=0
DMA IRQ c3=0
SELECT busy=32826
SELECT w0=32774
SELECT w1=14134
SELECT w2=17086
BUSY TASK ewma=997
DMA IRQ c0=0
DMA IRQ c1=2
DMA IRQ c2=0
DMA IRQ c3=0
SELECT busy=32837
SELECT w0=32785
SELECT w1=14139
SELECT w2=17092
BUSY TASK ewma=997
DMA IRQ c0=0
DMA IRQ c1=2
DMA IRQ c2=0
DMA IRQ c3=0
SELECT busy=32848
SELECT w0=32796
SELECT w1=14143
SELECT w2=17097
BUSY TASK ewma=997
DMA IRQ c0=0
DMA IRQ c1=2
DMA IRQ c2=0
DMA IRQ c3=0
SELECT busy=32860
SELECT w0=32808
SELECT w1=14148
SELECT w2=17103
BUSY TASK ewma=997
DMA IRQ c0=0
DMA IRQ c1=2
DMA IRQ c2=0
DMA IRQ c3=0
SELECT busy=32872
SELECT w0=32820
SELECT w1=14153
SELECT w2=17109
BUSY TASK ewma=997
DMA IRQ c0=0
DMA IRQ c1=2
DMA IRQ c2=0
DMA IRQ c3=0
SELECT busy=32884
SELECT w0=32832
SELECT w1=14157
SELECT w2=17115
BUSY TASK ewma=997
DMA IRQ c0=0
DMA IRQ c1=2
DMA IRQ c2=0
DMA IRQ c3=0
SELECT busy=32896
SELECT w0=32844
SELECT w1=14162
SELECT w2=17121
BUSY TASK ewma=997
DMA IRQ c0=0
DMA IRQ c1=2
DMA IRQ c2=0
DMA IRQ c3=0
SELECT busy=32908
SELECT w0=32856
SELECT w1=14166
SELECT w2=17126
BUSY TASK ewma=997
DMA IRQ c0=0
DMA IRQ c1=2
DMA IRQ c2=0
DMA IRQ c3=0
SELECT busy=32919
SELECT w0=32867
SELECT w1=14171
SELECT w2=17132
BUSY TASK ewma=997
DMA IRQ c0=0
DMA IRQ c1=2
DMA IRQ c2=0
DMA IRQ c3=0
SELECT busy=32930
SELECT w0=32878
SELECT w1=14175
SELECT w2=17137
BUSY TASK ewma=997
DMA IRQ c0=0
DMA IRQ c1=2
DMA IRQ c2=0
DMA IRQ c3=0
SELECT busy=32942
SELECT w0=32890
SELECT w1=14180
SELECT w2=17143
BUSY TASK ewma=997
DMA IRQ c0=0
DMA IRQ c1=2
DMA IRQ c2=0
DMA IRQ c3=0
SELECT busy=32954
SELECT w0=32902
SELECT w1=14184
SELECT w2=17149
BUSY TASK ewma=997
DMA IRQ c0=0
DMA IRQ c1=2
DMA IRQ c2=0
DMA IRQ c3=0
SELECT busy=32966
SELECT w0=32914
SELECT w1=14189
SELECT w2=17155
BUSY TASK ewma=997
DMA IRQ c0=0
DMA IRQ c1=2
DMA IRQ c2=0
DMA IRQ c3=0
SELECT busy=32978
SELECT w0=32926
SELECT w1=14194
SELECT w2=17161
BUSY TASK ewma=997
DMA IRQ c0=0
DMA IRQ c1=2
DMA IRQ c2=0
DMA IRQ c3=0
SELECT busy=32990
SELECT w0=32938
SELECT w1=14198
SELECT w2=17166
BUSY TASK ewma=997
DMA IRQ c0=0
DMA IRQ c1=2
DMA IRQ c2=0
DMA IRQ c3=0
SELECT busy=33002
SELECT w0=32950
SELECT w1=14203
SELECT w2=17172
BUSY TASK ewma=997
DMA IRQ c0=0
DMA IRQ c1=2
DMA IRQ c2=0
DMA IRQ c3=0
SELECT busy=33013
SELECT w0=32961
SELECT w1=14207
SELECT w2=17178
BUSY TASK ewma=997
DMA IRQ c0=0
DMA IRQ c1=2
DMA IRQ c2=0
DMA IRQ c3=0
SELECT busy=33022
SELECT w0=32971
SELECT w1=14211
SELECT w2=17182
BUSY TASK ewma=997
DMA IRQ c0=0
DMA IRQ c1=2
DMA IRQ c2=0
DMA IRQ c3=0
SELECT busy=33032
SELECT w0=32980
SELECT w1=14214
SELECT w2=17187
BUSY TASK ewma=997
DMA IRQ c0=0
DMA IRQ c1=2
DMA IRQ c2=0
DMA IRQ c3=0
SELECT busy=33041
SELECT w0=32989
SELECT w1=14218
SELECT w2=17191
BUSY TASK ewma=997
DMA IRQ c0=0
DMA IRQ c1=2
DMA IRQ c2=0
DMA IRQ c3=0
SELECT busy=33050
SELECT w0=32998
SELECT w1=14222
SELECT w2=17196
BUSY TASK ewma=997
DMA IRQ c0=0
DMA IRQ c1=2
DMA IRQ c2=0
DMA IRQ c3=0
SELECT busy=33059
SELECT w0=33008
SELECT w1=14225
SELECT w2=17200
BUSY TASK ewma=997
DMA IRQ c0=0
DMA IRQ c1=2
DMA IRQ c2=0
DMA IRQ c3=0
SELECT busy=33069
SELECT w0=33017
SELECT w1=14229
SELECT w2=17204
BUSY TASK ewma=997
DMA IRQ c0=0
DMA IRQ c1=2
DMA IRQ c2=0
DMA IRQ c3=0
SELECT busy=33078
SELECT w0=33026
SELECT w1=14232
SELECT w2=17209
BUSY TASK ewma=997
DMA IRQ c0=0
DMA IRQ c1=2
DMA IRQ c2=0
DMA IRQ c3=0
SELECT busy=33088
SELECT w0=33037
SELECT w1=14236
SELECT w2=17214
BUSY TASK ewma=997
DMA IRQ c0=0
DMA IRQ c1=2
DMA IRQ c2=0
DMA IRQ c3=0
SELECT busy=33100
SELECT w0=33048
SELECT w1=14241
SELECT w2=17219
BUSY TASK ewma=997
DMA IRQ c0=0
DMA IRQ c1=2
DMA IRQ c2=0
DMA IRQ c3=0
SELECT busy=33111
SELECT w0=33059
SELECT w1=14245
SELECT w2=17224
BUSY TASK ewma=997
DMA IRQ c0=0
DMA IRQ c1=2
DMA IRQ c2=0
DMA IRQ c3=0
SELECT busy=33123
SELECT w0=33071
SELECT w1=14250
SELECT w2=17230
BUSY TASK ewma=997
DMA IRQ c0=0
DMA IRQ c1=2
DMA IRQ c2=0
DMA IRQ c3=0
SELECT busy=33134
SELECT w0=33082
SELECT w1=14254
SELECT w2=17235
BUSY TASK ewma=997
DMA IRQ c0=0
DMA IRQ c1=2
DMA IRQ c2=0
DMA IRQ c3=0
SELECT busy=33146
SELECT w0=33094
SELECT w1=14258
SELECT w2=17241
BUSY TASK ewma=997
DMA IRQ c0=0
DMA IRQ c1=2
DMA IRQ c2=0
DMA IRQ c3=0
SELECT busy=33157
SELECT w0=33105
SELECT w1=14262
SELECT w2=17246
BUSY TASK ewma=997
DMA IRQ c0=0
DMA IRQ c1=2
DMA IRQ c2=0
DMA IRQ c3=0
SELECT busy=33169
SELECT w0=33117
SELECT w1=14267
SELECT w2=17251
BUSY TASK ewma=997
DMA IRQ c0=0
DMA IRQ c1=2
DMA IRQ c2=0
DMA IRQ c3=0
SELECT busy=33180
SELECT w0=33128
SELECT w1=14271
SELECT w2=17257
BUSY TASK ewma=997
DMA IRQ c0=0
DMA IRQ c1=2
DMA IRQ c2=0
DMA IRQ c3=0
SELECT busy=33191
SELECT w0=33139
SELECT w1=14275
SELECT w2=17262
BUSY TASK ewma=997
DMA IRQ c0=0
DMA IRQ c1=2
DMA IRQ c2=0
DMA IRQ c3=0
SELECT busy=33202
SELECT w0=33151
SELECT w1=14280
SELECT w2=17267
BUSY TASK ewma=997
DMA IRQ c0=0
DMA IRQ c1=2
DMA IRQ c2=0
DMA IRQ c3=0
SELECT busy=33213
SELECT w0=33162
SELECT w1=14284
SELECT w2=17273
BUSY TASK ewma=997
DMA IRQ c0=0
DMA IRQ c1=2
DMA IRQ c2=0
DMA IRQ c3=0
SELECT busy=33225
SELECT w0=33173
SELECT w1=14288
SELECT w2=17278
BUSY TASK ewma=997
DMA IRQ c0=0
DMA IRQ c1=2
DMA IRQ c2=0
DMA IRQ c3=0
SELECT busy=33236
SELECT w0=33184
SELECT w1=14293
SELECT w2=17283
BUSY TASK ewma=997
DMA IRQ c0=0
DMA IRQ c1=2
DMA IRQ c2=0
DMA IRQ c3=0
SELECT busy=33247
SELECT w0=33195
SELECT w1=14297
SELECT w2=17288
BUSY TASK ewma=997
DMA IRQ c0=0
DMA IRQ c1=2
DMA IRQ c2=0
DMA IRQ c3=0
SELECT busy=33258
SELECT w0=33206
SELECT w1=14301
SELECT w2=17294
BUSY TASK ewma=997
DMA IRQ c0=0
DMA IRQ c1=2
DMA IRQ c2=0
DMA IRQ c3=0
SELECT busy=33266
SELECT w0=33214
SELECT w1=14304
SELECT w2=17298
BUSY TASK ewma=997
DMA IRQ c0=0
DMA IRQ c1=2
DMA IRQ c2=0
DMA IRQ c3=0
SELECT busy=33275
SELECT w0=33223
SELECT w1=14308
SELECT w2=17302
BUSY TASK ewma=997
DMA IRQ c0=0
DMA IRQ c1=2
DMA IRQ c2=0
DMA IRQ c3=0
SELECT busy=33283
SELECT w0=33232
SELECT w1=14311
SELECT w2=17306
BUSY TASK ewma=997
DMA IRQ c0=0
DMA IRQ c1=2
DMA IRQ c2=0
DMA IRQ c3=0
SELECT busy=33292
SELECT w0=33240
SELECT w1=14314
SELECT w2=17310
BUSY TASK ewma=997
DMA IRQ c0=0
DMA IRQ c1=2
DMA IRQ c2=0
DMA IRQ c3=0
SELECT busy=33300
SELECT w0=33249
SELECT w1=14318
SELECT w2=17314
BUSY TASK ewma=997
DMA IRQ c0=0
DMA IRQ c1=2
DMA IRQ c2=0
DMA IRQ c3=0
SELECT busy=33309
SELECT w0=33257
SELECT w1=14321
SELECT w2=17318
BUSY TASK ewma=997
DMA IRQ c0=0
DMA IRQ c1=2
DMA IRQ c2=0
DMA IRQ c3=0
SELECT busy=33321
SELECT w0=33269
SELECT w1=14325
SELECT w2=17324
BUSY TASK ewma=997
DMA IRQ c0=0
DMA IRQ c1=2
DMA IRQ c2=0
DMA IRQ c3=0
SELECT busy=33332
SELECT w0=33280
SELECT w1=14330
SELECT w2=17329
BUSY TASK ewma=997
DMA IRQ c0=0
DMA IRQ c1=2
DMA IRQ c2=0
DMA IRQ c3=0
SELECT busy=33343
SELECT w0=33291
SELECT w1=14334
SELECT w2=17334
BUSY TASK ewma=997
DMA IRQ c0=0
DMA IRQ c1=2
DMA IRQ c2=0
DMA IRQ c3=0
SELECT busy=33354
SELECT w0=33302
SELECT w1=14338
SELECT w2=17340
BUSY TASK ewma=997
DMA IRQ c0=0
DMA IRQ c1=2
DMA IRQ c2=0
DMA IRQ c3=0
SELECT busy=33365
SELECT w0=33314
SELECT w1=14343
SELECT w2=17345
BUSY TASK ewma=997
DMA IRQ c0=0
DMA IRQ c1=2
DMA IRQ c2=0
DMA IRQ c3=0
SELECT busy=33377
SELECT w0=33325
SELECT w1=14347
SELECT w2=17351
BUSY TASK ewma=997
DMA IRQ c0=0
DMA IRQ c1=2
DMA IRQ c2=0
DMA IRQ c3=0
SELECT busy=33388
SELECT w0=33336
SELECT w1=14351
SELECT w2=17356
BUSY TASK ewma=997
DMA IRQ c0=0
DMA IRQ c1=2
DMA IRQ c2=0
DMA IRQ c3=0
SELECT busy=33399
SELECT w0=33347
SELECT w1=14356
SELECT w2=17361
BUSY TASK ewma=997
DMA IRQ c0=0
DMA IRQ c1=2
DMA IRQ c2=0
DMA IRQ c3=0
SELECT busy=33410
SELECT w0=33358
SELECT w1=14360
SELECT w2=17366
BUSY TASK ewma=997
DMA IRQ c0=0
DMA IRQ c1=2
DMA IRQ c2=0
DMA IRQ c3=0
SELECT busy=33418
SELECT w0=33366
SELECT w1=14363
SELECT w2=17371
BUSY TASK ewma=997
DMA IRQ c0=0
DMA IRQ c1=2
DMA IRQ c2=0
DMA IRQ c3=0
SELECT busy=33428
SELECT w0=33376
SELECT w1=14366
SELECT w2=17375
BUSY TASK ewma=997
DMA IRQ c0=0
DMA IRQ c1=2
DMA IRQ c2=0
DMA IRQ c3=0
SELECT busy=33439
SELECT w0=33387
SELECT w1=14371
SELECT w2=17380
BUSY TASK ewma=997
DMA IRQ c0=0
DMA IRQ c1=2
DMA IRQ c2=0
DMA IRQ c3=0
SELECT busy=33450
SELECT w0=33398
SELECT w1=14375
SELECT w2=17386
BUSY TASK ewma=997
DMA IRQ c0=0
DMA IRQ c1=2
DMA IRQ c2=0
DMA IRQ c3=0
SELECT busy=33461
SELECT w0=33409
SELECT w1=14379
SELECT w2=17391
BUSY TASK ewma=997
DMA IRQ c0=0
DMA IRQ c1=2
DMA IRQ c2=0
DMA IRQ c3=0
SELECT busy=33472
SELECT w0=33420
SELECT w1=14383
SELECT w2=17396
BUSY TASK ewma=997
IRQ counts: cpu0=66887 cpu1=64411 cpu2=63905 cpu3=63010
SCHED secondaries: calls=191330 unexpected=0
SECTEST switches=191311 cpu1=1096384680,1099547178 cpu2=894732710,902561215 cpu3=1366114531,1373202218
PINGPONG rounds=2000 pongs=2000
DMA IRQ c0=0
DMA IRQ c1=2
DMA IRQ c2=0
DMA IRQ c3=0
SELECT busy=33485
SELECT w0=33433
SELECT w1=14389
SELECT w2=17403
BUSY TASK ewma=997
DMA IRQ c0=0
DMA IRQ c1=2
DMA IRQ c2=0
DMA IRQ c3=0
SELECT busy=33497
SELECT w0=33445
SELECT w1=14393
SELECT w2=17408
BUSY TASK ewma=997
DMA IRQ c0=0
DMA IRQ c1=2
DMA IRQ c2=0
DMA IRQ c3=0
SELECT busy=33507
SELECT w0=33456
SELECT w1=14397
SELECT w2=17413
BUSY TASK ewma=997
DMA IRQ c0=0
DMA IRQ c1=2
DMA IRQ c2=0
DMA IRQ c3=0
SELECT busy=33519
SELECT w0=33467
SELECT w1=14402
SELECT w2=17419
BUSY TASK ewma=997
DMA IRQ c0=0
DMA IRQ c1=2
DMA IRQ c2=0
DMA IRQ c3=0
SELECT busy=33530
SELECT w0=33478
SELECT w1=14406
SELECT w2=17424
BUSY TASK ewma=997
DMA IRQ c0=0
DMA IRQ c1=2
DMA IRQ c2=0
DMA IRQ c3=0
SELECT busy=33540
SELECT w0=33488
SELECT w1=14410
SELECT w2=17429
BUSY TASK ewma=997
DMA IRQ c0=0
DMA IRQ c1=2
DMA IRQ c2=0
DMA IRQ c3=0
SELECT busy=33548
SELECT w0=33497
SELECT w1=14413
SELECT w2=17433
BUSY TASK ewma=997
DMA IRQ c0=0
DMA IRQ c1=2
DMA IRQ c2=0
DMA IRQ c3=0
SELECT busy=33557
SELECT w0=33505
SELECT w1=14416
SELECT w2=17437
BUSY TASK ewma=997
DMA IRQ c0=0
DMA IRQ c1=2
DMA IRQ c2=0
DMA IRQ c3=0
SELECT busy=33566
SELECT w0=33514
SELECT w1=14420
SELECT w2=17441
BUSY TASK ewma=997
DMA IRQ c0=0
DMA IRQ c1=2
DMA IRQ c2=0
DMA IRQ c3=0
SELECT busy=33575
SELECT w0=33523
SELECT w1=14423
SELECT w2=17445
BUSY TASK ewma=997
DMA IRQ c0=0
DMA IRQ c1=2
DMA IRQ c2=0
DMA IRQ c3=0
SELECT busy=33583
SELECT w0=33531
SELECT w1=14426
SELECT w2=17450
BUSY TASK ewma=997
DMA IRQ c0=0
DMA IRQ c1=2
DMA IRQ c2=0
DMA IRQ c3=0
SELECT busy=33592
SELECT w0=33540
SELECT w1=14430
SELECT w2=17454
BUSY TASK ewma=997
DMA IRQ c0=0
DMA IRQ c1=2
DMA IRQ c2=0
DMA IRQ c3=0
SELECT busy=33601
SELECT w0=33549
SELECT w1=14433
SELECT w2=17458
BUSY TASK ewma=997
DMA IRQ c0=0
DMA IRQ c1=2
DMA IRQ c2=0
DMA IRQ c3=0
SELECT busy=33609
SELECT w0=33557
SELECT w1=14436
SELECT w2=17462
BUSY TASK ewma=997
DMA IRQ c0=0
DMA IRQ c1=2
DMA IRQ c2=0
DMA IRQ c3=0
SELECT busy=33618
SELECT w0=33566
SELECT w1=14440
SELECT w2=17466
BUSY TASK ewma=997
DMA IRQ c0=0
DMA IRQ c1=2
DMA IRQ c2=0
DMA IRQ c3=0
SELECT busy=33626
SELECT w0=33574
SELECT w1=14443
SELECT w2=17470
BUSY TASK ewma=997
DMA IRQ c0=0
DMA IRQ c1=2
DMA IRQ c2=0
DMA IRQ c3=0
SELECT busy=33635
SELECT w0=33583
SELECT w1=14446
SELECT w2=17474
BUSY TASK ewma=997
DMA IRQ c0=0
DMA IRQ c1=2
DMA IRQ c2=0
DMA IRQ c3=0
SELECT busy=33643
SELECT w0=33592
SELECT w1=14449
SELECT w2=17478
BUSY TASK ewma=997
DMA IRQ c0=0
DMA IRQ c1=2
DMA IRQ c2=0
DMA IRQ c3=0
SELECT busy=33652
SELECT w0=33600
SELECT w1=14453
SELECT w2=17482
BUSY TASK ewma=997
DMA IRQ c0=0
DMA IRQ c1=2
DMA IRQ c2=0
DMA IRQ c3=0
SELECT busy=33661
SELECT w0=33609
SELECT w1=14456
SELECT w2=17487
BUSY TASK ewma=997
DMA IRQ c0=0
DMA IRQ c1=2
DMA IRQ c2=0
DMA IRQ c3=0
SELECT busy=33669
SELECT w0=33617
SELECT w1=14459
SELECT w2=17491
BUSY TASK ewma=997
DMA IRQ c0=0
DMA IRQ c1=2
DMA IRQ c2=0
DMA IRQ c3=0
SELECT busy=33678
SELECT w0=33626
SELECT w1=14463
SELECT w2=17495
BUSY TASK ewma=997
DMA IRQ c0=0
DMA IRQ c1=2
DMA IRQ c2=0
DMA IRQ c3=0
SELECT busy=33686
SELECT w0=33634
SELECT w1=14466
SELECT w2=17499
BUSY TASK ewma=997
DMA IRQ c0=0
DMA IRQ c1=2
DMA IRQ c2=0
DMA IRQ c3=0
SELECT busy=33695
SELECT w0=33643
SELECT w1=14469
SELECT w2=17503
BUSY TASK ewma=997
DMA IRQ c0=0
DMA IRQ c1=2
DMA IRQ c2=0
DMA IRQ c3=0
SELECT busy=33704
SELECT w0=33652
SELECT w1=14473
SELECT w2=17507
BUSY TASK ewma=997
DMA IRQ c0=0
DMA IRQ c1=2
DMA IRQ c2=0
DMA IRQ c3=0
SELECT busy=33713
SELECT w0=33661
SELECT w1=14476
SELECT w2=17511
BUSY TASK ewma=997
DMA IRQ c0=0
DMA IRQ c1=2
DMA IRQ c2=0
DMA IRQ c3=0
SELECT busy=33725
SELECT w0=33673
SELECT w1=14481
SELECT w2=17517
BUSY TASK ewma=997
DMA IRQ c0=0
DMA IRQ c1=2
DMA IRQ c2=0
DMA IRQ c3=0
SELECT busy=33736
SELECT w0=33684
SELECT w1=14485
SELECT w2=17523
BUSY TASK ewma=997
DMA IRQ c0=0
DMA IRQ c1=2
DMA IRQ c2=0
DMA IRQ c3=0
SELECT busy=33747
SELECT w0=33696
SELECT w1=14490
SELECT w2=17528
BUSY TASK ewma=997
DMA IRQ c0=0
DMA IRQ c1=2
DMA IRQ c2=0
DMA IRQ c3=0
SELECT busy=33758
SELECT w0=33707
SELECT w1=14494
SELECT w2=17533
BUSY TASK ewma=997
DMA IRQ c0=0
DMA IRQ c1=2
DMA IRQ c2=0
DMA IRQ c3=0
SELECT busy=33770
SELECT w0=33718
SELECT w1=14498
SELECT w2=17538
BUSY TASK ewma=997
DMA IRQ c0=0
DMA IRQ c1=2
DMA IRQ c2=0
DMA IRQ c3=0
SELECT busy=33781
SELECT w0=33729
SELECT w1=14502
SELECT w2=17544
BUSY TASK ewma=997
DMA IRQ c0=0
DMA IRQ c1=2
DMA IRQ c2=0
DMA IRQ c3=0
SELECT busy=33791
SELECT w0=33740
SELECT w1=14506
SELECT w2=17549
BUSY TASK ewma=997
DMA IRQ c0=0
DMA IRQ c1=2
DMA IRQ c2=0
DMA IRQ c3=0
SELECT busy=33800
SELECT w0=33748
SELECT w1=14510
SELECT w2=17553
BUSY TASK ewma=997
DMA IRQ c0=0
DMA IRQ c1=2
DMA IRQ c2=0
DMA IRQ c3=0
SELECT busy=33808
SELECT w0=33756
SELECT w1=14513
SELECT w2=17557
BUSY TASK ewma=997
DMA IRQ c0=0
DMA IRQ c1=2
DMA IRQ c2=0
DMA IRQ c3=0
SELECT busy=33817
SELECT w0=33765
SELECT w1=14516
SELECT w2=17561
BUSY TASK ewma=997
DMA IRQ c0=0
DMA IRQ c1=2
DMA IRQ c2=0
DMA IRQ c3=0
SELECT busy=33825
SELECT w0=33774
SELECT w1=14520
SELECT w2=17565
BUSY TASK ewma=997
DMA IRQ c0=0
DMA IRQ c1=2
DMA IRQ c2=0
DMA IRQ c3=0
SELECT busy=33834
SELECT w0=33782
SELECT w1=14523
SELECT w2=17569
BUSY TASK ewma=997
DMA IRQ c0=0
DMA IRQ c1=2
DMA IRQ c2=0
DMA IRQ c3=0
SELECT busy=33843
SELECT w0=33791
SELECT w1=14526
SELECT w2=17573
BUSY TASK ewma=997
DMA IRQ c0=0
DMA IRQ c1=2
DMA IRQ c2=0
DMA IRQ c3=0
SELECT busy=33851
SELECT w0=33799
SELECT w1=14529
SELECT w2=17577
BUSY TASK ewma=997
DMA IRQ c0=0
DMA IRQ c1=2
DMA IRQ c2=0
DMA IRQ c3=0
SELECT busy=33860
SELECT w0=33808
SELECT w1=14532
SELECT w2=17581
BUSY TASK ewma=997
DMA IRQ c0=0
DMA IRQ c1=2
DMA IRQ c2=0
DMA IRQ c3=0
SELECT busy=33868
SELECT w0=33816
SELECT w1=14536
SELECT w2=17586
BUSY TASK ewma=997
DMA IRQ c0=0
DMA IRQ c1=2
DMA IRQ c2=0
DMA IRQ c3=0
SELECT busy=33877
SELECT w0=33825
SELECT w1=14539
SELECT w2=17590
BUSY TASK ewma=997
DMA IRQ c0=0
DMA IRQ c1=2
DMA IRQ c2=0
DMA IRQ c3=0
SELECT busy=33885
SELECT w0=33833
SELECT w1=14543
SELECT w2=17594
BUSY TASK ewma=997
DMA IRQ c0=0
DMA IRQ c1=2
DMA IRQ c2=0
DMA IRQ c3=0
SELECT busy=33894
SELECT w0=33842
SELECT w1=14546
SELECT w2=17598
BUSY TASK ewma=997
DMA IRQ c0=0
DMA IRQ c1=2
DMA IRQ c2=0
DMA IRQ c3=0
SELECT busy=33903
SELECT w0=33851
SELECT w1=14549
SELECT w2=17602
BUSY TASK ewma=997
DMA IRQ c0=0
DMA IRQ c1=2
DMA IRQ c2=0
DMA IRQ c3=0
SELECT busy=33911
SELECT w0=33859
SELECT w1=14552
SELECT w2=17606
BUSY TASK ewma=997
DMA IRQ c0=0
DMA IRQ c1=2
DMA IRQ c2=0
DMA IRQ c3=0
SELECT busy=33919
SELECT w0=33868
SELECT w1=14556
SELECT w2=17610
BUSY TASK ewma=997
DMA IRQ c0=0
DMA IRQ c1=2
DMA IRQ c2=0
DMA IRQ c3=0
SELECT busy=33928
SELECT w0=33876
SELECT w1=14559
SELECT w2=17614
BUSY TASK ewma=997
DMA IRQ c0=0
DMA IRQ c1=2
DMA IRQ c2=0
DMA IRQ c3=0
SELECT busy=33936
SELECT w0=33885
SELECT w1=14562
SELECT w2=17618
BUSY TASK ewma=997
DMA IRQ c0=0
DMA IRQ c1=2
DMA IRQ c2=0
DMA IRQ c3=0
SELECT busy=33945
SELECT w0=33893
SELECT w1=14566
SELECT w2=17622
BUSY TASK ewma=997
DMA IRQ c0=0
DMA IRQ c1=2
DMA IRQ c2=0
DMA IRQ c3=0
SELECT busy=33954
SELECT w0=33902
SELECT w1=14569
SELECT w2=17626
BUSY TASK ewma=997
DMA IRQ c0=0
DMA IRQ c1=2
DMA IRQ c2=0
DMA IRQ c3=0
SELECT busy=33962
SELECT w0=33910
SELECT w1=14572
SELECT w2=17630
BUSY TASK ewma=997
DMA IRQ c0=0
DMA IRQ c1=2
DMA IRQ c2=0
DMA IRQ c3=0
SELECT busy=33971
SELECT w0=33919
SELECT w1=14575
SELECT w2=17634
BUSY TASK ewma=997
DMA IRQ c0=0
DMA IRQ c1=2
DMA IRQ c2=0
DMA IRQ c3=0
SELECT busy=33979
SELECT w0=33927
SELECT w1=14579
SELECT w2=17638
BUSY TASK ewma=997
DMA IRQ c0=0
DMA IRQ c1=2
DMA IRQ c2=0
DMA IRQ c3=0
SELECT busy=33987
SELECT w0=33936
SELECT w1=14582
SELECT w2=17642
BUSY TASK ewma=997
DMA IRQ c0=0
DMA IRQ c1=2
DMA IRQ c2=0
DMA IRQ c3=0
SELECT busy=33996
SELECT w0=33944
SELECT w1=14585
SELECT w2=17646
BUSY TASK ewma=997
DMA IRQ c0=0
DMA IRQ c1=2
DMA IRQ c2=0
DMA IRQ c3=0
SELECT busy=34005
SELECT w0=33953
SELECT w1=14588
SELECT w2=17650
BUSY TASK ewma=997
DMA IRQ c0=0
DMA IRQ c1=2
DMA IRQ c2=0
DMA IRQ c3=0
SELECT busy=34013
SELECT w0=33961
SELECT w1=14592
SELECT w2=17654
BUSY TASK ewma=997
DMA IRQ c0=0
DMA IRQ c1=2
DMA IRQ c2=0
DMA IRQ c3=0
SELECT busy=34022
SELECT w0=33970
SELECT w1=14595
SELECT w2=17659
BUSY TASK ewma=997
DMA IRQ c0=0
DMA IRQ c1=2
DMA IRQ c2=0
DMA IRQ c3=0
SELECT busy=34031
SELECT w0=33979
SELECT w1=14598
SELECT w2=17663
BUSY TASK ewma=997
DMA IRQ c0=0
DMA IRQ c1=2
DMA IRQ c2=0
DMA IRQ c3=0
SELECT busy=34040
SELECT w0=33988
SELECT w1=14602
SELECT w2=17667
BUSY TASK ewma=997
DMA IRQ c0=0
DMA IRQ c1=2
DMA IRQ c2=0
DMA IRQ c3=0
SELECT busy=34049
SELECT w0=33997
SELECT w1=14605
SELECT w2=17671
BUSY TASK ewma=997
DMA IRQ c0=0
DMA IRQ c1=2
DMA IRQ c2=0
DMA IRQ c3=0
SELECT busy=34057
SELECT w0=34005
SELECT w1=14609
SELECT w2=17675
BUSY TASK ewma=997
IRQ counts: cpu0=68051 cpu1=65532 cpu2=65017 cpu3=64108
SCHED secondaries: calls=194658 unexpected=0
SECTEST switches=194638 cpu1=1117083329,1120223795 cpu2=911716943,919650304 cpu3=1390811342,1398346130
PINGPONG rounds=2000 pongs=2000
DMA IRQ c0=0
DMA IRQ c1=2
DMA IRQ c2=0
DMA IRQ c3=0
SELECT busy=34067
SELECT w0=34015
SELECT w1=14612
SELECT w2=17680
BUSY TASK ewma=997
DMA IRQ c0=0
DMA IRQ c1=2
DMA IRQ c2=0
DMA IRQ c3=0
SELECT busy=34076
SELECT w0=34024
SELECT w1=14616
SELECT w2=17685
BUSY TASK ewma=997
DMA IRQ c0=0
DMA IRQ c1=2
DMA IRQ c2=0
DMA IRQ c3=0
SELECT busy=34084
SELECT w0=34033
SELECT w1=14619
SELECT w2=17689
BUSY TASK ewma=997
DMA IRQ c0=0
DMA IRQ c1=2
DMA IRQ c2=0
DMA IRQ c3=0
SELECT busy=34094
SELECT w0=34042
SELECT w1=14623
SELECT w2=17693
BUSY TASK ewma=997
DMA IRQ c0=0
DMA IRQ c1=2
DMA IRQ c2=0
DMA IRQ c3=0
SELECT busy=34105
SELECT w0=34053
SELECT w1=14627
SELECT w2=17699
BUSY TASK ewma=997
DMA IRQ c0=0
DMA IRQ c1=2
DMA IRQ c2=0
DMA IRQ c3=0
SELECT busy=34117
SELECT w0=34065
SELECT w1=14631
SELECT w2=17704
BUSY TASK ewma=997
DMA IRQ c0=0
DMA IRQ c1=2
DMA IRQ c2=0
DMA IRQ c3=0
SELECT busy=34127
SELECT w0=34075
SELECT w1=14635
SELECT w2=17709
BUSY TASK ewma=997
DMA IRQ c0=0
DMA IRQ c1=2
DMA IRQ c2=0
DMA IRQ c3=0
SELECT busy=34136
SELECT w0=34084
SELECT w1=14639
SELECT w2=17713
BUSY TASK ewma=997
DMA IRQ c0=0
DMA IRQ c1=2
DMA IRQ c2=0
DMA IRQ c3=0
SELECT busy=34144
SELECT w0=34092
SELECT w1=14642
SELECT w2=17717
BUSY TASK ewma=997
DMA IRQ c0=0
DMA IRQ c1=2
DMA IRQ c2=0
DMA IRQ c3=0
SELECT busy=34152
SELECT w0=34101
SELECT w1=14645
SELECT w2=17721
BUSY TASK ewma=997
DMA IRQ c0=0
DMA IRQ c1=2
DMA IRQ c2=0
DMA IRQ c3=0
SELECT busy=34161
SELECT w0=34109
SELECT w1=14648
SELECT w2=17725
BUSY TASK ewma=997
DMA IRQ c0=0
DMA IRQ c1=2
DMA IRQ c2=0
DMA IRQ c3=0
SELECT busy=34169
SELECT w0=34118
SELECT w1=14652
SELECT w2=17729
BUSY TASK ewma=997
DMA IRQ c0=0
DMA IRQ c1=2
DMA IRQ c2=0
DMA IRQ c3=0
SELECT busy=34178
SELECT w0=34126
SELECT w1=14655
SELECT w2=17733
BUSY TASK ewma=997
DMA IRQ c0=0
DMA IRQ c1=2
DMA IRQ c2=0
DMA IRQ c3=0
SELECT busy=34186
SELECT w0=34134
SELECT w1=14658
SELECT w2=17737
BUSY TASK ewma=997
DMA IRQ c0=0
DMA IRQ c1=2
DMA IRQ c2=0
DMA IRQ c3=0
SELECT busy=34194
SELECT w0=34142
SELECT w1=14662
SELECT w2=17741
BUSY TASK ewma=997
DMA IRQ c0=0
DMA IRQ c1=2
DMA IRQ c2=0
DMA IRQ c3=0
SELECT busy=34203
SELECT w0=34151
SELECT w1=14665
SELECT w2=17745
BUSY TASK ewma=997
DMA IRQ c0=0
DMA IRQ c1=2
DMA IRQ c2=0
DMA IRQ c3=0
SELECT busy=34212
SELECT w0=34160
SELECT w1=14668
SELECT w2=17749
BUSY TASK ewma=997
DMA IRQ c0=0
DMA IRQ c1=2
DMA IRQ c2=0
DMA IRQ c3=0
SELECT busy=34224
SELECT w0=34172
SELECT w1=14673
SELECT w2=17755
BUSY TASK ewma=997
DMA IRQ c0=0
DMA IRQ c1=2
DMA IRQ c2=0
DMA IRQ c3=0
SELECT busy=34232
SELECT w0=34181
SELECT w1=14676
SELECT w2=17759
BUSY TASK ewma=997
DMA IRQ c0=0
DMA IRQ c1=2
DMA IRQ c2=0
DMA IRQ c3=0
SELECT busy=34241
SELECT w0=34189
SELECT w1=14680
SELECT w2=17763
BUSY TASK ewma=997
DMA IRQ c0=0
DMA IRQ c1=2
DMA IRQ c2=0
DMA IRQ c3=0
SELECT busy=34250
SELECT w0=34198
SELECT w1=14683
SELECT w2=17768
BUSY TASK ewma=997
DMA IRQ c0=0
DMA IRQ c1=2
DMA IRQ c2=0
DMA IRQ c3=0
SELECT busy=34262
SELECT w0=34210
SELECT w1=14688
SELECT w2=17774
BUSY TASK ewma=997
DMA IRQ c0=0
DMA IRQ c1=2
DMA IRQ c2=0
DMA IRQ c3=0
SELECT busy=34273
SELECT w0=34222
SELECT w1=14692
SELECT w2=17779
BUSY TASK ewma=997
DMA IRQ c0=0
DMA IRQ c1=2
DMA IRQ c2=0
DMA IRQ c3=0
SELECT busy=34285
SELECT w0=34233
SELECT w1=14697
SELECT w2=17784
BUSY TASK ewma=997
DMA IRQ c0=0
DMA IRQ c1=2
DMA IRQ c2=0
DMA IRQ c3=0
SELECT busy=34296
SELECT w0=34244
SELECT w1=14701
SELECT w2=17790
BUSY TASK ewma=997
DMA IRQ c0=0
DMA IRQ c1=2
DMA IRQ c2=0
DMA IRQ c3=0
SELECT busy=34306
SELECT w0=34254
SELECT w1=14705
SELECT w2=17794
BUSY TASK ewma=997
DMA IRQ c0=0
DMA IRQ c1=2
DMA IRQ c2=0
DMA IRQ c3=0
SELECT busy=34314
SELECT w0=34262
SELECT w1=14708
SELECT w2=17799
BUSY TASK ewma=997
DMA IRQ c0=0
DMA IRQ c1=2
DMA IRQ c2=0
DMA IRQ c3=0
SELECT busy=34323
SELECT w0=34271
SELECT w1=14711
SELECT w2=17803
BUSY TASK ewma=997
DMA IRQ c0=0
DMA IRQ c1=2
DMA IRQ c2=0
DMA IRQ c3=0
SELECT busy=34331
SELECT w0=34279
SELECT w1=14714
SELECT w2=17807
BUSY TASK ewma=997
DMA IRQ c0=0
DMA IRQ c1=2
DMA IRQ c2=0
DMA IRQ c3=0
SELECT busy=34340
SELECT w0=34288
SELECT w1=14718
SELECT w2=17811
BUSY TASK ewma=997
DMA IRQ c0=0
DMA IRQ c1=2
DMA IRQ c2=0
DMA IRQ c3=0
SELECT busy=34348
SELECT w0=34296
SELECT w1=14721
SELECT w2=17815
BUSY TASK ewma=997
DMA IRQ c0=0
DMA IRQ c1=2
DMA IRQ c2=0
DMA IRQ c3=0
SELECT busy=34357
SELECT w0=34305
SELECT w1=14724
SELECT w2=17819
BUSY TASK ewma=997
DMA IRQ c0=0
DMA IRQ c1=2
DMA IRQ c2=0
DMA IRQ c3=0
SELECT busy=34365
SELECT w0=34313
SELECT w1=14727
SELECT w2=17823
BUSY TASK ewma=997
DMA IRQ c0=0
DMA IRQ c1=2
DMA IRQ c2=0
DMA IRQ c3=0
SELECT busy=34374
SELECT w0=34322
SELECT w1=14731
SELECT w2=17827
BUSY TASK ewma=997
DMA IRQ c0=0
DMA IRQ c1=2
DMA IRQ c2=0
DMA IRQ c3=0
SELECT busy=34383
SELECT w0=34331
SELECT w1=14734
SELECT w2=17831
BUSY TASK ewma=997
DMA IRQ c0=0
DMA IRQ c1=2
DMA IRQ c2=0
DMA IRQ c3=0
SELECT busy=34391
SELECT w0=34339
SELECT w1=14737
SELECT w2=17835
BUSY TASK ewma=997
DMA IRQ c0=0
DMA IRQ c1=2
DMA IRQ c2=0
DMA IRQ c3=0
SELECT busy=34400
SELECT w0=34348
SELECT w1=14741
SELECT w2=17839
BUSY TASK ewma=997
DMA IRQ c0=0
DMA IRQ c1=2
DMA IRQ c2=0
DMA IRQ c3=0
SELECT busy=34408
SELECT w0=34356
SELECT w1=14744
SELECT w2=17843
BUSY TASK ewma=997
DMA IRQ c0=0
DMA IRQ c1=2
DMA IRQ c2=0
DMA IRQ c3=0
SELECT busy=34417
SELECT w0=34365
SELECT w1=14747
SELECT w2=17847
BUSY TASK ewma=997
DMA IRQ c0=0
DMA IRQ c1=2
DMA IRQ c2=0
DMA IRQ c3=0
SELECT busy=34426
SELECT w0=34374
SELECT w1=14751
SELECT w2=17851
BUSY TASK ewma=997
DMA IRQ c0=0
DMA IRQ c1=2
DMA IRQ c2=0
DMA IRQ c3=0
SELECT busy=34434
SELECT w0=34382
SELECT w1=14754
SELECT w2=17855
BUSY TASK ewma=997
DMA IRQ c0=0
DMA IRQ c1=2
DMA IRQ c2=0
DMA IRQ c3=0
SELECT busy=34443
SELECT w0=34391
SELECT w1=14757
SELECT w2=17859
BUSY TASK ewma=997
DMA IRQ c0=0
DMA IRQ c1=2
DMA IRQ c2=0
DMA IRQ c3=0
SELECT busy=34451
SELECT w0=34399
SELECT w1=14760
SELECT w2=17864
BUSY TASK ewma=997
DMA IRQ c0=0
DMA IRQ c1=2
DMA IRQ c2=0
DMA IRQ c3=0
SELECT busy=34460
SELECT w0=34408
SELECT w1=14763
SELECT w2=17868
BUSY TASK ewma=997
DMA IRQ c0=0
DMA IRQ c1=2
DMA IRQ c2=0
DMA IRQ c3=0
SELECT busy=34468
SELECT w0=34416
SELECT w1=14767
SELECT w2=17872
BUSY TASK ewma=997
DMA IRQ c0=0
DMA IRQ c1=2
DMA IRQ c2=0
DMA IRQ c3=0
SELECT busy=34477
SELECT w0=34425
SELECT w1=14770
SELECT w2=17876
BUSY TASK ewma=997
DMA IRQ c0=0
DMA IRQ c1=2
DMA IRQ c2=0
DMA IRQ c3=0
SELECT busy=34490
SELECT w0=34438
SELECT w1=14775
SELECT w2=17882
BUSY TASK ewma=997
DMA IRQ c0=0
DMA IRQ c1=2
DMA IRQ c2=0
DMA IRQ c3=0
SELECT busy=34500
SELECT w0=34448
SELECT w1=14779
SELECT w2=17887
BUSY TASK ewma=997
DMA IRQ c0=0
DMA IRQ c1=2
DMA IRQ c2=0
DMA IRQ c3=0
SELECT busy=34508
SELECT w0=34456
SELECT w1=14782
SELECT w2=17891
BUSY TASK ewma=997
DMA IRQ c0=0
DMA IRQ c1=2
DMA IRQ c2=0
DMA IRQ c3=0
SELECT busy=34522
SELECT w0=34470
SELECT w1=14787
SELECT w2=17897
BUSY TASK ewma=997
DMA IRQ c0=0
DMA IRQ c1=2
DMA IRQ c2=0
DMA IRQ c3=0
SELECT busy=34532
SELECT w0=34481
SELECT w1=14791
SELECT w2=17902
BUSY TASK ewma=997
DMA IRQ c0=0
DMA IRQ c1=2
DMA IRQ c2=0
DMA IRQ c3=0
SELECT busy=34542
SELECT w0=34490
SELECT w1=14795
SELECT w2=17907
BUSY TASK ewma=997
DMA IRQ c0=0
DMA IRQ c1=2
DMA IRQ c2=0
DMA IRQ c3=0
SELECT busy=34550
SELECT w0=34498
SELECT w1=14798
SELECT w2=17911
BUSY TASK ewma=997
DMA IRQ c0=0
DMA IRQ c1=2
DMA IRQ c2=0
DMA IRQ c3=0
SELECT busy=34559
SELECT w0=34507
SELECT w1=14801
SELECT w2=17915
BUSY TASK ewma=997
DMA IRQ c0=0
DMA IRQ c1=2
DMA IRQ c2=0
DMA IRQ c3=0
SELECT busy=34568
SELECT w0=34516
SELECT w1=14805
SELECT w2=17919
BUSY TASK ewma=997
DMA IRQ c0=0
DMA IRQ c1=2
DMA IRQ c2=0
DMA IRQ c3=0
SELECT busy=34576
SELECT w0=34524
SELECT w1=14808
SELECT w2=17923
BUSY TASK ewma=997
DMA IRQ c0=0
DMA IRQ c1=2
DMA IRQ c2=0
DMA IRQ c3=0
SELECT busy=34585
SELECT w0=34533
SELECT w1=14811
SELECT w2=17927
BUSY TASK ewma=997
DMA IRQ c0=0
DMA IRQ c1=2
DMA IRQ c2=0
DMA IRQ c3=0
SELECT busy=34593
SELECT w0=34541
SELECT w1=14814
SELECT w2=17931
BUSY TASK ewma=997
DMA IRQ c0=0
DMA IRQ c1=2
DMA IRQ c2=0
DMA IRQ c3=0
SELECT busy=34602
SELECT w0=34550
SELECT w1=14818
SELECT w2=17935
BUSY TASK ewma=997
DMA IRQ c0=0
DMA IRQ c1=2
DMA IRQ c2=0
DMA IRQ c3=0
SELECT busy=34611
SELECT w0=34559
SELECT w1=14821
SELECT w2=17939
BUSY TASK ewma=997
DMA IRQ c0=0
DMA IRQ c1=2
DMA IRQ c2=0
DMA IRQ c3=0
SELECT busy=34619
SELECT w0=34567
SELECT w1=14824
SELECT w2=17943
BUSY TASK ewma=997
DMA IRQ c0=0
DMA IRQ c1=2
DMA IRQ c2=0
DMA IRQ c3=0
SELECT busy=34628
SELECT w0=34576
SELECT w1=14828
SELECT w2=17948
BUSY TASK ewma=997
DMA IRQ c0=0
DMA IRQ c1=2
DMA IRQ c2=0
DMA IRQ c3=0
SELECT busy=34636
SELECT w0=34585
SELECT w1=14831
SELECT w2=17952
BUSY TASK ewma=997
DMA IRQ c0=0
DMA IRQ c1=2
DMA IRQ c2=0
DMA IRQ c3=0
SELECT busy=34645
SELECT w0=34593
SELECT w1=14834
SELECT w2=17956
BUSY TASK ewma=997
IRQ counts: cpu0=69229 cpu1=66662 cpu2=66137 cpu3=65218
SCHED secondaries: calls=198019 unexpected=0
SECTEST switches=197998 cpu1=1137041914,1140058230 cpu2=928720174,936808507 cpu3=1414952816,1422820456
PINGPONG rounds=2000 pongs=2000
DMA IRQ c0=0
DMA IRQ c1=2
DMA IRQ c2=0
DMA IRQ c3=0
SELECT busy=34656
SELECT w0=34604
SELECT w1=14838
SELECT w2=17961
BUSY TASK ewma=997
DMA IRQ c0=0
DMA IRQ c1=2
DMA IRQ c2=0
DMA IRQ c3=0
SELECT busy=34664
SELECT w0=34612
SELECT w1=14842
SELECT w2=17965
BUSY TASK ewma=997
DMA IRQ c0=0
DMA IRQ c1=2
DMA IRQ c2=0
DMA IRQ c3=0
SELECT busy=34673
SELECT w0=34621
SELECT w1=14845
SELECT w2=17969
BUSY TASK ewma=997
DMA IRQ c0=0
DMA IRQ c1=2
DMA IRQ c2=0
DMA IRQ c3=0
SELECT busy=34684
SELECT w0=34632
SELECT w1=14849
SELECT w2=17974
BUSY TASK ewma=997
DMA IRQ c0=0
DMA IRQ c1=2
DMA IRQ c2=0
DMA IRQ c3=0
SELECT busy=34693
SELECT w0=34641
SELECT w1=14853
SELECT w2=17978
BUSY TASK ewma=997
DMA IRQ c0=0
DMA IRQ c1=2
DMA IRQ c2=0
DMA IRQ c3=0
SELECT busy=34701
SELECT w0=34649
SELECT w1=14856
SELECT w2=17982
BUSY TASK ewma=997
DMA IRQ c0=0
DMA IRQ c1=2
DMA IRQ c2=0
DMA IRQ c3=0
SELECT busy=34710
SELECT w0=34658
SELECT w1=14859
SELECT w2=17986
BUSY TASK ewma=997
DMA IRQ c0=0
DMA IRQ c1=2
DMA IRQ c2=0
DMA IRQ c3=0
SELECT busy=34718
SELECT w0=34666
SELECT w1=14863
SELECT w2=17991
BUSY TASK ewma=997
DMA IRQ c0=0
DMA IRQ c1=2
DMA IRQ c2=0
DMA IRQ c3=0
SELECT busy=34727
SELECT w0=34675
SELECT w1=14866
SELECT w2=17994
BUSY TASK ewma=997
DMA IRQ c0=0
DMA IRQ c1=2
DMA IRQ c2=0
DMA IRQ c3=0
SELECT busy=34735
SELECT w0=34683
SELECT w1=14869
SELECT w2=17998
BUSY TASK ewma=997
DMA IRQ c0=0
DMA IRQ c1=2
DMA IRQ c2=0
DMA IRQ c3=0
SELECT busy=34744
SELECT w0=34692
SELECT w1=14872
SELECT w2=18002
BUSY TASK ewma=997
DMA IRQ c0=0
DMA IRQ c1=2
DMA IRQ c2=0
DMA IRQ c3=0
SELECT busy=34752
SELECT w0=34700
SELECT w1=14875
SELECT w2=18006
BUSY TASK ewma=997
DMA IRQ c0=0
DMA IRQ c1=2
DMA IRQ c2=0
DMA IRQ c3=0
SELECT busy=34761
SELECT w0=34709
SELECT w1=14879
SELECT w2=18010
BUSY TASK ewma=997
DMA IRQ c0=0
DMA IRQ c1=2
DMA IRQ c2=0
DMA IRQ c3=0
SELECT busy=34770
SELECT w0=34718
SELECT w1=14882
SELECT w2=18015
BUSY TASK ewma=997
DMA IRQ c0=0
DMA IRQ c1=2
DMA IRQ c2=0
DMA IRQ c3=0
SELECT busy=34780
SELECT w0=34728
SELECT w1=14886
SELECT w2=18019
BUSY TASK ewma=997
DMA IRQ c0=0
DMA IRQ c1=2
DMA IRQ c2=0
DMA IRQ c3=0
SELECT busy=34788
SELECT w0=34736
SELECT w1=14889
SELECT w2=18023
BUSY TASK ewma=997
DMA IRQ c0=0
DMA IRQ c1=2
DMA IRQ c2=0
DMA IRQ c3=0
SELECT busy=34797
SELECT w0=34745
SELECT w1=14892
SELECT w2=18027
BUSY TASK ewma=997
DMA IRQ c0=0
DMA IRQ c1=2
DMA IRQ c2=0
DMA IRQ c3=0
SELECT busy=34805
SELECT w0=34753
SELECT w1=14896
SELECT w2=18031
BUSY TASK ewma=997
DMA IRQ c0=0
DMA IRQ c1=2
DMA IRQ c2=0
DMA IRQ c3=0
SELECT busy=34814
SELECT w0=34762
SELECT w1=14899
SELECT w2=18035
BUSY TASK ewma=997
DMA IRQ c0=0
DMA IRQ c1=2
DMA IRQ c2=0
DMA IRQ c3=0
SELECT busy=34822
SELECT w0=34770
SELECT w1=14902
SELECT w2=18039
BUSY TASK ewma=997
DMA IRQ c0=0
DMA IRQ c1=2
DMA IRQ c2=0
DMA IRQ c3=0
SELECT busy=34831
SELECT w0=34779
SELECT w1=14905
SELECT w2=18043
BUSY TASK ewma=997
DMA IRQ c0=0
DMA IRQ c1=2
DMA IRQ c2=0
DMA IRQ c3=0
SELECT busy=34839
SELECT w0=34787
SELECT w1=14909
SELECT w2=18047
BUSY TASK ewma=997
DMA IRQ c0=0
DMA IRQ c1=2
DMA IRQ c2=0
DMA IRQ c3=0
SELECT busy=34848
SELECT w0=34796
SELECT w1=14912
SELECT w2=18052
BUSY TASK ewma=997
DMA IRQ c0=0
DMA IRQ c1=2
DMA IRQ c2=0
DMA IRQ c3=0
SELECT busy=34856
SELECT w0=34804
SELECT w1=14915
SELECT w2=18056
BUSY TASK ewma=997
DMA IRQ c0=0
DMA IRQ c1=2
DMA IRQ c2=0
DMA IRQ c3=0
SELECT busy=34865
SELECT w0=34813
SELECT w1=14918
SELECT w2=18060
BUSY TASK ewma=997
DMA IRQ c0=0
DMA IRQ c1=2
DMA IRQ c2=0
DMA IRQ c3=0
SELECT busy=34873
SELECT w0=34822
SELECT w1=14922
SELECT w2=18064
BUSY TASK ewma=997
DMA IRQ c0=0
DMA IRQ c1=2
DMA IRQ c2=0
DMA IRQ c3=0
SELECT busy=34882
SELECT w0=34830
SELECT w1=14925
SELECT w2=18068
BUSY TASK ewma=997
DMA IRQ c0=0
DMA IRQ c1=2
DMA IRQ c2=0
DMA IRQ c3=0
SELECT busy=34891
SELECT w0=34839
SELECT w1=14928
SELECT w2=18072
BUSY TASK ewma=997
DMA IRQ c0=0
DMA IRQ c1=2
DMA IRQ c2=0
DMA IRQ c3=0
SELECT busy=34900
SELECT w0=34848
SELECT w1=14932
SELECT w2=18076
BUSY TASK ewma=997
DMA IRQ c0=0
DMA IRQ c1=2
DMA IRQ c2=0
DMA IRQ c3=0
SELECT busy=34908
SELECT w0=34856
SELECT w1=14935
SELECT w2=18080
BUSY TASK ewma=997
DMA IRQ c0=0
DMA IRQ c1=2
DMA IRQ c2=0
DMA IRQ c3=0
SELECT busy=34917
SELECT w0=34865
SELECT w1=14938
SELECT w2=18085
BUSY TASK ewma=997
DMA IRQ c0=0
DMA IRQ c1=2
DMA IRQ c2=0
DMA IRQ c3=0
SELECT busy=34925
SELECT w0=34873
SELECT w1=14942
SELECT w2=18088
BUSY TASK ewma=997
DMA IRQ c0=0
DMA IRQ c1=2
DMA IRQ c2=0
DMA IRQ c3=0
SELECT busy=34934
SELECT w0=34882
SELECT w1=14945
SELECT w2=18093
BUSY TASK ewma=997
DMA IRQ c0=0
DMA IRQ c1=2
DMA IRQ c2=0
DMA IRQ c3=0
SELECT busy=34942
SELECT w0=34890
SELECT w1=14948
SELECT w2=18097
BUSY TASK ewma=997
DMA IRQ c0=0
DMA IRQ c1=2
DMA IRQ c2=0
DMA IRQ c3=0
SELECT busy=34951
SELECT w0=34899
SELECT w1=14952
SELECT w2=18101
BUSY TASK ewma=997
DMA IRQ c0=0
DMA IRQ c1=2
DMA IRQ c2=0
DMA IRQ c3=0
SELECT busy=34959
SELECT w0=34908
SELECT w1=14955
SELECT w2=18105
BUSY TASK ewma=997
DMA IRQ c0=0
DMA IRQ c1=2
DMA IRQ c2=0
DMA IRQ c3=0
SELECT busy=34968
SELECT w0=34916
SELECT w1=14958
SELECT w2=18109
BUSY TASK ewma=997
DMA IRQ c0=0
DMA IRQ c1=2
DMA IRQ c2=0
DMA IRQ c3=0
SELECT busy=34977
SELECT w0=34925
SELECT w1=14961
SELECT w2=18113
BUSY TASK ewma=997
DMA IRQ c0=0
DMA IRQ c1=2
DMA IRQ c2=0
DMA IRQ c3=0
SELECT busy=34986
SELECT w0=34934
SELECT w1=14965
SELECT w2=18118
BUSY TASK ewma=997
DMA IRQ c0=0
DMA IRQ c1=2
DMA IRQ c2=0
DMA IRQ c3=0
SELECT busy=34994
SELECT w0=34942
SELECT w1=14968
SELECT w2=18122
BUSY TASK ewma=997
DMA IRQ c0=0
DMA IRQ c1=2
DMA IRQ c2=0
DMA IRQ c3=0
SELECT busy=35003
SELECT w0=34951
SELECT w1=14971
SELECT w2=18126
BUSY TASK ewma=997
DMA IRQ c0=0
DMA IRQ c1=2
DMA IRQ c2=0
DMA IRQ c3=0
SELECT busy=35012
SELECT w0=34960
SELECT w1=14974
SELECT w2=18130
BUSY TASK ewma=997
DMA IRQ c0=0
DMA IRQ c1=2
DMA IRQ c2=0
DMA IRQ c3=0
SELECT busy=35020
SELECT w0=34968
SELECT w1=14978
SELECT w2=18134
BUSY TASK ewma=997
DMA IRQ c0=0
DMA IRQ c1=2
DMA IRQ c2=0
DMA IRQ c3=0
SELECT busy=35029
SELECT w0=34977
SELECT w1=14981
SELECT w2=18138
BUSY TASK ewma=997
DMA IRQ c0=0
DMA IRQ c1=2
DMA IRQ c2=0
DMA IRQ c3=0
SELECT busy=35037
SELECT w0=34985
SELECT w1=14984
SELECT w2=18142
BUSY TASK ewma=997
DMA IRQ c0=0
DMA IRQ c1=2
DMA IRQ c2=0
DMA IRQ c3=0
SELECT busy=35046
SELECT w0=34994
SELECT w1=14987
SELECT w2=18146
BUSY TASK ewma=997
DMA IRQ c0=0
DMA IRQ c1=2
DMA IRQ c2=0
DMA IRQ c3=0
SELECT busy=35054
SELECT w0=35002
SELECT w1=14991
SELECT w2=18150
BUSY TASK ewma=997
DMA IRQ c0=0
DMA IRQ c1=2
DMA IRQ c2=0
DMA IRQ c3=0
SELECT busy=35063
SELECT w0=35011
SELECT w1=14994
SELECT w2=18154
BUSY TASK ewma=997
DMA IRQ c0=0
DMA IRQ c1=2
DMA IRQ c2=0
DMA IRQ c3=0
SELECT busy=35072
SELECT w0=35020
SELECT w1=14997
SELECT w2=18158
BUSY TASK ewma=997
DMA IRQ c0=0
DMA IRQ c1=2
DMA IRQ c2=0
DMA IRQ c3=0
SELECT busy=35080
SELECT w0=35028
SELECT w1=15001
SELECT w2=18162
BUSY TASK ewma=997
DMA IRQ c0=0
DMA IRQ c1=2
DMA IRQ c2=0
DMA IRQ c3=0
SELECT busy=35089
SELECT w0=35037
SELECT w1=15004
SELECT w2=18166
BUSY TASK ewma=997
DMA IRQ c0=0
DMA IRQ c1=2
DMA IRQ c2=0
DMA IRQ c3=0
SELECT busy=35097
SELECT w0=35045
SELECT w1=15007
SELECT w2=18171
BUSY TASK ewma=997
DMA IRQ c0=0
DMA IRQ c1=2
DMA IRQ c2=0
DMA IRQ c3=0
SELECT busy=35106
SELECT w0=35054
SELECT w1=15011
SELECT w2=18175
BUSY TASK ewma=997
DMA IRQ c0=0
DMA IRQ c1=2
DMA IRQ c2=0
DMA IRQ c3=0
SELECT busy=35115
SELECT w0=35063
SELECT w1=15014
SELECT w2=18179
BUSY TASK ewma=997
DMA IRQ c0=0
DMA IRQ c1=2
DMA IRQ c2=0
DMA IRQ c3=0
SELECT busy=35123
SELECT w0=35071
SELECT w1=15017
SELECT w2=18183
BUSY TASK ewma=997
DMA IRQ c0=0
DMA IRQ c1=2
DMA IRQ c2=0
DMA IRQ c3=0
SELECT busy=35132
SELECT w0=35080
SELECT w1=15021
SELECT w2=18187
BUSY TASK ewma=997
DMA IRQ c0=0
DMA IRQ c1=2
DMA IRQ c2=0
DMA IRQ c3=0
SELECT busy=35141
SELECT w0=35089
SELECT w1=15024
SELECT w2=18191
BUSY TASK ewma=997
DMA IRQ c0=0
DMA IRQ c1=2
DMA IRQ c2=0
DMA IRQ c3=0
SELECT busy=35149
SELECT w0=35097
SELECT w1=15027
SELECT w2=18195
BUSY TASK ewma=997
DMA IRQ c0=0
DMA IRQ c1=2
DMA IRQ c2=0
DMA IRQ c3=0
SELECT busy=35158
SELECT w0=35106
SELECT w1=15031
SELECT w2=18199
BUSY TASK ewma=997
DMA IRQ c0=0
DMA IRQ c1=2
DMA IRQ c2=0
DMA IRQ c3=0
SELECT busy=35166
SELECT w0=35114
SELECT w1=15034
SELECT w2=18203
BUSY TASK ewma=997
DMA IRQ c0=0
DMA IRQ c1=2
DMA IRQ c2=0
DMA IRQ c3=0
SELECT busy=35175
SELECT w0=35123
SELECT w1=15037
SELECT w2=18208
BUSY TASK ewma=997
DMA IRQ c0=0
DMA IRQ c1=2
DMA IRQ c2=0
DMA IRQ c3=0
SELECT busy=35184
SELECT w0=35132
SELECT w1=15041
SELECT w2=18212
BUSY TASK ewma=997
DMA IRQ c0=0
DMA IRQ c1=2
DMA IRQ c2=0
DMA IRQ c3=0
SELECT busy=35192
SELECT w0=35140
SELECT w1=15044
SELECT w2=18216
BUSY TASK ewma=997
DMA IRQ c0=0
DMA IRQ c1=2
DMA IRQ c2=0
DMA IRQ c3=0
SELECT busy=35201
SELECT w0=35149
SELECT w1=15047
SELECT w2=18220
BUSY TASK ewma=997
IRQ counts: cpu0=70339 cpu1=67724 cpu2=67194 cpu3=66262
SCHED secondaries: calls=201181 unexpected=0
SECTEST switches=201163 cpu1=1157315601,1160254788 cpu2=946050407,954179346 cpu3=1439937348,1448130981
PINGPONG rounds=2000 pongs=2000
DMA IRQ c0=0
DMA IRQ c1=2
DMA IRQ c2=0
DMA IRQ c3=0
SELECT busy=35210
SELECT w0=35159
SELECT w1=15051
SELECT w2=18225
BUSY TASK ewma=997
DMA IRQ c0=0
DMA IRQ c1=2
DMA IRQ c2=0
DMA IRQ c3=0
SELECT busy=35219
SELECT w0=35167
SELECT w1=15054
SELECT w2=18229
BUSY TASK ewma=997
DMA IRQ c0=0
DMA IRQ c1=2
DMA IRQ c2=0
DMA IRQ c3=0
SELECT busy=35227
SELECT w0=35176
SELECT w1=15057
SELECT w2=18233
BUSY TASK ewma=997
DMA IRQ c0=0
DMA IRQ c1=2
DMA IRQ c2=0
DMA IRQ c3=0
SELECT busy=35236
SELECT w0=35184
SELECT w1=15061
SELECT w2=18237
BUSY TASK ewma=997
DMA IRQ c0=0
DMA IRQ c1=2
DMA IRQ c2=0
DMA IRQ c3=0
SELECT busy=35245
SELECT w0=35193
SELECT w1=15064
SELECT w2=18241
BUSY TASK ewma=997
DMA IRQ c0=0
DMA IRQ c1=2
DMA IRQ c2=0
DMA IRQ c3=0
SELECT busy=35253
SELECT w0=35201
SELECT w1=15067
SELECT w2=18245
BUSY TASK ewma=997
DMA IRQ c0=0
DMA IRQ c1=2
DMA IRQ c2=0
DMA IRQ c3=0
SELECT busy=35262
SELECT w0=35210
SELECT w1=15071
SELECT w2=18249
BUSY TASK ewma=997
DMA IRQ c0=0
DMA IRQ c1=2
DMA IRQ c2=0
DMA IRQ c3=0
SELECT busy=35270
SELECT w0=35219
SELECT w1=15074
SELECT w2=18253
BUSY TASK ewma=997
DMA IRQ c0=0
DMA IRQ c1=2
DMA IRQ c2=0
DMA IRQ c3=0
SELECT busy=35279
SELECT w0=35227
SELECT w1=15077
SELECT w2=18258
BUSY TASK ewma=997
DMA IRQ c0=0
DMA IRQ c1=2
DMA IRQ c2=0
DMA IRQ c3=0
SELECT busy=35288
SELECT w0=35236
SELECT w1=15080
SELECT w2=18262
BUSY TASK ewma=997
DMA IRQ c0=0
DMA IRQ c1=2
DMA IRQ c2=0
DMA IRQ c3=0
SELECT busy=35296
SELECT w0=35244
SELECT w1=15084
SELECT w2=18266
BUSY TASK ewma=997
DMA IRQ c0=0
DMA IRQ c1=2
DMA IRQ c2=0
DMA IRQ c3=0
SELECT busy=35305
SELECT w0=35253
SELECT w1=15087
SELECT w2=18270
BUSY TASK ewma=997
DMA IRQ c0=0
DMA IRQ c1=2
DMA IRQ c2=0
DMA IRQ c3=0
SELECT busy=35313
SELECT w0=35261
SELECT w1=15090
SELECT w2=18274
BUSY TASK ewma=997
DMA IRQ c0=0
DMA IRQ c1=2
DMA IRQ c2=0
DMA IRQ c3=0
SELECT busy=35322
SELECT w0=35270
SELECT w1=15093
SELECT w2=18278
BUSY TASK ewma=997
DMA IRQ c0=0
DMA IRQ c1=2
DMA IRQ c2=0
DMA IRQ c3=0
SELECT busy=35331
SELECT w0=35279
SELECT w1=15097
SELECT w2=18282
BUSY TASK ewma=997
DMA IRQ c0=0
DMA IRQ c1=2
DMA IRQ c2=0
DMA IRQ c3=0
SELECT busy=35342
SELECT w0=35290
SELECT w1=15101
SELECT w2=18287
BUSY TASK ewma=997
DMA IRQ c0=0
DMA IRQ c1=2
DMA IRQ c2=0
DMA IRQ c3=0
SELECT busy=35351
SELECT w0=35299
SELECT w1=15105
SELECT w2=18291
BUSY TASK ewma=997
DMA IRQ c0=0
DMA IRQ c1=2
DMA IRQ c2=0
DMA IRQ c3=0
SELECT busy=35359
SELECT w0=35307
SELECT w1=15108
SELECT w2=18296
BUSY TASK ewma=997
DMA IRQ c0=0
DMA IRQ c1=2
DMA IRQ c2=0
DMA IRQ c3=0
SELECT busy=35368
SELECT w0=35316
SELECT w1=15111
SELECT w2=18300
BUSY TASK ewma=997
DMA IRQ c0=0
DMA IRQ c1=2
DMA IRQ c2=0
DMA IRQ c3=0
SELECT busy=35377
SELECT w0=35325
SELECT w1=15115
SELECT w2=18304
BUSY TASK ewma=997
DMA IRQ c0=0
DMA IRQ c1=2
DMA IRQ c2=0
DMA IRQ c3=0
SELECT busy=35388
SELECT w0=35337
SELECT w1=15119
SELECT w2=18310
BUSY TASK ewma=997
DMA IRQ c0=0
DMA IRQ c1=2
DMA IRQ c2=0
DMA IRQ c3=0
SELECT busy=35400
SELECT w0=35348
SELECT w1=15123
SELECT w2=18315
BUSY TASK ewma=997
DMA IRQ c0=0
DMA IRQ c1=2
DMA IRQ c2=0
DMA IRQ c3=0
SELECT busy=35411
SELECT w0=35359
SELECT w1=15128
SELECT w2=18320
BUSY TASK ewma=997
DMA IRQ c0=0
DMA IRQ c1=2
DMA IRQ c2=0
DMA IRQ c3=0
SELECT busy=35422
SELECT w0=35370
SELECT w1=15132
SELECT w2=18325
BUSY TASK ewma=997
DMA IRQ c0=0
DMA IRQ c1=2
DMA IRQ c2=0
DMA IRQ c3=0
SELECT busy=35433
SELECT w0=35381
SELECT w1=15136
SELECT w2=18330
BUSY TASK ewma=997
DMA IRQ c0=0
DMA IRQ c1=2
DMA IRQ c2=0
DMA IRQ c3=0
SELECT busy=35444
SELECT w0=35393
SELECT w1=15141
SELECT w2=18336
BUSY TASK ewma=997
DMA IRQ c0=0
DMA IRQ c1=2
DMA IRQ c2=0
DMA IRQ c3=0
SELECT busy=35455
SELECT w0=35404
SELECT w1=15145
SELECT w2=18341
BUSY TASK ewma=997
DMA IRQ c0=0
DMA IRQ c1=2
DMA IRQ c2=0
DMA IRQ c3=0
SELECT busy=35467
SELECT w0=35415
SELECT w1=15149
SELECT w2=18347
BUSY TASK ewma=997
DMA IRQ c0=0
DMA IRQ c1=2
DMA IRQ c2=0
DMA IRQ c3=0
SELECT busy=35478
SELECT w0=35426
SELECT w1=15154
SELECT w2=18353
BUSY TASK ewma=997
DMA IRQ c0=0
DMA IRQ c1=2
DMA IRQ c2=0
DMA IRQ c3=0
SELECT busy=35489
SELECT w0=35437
SELECT w1=15158
SELECT w2=18358
BUSY TASK ewma=997
DMA IRQ c0=0
DMA IRQ c1=2
DMA IRQ c2=0
DMA IRQ c3=0
SELECT busy=35500
SELECT w0=35449
SELECT w1=15162
SELECT w2=18363
BUSY TASK ewma=997
DMA IRQ c0=0
DMA IRQ c1=2
DMA IRQ c2=0
DMA IRQ c3=0
SELECT busy=35511
SELECT w0=35459
SELECT w1=15166
SELECT w2=18368
BUSY TASK ewma=997
DMA IRQ c0=0
DMA IRQ c1=2
DMA IRQ c2=0
DMA IRQ c3=0
SELECT busy=35520
SELECT w0=35468
SELECT w1=15170
SELECT w2=18373
BUSY TASK ewma=997
DMA IRQ c0=0
DMA IRQ c1=2
DMA IRQ c2=0
DMA IRQ c3=0
SELECT busy=35528
SELECT w0=35476
SELECT w1=15173
SELECT w2=18377
BUSY TASK ewma=997
DMA IRQ c0=0
DMA IRQ c1=2
DMA IRQ c2=0
DMA IRQ c3=0
SELECT busy=35538
SELECT w0=35486
SELECT w1=15177
SELECT w2=18381
BUSY TASK ewma=997
DMA IRQ c0=0
DMA IRQ c1=2
DMA IRQ c2=0
DMA IRQ c3=0
SELECT busy=35546
SELECT w0=35494
SELECT w1=15180
SELECT w2=18385
BUSY TASK ewma=997
DMA IRQ c0=0
DMA IRQ c1=2
DMA IRQ c2=0
DMA IRQ c3=0
SELECT busy=35555
SELECT w0=35503
SELECT w1=15183
SELECT w2=18389
BUSY TASK ewma=997
DMA IRQ c0=0
DMA IRQ c1=2
DMA IRQ c2=0
DMA IRQ c3=0
SELECT busy=35563
SELECT w0=35511
SELECT w1=15186
SELECT w2=18393
BUSY TASK ewma=997
DMA IRQ c0=0
DMA IRQ c1=2
DMA IRQ c2=0
DMA IRQ c3=0
SELECT busy=35572
SELECT w0=35520
SELECT w1=15190
SELECT w2=18397
BUSY TASK ewma=997
DMA IRQ c0=0
DMA IRQ c1=2
DMA IRQ c2=0
DMA IRQ c3=0
SELECT busy=35580
SELECT w0=35528
SELECT w1=15193
SELECT w2=18401
BUSY TASK ewma=997
DMA IRQ c0=0
DMA IRQ c1=2
DMA IRQ c2=0
DMA IRQ c3=0
SELECT busy=35589
SELECT w0=35537
SELECT w1=15196
SELECT w2=18405
BUSY TASK ewma=997
DMA IRQ c0=0
DMA IRQ c1=2
DMA IRQ c2=0
DMA IRQ c3=0
SELECT busy=35597
SELECT w0=35546
SELECT w1=15200
SELECT w2=18410
BUSY TASK ewma=997
DMA IRQ c0=0
DMA IRQ c1=2
DMA IRQ c2=0
DMA IRQ c3=0
SELECT busy=35606
SELECT w0=35554
SELECT w1=15203
SELECT w2=18414
BUSY TASK ewma=997
DMA IRQ c0=0
DMA IRQ c1=2
DMA IRQ c2=0
DMA IRQ c3=0
SELECT busy=35615
SELECT w0=35563
SELECT w1=15206
SELECT w2=18418
BUSY TASK ewma=997
DMA IRQ c0=0
DMA IRQ c1=2
DMA IRQ c2=0
DMA IRQ c3=0
SELECT busy=35623
SELECT w0=35571
SELECT w1=15209
SELECT w2=18422
BUSY TASK ewma=997
DMA IRQ c0=0
DMA IRQ c1=2
DMA IRQ c2=0
DMA IRQ c3=0
SELECT busy=35632
SELECT w0=35580
SELECT w1=15213
SELECT w2=18426
BUSY TASK ewma=997
DMA IRQ c0=0
DMA IRQ c1=2
DMA IRQ c2=0
DMA IRQ c3=0
SELECT busy=35640
SELECT w0=35588
SELECT w1=15216
SELECT w2=18430
BUSY TASK ewma=997
DMA IRQ c0=0
DMA IRQ c1=2
DMA IRQ c2=0
DMA IRQ c3=0
SELECT busy=35649
SELECT w0=35597
SELECT w1=15219
SELECT w2=18434
BUSY TASK ewma=997
DMA IRQ c0=0
DMA IRQ c1=2
DMA IRQ c2=0
DMA IRQ c3=0
SELECT busy=35657
SELECT w0=35606
SELECT w1=15223
SELECT w2=18438
BUSY TASK ewma=997
DMA IRQ c0=0
DMA IRQ c1=2
DMA IRQ c2=0
DMA IRQ c3=0
SELECT busy=35666
SELECT w0=35614
SELECT w1=15226
SELECT w2=18443
BUSY TASK ewma=997
DMA IRQ c0=0
DMA IRQ c1=2
DMA IRQ c2=0
DMA IRQ c3=0
SELECT busy=35675
SELECT w0=35623
SELECT w1=15230
SELECT w2=18447
BUSY TASK ewma=997
DMA IRQ c0=0
DMA IRQ c1=2
DMA IRQ c2=0
DMA IRQ c3=0
SELECT busy=35687
SELECT w0=35635
SELECT w1=15234
SELECT w2=18452
BUSY TASK ewma=997
DMA IRQ c0=0
DMA IRQ c1=2
DMA IRQ c2=0
DMA IRQ c3=0
SELECT busy=35698
SELECT w0=35646
SELECT w1=15238
SELECT w2=18457
BUSY TASK ewma=997
DMA IRQ c0=0
DMA IRQ c1=2
DMA IRQ c2=0
DMA IRQ c3=0
SELECT busy=35710
SELECT w0=35658
SELECT w1=15243
SELECT w2=18463
BUSY TASK ewma=997
DMA IRQ c0=0
DMA IRQ c1=2
DMA IRQ c2=0
DMA IRQ c3=0
SELECT busy=35721
SELECT w0=35669
SELECT w1=15247
SELECT w2=18468
BUSY TASK ewma=997
DMA IRQ c0=0
DMA IRQ c1=2
DMA IRQ c2=0
DMA IRQ c3=0
SELECT busy=35732
SELECT w0=35680
SELECT w1=15251
SELECT w2=18474
BUSY TASK ewma=997
DMA IRQ c0=0
DMA IRQ c1=2
DMA IRQ c2=0
DMA IRQ c3=0
SELECT busy=35743
SELECT w0=35691
SELECT w1=15255
SELECT w2=18479
BUSY TASK ewma=997
DMA IRQ c0=0
DMA IRQ c1=2
DMA IRQ c2=0
DMA IRQ c3=0
SELECT busy=35754
SELECT w0=35703
SELECT w1=15260
SELECT w2=18484
BUSY TASK ewma=997
DMA IRQ c0=0
DMA IRQ c1=2
DMA IRQ c2=0
DMA IRQ c3=0
SELECT busy=35766
SELECT w0=35714
SELECT w1=15264
SELECT w2=18490
BUSY TASK ewma=997
DMA IRQ c0=0
DMA IRQ c1=2
DMA IRQ c2=0
DMA IRQ c3=0
SELECT busy=35776
SELECT w0=35725
SELECT w1=15268
SELECT w2=18495
BUSY TASK ewma=997
DMA IRQ c0=0
DMA IRQ c1=2
DMA IRQ c2=0
DMA IRQ c3=0
SELECT busy=35785
SELECT w0=35733
SELECT w1=15271
SELECT w2=18499
BUSY TASK ewma=997
DMA IRQ c0=0
DMA IRQ c1=2
DMA IRQ c2=0
DMA IRQ c3=0
SELECT busy=35794
SELECT w0=35742
SELECT w1=15275
SELECT w2=18503
BUSY TASK ewma=997
DMA IRQ c0=0
DMA IRQ c1=2
DMA IRQ c2=0
DMA IRQ c3=0
SELECT busy=35802
SELECT w0=35750
SELECT w1=15278
SELECT w2=18508
BUSY TASK ewma=997
DMA IRQ c0=0
DMA IRQ c1=2
DMA IRQ c2=0
DMA IRQ c3=0
SELECT busy=35811
SELECT w0=35759
SELECT w1=15281
SELECT w2=18512
BUSY TASK ewma=997
IRQ counts: cpu0=71559 cpu1=68895 cpu2=68361 cpu3=67413
SCHED secondaries: calls=204669 unexpected=0
SECTEST switches=204651 cpu1=1177820750,1180864833 cpu2=963863956,972257653 cpu3=1463852040,1472052980
PINGPONG rounds=2000 pongs=2000
DMA IRQ c0=0
DMA IRQ c1=2
DMA IRQ c2=0
DMA IRQ c3=0
SELECT busy=35821
SELECT w0=35769
SELECT w1=15285
SELECT w2=18516
BUSY TASK ewma=997
DMA IRQ c0=0
DMA IRQ c1=2
DMA IRQ c2=0
DMA IRQ c3=0
SELECT busy=35829
SELECT w0=35777
SELECT w1=15288
SELECT w2=18521
BUSY TASK ewma=997
DMA IRQ c0=0
DMA IRQ c1=2
DMA IRQ c2=0
DMA IRQ c3=0
SELECT busy=35838
SELECT w0=35786
SELECT w1=15292
SELECT w2=18525
BUSY TASK ewma=997
DMA IRQ c0=0
DMA IRQ c1=2
DMA IRQ c2=0
DMA IRQ c3=0
SELECT busy=35847
SELECT w0=35795
SELECT w1=15295
SELECT w2=18529
BUSY TASK ewma=997
DMA IRQ c0=0
DMA IRQ c1=2
DMA IRQ c2=0
DMA IRQ c3=0
SELECT busy=35855
SELECT w0=35804
SELECT w1=15299
SELECT w2=18534
BUSY TASK ewma=997
DMA IRQ c0=0
DMA IRQ c1=2
DMA IRQ c2=0
DMA IRQ c3=0
SELECT busy=35864
SELECT w0=35812
SELECT w1=15302
SELECT w2=18538
BUSY TASK ewma=997
DMA IRQ c0=0
DMA IRQ c1=2
DMA IRQ c2=0
DMA IRQ c3=0
SELECT busy=35875
SELECT w0=35823
SELECT w1=15306
SELECT w2=18543
BUSY TASK ewma=997
DMA IRQ c0=0
DMA IRQ c1=2
DMA IRQ c2=0
DMA IRQ c3=0
SELECT busy=35885
SELECT w0=35834
SELECT w1=15310
SELECT w2=18548
BUSY TASK ewma=997
DMA IRQ c0=0
DMA IRQ c1=2
DMA IRQ c2=0
DMA IRQ c3=0
SELECT busy=35895
SELECT w0=35843
SELECT w1=15314
SELECT w2=18552
BUSY TASK ewma=997
DMA IRQ c0=0
DMA IRQ c1=2
DMA IRQ c2=0
DMA IRQ c3=0
SELECT busy=35904
SELECT w0=35852
SELECT w1=15317
SELECT w2=18556
BUSY TASK ewma=997
DMA IRQ c0=0
DMA IRQ c1=2
DMA IRQ c2=0
DMA IRQ c3=0
SELECT busy=35912
SELECT w0=35861
SELECT w1=15321
SELECT w2=18561
BUSY TASK ewma=997
DMA IRQ c0=0
DMA IRQ c1=2
DMA IRQ c2=0
DMA IRQ c3=0
SELECT busy=35921
SELECT w0=35869
SELECT w1=15324
SELECT w2=18564
BUSY TASK ewma=997
DMA IRQ c0=0
DMA IRQ c1=2
DMA IRQ c2=0
DMA IRQ c3=0
SELECT busy=35930
SELECT w0=35878
SELECT w1=15327
SELECT w2=18569
BUSY TASK ewma=997
DMA IRQ c0=0
DMA IRQ c1=2
DMA IRQ c2=0
DMA IRQ c3=0
SELECT busy=35938
SELECT w0=35886
SELECT w1=15331
SELECT w2=18573
BUSY TASK ewma=997
DMA IRQ c0=0
DMA IRQ c1=2
DMA IRQ c2=0
DMA IRQ c3=0
SELECT busy=35947
SELECT w0=35895
SELECT w1=15334
SELECT w2=18577
BUSY TASK ewma=997
DMA IRQ c0=0
DMA IRQ c1=2
DMA IRQ c2=0
DMA IRQ c3=0
SELECT busy=35956
SELECT w0=35904
SELECT w1=15337
SELECT w2=18581
BUSY TASK ewma=997
DMA IRQ c0=0
DMA IRQ c1=2
DMA IRQ c2=0
DMA IRQ c3=0
SELECT busy=35964
SELECT w0=35912
SELECT w1=15340
SELECT w2=18585
BUSY TASK ewma=997
DMA IRQ c0=0
DMA IRQ c1=2
DMA IRQ c2=0
DMA IRQ c3=0
SELECT busy=35973
SELECT w0=35921
SELECT w1=15344
SELECT w2=18589
BUSY TASK ewma=997
DMA IRQ c0=0
DMA IRQ c1=2
DMA IRQ c2=0
DMA IRQ c3=0
SELECT busy=35981
SELECT w0=35929
SELECT w1=15347
SELECT w2=18593
BUSY TASK ewma=997
DMA IRQ c0=0
DMA IRQ c1=2
DMA IRQ c2=0
DMA IRQ c3=0
SELECT busy=35990
SELECT w0=35938
SELECT w1=15350
SELECT w2=18597
BUSY TASK ewma=997
DMA IRQ c0=0
DMA IRQ c1=2
DMA IRQ c2=0
DMA IRQ c3=0
SELECT busy=35999
SELECT w0=35947
SELECT w1=15354
SELECT w2=18601
BUSY TASK ewma=997
DMA IRQ c0=0
DMA IRQ c1=2
DMA IRQ c2=0
DMA IRQ c3=0
SELECT busy=36007
SELECT w0=35955
SELECT w1=15357
SELECT w2=18605
BUSY TASK ewma=997
DMA IRQ c0=0
DMA IRQ c1=2
DMA IRQ c2=0
DMA IRQ c3=0
SELECT busy=36016
SELECT w0=35964
SELECT w1=15360
SELECT w2=18610
BUSY TASK ewma=997
DMA IRQ c0=0
DMA IRQ c1=2
DMA IRQ c2=0
DMA IRQ c3=0
SELECT busy=36024
SELECT w0=35972
SELECT w1=15363
SELECT w2=18614
BUSY TASK ewma=997
DMA IRQ c0=0
DMA IRQ c1=2
DMA IRQ c2=0
DMA IRQ c3=0
SELECT busy=36033
SELECT w0=35981
SELECT w1=15367
SELECT w2=18618
BUSY TASK ewma=997
DMA IRQ c0=0
DMA IRQ c1=2
DMA IRQ c2=0
DMA IRQ c3=0
SELECT busy=36041
SELECT w0=35989
SELECT w1=15370
SELECT w2=18622
BUSY TASK ewma=997
DMA IRQ c0=0
DMA IRQ c1=2
DMA IRQ c2=0
DMA IRQ c3=0
SELECT busy=36050
SELECT w0=35998
SELECT w1=15373
SELECT w2=18626
BUSY TASK ewma=997
DMA IRQ c0=0
DMA IRQ c1=2
DMA IRQ c2=0
DMA IRQ c3=0
SELECT busy=36058
SELECT w0=36007
SELECT w1=15377
SELECT w2=18630
BUSY TASK ewma=997
DMA IRQ c0=0
DMA IRQ c1=2
DMA IRQ c2=0
DMA IRQ c3=0
SELECT busy=36067
SELECT w0=36015
SELECT w1=15380
SELECT w2=18634
BUSY TASK ewma=997
DMA IRQ c0=0
DMA IRQ c1=2
DMA IRQ c2=0
DMA IRQ c3=0
SELECT busy=36076
SELECT w0=36024
SELECT w1=15383
SELECT w2=18639
BUSY TASK ewma=997
DMA IRQ c0=0
DMA IRQ c1=2
DMA IRQ c2=0
DMA IRQ c3=0
SELECT busy=36085
SELECT w0=36033
SELECT w1=15387
SELECT w2=18643
BUSY TASK ewma=997
DMA IRQ c0=0
DMA IRQ c1=2
DMA IRQ c2=0
DMA IRQ c3=0
SELECT busy=36093
SELECT w0=36041
SELECT w1=15390
SELECT w2=18647
BUSY TASK ewma=997
DMA IRQ c0=0
DMA IRQ c1=2
DMA IRQ c2=0
DMA IRQ c3=0
SELECT busy=36102
SELECT w0=36050
SELECT w1=15394
SELECT w2=18651
BUSY TASK ewma=997
DMA IRQ c0=0
DMA IRQ c1=2
DMA IRQ c2=0
DMA IRQ c3=0
SELECT busy=36110
SELECT w0=36058
SELECT w1=15397
SELECT w2=18656
BUSY TASK ewma=997
DMA IRQ c0=0
DMA IRQ c1=2
DMA IRQ c2=0
DMA IRQ c3=0
SELECT busy=36119
SELECT w0=36067
SELECT w1=15400
SELECT w2=18659
BUSY TASK ewma=997
DMA IRQ c0=0
DMA IRQ c1=2
DMA IRQ c2=0
DMA IRQ c3=0
SELECT busy=36128
SELECT w0=36076
SELECT w1=15404
SELECT w2=18664
BUSY TASK ewma=997
DMA IRQ c0=0
DMA IRQ c1=2
DMA IRQ c2=0
DMA IRQ c3=0
SELECT busy=36136
SELECT w0=36084
SELECT w1=15407
SELECT w2=18668
BUSY TASK ewma=997
DMA IRQ c0=0
DMA IRQ c1=2
DMA IRQ c2=0
DMA IRQ c3=0
SELECT busy=36145
SELECT w0=36093
SELECT w1=15410
SELECT w2=18672
BUSY TASK ewma=997
DMA IRQ c0=0
DMA IRQ c1=2
DMA IRQ c2=0
DMA IRQ c3=0
SELECT busy=36153
SELECT w0=36101
SELECT w1=15413
SELECT w2=18676
BUSY TASK ewma=997
DMA IRQ c0=0
DMA IRQ c1=2
DMA IRQ c2=0
DMA IRQ c3=0
SELECT busy=36162
SELECT w0=36110
SELECT w1=15417
SELECT w2=18680
BUSY TASK ewma=997
DMA IRQ c0=0
DMA IRQ c1=2
DMA IRQ c2=0
DMA IRQ c3=0
SELECT busy=36170
SELECT w0=36118
SELECT w1=15420
SELECT w2=18684
BUSY TASK ewma=997
DMA IRQ c0=0
DMA IRQ c1=2
DMA IRQ c2=0
DMA IRQ c3=0
SELECT busy=36179
SELECT w0=36127
SELECT w1=15423
SELECT w2=18688
BUSY TASK ewma=997
DMA IRQ c0=0
DMA IRQ c1=2
DMA IRQ c2=0
DMA IRQ c3=0
SELECT busy=36188
SELECT w0=36136
SELECT w1=15427
SELECT w2=18692
BUSY TASK ewma=997
DMA IRQ c0=0
DMA IRQ c1=2
DMA IRQ c2=0
DMA IRQ c3=0
SELECT busy=36196
SELECT w0=36144
SELECT w1=15430
SELECT w2=18696
BUSY TASK ewma=997
DMA IRQ c0=0
DMA IRQ c1=2
DMA IRQ c2=0
DMA IRQ c3=0
SELECT busy=36205
SELECT w0=36153
SELECT w1=15433
SELECT w2=18700
BUSY TASK ewma=997
DMA IRQ c0=0
DMA IRQ c1=2
DMA IRQ c2=0
DMA IRQ c3=0
SELECT busy=36213
SELECT w0=36161
SELECT w1=15436
SELECT w2=18704
BUSY TASK ewma=997
DMA IRQ c0=0
DMA IRQ c1=2
DMA IRQ c2=0
DMA IRQ c3=0
SELECT busy=36222
SELECT w0=36170
SELECT w1=15440
SELECT w2=18708
BUSY TASK ewma=997
DMA IRQ c0=0
DMA IRQ c1=2
DMA IRQ c2=0
DMA IRQ c3=0
SELECT busy=36231
SELECT w0=36179
SELECT w1=15443
SELECT w2=18713
BUSY TASK ewma=997
DMA IRQ c0=0
DMA IRQ c1=2
DMA IRQ c2=0
DMA IRQ c3=0
SELECT busy=36239
SELECT w0=36187
SELECT w1=15446
SELECT w2=18717
BUSY TASK ewma=997
DMA IRQ c0=0
DMA IRQ c1=2
DMA IRQ c2=0
DMA IRQ c3=0
SELECT busy=36248
SELECT w0=36196
SELECT w1=15449
SELECT w2=18721
BUSY TASK ewma=997
DMA IRQ c0=0
DMA IRQ c1=2
DMA IRQ c2=0
DMA IRQ c3=0
SELECT busy=36256
SELECT w0=36204
SELECT w1=15453
SELECT w2=18725
BUSY TASK ewma=997
DMA IRQ c0=0
DMA IRQ c1=2
DMA IRQ c2=0
DMA IRQ c3=0
SELECT busy=36265
SELECT w0=36213
SELECT w1=15456
SELECT w2=18729
BUSY TASK ewma=997
DMA IRQ c0=0
DMA IRQ c1=2
DMA IRQ c2=0
DMA IRQ c3=0
SELECT busy=36273
SELECT w0=36222
SELECT w1=15459
SELECT w2=18733
BUSY TASK ewma=997
DMA IRQ c0=0
DMA IRQ c1=2
DMA IRQ c2=0
DMA IRQ c3=0
SELECT busy=36282
SELECT w0=36230
SELECT w1=15463
SELECT w2=18737
BUSY TASK ewma=997
DMA IRQ c0=0
DMA IRQ c1=2
DMA IRQ c2=0
DMA IRQ c3=0
SELECT busy=36291
SELECT w0=36239
SELECT w1=15466
SELECT w2=18741
BUSY TASK ewma=997
DMA IRQ c0=0
DMA IRQ c1=2
DMA IRQ c2=0
DMA IRQ c3=0
SELECT busy=36302
SELECT w0=36250
SELECT w1=15470
SELECT w2=18746
BUSY TASK ewma=997
DMA IRQ c0=0
DMA IRQ c1=2
DMA IRQ c2=0
DMA IRQ c3=0
SELECT busy=36311
SELECT w0=36259
SELECT w1=15474
SELECT w2=18751
BUSY TASK ewma=997
DMA IRQ c0=0
DMA IRQ c1=2
DMA IRQ c2=0
DMA IRQ c3=0
SELECT busy=36320
SELECT w0=36268
SELECT w1=15477
SELECT w2=18755
BUSY TASK ewma=997
DMA IRQ c0=0
DMA IRQ c1=2
DMA IRQ c2=0
DMA IRQ c3=0
SELECT busy=36328
SELECT w0=36276
SELECT w1=15481
SELECT w2=18759
BUSY TASK ewma=997
DMA IRQ c0=0
DMA IRQ c1=2
DMA IRQ c2=0
DMA IRQ c3=0
SELECT busy=36337
SELECT w0=36285
SELECT w1=15484
SELECT w2=18763
BUSY TASK ewma=997
DMA IRQ c0=0
DMA IRQ c1=2
DMA IRQ c2=0
DMA IRQ c3=0
SELECT busy=36346
SELECT w0=36294
SELECT w1=15487
SELECT w2=18767
BUSY TASK ewma=997
DMA IRQ c0=0
DMA IRQ c1=2
DMA IRQ c2=0
DMA IRQ c3=0
SELECT busy=36354
SELECT w0=36303
SELECT w1=15491
SELECT w2=18772
BUSY TASK ewma=997
DMA IRQ c0=0
DMA IRQ c1=2
DMA IRQ c2=0
DMA IRQ c3=0
SELECT busy=36363
SELECT w0=36311
SELECT w1=15494
SELECT w2=18776
BUSY TASK ewma=997
DMA IRQ c0=0
DMA IRQ c1=2
DMA IRQ c2=0
DMA IRQ c3=0
SELECT busy=36372
SELECT w0=36320
SELECT w1=15497
SELECT w2=18780
BUSY TASK ewma=997
IRQ counts: cpu0=72681 cpu1=69976 cpu2=69435 cpu3=68470
SCHED secondaries: calls=207881 unexpected=0
SECTEST switches=207860 cpu1=1197877020,1200885183 cpu2=981481874,990042168 cpu3=1488078240,1496440946
PINGPONG rounds=2000 pongs=2000
DMA IRQ c0=0
DMA IRQ c1=2
DMA IRQ c2=0
DMA IRQ c3=0
SELECT busy=36381
SELECT w0=36329
SELECT w1=15501
SELECT w2=18785
BUSY TASK ewma=997
DMA IRQ c0=0
DMA IRQ c1=2
DMA IRQ c2=0
DMA IRQ c3=0
SELECT busy=36390
SELECT w0=36338
SELECT w1=15504
SELECT w2=18789
BUSY TASK ewma=997
DMA IRQ c0=0
DMA IRQ c1=2
DMA IRQ c2=0
DMA IRQ c3=0
SELECT busy=36398
SELECT w0=36347
SELECT w1=15508
SELECT w2=18793
BUSY TASK ewma=997
DMA IRQ c0=0
DMA IRQ c1=2
DMA IRQ c2=0
DMA IRQ c3=0
SELECT busy=36411
SELECT w0=36359
SELECT w1=15513
SELECT w2=18799
BUSY TASK ewma=997
DMA IRQ c0=0
DMA IRQ c1=2
DMA IRQ c2=0
DMA IRQ c3=0
SELECT busy=36423
SELECT w0=36371
SELECT w1=15517
SELECT w2=18805
BUSY TASK ewma=997
DMA IRQ c0=0
DMA IRQ c1=2
DMA IRQ c2=0
DMA IRQ c3=0
SELECT busy=36432
SELECT w0=36380
SELECT w1=15521
SELECT w2=18809
BUSY TASK ewma=997
DMA IRQ c0=0
DMA IRQ c1=2
DMA IRQ c2=0
DMA IRQ c3=0
SELECT busy=36443
SELECT w0=36391
SELECT w1=15525
SELECT w2=18814
BUSY TASK ewma=997
DMA IRQ c0=0
DMA IRQ c1=2
DMA IRQ c2=0
DMA IRQ c3=0
SELECT busy=36454
SELECT w0=36402
SELECT w1=15529
SELECT w2=18819
BUSY TASK ewma=997
DMA IRQ c0=0
DMA IRQ c1=2
DMA IRQ c2=0
DMA IRQ c3=0
SELECT busy=36469
SELECT w0=36418
SELECT w1=15536
SELECT w2=18827
BUSY TASK ewma=997
DMA IRQ c0=0
DMA IRQ c1=2
DMA IRQ c2=0
DMA IRQ c3=0
SELECT busy=36486
SELECT w0=36434
SELECT w1=15542
SELECT w2=18835
BUSY TASK ewma=997
DMA IRQ c0=0
DMA IRQ c1=2
DMA IRQ c2=0
DMA IRQ c3=0
SELECT busy=36500
SELECT w0=36448
SELECT w1=15547
SELECT w2=18842
BUSY TASK ewma=997
DMA IRQ c0=0
DMA IRQ c1=2
DMA IRQ c2=0
DMA IRQ c3=0
SELECT busy=36511
SELECT w0=36459
SELECT w1=15551
SELECT w2=18847
BUSY TASK ewma=997
DMA IRQ c0=0
DMA IRQ c1=2
DMA IRQ c2=0
DMA IRQ c3=0
SELECT busy=36522
SELECT w0=36470
SELECT w1=15556
SELECT w2=18852
BUSY TASK ewma=997
DMA IRQ c0=0
DMA IRQ c1=2
DMA IRQ c2=0
DMA IRQ c3=0
SELECT busy=36534
SELECT w0=36482
SELECT w1=15560
SELECT w2=18858
BUSY TASK ewma=997
DMA IRQ c0=0
DMA IRQ c1=2
DMA IRQ c2=0
DMA IRQ c3=0
SELECT busy=36545
SELECT w0=36493
SELECT w1=15564
SELECT w2=18863
BUSY TASK ewma=997
DMA IRQ c0=0
DMA IRQ c1=2
DMA IRQ c2=0
DMA IRQ c3=0
SELECT busy=36556
SELECT w0=36505
SELECT w1=15569
SELECT w2=18869
BUSY TASK ewma=997
DMA IRQ c0=0
DMA IRQ c1=2
DMA IRQ c2=0
DMA IRQ c3=0
SELECT busy=36568
SELECT w0=36516
SELECT w1=15573
SELECT w2=18874
BUSY TASK ewma=997
DMA IRQ c0=0
DMA IRQ c1=2
DMA IRQ c2=0
DMA IRQ c3=0
SELECT busy=36578
SELECT w0=36527
SELECT w1=15577
SELECT w2=18879
BUSY TASK ewma=997
DMA IRQ c0=0
DMA IRQ c1=2
DMA IRQ c2=0
DMA IRQ c3=0
SELECT busy=36589
SELECT w0=36537
SELECT w1=15581
SELECT w2=18884
BUSY TASK ewma=997
DMA IRQ c0=0
DMA IRQ c1=2
DMA IRQ c2=0
DMA IRQ c3=0
SELECT busy=36600
SELECT w0=36548
SELECT w1=15585
SELECT w2=18890
BUSY TASK ewma=997
DMA IRQ c0=0
DMA IRQ c1=2
DMA IRQ c2=0
DMA IRQ c3=0
SELECT busy=36612
SELECT w0=36560
SELECT w1=15590
SELECT w2=18895
BUSY TASK ewma=997
DMA IRQ c0=0
DMA IRQ c1=2
DMA IRQ c2=0
DMA IRQ c3=0
SELECT busy=36623
SELECT w0=36571
SELECT w1=15594
SELECT w2=18900
BUSY TASK ewma=997
DMA IRQ c0=0
DMA IRQ c1=2
DMA IRQ c2=0
DMA IRQ c3=0
SELECT busy=36634
SELECT w0=36582
SELECT w1=15598
SELECT w2=18905
BUSY TASK ewma=997
DMA IRQ c0=0
DMA IRQ c1=2
DMA IRQ c2=0
DMA IRQ c3=0
SELECT busy=36645
SELECT w0=36593
SELECT w1=15603
SELECT w2=18911
BUSY TASK ewma=997
DMA IRQ c0=0
DMA IRQ c1=2
DMA IRQ c2=0
DMA IRQ c3=0
SELECT busy=36657
SELECT w0=36605
SELECT w1=15607
SELECT w2=18916
BUSY TASK ewma=997
DMA IRQ c0=0
DMA IRQ c1=2
DMA IRQ c2=0
DMA IRQ c3=0
SELECT busy=36668
SELECT w0=36616
SELECT w1=15611
SELECT w2=18921
BUSY TASK ewma=997
DMA IRQ c0=0
DMA IRQ c1=2
DMA IRQ c2=0
DMA IRQ c3=0
SELECT busy=36679
SELECT w0=36627
SELECT w1=15616
SELECT w2=18927
BUSY TASK ewma=997
DMA IRQ c0=0
DMA IRQ c1=2
DMA IRQ c2=0
DMA IRQ c3=0
SELECT busy=36690
SELECT w0=36638
SELECT w1=15620
SELECT w2=18932
BUSY TASK ewma=997
DMA IRQ c0=0
DMA IRQ c1=2
DMA IRQ c2=0
DMA IRQ c3=0
SELECT busy=36702
SELECT w0=36650
SELECT w1=15624
SELECT w2=18937
BUSY TASK ewma=997
DMA IRQ c0=0
DMA IRQ c1=2
DMA IRQ c2=0
DMA IRQ c3=0
SELECT busy=36713
SELECT w0=36661
SELECT w1=15629
SELECT w2=18943
BUSY TASK ewma=997
DMA IRQ c0=0
DMA IRQ c1=2
DMA IRQ c2=0
DMA IRQ c3=0
SELECT busy=36724
SELECT w0=36672
SELECT w1=15633
SELECT w2=18948
BUSY TASK ewma=997
DMA IRQ c0=0
DMA IRQ c1=2
DMA IRQ c2=0
DMA IRQ c3=0
SELECT busy=36735
SELECT w0=36683
SELECT w1=15637
SELECT w2=18953
BUSY TASK ewma=997
DMA IRQ c0=0
DMA IRQ c1=2
DMA IRQ c2=0
DMA IRQ c3=0
SELECT busy=36746
SELECT w0=36694
SELECT w1=15641
SELECT w2=18959
BUSY TASK ewma=997
DMA IRQ c0=0
DMA IRQ c1=2
DMA IRQ c2=0
DMA IRQ c3=0
SELECT busy=36757
SELECT w0=36705
SELECT w1=15645
SELECT w2=18964
BUSY TASK ewma=997
DMA IRQ c0=0
DMA IRQ c1=2
DMA IRQ c2=0
DMA IRQ c3=0
SELECT busy=36767
SELECT w0=36715
SELECT w1=15649
SELECT w2=18969
BUSY TASK ewma=997
DMA IRQ c0=0
DMA IRQ c1=2
DMA IRQ c2=0
DMA IRQ c3=0
SELECT busy=36776
SELECT w0=36724
SELECT w1=15653
SELECT w2=18973
BUSY TASK ewma=997
DMA IRQ c0=0
DMA IRQ c1=2
DMA IRQ c2=0
DMA IRQ c3=0
SELECT busy=36784
SELECT w0=36733
SELECT w1=15656
SELECT w2=18977
BUSY TASK ewma=997
DMA IRQ c0=0
DMA IRQ c1=2
DMA IRQ c2=0
DMA IRQ c3=0
SELECT busy=36793
SELECT w0=36741
SELECT w1=15659
SELECT w2=18981
BUSY TASK ewma=997
DMA IRQ c0=0
DMA IRQ c1=2
DMA IRQ c2=0
DMA IRQ c3=0
SELECT busy=36802
SELECT w0=36750
SELECT w1=15662
SELECT w2=18985
BUSY TASK ewma=997
DMA IRQ c0=0
DMA IRQ c1=2
DMA IRQ c2=0
DMA IRQ c3=0
SELECT busy=36810
SELECT w0=36758
SELECT w1=15666
SELECT w2=18989
BUSY TASK ewma=997
DMA IRQ c0=0
DMA IRQ c1=2
DMA IRQ c2=0
DMA IRQ c3=0
SELECT busy=36819
SELECT w0=36767
SELECT w1=15669
SELECT w2=18993
BUSY TASK ewma=997
DMA IRQ c0=0
DMA IRQ c1=2
DMA IRQ c2=0
DMA IRQ c3=0
SELECT busy=36827
SELECT w0=36775
SELECT w1=15672
SELECT w2=18998
BUSY TASK ewma=997
DMA IRQ c0=0
DMA IRQ c1=2
DMA IRQ c2=0
DMA IRQ c3=0
SELECT busy=36836
SELECT w0=36784
SELECT w1=15676
SELECT w2=19001
BUSY TASK ewma=997
DMA IRQ c0=0
DMA IRQ c1=2
DMA IRQ c2=0
DMA IRQ c3=0
SELECT busy=36844
SELECT w0=36793
SELECT w1=15679
SELECT w2=19006
BUSY TASK ewma=997
DMA IRQ c0=0
DMA IRQ c1=2
DMA IRQ c2=0
DMA IRQ c3=0
SELECT busy=36853
SELECT w0=36801
SELECT w1=15682
SELECT w2=19010
BUSY TASK ewma=997
DMA IRQ c0=0
DMA IRQ c1=2
DMA IRQ c2=0
DMA IRQ c3=0
SELECT busy=36864
SELECT w0=36812
SELECT w1=15686
SELECT w2=19015
BUSY TASK ewma=997
DMA IRQ c0=0
DMA IRQ c1=2
DMA IRQ c2=0
DMA IRQ c3=0
SELECT busy=36875
SELECT w0=36823
SELECT w1=15691
SELECT w2=19020
BUSY TASK ewma=997
DMA IRQ c0=0
DMA IRQ c1=2
DMA IRQ c2=0
DMA IRQ c3=0
SELECT busy=36887
SELECT w0=36835
SELECT w1=15695
SELECT w2=19026
BUSY TASK ewma=997
DMA IRQ c0=0
DMA IRQ c1=2
DMA IRQ c2=0
DMA IRQ c3=0
SELECT busy=36898
SELECT w0=36846
SELECT w1=15700
SELECT w2=19031
BUSY TASK ewma=997
DMA IRQ c0=0
DMA IRQ c1=2
DMA IRQ c2=0
DMA IRQ c3=0
SELECT busy=36909
SELECT w0=36857
SELECT w1=15704
SELECT w2=19037
BUSY TASK ewma=997
DMA IRQ c0=0
DMA IRQ c1=2
DMA IRQ c2=0
DMA IRQ c3=0
SELECT busy=36921
SELECT w0=36869
SELECT w1=15708
SELECT w2=19042
BUSY TASK ewma=997
DMA IRQ c0=0
DMA IRQ c1=2
DMA IRQ c2=0
DMA IRQ c3=0
SELECT busy=36932
SELECT w0=36880
SELECT w1=15712
SELECT w2=19047
BUSY TASK ewma=997
DMA IRQ c0=0
DMA IRQ c1=2
DMA IRQ c2=0
DMA IRQ c3=0
SELECT busy=36943
SELECT w0=36892
SELECT w1=15717
SELECT w2=19053
BUSY TASK ewma=997
DMA IRQ c0=0
DMA IRQ c1=2
DMA IRQ c2=0
DMA IRQ c3=0
SELECT busy=36955
SELECT w0=36903
SELECT w1=15721
SELECT w2=19058
BUSY TASK ewma=997
DMA IRQ c0=0
DMA IRQ c1=2
DMA IRQ c2=0
DMA IRQ c3=0
SELECT busy=36967
SELECT w0=36915
SELECT w1=15726
SELECT w2=19064
BUSY TASK ewma=997
DMA IRQ c0=0
DMA IRQ c1=2
DMA IRQ c2=0
DMA IRQ c3=0
SELECT busy=36978
SELECT w0=36926
SELECT w1=15730
SELECT w2=19069
BUSY TASK ewma=997
DMA IRQ c0=0
DMA IRQ c1=2
DMA IRQ c2=0
DMA IRQ c3=0
SELECT busy=36989
SELECT w0=36937
SELECT w1=15734
SELECT w2=19075
BUSY TASK ewma=997
DMA IRQ c0=0
DMA IRQ c1=2
DMA IRQ c2=0
DMA IRQ c3=0
SELECT busy=37000
SELECT w0=36949
SELECT w1=15739
SELECT w2=19080
BUSY TASK ewma=997
DMA IRQ c0=0
DMA IRQ c1=2
DMA IRQ c2=0
DMA IRQ c3=0
SELECT busy=37012
SELECT w0=36960
SELECT w1=15743
SELECT w2=19085
BUSY TASK ewma=997
DMA IRQ c0=0
DMA IRQ c1=2
DMA IRQ c2=0
DMA IRQ c3=0
SELECT busy=37025
SELECT w0=36973
SELECT w1=15748
SELECT w2=19092
BUSY TASK ewma=997
DMA IRQ c0=0
DMA IRQ c1=2
DMA IRQ c2=0
DMA IRQ c3=0
SELECT busy=37037
SELECT w0=36985
SELECT w1=15753
SELECT w2=19097
BUSY TASK ewma=997
DMA IRQ c0=0
DMA IRQ c1=2
DMA IRQ c2=0
DMA IRQ c3=0
SELECT busy=37048
SELECT w0=36996
SELECT w1=15757
SELECT w2=19103
BUSY TASK ewma=997
DMA IRQ c0=0
DMA IRQ c1=2
DMA IRQ c2=0
DMA IRQ c3=0
SELECT busy=37060
SELECT w0=37008
SELECT w1=15761
SELECT w2=19108
BUSY TASK ewma=997
DMA IRQ c0=0
DMA IRQ c1=2
DMA IRQ c2=0
DMA IRQ c3=0
SELECT busy=37071
SELECT w0=37019
SELECT w1=15766
SELECT w2=19114
BUSY TASK ewma=997
IRQ counts: cpu0=74083 cpu1=71322 cpu2=70773 cpu3=69791
SCHED secondaries: calls=211890 unexpected=0
SECTEST switches=211869 cpu1=1222380143,1221130938 cpu2=999767304,1008159745 cpu3=1513826902,1526844182
PINGPONG rounds=2000 pongs=2000
DMA IRQ c0=0
DMA IRQ c1=2
DMA IRQ c2=0
DMA IRQ c3=0
SELECT busy=37083
SELECT w0=37031
SELECT w1=15771
SELECT w2=19120
BUSY TASK ewma=997
DMA IRQ c0=0
DMA IRQ c1=2
DMA IRQ c2=0
DMA IRQ c3=0
SELECT busy=37094
SELECT w0=37042
SELECT w1=15775
SELECT w2=19125
BUSY TASK ewma=997
DMA IRQ c0=0
DMA IRQ c1=2
DMA IRQ c2=0
DMA IRQ c3=0
SELECT busy=37106
SELECT w0=37054
SELECT w1=15780
SELECT w2=19131
BUSY TASK ewma=997
DMA IRQ c0=0
DMA IRQ c1=2
DMA IRQ c2=0
DMA IRQ c3=0
SELECT busy=37117
SELECT w0=37065
SELECT w1=15784
SELECT w2=19136
BUSY TASK ewma=997
DMA IRQ c0=0
DMA IRQ c1=2
DMA IRQ c2=0
DMA IRQ c3=0
SELECT busy=37128
SELECT w0=37076
SELECT w1=15788
SELECT w2=19142
BUSY TASK ewma=997
DMA IRQ c0=0
DMA IRQ c1=2
DMA IRQ c2=0
DMA IRQ c3=0
SELECT busy=37140
SELECT w0=37088
SELECT w1=15793
SELECT w2=19147
BUSY TASK ewma=997
DMA IRQ c0=0
DMA IRQ c1=2
DMA IRQ c2=0
DMA IRQ c3=0
SELECT busy=37151
SELECT w0=37099
SELECT w1=15797
SELECT w2=19152
BUSY TASK ewma=997
DMA IRQ c0=0
DMA IRQ c1=2
DMA IRQ c2=0
DMA IRQ c3=0
SELECT busy=37160
SELECT w0=37108
SELECT w1=15800
SELECT w2=19157
BUSY TASK ewma=997
DMA IRQ c0=0
DMA IRQ c1=2
DMA IRQ c2=0
DMA IRQ c3=0
SELECT busy=37168
SELECT w0=37116
SELECT w1=15803
SELECT w2=19161
BUSY TASK ewma=997
DMA IRQ c0=0
DMA IRQ c1=2
DMA IRQ c2=0
DMA IRQ c3=0
SELECT busy=37177
SELECT w0=37125
SELECT w1=15807
SELECT w2=19165
BUSY TASK ewma=997
DMA IRQ c0=0
DMA IRQ c1=2
DMA IRQ c2=0
DMA IRQ c3=0
SELECT busy=37185
SELECT w0=37134
SELECT w1=15810
SELECT w2=19169
BUSY TASK ewma=997
DMA IRQ c0=0
DMA IRQ c1=2
DMA IRQ c2=0
DMA IRQ c3=0
SELECT busy=37194
SELECT w0=37142
SELECT w1=15813
SELECT w2=19173
BUSY TASK ewma=997
DMA IRQ c0=0
DMA IRQ c1=2
DMA IRQ c2=0
DMA IRQ c3=0
SELECT busy=37203
SELECT w0=37151
SELECT w1=15817
SELECT w2=19177
BUSY TASK ewma=997
DMA IRQ c0=0
DMA IRQ c1=2
DMA IRQ c2=0
DMA IRQ c3=0
SELECT busy=37211
SELECT w0=37159
SELECT w1=15820
SELECT w2=19181
BUSY TASK ewma=997
DMA IRQ c0=0
DMA IRQ c1=2
DMA IRQ c2=0
DMA IRQ c3=0
SELECT busy=37221
SELECT w0=37169
SELECT w1=15824
SELECT w2=19186
BUSY TASK ewma=997
DMA IRQ c0=0
DMA IRQ c1=2
DMA IRQ c2=0
DMA IRQ c3=0
SELECT busy=37232
SELECT w0=37180
SELECT w1=15828
SELECT w2=19191
BUSY TASK ewma=997
DMA IRQ c0=0
DMA IRQ c1=2
DMA IRQ c2=0
DMA IRQ c3=0
SELECT busy=37243
SELECT w0=37192
SELECT w1=15832
SELECT w2=19197
BUSY TASK ewma=997
DMA IRQ c0=0
DMA IRQ c1=2
DMA IRQ c2=0
DMA IRQ c3=0
SELECT busy=37255
SELECT w0=37203
SELECT w1=15837
SELECT w2=19203
BUSY TASK ewma=997
DMA IRQ c0=0
DMA IRQ c1=2
DMA IRQ c2=0
DMA IRQ c3=0
SELECT busy=37267
SELECT w0=37215
SELECT w1=15841
SELECT w2=19208
BUSY TASK ewma=997
DMA IRQ c0=0
DMA IRQ c1=2
DMA IRQ c2=0
DMA IRQ c3=0
SELECT busy=37278
SELECT w0=37226
SELECT w1=15845
SELECT w2=19213
BUSY TASK ewma=997
DMA IRQ c0=0
DMA IRQ c1=2
DMA IRQ c2=0
DMA IRQ c3=0
SELECT busy=37289
SELECT w0=37237
SELECT w1=15849
SELECT w2=19219
BUSY TASK ewma=997
DMA IRQ c0=0
DMA IRQ c1=2
DMA IRQ c2=0
DMA IRQ c3=0
SELECT busy=37300
SELECT w0=37248
SELECT w1=15854
SELECT w2=19225
BUSY TASK ewma=997
DMA IRQ c0=0
DMA IRQ c1=2
DMA IRQ c2=0
DMA IRQ c3=0
SELECT busy=37312
SELECT w0=37260
SELECT w1=15858
SELECT w2=19230
BUSY TASK ewma=997
DMA IRQ c0=0
DMA IRQ c1=2
DMA IRQ c2=0
DMA IRQ c3=0
SELECT busy=37323
SELECT w0=37271
SELECT w1=15862
SELECT w2=19236
BUSY TASK ewma=997
DMA IRQ c0=0
DMA IRQ c1=2
DMA IRQ c2=0
DMA IRQ c3=0
SELECT busy=37334
SELECT w0=37282
SELECT w1=15867
SELECT w2=19241
BUSY TASK ewma=997
DMA IRQ c0=0
DMA IRQ c1=2
DMA IRQ c2=0
DMA IRQ c3=0
SELECT busy=37345
SELECT w0=37293
SELECT w1=15871
SELECT w2=19247
BUSY TASK ewma=997
DMA IRQ c0=0
DMA IRQ c1=2
DMA IRQ c2=0
DMA IRQ c3=0
SELECT busy=37354
SELECT w0=37302
SELECT w1=15874
SELECT w2=19251
BUSY TASK ewma=997
DMA IRQ c0=0
DMA IRQ c1=2
DMA IRQ c2=0
DMA IRQ c3=0
SELECT busy=37362
SELECT w0=37310
SELECT w1=15878
SELECT w2=19255
BUSY TASK ewma=997
DMA IRQ c0=0
DMA IRQ c1=2
DMA IRQ c2=0
DMA IRQ c3=0
SELECT busy=37371
SELECT w0=37319
SELECT w1=15881
SELECT w2=19260
BUSY TASK ewma=997
DMA IRQ c0=0
DMA IRQ c1=2
DMA IRQ c2=0
DMA IRQ c3=0
SELECT busy=37380
SELECT w0=37328
SELECT w1=15884
SELECT w2=19264
BUSY TASK ewma=997
DMA IRQ c0=0
DMA IRQ c1=2
DMA IRQ c2=0
DMA IRQ c3=0
SELECT busy=37388
SELECT w0=37336
SELECT w1=15887
SELECT w2=19268
BUSY TASK ewma=997
DMA IRQ c0=0
DMA IRQ c1=2
DMA IRQ c2=0
DMA IRQ c3=0
SELECT busy=37400
SELECT w0=37348
SELECT w1=15892
SELECT w2=19274
BUSY TASK ewma=997
DMA IRQ c0=0
DMA IRQ c1=2
DMA IRQ c2=0
DMA IRQ c3=0
SELECT busy=37415
SELECT w0=37363
SELECT w1=15898
SELECT w2=19281
BUSY TASK ewma=997
DMA IRQ c0=0
DMA IRQ c1=2
DMA IRQ c2=0
DMA IRQ c3=0
SELECT busy=37428
SELECT w0=37376
SELECT w1=15903
SELECT w2=19288
BUSY TASK ewma=997
DMA IRQ c0=0
DMA IRQ c1=2
DMA IRQ c2=0
DMA IRQ c3=0
SELECT busy=37439
SELECT w0=37387
SELECT w1=15907
SELECT w2=19293
BUSY TASK ewma=997
DMA IRQ c0=0
DMA IRQ c1=2
DMA IRQ c2=0
DMA IRQ c3=0
SELECT busy=37451
SELECT w0=37399
SELECT w1=15911
SELECT w2=19299
BUSY TASK ewma=997
DMA IRQ c0=0
DMA IRQ c1=2
DMA IRQ c2=0
DMA IRQ c3=0
SELECT busy=37466
SELECT w0=37414
SELECT w1=15917
SELECT w2=19307
BUSY TASK ewma=997
DMA IRQ c0=0
DMA IRQ c1=2
DMA IRQ c2=0
DMA IRQ c3=0
SELECT busy=37477
SELECT w0=37425
SELECT w1=15922
SELECT w2=19312
BUSY TASK ewma=997
DMA IRQ c0=0
DMA IRQ c1=2
DMA IRQ c2=0
DMA IRQ c3=0
SELECT busy=37488
SELECT w0=37436
SELECT w1=15926
SELECT w2=19317
BUSY TASK ewma=997
DMA IRQ c0=0
DMA IRQ c1=2
DMA IRQ c2=0
DMA IRQ c3=0
SELECT busy=37499
SELECT w0=37447
SELECT w1=15930
SELECT w2=19322
BUSY TASK ewma=997
DMA IRQ c0=0
DMA IRQ c1=2
DMA IRQ c2=0
DMA IRQ c3=0
SELECT busy=37510
SELECT w0=37458
SELECT w1=15934
SELECT w2=19328
BUSY TASK ewma=997
DMA IRQ c0=0
DMA IRQ c1=2
DMA IRQ c2=0
DMA IRQ c3=0
SELECT busy=37522
SELECT w0=37470
SELECT w1=15939
SELECT w2=19334
BUSY TASK ewma=997
DMA IRQ c0=0
DMA IRQ c1=2
DMA IRQ c2=0
DMA IRQ c3=0
SELECT busy=37533
SELECT w0=37481
SELECT w1=15943
SELECT w2=19339
BUSY TASK ewma=997
DMA IRQ c0=0
DMA IRQ c1=2
DMA IRQ c2=0
DMA IRQ c3=0
SELECT busy=37544
SELECT w0=37493
SELECT w1=15947
SELECT w2=19344
BUSY TASK ewma=997
DMA IRQ c0=0
DMA IRQ c1=2
DMA IRQ c2=0
DMA IRQ c3=0
SELECT busy=37555
SELECT w0=37503
SELECT w1=15951
SELECT w2=19349
BUSY TASK ewma=997
DMA IRQ c0=0
DMA IRQ c1=2
DMA IRQ c2=0
DMA IRQ c3=0
SELECT busy=37563
SELECT w0=37511
SELECT w1=15955
SELECT w2=19353
BUSY TASK ewma=997
DMA IRQ c0=0
DMA IRQ c1=2
DMA IRQ c2=0
DMA IRQ c3=0
SELECT busy=37572
SELECT w0=37520
SELECT w1=15958
SELECT w2=19357
BUSY TASK ewma=997
DMA IRQ c0=0
DMA IRQ c1=2
DMA IRQ c2=0
DMA IRQ c3=0
SELECT busy=37582
SELECT w0=37531
SELECT w1=15962
SELECT w2=19362
BUSY TASK ewma=997
DMA IRQ c0=0
DMA IRQ c1=2
DMA IRQ c2=0
DMA IRQ c3=0
SELECT busy=37594
SELECT w0=37542
SELECT w1=15966
SELECT w2=19368
BUSY TASK ewma=997
DMA IRQ c0=0
DMA IRQ c1=2
DMA IRQ c2=0
DMA IRQ c3=0
SELECT busy=37605
SELECT w0=37553
SELECT w1=15971
SELECT w2=19373
BUSY TASK ewma=997
DMA IRQ c0=0
DMA IRQ c1=2
DMA IRQ c2=0
DMA IRQ c3=0
SELECT busy=37617
SELECT w0=37565
SELECT w1=15975
SELECT w2=19378
BUSY TASK ewma=997
DMA IRQ c0=0
DMA IRQ c1=2
DMA IRQ c2=0
DMA IRQ c3=0
SELECT busy=37628
SELECT w0=37576
SELECT w1=15980
SELECT w2=19384
BUSY TASK ewma=997
DMA IRQ c0=0
DMA IRQ c1=2
DMA IRQ c2=0
DMA IRQ c3=0
SELECT busy=37639
SELECT w0=37587
SELECT w1=15984
SELECT w2=19389
BUSY TASK ewma=997
DMA IRQ c0=0
DMA IRQ c1=2
DMA IRQ c2=0
DMA IRQ c3=0
SELECT busy=37650
SELECT w0=37598
SELECT w1=15988
SELECT w2=19394
BUSY TASK ewma=997
DMA IRQ c0=0
DMA IRQ c1=2
DMA IRQ c2=0
DMA IRQ c3=0
SELECT busy=37661
SELECT w0=37609
SELECT w1=15992
SELECT w2=19400
BUSY TASK ewma=997
DMA IRQ c0=0
DMA IRQ c1=2
DMA IRQ c2=0
DMA IRQ c3=0
SELECT busy=37672
SELECT w0=37620
SELECT w1=15996
SELECT w2=19405
BUSY TASK ewma=997
DMA IRQ c0=0
DMA IRQ c1=2
DMA IRQ c2=0
DMA IRQ c3=0
SELECT busy=37681
SELECT w0=37629
SELECT w1=16000
SELECT w2=19409
BUSY TASK ewma=997
DMA IRQ c0=0
DMA IRQ c1=2
DMA IRQ c2=0
DMA IRQ c3=0
SELECT busy=37690
SELECT w0=37638
SELECT w1=16003
SELECT w2=19413
BUSY TASK ewma=997
DMA IRQ c0=0
DMA IRQ c1=2
DMA IRQ c2=0
DMA IRQ c3=0
SELECT busy=37699
SELECT w0=37647
SELECT w1=16007
SELECT w2=19418
BUSY TASK ewma=997
DMA IRQ c0=0
DMA IRQ c1=2
DMA IRQ c2=0
DMA IRQ c3=0
SELECT busy=37711
SELECT w0=37659
SELECT w1=16012
SELECT w2=19423
BUSY TASK ewma=997
DMA IRQ c0=0
DMA IRQ c1=2
DMA IRQ c2=0
DMA IRQ c3=0
SELECT busy=37722
SELECT w0=37670
SELECT w1=16016
SELECT w2=19429
BUSY TASK ewma=997
DMA IRQ c0=0
DMA IRQ c1=2
DMA IRQ c2=0
DMA IRQ c3=0
SELECT busy=37733
SELECT w0=37681
SELECT w1=16020
SELECT w2=19434
BUSY TASK ewma=997
DMA IRQ c0=0
DMA IRQ c1=2
DMA IRQ c2=0
DMA IRQ c3=0
SELECT busy=37744
SELECT w0=37693
SELECT w1=16025
SELECT w2=19439
BUSY TASK ewma=997
DMA IRQ c0=0
DMA IRQ c1=2
DMA IRQ c2=0
DMA IRQ c3=0
SELECT busy=37756
SELECT w0=37704
SELECT w1=16029
SELECT w2=19445
BUSY TASK ewma=997
IRQ counts: cpu0=75455 cpu1=72638 cpu2=72099 cpu3=71083
SCHED secondaries: calls=215820 unexpected=0
SECTEST switches=215803 cpu1=1243045178,1241928905 cpu2=1017586496,1025995161 cpu3=1539591452,1552746316
PINGPONG rounds=2000 pongs=2000
DMA IRQ c0=0
DMA IRQ c1=2
DMA IRQ c2=0
DMA IRQ c3=0
SELECT busy=37769
SELECT w0=37717
SELECT w1=16034
SELECT w2=19451
BUSY TASK ewma=997
DMA IRQ c0=0
DMA IRQ c1=2
DMA IRQ c2=0
DMA IRQ c3=0
SELECT busy=37780
SELECT w0=37728
SELECT w1=16038
SELECT w2=19457
BUSY TASK ewma=997
DMA IRQ c0=0
DMA IRQ c1=2
DMA IRQ c2=0
DMA IRQ c3=0
SELECT busy=37792
SELECT w0=37740
SELECT w1=16043
SELECT w2=19462
BUSY TASK ewma=997
DMA IRQ c0=0
DMA IRQ c1=2
DMA IRQ c2=0
DMA IRQ c3=0
SELECT busy=37803
SELECT w0=37751
SELECT w1=16047
SELECT w2=19467
BUSY TASK ewma=997
DMA IRQ c0=0
DMA IRQ c1=2
DMA IRQ c2=0
DMA IRQ c3=0
SELECT busy=37813
SELECT w0=37761
SELECT w1=16051
SELECT w2=19472
BUSY TASK ewma=997
DMA IRQ c0=0
DMA IRQ c1=2
DMA IRQ c2=0
DMA IRQ c3=0
SELECT busy=37821
SELECT w0=37770
SELECT w1=16054
SELECT w2=19476
BUSY TASK ewma=997
DMA IRQ c0=0
DMA IRQ c1=2
DMA IRQ c2=0
DMA IRQ c3=0
SELECT busy=37830
SELECT w0=37778
SELECT w1=16057
SELECT w2=19480
BUSY TASK ewma=997
DMA IRQ c0=0
DMA IRQ c1=2
DMA IRQ c2=0
DMA IRQ c3=0
SELECT busy=37839
SELECT w0=37787
SELECT w1=16061
SELECT w2=19484
BUSY TASK ewma=997
DMA IRQ c0=0
DMA IRQ c1=2
DMA IRQ c2=0
DMA IRQ c3=0
SELECT busy=37847
SELECT w0=37795
SELECT w1=16064
SELECT w2=19489
BUSY TASK ewma=997
DMA IRQ c0=0
DMA IRQ c1=2
DMA IRQ c2=0
DMA IRQ c3=0
SELECT busy=37856
SELECT w0=37804
SELECT w1=16067
SELECT w2=19492
BUSY TASK ewma=997
DMA IRQ c0=0
DMA IRQ c1=2
DMA IRQ c2=0
DMA IRQ c3=0
SELECT busy=37864
SELECT w0=37813
SELECT w1=16070
SELECT w2=19497
BUSY TASK ewma=997
DMA IRQ c0=0
DMA IRQ c1=2
DMA IRQ c2=0
DMA IRQ c3=0
SELECT busy=37873
SELECT w0=37821
SELECT w1=16074
SELECT w2=19501
BUSY TASK ewma=997
DMA IRQ c0=0
DMA IRQ c1=2
DMA IRQ c2=0
DMA IRQ c3=0
SELECT busy=37882
SELECT w0=37830
SELECT w1=16077
SELECT w2=19505
BUSY TASK ewma=997
DMA IRQ c0=0
DMA IRQ c1=2
DMA IRQ c2=0
DMA IRQ c3=0
SELECT busy=37890
SELECT w0=37838
SELECT w1=16080
SELECT w2=19509
BUSY TASK ewma=997
DMA IRQ c0=0
DMA IRQ c1=2
DMA IRQ c2=0
DMA IRQ c3=0
SELECT busy=37900
SELECT w0=37848
SELECT w1=16084
SELECT w2=19513
BUSY TASK ewma=997
DMA IRQ c0=0
DMA IRQ c1=2
DMA IRQ c2=0
DMA IRQ c3=0
SELECT busy=37912
SELECT w0=37860
SELECT w1=16089
SELECT w2=19520
BUSY TASK ewma=997
DMA IRQ c0=0
DMA IRQ c1=2
DMA IRQ c2=0
DMA IRQ c3=0
SELECT busy=37927
SELECT w0=37876
SELECT w1=16095
SELECT w2=19527
BUSY TASK ewma=997
DMA IRQ c0=0
DMA IRQ c1=2
DMA IRQ c2=0
DMA IRQ c3=0
SELECT busy=37939
SELECT w0=37887
SELECT w1=16099
SELECT w2=19532
BUSY TASK ewma=997
DMA IRQ c0=0
DMA IRQ c1=2
DMA IRQ c2=0
DMA IRQ c3=0
SELECT busy=37950
SELECT w0=37898
SELECT w1=16104
SELECT w2=19537
BUSY TASK ewma=997
DMA IRQ c0=0
DMA IRQ c1=2
DMA IRQ c2=0
DMA IRQ c3=0
SELECT busy=37961
SELECT w0=37909
SELECT w1=16108
SELECT w2=19543
BUSY TASK ewma=997
DMA IRQ c0=0
DMA IRQ c1=2
DMA IRQ c2=0
DMA IRQ c3=0
SELECT busy=37973
SELECT w0=37921
SELECT w1=16112
SELECT w2=19549
BUSY TASK ewma=997
DMA IRQ c0=0
DMA IRQ c1=2
DMA IRQ c2=0
DMA IRQ c3=0
SELECT busy=37985
SELECT w0=37933
SELECT w1=16117
SELECT w2=19554
BUSY TASK ewma=997
DMA IRQ c0=0
DMA IRQ c1=2
DMA IRQ c2=0
DMA IRQ c3=0
SELECT busy=37996
SELECT w0=37944
SELECT w1=16121
SELECT w2=19559
BUSY TASK ewma=997
DMA IRQ c0=0
DMA IRQ c1=2
DMA IRQ c2=0
DMA IRQ c3=0
SELECT busy=38007
SELECT w0=37955
SELECT w1=16126
SELECT w2=19565
BUSY TASK ewma=997
DMA IRQ c0=0
DMA IRQ c1=2
DMA IRQ c2=0
DMA IRQ c3=0
SELECT busy=38018
SELECT w0=37966
SELECT w1=16130
SELECT w2=19570
BUSY TASK ewma=997
DMA IRQ c0=0
DMA IRQ c1=2
DMA IRQ c2=0
DMA IRQ c3=0
SELECT busy=38030
SELECT w0=37978
SELECT w1=16134
SELECT w2=19576
BUSY TASK ewma=997
DMA IRQ c0=0
DMA IRQ c1=2
DMA IRQ c2=0
DMA IRQ c3=0
SELECT busy=38041
SELECT w0=37989
SELECT w1=16139
SELECT w2=19581
BUSY TASK ewma=997
DMA IRQ c0=0
DMA IRQ c1=2
DMA IRQ c2=0
DMA IRQ c3=0
SELECT busy=38053
SELECT w0=38001
SELECT w1=16143
SELECT w2=19587
BUSY TASK ewma=997
DMA IRQ c0=0
DMA IRQ c1=2
DMA IRQ c2=0
DMA IRQ c3=0
SELECT busy=38064
SELECT w0=38012
SELECT w1=16148
SELECT w2=19592
BUSY TASK ewma=997
DMA IRQ c0=0
DMA IRQ c1=2
DMA IRQ c2=0
DMA IRQ c3=0
SELECT busy=38075
SELECT w0=38023
SELECT w1=16152
SELECT w2=19597
BUSY TASK ewma=997
DMA IRQ c0=0
DMA IRQ c1=2
DMA IRQ c2=0
DMA IRQ c3=0
SELECT busy=38086
SELECT w0=38034
SELECT w1=16156
SELECT w2=19603
BUSY TASK ewma=997
DMA IRQ c0=0
DMA IRQ c1=2
DMA IRQ c2=0
DMA IRQ c3=0
SELECT busy=38097
SELECT w0=38045
SELECT w1=16160
SELECT w2=19608
BUSY TASK ewma=997
DMA IRQ c0=0
DMA IRQ c1=2
DMA IRQ c2=0
DMA IRQ c3=0
SELECT busy=38106
SELECT w0=38054
SELECT w1=16164
SELECT w2=19612
BUSY TASK ewma=997
DMA IRQ c0=0
DMA IRQ c1=2
DMA IRQ c2=0
DMA IRQ c3=0
SELECT busy=38115
SELECT w0=38063
SELECT w1=16167
SELECT w2=19616
BUSY TASK ewma=997
DMA IRQ c0=0
DMA IRQ c1=2
DMA IRQ c2=0
DMA IRQ c3=0
SELECT busy=38123
SELECT w0=38071
SELECT w1=16171
SELECT w2=19620
BUSY TASK ewma=997
DMA IRQ c0=0
DMA IRQ c1=2
DMA IRQ c2=0
DMA IRQ c3=0
SELECT busy=38132
SELECT w0=38080
SELECT w1=16174
SELECT w2=19624
BUSY TASK ewma=997
DMA IRQ c0=0
DMA IRQ c1=2
DMA IRQ c2=0
DMA IRQ c3=0
SELECT busy=38141
SELECT w0=38089
SELECT w1=16177
SELECT w2=19628
BUSY TASK ewma=997
DMA IRQ c0=0
DMA IRQ c1=2
DMA IRQ c2=0
DMA IRQ c3=0
SELECT busy=38149
SELECT w0=38097
SELECT w1=16181
SELECT w2=19632
BUSY TASK ewma=997
DMA IRQ c0=0
DMA IRQ c1=2
DMA IRQ c2=0
DMA IRQ c3=0
SELECT busy=38158
SELECT w0=38106
SELECT w1=16184
SELECT w2=19636
BUSY TASK ewma=997
DMA IRQ c0=0
DMA IRQ c1=2
DMA IRQ c2=0
DMA IRQ c3=0
SELECT busy=38166
SELECT w0=38114
SELECT w1=16187
SELECT w2=19640
BUSY TASK ewma=997
DMA IRQ c0=0
DMA IRQ c1=2
DMA IRQ c2=0
DMA IRQ c3=0
SELECT busy=38175
SELECT w0=38123
SELECT w1=16191
SELECT w2=19645
BUSY TASK ewma=997
DMA IRQ c0=0
DMA IRQ c1=2
DMA IRQ c2=0
DMA IRQ c3=0
SELECT busy=38184
SELECT w0=38132
SELECT w1=16194
SELECT w2=19649
BUSY TASK ewma=997
DMA IRQ c0=0
DMA IRQ c1=2
DMA IRQ c2=0
DMA IRQ c3=0
SELECT busy=38193
SELECT w0=38141
SELECT w1=16198
SELECT w2=19653
BUSY TASK ewma=997
DMA IRQ c0=0
DMA IRQ c1=2
DMA IRQ c2=0
DMA IRQ c3=0
SELECT busy=38202
SELECT w0=38150
SELECT w1=16201
SELECT w2=19658
BUSY TASK ewma=997
DMA IRQ c0=0
DMA IRQ c1=2
DMA IRQ c2=0
DMA IRQ c3=0
SELECT busy=38211
SELECT w0=38159
SELECT w1=16205
SELECT w2=19662
BUSY TASK ewma=997
DMA IRQ c0=0
DMA IRQ c1=2
DMA IRQ c2=0
DMA IRQ c3=0
SELECT busy=38220
SELECT w0=38168
SELECT w1=16208
SELECT w2=19666
BUSY TASK ewma=997
DMA IRQ c0=0
DMA IRQ c1=2
DMA IRQ c2=0
DMA IRQ c3=0
SELECT busy=38229
SELECT w0=38177
SELECT w1=16212
SELECT w2=19671
BUSY TASK ewma=997
DMA IRQ c0=0
DMA IRQ c1=2
DMA IRQ c2=0
DMA IRQ c3=0
SELECT busy=38238
SELECT w0=38187
SELECT w1=16215
SELECT w2=19675
BUSY TASK ewma=997
DMA IRQ c0=0
DMA IRQ c1=2
DMA IRQ c2=0
DMA IRQ c3=0
SELECT busy=38247
SELECT w0=38195
SELECT w1=16219
SELECT w2=19679
BUSY TASK ewma=997
DMA IRQ c0=0
DMA IRQ c1=2
DMA IRQ c2=0
DMA IRQ c3=0
SELECT busy=38256
SELECT w0=38205
SELECT w1=16222
SELECT w2=19683
BUSY TASK ewma=997
DMA IRQ c0=0
DMA IRQ c1=2
DMA IRQ c2=0
DMA IRQ c3=0
SELECT busy=38265
SELECT w0=38213
SELECT w1=16225
SELECT w2=19688
BUSY TASK ewma=997
DMA IRQ c0=0
DMA IRQ c1=2
DMA IRQ c2=0
DMA IRQ c3=0
SELECT busy=38274
SELECT w0=38222
SELECT w1=16229
SELECT w2=19692
BUSY TASK ewma=997
DMA IRQ c0=0
DMA IRQ c1=2
DMA IRQ c2=0
DMA IRQ c3=0
SELECT busy=38283
SELECT w0=38231
SELECT w1=16232
SELECT w2=19696
BUSY TASK ewma=997
DMA IRQ c0=0
DMA IRQ c1=2
DMA IRQ c2=0
DMA IRQ c3=0
SELECT busy=38292
SELECT w0=38240
SELECT w1=16236
SELECT w2=19700
BUSY TASK ewma=997
DMA IRQ c0=0
DMA IRQ c1=2
DMA IRQ c2=0
DMA IRQ c3=0
SELECT busy=38301
SELECT w0=38249
SELECT w1=16239
SELECT w2=19704
BUSY TASK ewma=997
DMA IRQ c0=0
DMA IRQ c1=2
DMA IRQ c2=0
DMA IRQ c3=0
SELECT busy=38310
SELECT w0=38258
SELECT w1=16243
SELECT w2=19709
BUSY TASK ewma=997
DMA IRQ c0=0
DMA IRQ c1=2
DMA IRQ c2=0
DMA IRQ c3=0
SELECT busy=38319
SELECT w0=38267
SELECT w1=16246
SELECT w2=19713
BUSY TASK ewma=997
DMA IRQ c0=0
DMA IRQ c1=2
DMA IRQ c2=0
DMA IRQ c3=0
SELECT busy=38328
SELECT w0=38276
SELECT w1=16250
SELECT w2=19717
BUSY TASK ewma=997
DMA IRQ c0=0
DMA IRQ c1=2
DMA IRQ c2=0
DMA IRQ c3=0
SELECT busy=38337
SELECT w0=38285
SELECT w1=16253
SELECT w2=19721
BUSY TASK ewma=997
DMA IRQ c0=0
DMA IRQ c1=2
DMA IRQ c2=0
DMA IRQ c3=0
SELECT busy=38346
SELECT w0=38294
SELECT w1=16257
SELECT w2=19726
BUSY TASK ewma=997
DMA IRQ c0=0
DMA IRQ c1=2
DMA IRQ c2=0
DMA IRQ c3=0
SELECT busy=38355
SELECT w0=38303
SELECT w1=16260
SELECT w2=19730
BUSY TASK ewma=997
DMA IRQ c0=0
DMA IRQ c1=2
DMA IRQ c2=0
DMA IRQ c3=0
SELECT busy=38364
SELECT w0=38312
SELECT w1=16263
SELECT w2=19734
BUSY TASK ewma=997
DMA IRQ c0=0
DMA IRQ c1=2
DMA IRQ c2=0
DMA IRQ c3=0
SELECT busy=38373
SELECT w0=38321
SELECT w1=16267
SELECT w2=19739
BUSY TASK ewma=997
DMA IRQ c0=0
DMA IRQ c1=2
DMA IRQ c2=0
DMA IRQ c3=0
SELECT busy=38382
SELECT w0=38330
SELECT w1=16270
SELECT w2=19743
BUSY TASK ewma=997
IRQ counts: cpu0=76703 cpu1=73842 cpu2=73287 cpu3=72260
SCHED secondaries: calls=219389 unexpected=0
SECTEST switches=219369 cpu1=1264146896,1263742462 cpu2=1035908817,1044405126 cpu3=1566387738,1580251675
PINGPONG rounds=2000 pongs=2000
DMA IRQ c0=0
DMA IRQ c1=2
DMA IRQ c2=0
DMA IRQ c3=0
SELECT busy=38392
SELECT w0=38340
SELECT w1=16274
SELECT w2=19748
BUSY TASK ewma=997
DMA IRQ c0=0
DMA IRQ c1=2
DMA IRQ c2=0
DMA IRQ c3=0
SELECT busy=38401
SELECT w0=38350
SELECT w1=16278
SELECT w2=19752
BUSY TASK ewma=997
DMA IRQ c0=0
DMA IRQ c1=2
DMA IRQ c2=0
DMA IRQ c3=0
SELECT busy=38410
SELECT w0=38358
SELECT w1=16281
SELECT w2=19757
BUSY TASK ewma=997
DMA IRQ c0=0
DMA IRQ c1=2
DMA IRQ c2=0
DMA IRQ c3=0
SELECT busy=38419
SELECT w0=38367
SELECT w1=16285
SELECT w2=19761
BUSY TASK ewma=997
DMA IRQ c0=0
DMA IRQ c1=2
DMA IRQ c2=0
DMA IRQ c3=0
SELECT busy=38428
SELECT w0=38377
SELECT w1=16288
SELECT w2=19765
BUSY TASK ewma=997
DMA IRQ c0=0
DMA IRQ c1=2
DMA IRQ c2=0
DMA IRQ c3=0
SELECT busy=38438
SELECT w0=38386
SELECT w1=16292
SELECT w2=19769
BUSY TASK ewma=997
DMA IRQ c0=0
DMA IRQ c1=2
DMA IRQ c2=0
DMA IRQ c3=0
SELECT busy=38447
SELECT w0=38395
SELECT w1=16295
SELECT w2=19774
BUSY TASK ewma=997
DMA IRQ c0=0
DMA IRQ c1=2
DMA IRQ c2=0
DMA IRQ c3=0
SELECT busy=38456
SELECT w0=38404
SELECT w1=16299
SELECT w2=19778
BUSY TASK ewma=997
DMA IRQ c0=0
DMA IRQ c1=2
DMA IRQ c2=0
DMA IRQ c3=0
SELECT busy=38465
SELECT w0=38413
SELECT w1=16302
SELECT w2=19782
BUSY TASK ewma=997
DMA IRQ c0=0
DMA IRQ c1=2
DMA IRQ c2=0
DMA IRQ c3=0
SELECT busy=38474
SELECT w0=38422
SELECT w1=16306
SELECT w2=19787
BUSY TASK ewma=997
DMA IRQ c0=0
DMA IRQ c1=2
DMA IRQ c2=0
DMA IRQ c3=0
SELECT busy=38483
SELECT w0=38431
SELECT w1=16309
SELECT w2=19791
BUSY TASK ewma=997
DMA IRQ c0=0
DMA IRQ c1=2
DMA IRQ c2=0
DMA IRQ c3=0
SELECT busy=38492
SELECT w0=38440
SELECT w1=16312
SELECT w2=19795
BUSY TASK ewma=997
DMA IRQ c0=0
DMA IRQ c1=2
DMA IRQ c2=0
DMA IRQ c3=0
SELECT busy=38501
SELECT w0=38449
SELECT w1=16316
SELECT w2=19799
BUSY TASK ewma=997
DMA IRQ c0=0
DMA IRQ c1=2
DMA IRQ c2=0
DMA IRQ c3=0
SELECT busy=38510
SELECT w0=38458
SELECT w1=16319
SELECT w2=19803
BUSY TASK ewma=997
DMA IRQ c0=0
DMA IRQ c1=2
DMA IRQ c2=0
DMA IRQ c3=0
SELECT busy=38519
SELECT w0=38467
SELECT w1=16323
SELECT w2=19808
BUSY TASK ewma=997
DMA IRQ c0=0
DMA IRQ c1=2
DMA IRQ c2=0
DMA IRQ c3=0
SELECT busy=38528
SELECT w0=38476
SELECT w1=16326
SELECT w2=19812
BUSY TASK ewma=997
DMA IRQ c0=0
DMA IRQ c1=2
DMA IRQ c2=0
DMA IRQ c3=0
SELECT busy=38537
SELECT w0=38485
SELECT w1=16329
SELECT w2=19816
BUSY TASK ewma=997
DMA IRQ c0=0
DMA IRQ c1=2
DMA IRQ c2=0
DMA IRQ c3=0
SELECT busy=38546
SELECT w0=38494
SELECT w1=16333
SELECT w2=19821
BUSY TASK ewma=997
DMA IRQ c0=0
DMA IRQ c1=2
DMA IRQ c2=0
DMA IRQ c3=0
SELECT busy=38555
SELECT w0=38503
SELECT w1=16336
SELECT w2=19825
BUSY TASK ewma=997
DMA IRQ c0=0
DMA IRQ c1=2
DMA IRQ c2=0
DMA IRQ c3=0
SELECT busy=38564
SELECT w0=38512
SELECT w1=16340
SELECT w2=19829
BUSY TASK ewma=997
DMA IRQ c0=0
DMA IRQ c1=2
DMA IRQ c2=0
DMA IRQ c3=0
SELECT busy=38573
SELECT w0=38521
SELECT w1=16343
SELECT w2=19833
BUSY TASK ewma=997
DMA IRQ c0=0
DMA IRQ c1=2
DMA IRQ c2=0
DMA IRQ c3=0
SELECT busy=38582
SELECT w0=38530
SELECT w1=16347
SELECT w2=19838
BUSY TASK ewma=997
DMA IRQ c0=0
DMA IRQ c1=2
DMA IRQ c2=0
DMA IRQ c3=0
SELECT busy=38591
SELECT w0=38539
SELECT w1=16350
SELECT w2=19842
BUSY TASK ewma=997
DMA IRQ c0=0
DMA IRQ c1=2
DMA IRQ c2=0
DMA IRQ c3=0
SELECT busy=38600
SELECT w0=38548
SELECT w1=16353
SELECT w2=19846
BUSY TASK ewma=997
DMA IRQ c0=0
DMA IRQ c1=2
DMA IRQ c2=0
DMA IRQ c3=0
SELECT busy=38609
SELECT w0=38557
SELECT w1=16357
SELECT w2=19850
BUSY TASK ewma=997
DMA IRQ c0=0
DMA IRQ c1=2
DMA IRQ c2=0
DMA IRQ c3=0
SELECT busy=38619
SELECT w0=38567
SELECT w1=16361
SELECT w2=19855
BUSY TASK ewma=997
DMA IRQ c0=0
DMA IRQ c1=2
DMA IRQ c2=0
DMA IRQ c3=0
SELECT busy=38630
SELECT w0=38578
SELECT w1=16365
SELECT w2=19860
BUSY TASK ewma=997
DMA IRQ c0=0
DMA IRQ c1=2
DMA IRQ c2=0
DMA IRQ c3=0
SELECT busy=38642
SELECT w0=38590
SELECT w1=16369
SELECT w2=19866
BUSY TASK ewma=997
DMA IRQ c0=0
DMA IRQ c1=2
DMA IRQ c2=0
DMA IRQ c3=0
SELECT busy=38654
SELECT w0=38602
SELECT w1=16374
SELECT w2=19872
BUSY TASK ewma=997
DMA IRQ c0=0
DMA IRQ c1=2
DMA IRQ c2=0
DMA IRQ c3=0
SELECT busy=38665
SELECT w0=38613
SELECT w1=16379
SELECT w2=19877
BUSY TASK ewma=997
DMA IRQ c0=0
DMA IRQ c1=2
DMA IRQ c2=0
DMA IRQ c3=0
SELECT busy=38677
SELECT w0=38625
SELECT w1=16383
SELECT w2=19883
BUSY TASK ewma=997
DMA IRQ c0=0
DMA IRQ c1=2
DMA IRQ c2=0
DMA IRQ c3=0
SELECT busy=38692
SELECT w0=38641
SELECT w1=16389
SELECT w2=19891
BUSY TASK ewma=997
DMA IRQ c0=0
DMA IRQ c1=2
DMA IRQ c2=0
DMA IRQ c3=0
SELECT busy=38705
SELECT w0=38653
SELECT w1=16394
SELECT w2=19896
BUSY TASK ewma=997
DMA IRQ c0=0
DMA IRQ c1=2
DMA IRQ c2=0
DMA IRQ c3=0
SELECT busy=38717
SELECT w0=38665
SELECT w1=16399
SELECT w2=19902
BUSY TASK ewma=997
DMA IRQ c0=0
DMA IRQ c1=2
DMA IRQ c2=0
DMA IRQ c3=0
SELECT busy=38728
SELECT w0=38676
SELECT w1=16403
SELECT w2=19908
BUSY TASK ewma=997
DMA IRQ c0=0
DMA IRQ c1=2
DMA IRQ c2=0
DMA IRQ c3=0
SELECT busy=38740
SELECT w0=38689
SELECT w1=16408
SELECT w2=19913
BUSY TASK ewma=997
DMA IRQ c0=0
DMA IRQ c1=2
DMA IRQ c2=0
DMA IRQ c3=0
SELECT busy=38752
SELECT w0=38700
SELECT w1=16412
SELECT w2=19919
BUSY TASK ewma=997
DMA IRQ c0=0
DMA IRQ c1=2
DMA IRQ c2=0
DMA IRQ c3=0
SELECT busy=38764
SELECT w0=38712
SELECT w1=16417
SELECT w2=19924
BUSY TASK ewma=997
DMA IRQ c0=0
DMA IRQ c1=2
DMA IRQ c2=0
DMA IRQ c3=0
SELECT busy=38776
SELECT w0=38724
SELECT w1=16421
SELECT w2=19930
BUSY TASK ewma=997
DMA IRQ c0=0
DMA IRQ c1=2
DMA IRQ c2=0
DMA IRQ c3=0
SELECT busy=38787
SELECT w0=38735
SELECT w1=16425
SELECT w2=19935
BUSY TASK ewma=997
DMA IRQ c0=0
DMA IRQ c1=2
DMA IRQ c2=0
DMA IRQ c3=0
SELECT busy=38798
SELECT w0=38746
SELECT w1=16430
SELECT w2=19940
BUSY TASK ewma=997
DMA IRQ c0=0
DMA IRQ c1=2
DMA IRQ c2=0
DMA IRQ c3=0
SELECT busy=38809
SELECT w0=38757
SELECT w1=16434
SELECT w2=19946
BUSY TASK ewma=997
DMA IRQ c0=0
DMA IRQ c1=2
DMA IRQ c2=0
DMA IRQ c3=0
SELECT busy=38821
SELECT w0=38769
SELECT w1=16439
SELECT w2=19952
BUSY TASK ewma=997
DMA IRQ c0=0
DMA IRQ c1=2
DMA IRQ c2=0
DMA IRQ c3=0
SELECT busy=38833
SELECT w0=38781
SELECT w1=16443
SELECT w2=19957
BUSY TASK ewma=997
DMA IRQ c0=0
DMA IRQ c1=2
DMA IRQ c2=0
DMA IRQ c3=0
SELECT busy=38844
SELECT w0=38792
SELECT w1=16447
SELECT w2=19963
BUSY TASK ewma=997
DMA IRQ c0=0
DMA IRQ c1=2
DMA IRQ c2=0
DMA IRQ c3=0
SELECT busy=38855
SELECT w0=38803
SELECT w1=16452
SELECT w2=19968
BUSY TASK ewma=997
DMA IRQ c0=0
DMA IRQ c1=2
DMA IRQ c2=0
DMA IRQ c3=0
SELECT busy=38866
SELECT w0=38815
SELECT w1=16456
SELECT w2=19974
BUSY TASK ewma=997
DMA IRQ c0=0
DMA IRQ c1=2
DMA IRQ c2=0
DMA IRQ c3=0
SELECT busy=38878
SELECT w0=38826
SELECT w1=16461
SELECT w2=19979
BUSY TASK ewma=997
DMA IRQ c0=0
DMA IRQ c1=2
DMA IRQ c2=0
DMA IRQ c3=0
SELECT busy=38890
SELECT w0=38838
SELECT w1=16465
SELECT w2=19985
BUSY TASK ewma=997
DMA IRQ c0=0
DMA IRQ c1=2
DMA IRQ c2=0
DMA IRQ c3=0
SELECT busy=38901
SELECT w0=38849
SELECT w1=16470
SELECT w2=19991
BUSY TASK ewma=997
DMA IRQ c0=0
DMA IRQ c1=2
DMA IRQ c2=0
DMA IRQ c3=0
SELECT busy=38913
SELECT w0=38861
SELECT w1=16474
SELECT w2=19996
BUSY TASK ewma=997
DMA IRQ c0=0
DMA IRQ c1=2
DMA IRQ c2=0
DMA IRQ c3=0
SELECT busy=38925
SELECT w0=38873
SELECT w1=16479
SELECT w2=20002
BUSY TASK ewma=997
DMA IRQ c0=0
DMA IRQ c1=2
DMA IRQ c2=0
DMA IRQ c3=0
SELECT busy=38937
SELECT w0=38885
SELECT w1=16483
SELECT w2=20007
BUSY TASK ewma=997
DMA IRQ c0=0
DMA IRQ c1=2
DMA IRQ c2=0
DMA IRQ c3=0
SELECT busy=38948
SELECT w0=38896
SELECT w1=16487
SELECT w2=20013
BUSY TASK ewma=997
DMA IRQ c0=0
DMA IRQ c1=2
DMA IRQ c2=0
DMA IRQ c3=0
SELECT busy=38957
SELECT w0=38905
SELECT w1=16491
SELECT w2=20018
BUSY TASK ewma=997
DMA IRQ c0=0
DMA IRQ c1=2
DMA IRQ c2=0
DMA IRQ c3=0
SELECT busy=38966
SELECT w0=38914
SELECT w1=16494
SELECT w2=20022
BUSY TASK ewma=997
DMA IRQ c0=0
DMA IRQ c1=2
DMA IRQ c2=0
DMA IRQ c3=0
SELECT busy=38975
SELECT w0=38923
SELECT w1=16498
SELECT w2=20026
BUSY TASK ewma=997
DMA IRQ c0=0
DMA IRQ c1=2
DMA IRQ c2=0
DMA IRQ c3=0
SELECT busy=38984
SELECT w0=38932
SELECT w1=16502
SELECT w2=20030
BUSY TASK ewma=997
DMA IRQ c0=0
DMA IRQ c1=2
DMA IRQ c2=0
DMA IRQ c3=0
SELECT busy=38996
SELECT w0=38944
SELECT w1=16506
SELECT w2=20036
BUSY TASK ewma=997
DMA IRQ c0=0
DMA IRQ c1=2
DMA IRQ c2=0
DMA IRQ c3=0
SELECT busy=39007
SELECT w0=38955
SELECT w1=16511
SELECT w2=20041
BUSY TASK ewma=997
DMA IRQ c0=0
DMA IRQ c1=2
DMA IRQ c2=0
DMA IRQ c3=0
SELECT busy=39018
SELECT w0=38967
SELECT w1=16515
SELECT w2=20047
BUSY TASK ewma=997
DMA IRQ c0=0
DMA IRQ c1=2
DMA IRQ c2=0
DMA IRQ c3=0
SELECT busy=39030
SELECT w0=38978
SELECT w1=16519
SELECT w2=20052
BUSY TASK ewma=997
DMA IRQ c0=0
DMA IRQ c1=2
DMA IRQ c2=0
DMA IRQ c3=0
SELECT busy=39043
SELECT w0=38991
SELECT w1=16525
SELECT w2=20059
BUSY TASK ewma=997
DMA IRQ c0=0
DMA IRQ c1=2
DMA IRQ c2=0
DMA IRQ c3=0
SELECT busy=39054
SELECT w0=39002
SELECT w1=16529
SELECT w2=20065
BUSY TASK ewma=997
IRQ counts: cpu0=78055 cpu1=75143 cpu2=74583 cpu3=73540
SCHED secondaries: calls=223269 unexpected=0
SECTEST switches=223248 cpu1=1285445310,1285106960 cpu2=1053226694,1061868677 cpu3=1593475150,1607755281
PINGPONG rounds=2000 pongs=2000
DMA IRQ c0=0
DMA IRQ c1=2
DMA IRQ c2=0
DMA IRQ c3=0
SELECT busy=39070
SELECT w0=39018
SELECT w1=16535
SELECT w2=20072
BUSY TASK ewma=997
DMA IRQ c0=0
DMA IRQ c1=2
DMA IRQ c2=0
DMA IRQ c3=0
SELECT busy=39080
SELECT w0=39029
SELECT w1=16539
SELECT w2=20078
BUSY TASK ewma=997
DMA IRQ c0=0
DMA IRQ c1=2
DMA IRQ c2=0
DMA IRQ c3=0
SELECT busy=39092
SELECT w0=39040
SELECT w1=16544
SELECT w2=20083
BUSY TASK ewma=997
DMA IRQ c0=0
DMA IRQ c1=2
DMA IRQ c2=0
DMA IRQ c3=0
SELECT busy=39103
SELECT w0=39051
SELECT w1=16548
SELECT w2=20088
BUSY TASK ewma=997
DMA IRQ c0=0
DMA IRQ c1=2
DMA IRQ c2=0
DMA IRQ c3=0
SELECT busy=39114
SELECT w0=39062
SELECT w1=16552
SELECT w2=20093
BUSY TASK ewma=997
DMA IRQ c0=0
DMA IRQ c1=2
DMA IRQ c2=0
DMA IRQ c3=0
SELECT busy=39125
SELECT w0=39073
SELECT w1=16557
SELECT w2=20099
BUSY TASK ewma=997
DMA IRQ c0=0
DMA IRQ c1=2
DMA IRQ c2=0
DMA IRQ c3=0
SELECT busy=39136
SELECT w0=39085
SELECT w1=16561
SELECT w2=20104
BUSY TASK ewma=997
DMA IRQ c0=0
DMA IRQ c1=2
DMA IRQ c2=0
DMA IRQ c3=0
SELECT busy=39148
SELECT w0=39096
SELECT w1=16565
SELECT w2=20110
BUSY TASK ewma=997
DMA IRQ c0=0
DMA IRQ c1=2
DMA IRQ c2=0
DMA IRQ c3=0
SELECT busy=39159
SELECT w0=39107
SELECT w1=16569
SELECT w2=20115
BUSY TASK ewma=997
DMA IRQ c0=0
DMA IRQ c1=2
DMA IRQ c2=0
DMA IRQ c3=0
SELECT busy=39170
SELECT w0=39118
SELECT w1=16574
SELECT w2=20121
BUSY TASK ewma=997
DMA IRQ c0=0
DMA IRQ c1=2
DMA IRQ c2=0
DMA IRQ c3=0
SELECT busy=39182
SELECT w0=39130
SELECT w1=16579
SELECT w2=20126
BUSY TASK ewma=997
DMA IRQ c0=0
DMA IRQ c1=2
DMA IRQ c2=0
DMA IRQ c3=0
SELECT busy=39193
SELECT w0=39141
SELECT w1=16583
SELECT w2=20132
BUSY TASK ewma=997
DMA IRQ c0=0
DMA IRQ c1=2
DMA IRQ c2=0
DMA IRQ c3=0
SELECT busy=39204
SELECT w0=39152
SELECT w1=16587
SELECT w2=20137
BUSY TASK ewma=997
DMA IRQ c0=0
DMA IRQ c1=2
DMA IRQ c2=0
DMA IRQ c3=0
SELECT busy=39215
SELECT w0=39163
SELECT w1=16591
SELECT w2=20142
BUSY TASK ewma=997
DMA IRQ c0=0
DMA IRQ c1=2
DMA IRQ c2=0
DMA IRQ c3=0
SELECT busy=39226
SELECT w0=39175
SELECT w1=16596
SELECT w2=20147
BUSY TASK ewma=997
DMA IRQ c0=0
DMA IRQ c1=2
DMA IRQ c2=0
DMA IRQ c3=0
SELECT busy=39238
SELECT w0=39186
SELECT w1=16600
SELECT w2=20153
BUSY TASK ewma=997
DMA IRQ c0=0
DMA IRQ c1=2
DMA IRQ c2=0
DMA IRQ c3=0
SELECT busy=39249
SELECT w0=39197
SELECT w1=16604
SELECT w2=20158
BUSY TASK ewma=997
DMA IRQ c0=0
DMA IRQ c1=2
DMA IRQ c2=0
DMA IRQ c3=0
SELECT busy=39261
SELECT w0=39209
SELECT w1=16609
SELECT w2=20164
BUSY TASK ewma=997
DMA IRQ c0=0
DMA IRQ c1=2
DMA IRQ c2=0
DMA IRQ c3=0
SELECT busy=39272
SELECT w0=39220
SELECT w1=16613
SELECT w2=20169
BUSY TASK ewma=997
DMA IRQ c0=0
DMA IRQ c1=2
DMA IRQ c2=0
DMA IRQ c3=0
SELECT busy=39283
SELECT w0=39231
SELECT w1=16617
SELECT w2=20174
BUSY TASK ewma=997
DMA IRQ c0=0
DMA IRQ c1=2
DMA IRQ c2=0
DMA IRQ c3=0
SELECT busy=39294
SELECT w0=39242
SELECT w1=16622
SELECT w2=20180
BUSY TASK ewma=997
DMA IRQ c0=0
DMA IRQ c1=2
DMA IRQ c2=0
DMA IRQ c3=0
SELECT busy=39305
SELECT w0=39254
SELECT w1=16626
SELECT w2=20185
BUSY TASK ewma=997
DMA IRQ c0=0
DMA IRQ c1=2
DMA IRQ c2=0
DMA IRQ c3=0
SELECT busy=39316
SELECT w0=39265
SELECT w1=16630
SELECT w2=20190
BUSY TASK ewma=997
DMA IRQ c0=0
DMA IRQ c1=2
DMA IRQ c2=0
DMA IRQ c3=0
SELECT busy=39327
SELECT w0=39275
SELECT w1=16634
SELECT w2=20196
BUSY TASK ewma=997
DMA IRQ c0=0
DMA IRQ c1=2
DMA IRQ c2=0
DMA IRQ c3=0
SELECT busy=39339
SELECT w0=39287
SELECT w1=16639
SELECT w2=20201
BUSY TASK ewma=997
DMA IRQ c0=0
DMA IRQ c1=2
DMA IRQ c2=0
DMA IRQ c3=0
SELECT busy=39350
SELECT w0=39298
SELECT w1=16643
SELECT w2=20206
BUSY TASK ewma=997
DMA IRQ c0=0
DMA IRQ c1=2
DMA IRQ c2=0
DMA IRQ c3=0
SELECT busy=39361
SELECT w0=39309
SELECT w1=16647
SELECT w2=20212
BUSY TASK ewma=997
DMA IRQ c0=0
DMA IRQ c1=2
DMA IRQ c2=0
DMA IRQ c3=0
SELECT busy=39380
SELECT w0=39329
SELECT w1=16655
SELECT w2=20221
BUSY TASK ewma=997
DMA IRQ c0=0
DMA IRQ c1=2
DMA IRQ c2=0
DMA IRQ c3=0
SELECT busy=39392
SELECT w0=39340
SELECT w1=16659
SELECT w2=20226
BUSY TASK ewma=997
DMA IRQ c0=0
DMA IRQ c1=2
DMA IRQ c2=0
DMA IRQ c3=0
SELECT busy=39403
SELECT w0=39352
SELECT w1=16664
SELECT w2=20232
BUSY TASK ewma=997
DMA IRQ c0=0
DMA IRQ c1=2
DMA IRQ c2=0
DMA IRQ c3=0
SELECT busy=39414
SELECT w0=39363
SELECT w1=16668
SELECT w2=20237
BUSY TASK ewma=997
DMA IRQ c0=0
DMA IRQ c1=2
DMA IRQ c2=0
DMA IRQ c3=0
SELECT busy=39426
SELECT w0=39374
SELECT w1=16672
SELECT w2=20242
BUSY TASK ewma=997
DMA IRQ c0=0
DMA IRQ c1=2
DMA IRQ c2=0
DMA IRQ c3=0
SELECT busy=39437
SELECT w0=39386
SELECT w1=16677
SELECT w2=20248
BUSY TASK ewma=997
DMA IRQ c0=0
DMA IRQ c1=2
DMA IRQ c2=0
DMA IRQ c3=0
SELECT busy=39448
SELECT w0=39397
SELECT w1=16681
SELECT w2=20253
BUSY TASK ewma=997
DMA IRQ c0=0
DMA IRQ c1=2
DMA IRQ c2=0
DMA IRQ c3=0
SELECT busy=39460
SELECT w0=39408
SELECT w1=16685
SELECT w2=20258
BUSY TASK ewma=997
DMA IRQ c0=0
DMA IRQ c1=2
DMA IRQ c2=0
DMA IRQ c3=0
SELECT busy=39471
SELECT w0=39419
SELECT w1=16689
SELECT w2=20263
BUSY TASK ewma=997
DMA IRQ c0=0
DMA IRQ c1=2
DMA IRQ c2=0
DMA IRQ c3=0
SELECT busy=39482
SELECT w0=39430
SELECT w1=16694
SELECT w2=20269
BUSY TASK ewma=997
DMA IRQ c0=0
DMA IRQ c1=2
DMA IRQ c2=0
DMA IRQ c3=0
SELECT busy=39494
SELECT w0=39442
SELECT w1=16698
SELECT w2=20275
BUSY TASK ewma=997
DMA IRQ c0=0
DMA IRQ c1=2
DMA IRQ c2=0
DMA IRQ c3=0
SELECT busy=39505
SELECT w0=39453
SELECT w1=16703
SELECT w2=20280
BUSY TASK ewma=997
DMA IRQ c0=0
DMA IRQ c1=2
DMA IRQ c2=0
DMA IRQ c3=0
SELECT busy=39516
SELECT w0=39464
SELECT w1=16707
SELECT w2=20285
BUSY TASK ewma=997
DMA IRQ c0=0
DMA IRQ c1=2
DMA IRQ c2=0
DMA IRQ c3=0
SELECT busy=39527
SELECT w0=39475
SELECT w1=16711
SELECT w2=20290
BUSY TASK ewma=997
DMA IRQ c0=0
DMA IRQ c1=2
DMA IRQ c2=0
DMA IRQ c3=0
SELECT busy=39538
SELECT w0=39487
SELECT w1=16715
SELECT w2=20296
BUSY TASK ewma=997
DMA IRQ c0=0
DMA IRQ c1=2
DMA IRQ c2=0
DMA IRQ c3=0
SELECT busy=39548
SELECT w0=39496
SELECT w1=16719
SELECT w2=20300
BUSY TASK ewma=997
DMA IRQ c0=0
DMA IRQ c1=2
DMA IRQ c2=0
DMA IRQ c3=0
SELECT busy=39557
SELECT w0=39505
SELECT w1=16722
SELECT w2=20304
BUSY TASK ewma=997
DMA IRQ c0=0
DMA IRQ c1=2
DMA IRQ c2=0
DMA IRQ c3=0
SELECT busy=39566
SELECT w0=39514
SELECT w1=16726
SELECT w2=20309
BUSY TASK ewma=997
DMA IRQ c0=0
DMA IRQ c1=2
DMA IRQ c2=0
DMA IRQ c3=0
SELECT busy=39574
SELECT w0=39522
SELECT w1=16729
SELECT w2=20312
BUSY TASK ewma=997
DMA IRQ c0=0
DMA IRQ c1=2
DMA IRQ c2=0
DMA IRQ c3=0
SELECT busy=39582
SELECT w0=39531
SELECT w1=16732
SELECT w2=20317
BUSY TASK ewma=997
DMA IRQ c0=0
DMA IRQ c1=2
DMA IRQ c2=0
DMA IRQ c3=0
SELECT busy=39591
SELECT w0=39539
SELECT w1=16736
SELECT w2=20321
BUSY TASK ewma=997
DMA IRQ c0=0
DMA IRQ c1=2
DMA IRQ c2=0
DMA IRQ c3=0
SELECT busy=39600
SELECT w0=39548
SELECT w1=16739
SELECT w2=20325
BUSY TASK ewma=997
DMA IRQ c0=0
DMA IRQ c1=2
DMA IRQ c2=0
DMA IRQ c3=0
SELECT busy=39609
SELECT w0=39557
SELECT w1=16742
SELECT w2=20329
BUSY TASK ewma=997
DMA IRQ c0=0
DMA IRQ c1=2
DMA IRQ c2=0
DMA IRQ c3=0
SELECT busy=39617
SELECT w0=39565
SELECT w1=16746
SELECT w2=20333
BUSY TASK ewma=997
DMA IRQ c0=0
DMA IRQ c1=2
DMA IRQ c2=0
DMA IRQ c3=0
SELECT busy=39626
SELECT w0=39574
SELECT w1=16749
SELECT w2=20337
BUSY TASK ewma=997
DMA IRQ c0=0
DMA IRQ c1=2
DMA IRQ c2=0
DMA IRQ c3=0
SELECT busy=39634
SELECT w0=39582
SELECT w1=16752
SELECT w2=20341
BUSY TASK ewma=997
DMA IRQ c0=0
DMA IRQ c1=2
DMA IRQ c2=0
DMA IRQ c3=0
SELECT busy=39643
SELECT w0=39591
SELECT w1=16755
SELECT w2=20345
BUSY TASK ewma=997
DMA IRQ c0=0
DMA IRQ c1=2
DMA IRQ c2=0
DMA IRQ c3=0
SELECT busy=39652
SELECT w0=39600
SELECT w1=16759
SELECT w2=20349
BUSY TASK ewma=997
DMA IRQ c0=0
DMA IRQ c1=2
DMA IRQ c2=0
DMA IRQ c3=0
SELECT busy=39661
SELECT w0=39609
SELECT w1=16762
SELECT w2=20353
BUSY TASK ewma=997
DMA IRQ c0=0
DMA IRQ c1=2
DMA IRQ c2=0
DMA IRQ c3=0
SELECT busy=39669
SELECT w0=39617
SELECT w1=16766
SELECT w2=20358
BUSY TASK ewma=997
DMA IRQ c0=0
DMA IRQ c1=2
DMA IRQ c2=0
DMA IRQ c3=0
SELECT busy=39678
SELECT w0=39626
SELECT w1=16769
SELECT w2=20362
BUSY TASK ewma=997
DMA IRQ c0=0
DMA IRQ c1=2
DMA IRQ c2=0
DMA IRQ c3=0
SELECT busy=39686
SELECT w0=39635
SELECT w1=16772
SELECT w2=20366
BUSY TASK ewma=997
DMA IRQ c0=0
DMA IRQ c1=2
DMA IRQ c2=0
DMA IRQ c3=0
SELECT busy=39695
SELECT w0=39643
SELECT w1=16775
SELECT w2=20370
BUSY TASK ewma=997
DMA IRQ c0=0
DMA IRQ c1=2
DMA IRQ c2=0
DMA IRQ c3=0
SELECT busy=39704
SELECT w0=39652
SELECT w1=16779
SELECT w2=20374
BUSY TASK ewma=997
DMA IRQ c0=0
DMA IRQ c1=2
DMA IRQ c2=0
DMA IRQ c3=0
SELECT busy=39713
SELECT w0=39661
SELECT w1=16782
SELECT w2=20378
BUSY TASK ewma=997
DMA IRQ c0=0
DMA IRQ c1=2
DMA IRQ c2=0
DMA IRQ c3=0
SELECT busy=39721
SELECT w0=39669
SELECT w1=16785
SELECT w2=20382
BUSY TASK ewma=997
DMA IRQ c0=0
DMA IRQ c1=2
DMA IRQ c2=0
DMA IRQ c3=0
SELECT busy=39730
SELECT w0=39678
SELECT w1=16789
SELECT w2=20386
BUSY TASK ewma=997
IRQ counts: cpu0=79397 cpu1=76433 cpu2=75858 cpu3=74802
SCHED secondaries: calls=227093 unexpected=0
SECTEST switches=227076 cpu1=1306169450,1305845346 cpu2=1071074012,1079771529 cpu3=1617464630,1631790710
PINGPONG rounds=2000 pongs=2000
DMA IRQ c0=0
DMA IRQ c1=2
DMA IRQ c2=0
DMA IRQ c3=0
SELECT busy=39740
SELECT w0=39688
SELECT w1=16793
SELECT w2=20391
BUSY TASK ewma=997
DMA IRQ c0=0
DMA IRQ c1=2
DMA IRQ c2=0
DMA IRQ c3=0
SELECT busy=39750
SELECT w0=39699
SELECT w1=16797
SELECT w2=20396
BUSY TASK ewma=997
DMA IRQ c0=0
DMA IRQ c1=2
DMA IRQ c2=0
DMA IRQ c3=0
SELECT busy=39766
SELECT w0=39714
SELECT w1=16803
SELECT w2=20404
BUSY TASK ewma=997
DMA IRQ c0=0
DMA IRQ c1=2
DMA IRQ c2=0
DMA IRQ c3=0
SELECT busy=39781
SELECT w0=39729
SELECT w1=16809
SELECT w2=20411
BUSY TASK ewma=997
DMA IRQ c0=0
DMA IRQ c1=2
DMA IRQ c2=0
DMA IRQ c3=0
SELECT busy=39792
SELECT w0=39740
SELECT w1=16813
SELECT w2=20416
BUSY TASK ewma=997
DMA IRQ c0=0
DMA IRQ c1=2
DMA IRQ c2=0
DMA IRQ c3=0
SELECT busy=39803
SELECT w0=39752
SELECT w1=16818
SELECT w2=20422
BUSY TASK ewma=997
DMA IRQ c0=0
DMA IRQ c1=2
DMA IRQ c2=0
DMA IRQ c3=0
SELECT busy=39814
SELECT w0=39762
SELECT w1=16822
SELECT w2=20427
BUSY TASK ewma=997
DMA IRQ c0=0
DMA IRQ c1=2
DMA IRQ c2=0
DMA IRQ c3=0
SELECT busy=39823
SELECT w0=39772
SELECT w1=16825
SELECT w2=20431
BUSY TASK ewma=997
DMA IRQ c0=0
DMA IRQ c1=2
DMA IRQ c2=0
DMA IRQ c3=0
SELECT busy=39832
SELECT w0=39780
SELECT w1=16828
SELECT w2=20435
BUSY TASK ewma=997
DMA IRQ c0=0
DMA IRQ c1=2
DMA IRQ c2=0
DMA IRQ c3=0
SELECT busy=39841
SELECT w0=39789
SELECT w1=16832
SELECT w2=20439
BUSY TASK ewma=997
DMA IRQ c0=0
DMA IRQ c1=2
DMA IRQ c2=0
DMA IRQ c3=0
SELECT busy=39850
SELECT w0=39798
SELECT w1=16835
SELECT w2=20444
BUSY TASK ewma=997
DMA IRQ c0=0
DMA IRQ c1=2
DMA IRQ c2=0
DMA IRQ c3=0
SELECT busy=39863
SELECT w0=39811
SELECT w1=16841
SELECT w2=20450
BUSY TASK ewma=997
DMA IRQ c0=0
DMA IRQ c1=2
DMA IRQ c2=0
DMA IRQ c3=0
SELECT busy=39875
SELECT w0=39823
SELECT w1=16845
SELECT w2=20455
BUSY TASK ewma=997
DMA IRQ c0=0
DMA IRQ c1=2
DMA IRQ c2=0
DMA IRQ c3=0
SELECT busy=39886
SELECT w0=39834
SELECT w1=16849
SELECT w2=20461
BUSY TASK ewma=997
DMA IRQ c0=0
DMA IRQ c1=2
DMA IRQ c2=0
DMA IRQ c3=0
SELECT busy=39897
SELECT w0=39845
SELECT w1=16854
SELECT w2=20466
BUSY TASK ewma=997
DMA IRQ c0=0
DMA IRQ c1=2
DMA IRQ c2=0
DMA IRQ c3=0
SELECT busy=39908
SELECT w0=39856
SELECT w1=16858
SELECT w2=20471
BUSY TASK ewma=997
DMA IRQ c0=0
DMA IRQ c1=2
DMA IRQ c2=0
DMA IRQ c3=0
SELECT busy=39919
SELECT w0=39867
SELECT w1=16862
SELECT w2=20477
BUSY TASK ewma=997
DMA IRQ c0=0
DMA IRQ c1=2
DMA IRQ c2=0
DMA IRQ c3=0
SELECT busy=39930
SELECT w0=39879
SELECT w1=16866
SELECT w2=20482
BUSY TASK ewma=997
DMA IRQ c0=0
DMA IRQ c1=2
DMA IRQ c2=0
DMA IRQ c3=0
SELECT busy=39942
SELECT w0=39890
SELECT w1=16871
SELECT w2=20487
BUSY TASK ewma=997
DMA IRQ c0=0
DMA IRQ c1=2
DMA IRQ c2=0
DMA IRQ c3=0
SELECT busy=39953
SELECT w0=39902
SELECT w1=16875
SELECT w2=20493
BUSY TASK ewma=997
DMA IRQ c0=0
DMA IRQ c1=2
DMA IRQ c2=0
DMA IRQ c3=0
SELECT busy=39965
SELECT w0=39913
SELECT w1=16879
SELECT w2=20498
BUSY TASK ewma=997
DMA IRQ c0=0
DMA IRQ c1=2
DMA IRQ c2=0
DMA IRQ c3=0
SELECT busy=39976
SELECT w0=39924
SELECT w1=16884
SELECT w2=20504
BUSY TASK ewma=997
DMA IRQ c0=0
DMA IRQ c1=2
DMA IRQ c2=0
DMA IRQ c3=0
SELECT busy=39988
SELECT w0=39936
SELECT w1=16888
SELECT w2=20509
BUSY TASK ewma=997
DMA IRQ c0=0
DMA IRQ c1=2
DMA IRQ c2=0
DMA IRQ c3=0
SELECT busy=39999
SELECT w0=39947
SELECT w1=16893
SELECT w2=20515
BUSY TASK ewma=997
DMA IRQ c0=0
DMA IRQ c1=2
DMA IRQ c2=0
DMA IRQ c3=0
SELECT busy=40010
SELECT w0=39958
SELECT w1=16897
SELECT w2=20520
BUSY TASK ewma=997
DMA IRQ c0=0
DMA IRQ c1=2
DMA IRQ c2=0
DMA IRQ c3=0
SELECT busy=40021
SELECT w0=39969
SELECT w1=16901
SELECT w2=20525
BUSY TASK ewma=997
DMA IRQ c0=0
DMA IRQ c1=2
DMA IRQ c2=0
DMA IRQ c3=0
SELECT busy=40033
SELECT w0=39981
SELECT w1=16906
SELECT w2=20530
BUSY TASK ewma=997
DMA IRQ c0=0
DMA IRQ c1=2
DMA IRQ c2=0
DMA IRQ c3=0
SELECT busy=40044
SELECT w0=39992
SELECT w1=16910
SELECT w2=20535
BUSY TASK ewma=997
DMA IRQ c0=0
DMA IRQ c1=2
DMA IRQ c2=0
DMA IRQ c3=0
SELECT busy=40054
SELECT w0=40003
SELECT w1=16914
SELECT w2=20540
BUSY TASK ewma=997
DMA IRQ c0=0
DMA IRQ c1=2
DMA IRQ c2=0
DMA IRQ c3=0
SELECT busy=40066
SELECT w0=40014
SELECT w1=16918
SELECT w2=20546
BUSY TASK ewma=997
DMA IRQ c0=0
DMA IRQ c1=2
DMA IRQ c2=0
DMA IRQ c3=0
SELECT busy=40077
SELECT w0=40025
SELECT w1=16923
SELECT w2=20551
BUSY TASK ewma=997
DMA IRQ c0=0
DMA IRQ c1=2
DMA IRQ c2=0
DMA IRQ c3=0
SELECT busy=40088
SELECT w0=40036
SELECT w1=16927
SELECT w2=20557
BUSY TASK ewma=997
DMA IRQ c0=0
DMA IRQ c1=2
DMA IRQ c2=0
DMA IRQ c3=0
SELECT busy=40099
SELECT w0=40048
SELECT w1=16931
SELECT w2=20562
BUSY TASK ewma=997
DMA IRQ c0=0
DMA IRQ c1=2
DMA IRQ c2=0
DMA IRQ c3=0
SELECT busy=40111
SELECT w0=40059
SELECT w1=16936
SELECT w2=20567
BUSY TASK ewma=997
DMA IRQ c0=0
DMA IRQ c1=2
DMA IRQ c2=0
DMA IRQ c3=0
SELECT busy=40122
SELECT w0=40070
SELECT w1=16940
SELECT w2=20572
BUSY TASK ewma=997
DMA IRQ c0=0
DMA IRQ c1=2
DMA IRQ c2=0
DMA IRQ c3=0
SELECT busy=40133
SELECT w0=40081
SELECT w1=16944
SELECT w2=20578
BUSY TASK ewma=997
DMA IRQ c0=0
DMA IRQ c1=2
DMA IRQ c2=0
DMA IRQ c3=0
SELECT busy=40144
SELECT w0=40092
SELECT w1=16949
SELECT w2=20583
BUSY TASK ewma=997
DMA IRQ c0=0
DMA IRQ c1=2
DMA IRQ c2=0
DMA IRQ c3=0
SELECT busy=40156
SELECT w0=40104
SELECT w1=16953
SELECT w2=20589
BUSY TASK ewma=997
DMA IRQ c0=0
DMA IRQ c1=2
DMA IRQ c2=0
DMA IRQ c3=0
SELECT busy=40167
SELECT w0=40115
SELECT w1=16958
SELECT w2=20594
BUSY TASK ewma=997
DMA IRQ c0=0
DMA IRQ c1=2
DMA IRQ c2=0
DMA IRQ c3=0
SELECT busy=40178
SELECT w0=40126
SELECT w1=16962
SELECT w2=20599
BUSY TASK ewma=997
DMA IRQ c0=0
DMA IRQ c1=2
DMA IRQ c2=0
DMA IRQ c3=0
SELECT busy=40189
SELECT w0=40137
SELECT w1=16966
SELECT w2=20605
BUSY TASK ewma=997
DMA IRQ c0=0
DMA IRQ c1=2
DMA IRQ c2=0
DMA IRQ c3=0
SELECT busy=40200
SELECT w0=40148
SELECT w1=16970
SELECT w2=20610
BUSY TASK ewma=997
DMA IRQ c0=0
DMA IRQ c1=2
DMA IRQ c2=0
DMA IRQ c3=0
SELECT busy=40211
SELECT w0=40159
SELECT w1=16975
SELECT w2=20615
BUSY TASK ewma=997
DMA IRQ c0=0
DMA IRQ c1=2
DMA IRQ c2=0
DMA IRQ c3=0
SELECT busy=40223
SELECT w0=40171
SELECT w1=16979
SELECT w2=20621
BUSY TASK ewma=997
DMA IRQ c0=0
DMA IRQ c1=2
DMA IRQ c2=0
DMA IRQ c3=0
SELECT busy=40234
SELECT w0=40182
SELECT w1=16984
SELECT w2=20626
BUSY TASK ewma=997
DMA IRQ c0=0
DMA IRQ c1=2
DMA IRQ c2=0
DMA IRQ c3=0
SELECT busy=40245
SELECT w0=40193
SELECT w1=16988
SELECT w2=20632
BUSY TASK ewma=997
DMA IRQ c0=0
DMA IRQ c1=2
DMA IRQ c2=0
DMA IRQ c3=0
SELECT busy=40256
SELECT w0=40205
SELECT w1=16992
SELECT w2=20637
BUSY TASK ewma=997
DMA IRQ c0=0
DMA IRQ c1=2
DMA IRQ c2=0
DMA IRQ c3=0
SELECT busy=40268
SELECT w0=40216
SELECT w1=16997
SELECT w2=20642
BUSY TASK ewma=997
DMA IRQ c0=0
DMA IRQ c1=2
DMA IRQ c2=0
DMA IRQ c3=0
SELECT busy=40279
SELECT w0=40227
SELECT w1=17001
SELECT w2=20647
BUSY TASK ewma=997
DMA IRQ c0=0
DMA IRQ c1=2
DMA IRQ c2=0
DMA IRQ c3=0
SELECT busy=40290
SELECT w0=40238
SELECT w1=17005
SELECT w2=20653
BUSY TASK ewma=997
DMA IRQ c0=0
DMA IRQ c1=2
DMA IRQ c2=0
DMA IRQ c3=0
SELECT busy=40299
SELECT w0=40248
SELECT w1=17009
SELECT w2=20657
BUSY TASK ewma=997
DMA IRQ c0=0
DMA IRQ c1=2
DMA IRQ c2=0
DMA IRQ c3=0
SELECT busy=40308
SELECT w0=40256
SELECT w1=17012
SELECT w2=20662
BUSY TASK ewma=997
DMA IRQ c0=0
DMA IRQ c1=2
DMA IRQ c2=0
DMA IRQ c3=0
SELECT busy=40317
SELECT w0=40265
SELECT w1=17015
SELECT w2=20666
BUSY TASK ewma=997
DMA IRQ c0=0
DMA IRQ c1=2
DMA IRQ c2=0
DMA IRQ c3=0
SELECT busy=40325
SELECT w0=40273
SELECT w1=17019
SELECT w2=20669
BUSY TASK ewma=997
DMA IRQ c0=0
DMA IRQ c1=2
DMA IRQ c2=0
DMA IRQ c3=0
SELECT busy=40334
SELECT w0=40282
SELECT w1=17022
SELECT w2=20674
BUSY TASK ewma=997
DMA IRQ c0=0
DMA IRQ c1=2
DMA IRQ c2=0
DMA IRQ c3=0
SELECT busy=40342
SELECT w0=40290
SELECT w1=17025
SELECT w2=20678
BUSY TASK ewma=997
DMA IRQ c0=0
DMA IRQ c1=2
DMA IRQ c2=0
DMA IRQ c3=0
SELECT busy=40351
SELECT w0=40299
SELECT w1=17029
SELECT w2=20682
BUSY TASK ewma=997
DMA IRQ c0=0
DMA IRQ c1=2
DMA IRQ c2=0
DMA IRQ c3=0
SELECT busy=40360
SELECT w0=40309
SELECT w1=17032
SELECT w2=20687
BUSY TASK ewma=997
DMA IRQ c0=0
DMA IRQ c1=2
DMA IRQ c2=0
DMA IRQ c3=0
SELECT busy=40372
SELECT w0=40320
SELECT w1=17037
SELECT w2=20692
BUSY TASK ewma=997
DMA IRQ c0=0
DMA IRQ c1=2
DMA IRQ c2=0
DMA IRQ c3=0
SELECT busy=40383
SELECT w0=40331
SELECT w1=17041
SELECT w2=20697
BUSY TASK ewma=997
DMA IRQ c0=0
DMA IRQ c1=2
DMA IRQ c2=0
DMA IRQ c3=0
SELECT busy=40395
SELECT w0=40343
SELECT w1=17046
SELECT w2=20703
BUSY TASK ewma=997
DMA IRQ c0=0
DMA IRQ c1=2
DMA IRQ c2=0
DMA IRQ c3=0
SELECT busy=40406
SELECT w0=40354
SELECT w1=17050
SELECT w2=20708
BUSY TASK ewma=997
DMA IRQ c0=0
DMA IRQ c1=2
DMA IRQ c2=0
DMA IRQ c3=0
SELECT busy=40417
SELECT w0=40366
SELECT w1=17054
SELECT w2=20714
BUSY TASK ewma=997
DMA IRQ c0=0
DMA IRQ c1=2
DMA IRQ c2=0
DMA IRQ c3=0
SELECT busy=40428
SELECT w0=40377
SELECT w1=17059
SELECT w2=20719
BUSY TASK ewma=997
IRQ counts: cpu0=80799 cpu1=77787 cpu2=77196 cpu3=76134
SCHED secondaries: calls=231118 unexpected=0
SECTEST switches=231097 cpu1=1326890113,1326650074 cpu2=1089635698,1098390309 cpu3=1641709144,1656049415
PINGPONG rounds=2000 pongs=2000
DMA IRQ c0=0
DMA IRQ c1=2
DMA IRQ c2=0
DMA IRQ c3=0
SELECT busy=40441
SELECT w0=40389
SELECT w1=17064
SELECT w2=20725
BUSY TASK ewma=997
DMA IRQ c0=0
DMA IRQ c1=2
DMA IRQ c2=0
DMA IRQ c3=0
SELECT busy=40452
SELECT w0=40401
SELECT w1=17068
SELECT w2=20730
BUSY TASK ewma=997
DMA IRQ c0=0
DMA IRQ c1=2
DMA IRQ c2=0
DMA IRQ c3=0
SELECT busy=40464
SELECT w0=40412
SELECT w1=17072
SELECT w2=20736
BUSY TASK ewma=997
DMA IRQ c0=0
DMA IRQ c1=2
DMA IRQ c2=0
DMA IRQ c3=0
SELECT busy=40475
SELECT w0=40423
SELECT w1=17077
SELECT w2=20741
BUSY TASK ewma=997
DMA IRQ c0=0
DMA IRQ c1=2
DMA IRQ c2=0
DMA IRQ c3=0
SELECT busy=40486
SELECT w0=40434
SELECT w1=17081
SELECT w2=20746
BUSY TASK ewma=997
DMA IRQ c0=0
DMA IRQ c1=2
DMA IRQ c2=0
DMA IRQ c3=0
SELECT busy=40495
SELECT w0=40443
SELECT w1=17084
SELECT w2=20751
BUSY TASK ewma=997
DMA IRQ c0=0
DMA IRQ c1=2
DMA IRQ c2=0
DMA IRQ c3=0
SELECT busy=40503
SELECT w0=40451
SELECT w1=17087
SELECT w2=20754
BUSY TASK ewma=997
DMA IRQ c0=0
DMA IRQ c1=2
DMA IRQ c2=0
DMA IRQ c3=0
SELECT busy=40512
SELECT w0=40460
SELECT w1=17091
SELECT w2=20758
BUSY TASK ewma=997
DMA IRQ c0=0
DMA IRQ c1=2
DMA IRQ c2=0
DMA IRQ c3=0
SELECT busy=40520
SELECT w0=40468
SELECT w1=17094
SELECT w2=20763
BUSY TASK ewma=997
DMA IRQ c0=0
DMA IRQ c1=2
DMA IRQ c2=0
DMA IRQ c3=0
SELECT busy=40529
SELECT w0=40477
SELECT w1=17097
SELECT w2=20767
BUSY TASK ewma=997
DMA IRQ c0=0
DMA IRQ c1=2
DMA IRQ c2=0
DMA IRQ c3=0
SELECT busy=40539
SELECT w0=40487
SELECT w1=17101
SELECT w2=20772
BUSY TASK ewma=997
DMA IRQ c0=0
DMA IRQ c1=2
DMA IRQ c2=0
DMA IRQ c3=0
SELECT busy=40555
SELECT w0=40503
SELECT w1=17108
SELECT w2=20780
BUSY TASK ewma=997
DMA IRQ c0=0
DMA IRQ c1=2
DMA IRQ c2=0
DMA IRQ c3=0
SELECT busy=40572
SELECT w0=40520
SELECT w1=17114
SELECT w2=20788
BUSY TASK ewma=997
DMA IRQ c0=0
DMA IRQ c1=2
DMA IRQ c2=0
DMA IRQ c3=0
SELECT busy=40583
SELECT w0=40531
SELECT w1=17118
SELECT w2=20793
BUSY TASK ewma=997
DMA IRQ c0=0
DMA IRQ c1=2
DMA IRQ c2=0
DMA IRQ c3=0
SELECT busy=40594
SELECT w0=40542
SELECT w1=17122
SELECT w2=20798
BUSY TASK ewma=997
DMA IRQ c0=0
DMA IRQ c1=2
DMA IRQ c2=0
DMA IRQ c3=0
SELECT busy=40604
SELECT w0=40552
SELECT w1=17126
SELECT w2=20803
BUSY TASK ewma=997
DMA IRQ c0=0
DMA IRQ c1=2
DMA IRQ c2=0
DMA IRQ c3=0
SELECT busy=40613
SELECT w0=40561
SELECT w1=17130
SELECT w2=20807
BUSY TASK ewma=997
DMA IRQ c0=0
DMA IRQ c1=2
DMA IRQ c2=0
DMA IRQ c3=0
SELECT busy=40621
SELECT w0=40569
SELECT w1=17133
SELECT w2=20811
BUSY TASK ewma=997
DMA IRQ c0=0
DMA IRQ c1=2
DMA IRQ c2=0
DMA IRQ c3=0
SELECT busy=40630
SELECT w0=40578
SELECT w1=17136
SELECT w2=20815
BUSY TASK ewma=997
DMA IRQ c0=0
DMA IRQ c1=2
DMA IRQ c2=0
DMA IRQ c3=0
SELECT busy=40639
SELECT w0=40587
SELECT w1=17140
SELECT w2=20819
BUSY TASK ewma=997
DMA IRQ c0=0
DMA IRQ c1=2
DMA IRQ c2=0
DMA IRQ c3=0
SELECT busy=40647
SELECT w0=40595
SELECT w1=17143
SELECT w2=20823
BUSY TASK ewma=997
DMA IRQ c0=0
DMA IRQ c1=2
DMA IRQ c2=0
DMA IRQ c3=0
SELECT busy=40656
SELECT w0=40604
SELECT w1=17146
SELECT w2=20828
BUSY TASK ewma=997
DMA IRQ c0=0
DMA IRQ c1=2
DMA IRQ c2=0
DMA IRQ c3=0
SELECT busy=40664
SELECT w0=40612
SELECT w1=17149
SELECT w2=20831
BUSY TASK ewma=997
DMA IRQ c0=0
DMA IRQ c1=2
DMA IRQ c2=0
DMA IRQ c3=0
SELECT busy=40673
SELECT w0=40621
SELECT w1=17153
SELECT w2=20836
BUSY TASK ewma=997
DMA IRQ c0=0
DMA IRQ c1=2
DMA IRQ c2=0
DMA IRQ c3=0
SELECT busy=40681
SELECT w0=40629
SELECT w1=17156
SELECT w2=20840
BUSY TASK ewma=997
DMA IRQ c0=0
DMA IRQ c1=2
DMA IRQ c2=0
DMA IRQ c3=0
SELECT busy=40690
SELECT w0=40638
SELECT w1=17159
SELECT w2=20844
BUSY TASK ewma=997
DMA IRQ c0=0
DMA IRQ c1=2
DMA IRQ c2=0
DMA IRQ c3=0
SELECT busy=40698
SELECT w0=40647
SELECT w1=17163
SELECT w2=20848
BUSY TASK ewma=997
DMA IRQ c0=0
DMA IRQ c1=2
DMA IRQ c2=0
DMA IRQ c3=0
SELECT busy=40707
SELECT w0=40655
SELECT w1=17166
SELECT w2=20852
BUSY TASK ewma=997
DMA IRQ c0=0
DMA IRQ c1=2
DMA IRQ c2=0
DMA IRQ c3=0
SELECT busy=40716
SELECT w0=40664
SELECT w1=17169
SELECT w2=20856
BUSY TASK ewma=997
DMA IRQ c0=0
DMA IRQ c1=2
DMA IRQ c2=0
DMA IRQ c3=0
SELECT busy=40724
SELECT w0=40672
SELECT w1=17173
SELECT w2=20860
BUSY TASK ewma=997
DMA IRQ c0=0
DMA IRQ c1=2
DMA IRQ c2=0
DMA IRQ c3=0
SELECT busy=40733
SELECT w0=40681
SELECT w1=17176
SELECT w2=20864
BUSY TASK ewma=997
DMA IRQ c0=0
DMA IRQ c1=2
DMA IRQ c2=0
DMA IRQ c3=0
SELECT busy=40742
SELECT w0=40690
SELECT w1=17179
SELECT w2=20869
BUSY TASK ewma=997
DMA IRQ c0=0
DMA IRQ c1=2
DMA IRQ c2=0
DMA IRQ c3=0
SELECT busy=40750
SELECT w0=40698
SELECT w1=17183
SELECT w2=20873
BUSY TASK ewma=997
DMA IRQ c0=0
DMA IRQ c1=2
DMA IRQ c2=0
DMA IRQ c3=0
SELECT busy=40759
SELECT w0=40707
SELECT w1=17186
SELECT w2=20877
BUSY TASK ewma=997
DMA IRQ c0=0
DMA IRQ c1=2
DMA IRQ c2=0
DMA IRQ c3=0
SELECT busy=40768
SELECT w0=40716
SELECT w1=17190
SELECT w2=20881
BUSY TASK ewma=997
DMA IRQ c0=0
DMA IRQ c1=2
DMA IRQ c2=0
DMA IRQ c3=0
SELECT busy=40777
SELECT w0=40725
SELECT w1=17193
SELECT w2=20886
BUSY TASK ewma=997
DMA IRQ c0=0
DMA IRQ c1=2
DMA IRQ c2=0
DMA IRQ c3=0
SELECT busy=40785
SELECT w0=40734
SELECT w1=17196
SELECT w2=20890
BUSY TASK ewma=997
DMA IRQ c0=0
DMA IRQ c1=2
DMA IRQ c2=0
DMA IRQ c3=0
SELECT busy=40794
SELECT w0=40742
SELECT w1=17200
SELECT w2=20894
BUSY TASK ewma=997
DMA IRQ c0=0
DMA IRQ c1=2
DMA IRQ c2=0
DMA IRQ c3=0
SELECT busy=40803
SELECT w0=40751
SELECT w1=17203
SELECT w2=20898
BUSY TASK ewma=997
DMA IRQ c0=0
DMA IRQ c1=2
DMA IRQ c2=0
DMA IRQ c3=0
SELECT busy=40812
SELECT w0=40760
SELECT w1=17207
SELECT w2=20902
BUSY TASK ewma=997
DMA IRQ c0=0
DMA IRQ c1=2
DMA IRQ c2=0
DMA IRQ c3=0
SELECT busy=40823
SELECT w0=40771
SELECT w1=17211
SELECT w2=20908
BUSY TASK ewma=997
DMA IRQ c0=0
DMA IRQ c1=2
DMA IRQ c2=0
DMA IRQ c3=0
SELECT busy=40833
SELECT w0=40781
SELECT w1=17215
SELECT w2=20913
BUSY TASK ewma=997
DMA IRQ c0=0
DMA IRQ c1=2
DMA IRQ c2=0
DMA IRQ c3=0
SELECT busy=40841
SELECT w0=40789
SELECT w1=17218
SELECT w2=20917
BUSY TASK ewma=997
DMA IRQ c0=0
DMA IRQ c1=2
DMA IRQ c2=0
DMA IRQ c3=0
SELECT busy=40850
SELECT w0=40798
SELECT w1=17222
SELECT w2=20921
BUSY TASK ewma=997
DMA IRQ c0=0
DMA IRQ c1=2
DMA IRQ c2=0
DMA IRQ c3=0
SELECT busy=40859
SELECT w0=40807
SELECT w1=17225
SELECT w2=20925
BUSY TASK ewma=997
DMA IRQ c0=0
DMA IRQ c1=2
DMA IRQ c2=0
DMA IRQ c3=0
SELECT busy=40869
SELECT w0=40817
SELECT w1=17229
SELECT w2=20930
BUSY TASK ewma=997
DMA IRQ c0=0
DMA IRQ c1=2
DMA IRQ c2=0
DMA IRQ c3=0
SELECT busy=40880
SELECT w0=40828
SELECT w1=17233
SELECT w2=20935
BUSY TASK ewma=997
DMA IRQ c0=0
DMA IRQ c1=2
DMA IRQ c2=0
DMA IRQ c3=0
SELECT busy=40890
SELECT w0=40839
SELECT w1=17237
SELECT w2=20940
BUSY TASK ewma=997
DMA IRQ c0=0
DMA IRQ c1=2
DMA IRQ c2=0
DMA IRQ c3=0
SELECT busy=40902
SELECT w0=40850
SELECT w1=17242
SELECT w2=20946
BUSY TASK ewma=997
DMA IRQ c0=0
DMA IRQ c1=2
DMA IRQ c2=0
DMA IRQ c3=0
SELECT busy=40913
SELECT w0=40861
SELECT w1=17246
SELECT w2=20951
BUSY TASK ewma=997
DMA IRQ c0=0
DMA IRQ c1=2
DMA IRQ c2=0
DMA IRQ c3=0
SELECT busy=40924
SELECT w0=40872
SELECT w1=17250
SELECT w2=20957
BUSY TASK ewma=997
DMA IRQ c0=0
DMA IRQ c1=2
DMA IRQ c2=0
DMA IRQ c3=0
SELECT busy=40938
SELECT w0=40886
SELECT w1=17256
SELECT w2=20963
BUSY TASK ewma=997
DMA IRQ c0=0
DMA IRQ c1=2
DMA IRQ c2=0
DMA IRQ c3=0
SELECT busy=40954
SELECT w0=40902
SELECT w1=17262
SELECT w2=20971
BUSY TASK ewma=997
DMA IRQ c0=0
DMA IRQ c1=2
DMA IRQ c2=0
DMA IRQ c3=0
SELECT busy=40966
SELECT w0=40914
SELECT w1=17266
SELECT w2=20976
BUSY TASK ewma=997
DMA IRQ c0=0
DMA IRQ c1=2
DMA IRQ c2=0
DMA IRQ c3=0
SELECT busy=40977
SELECT w0=40925
SELECT w1=17271
SELECT w2=20982
BUSY TASK ewma=997
DMA IRQ c0=0
DMA IRQ c1=2
DMA IRQ c2=0
DMA IRQ c3=0
SELECT busy=40988
SELECT w0=40936
SELECT w1=17275
SELECT w2=20987
BUSY TASK ewma=997
DMA IRQ c0=0
DMA IRQ c1=2
DMA IRQ c2=0
DMA IRQ c3=0
SELECT busy=40999
SELECT w0=40947
SELECT w1=17279
SELECT w2=20992
BUSY TASK ewma=997
DMA IRQ c0=0
DMA IRQ c1=2
DMA IRQ c2=0
DMA IRQ c3=0
SELECT busy=41010
SELECT w0=40959
SELECT w1=17284
SELECT w2=20998
BUSY TASK ewma=997
DMA IRQ c0=0
DMA IRQ c1=2
DMA IRQ c2=0
DMA IRQ c3=0
SELECT busy=41021
SELECT w0=40970
SELECT w1=17288
SELECT w2=21003
BUSY TASK ewma=997
DMA IRQ c0=0
DMA IRQ c1=2
DMA IRQ c2=0
DMA IRQ c3=0
SELECT busy=41033
SELECT w0=40981
SELECT w1=17292
SELECT w2=21009
BUSY TASK ewma=997
DMA IRQ c0=0
DMA IRQ c1=2
DMA IRQ c2=0
DMA IRQ c3=0
SELECT busy=41043
SELECT w0=40991
SELECT w1=17296
SELECT w2=21013
BUSY TASK ewma=997
DMA IRQ c0=0
DMA IRQ c1=2
DMA IRQ c2=0
DMA IRQ c3=0
SELECT busy=41052
SELECT w0=41000
SELECT w1=17299
SELECT w2=21017
BUSY TASK ewma=997
DMA IRQ c0=0
DMA IRQ c1=2
DMA IRQ c2=0
DMA IRQ c3=0
SELECT busy=41060
SELECT w0=41008
SELECT w1=17303
SELECT w2=21021
BUSY TASK ewma=997
DMA IRQ c0=0
DMA IRQ c1=2
DMA IRQ c2=0
DMA IRQ c3=0
SELECT busy=41069
SELECT w0=41017
SELECT w1=17306
SELECT w2=21025
BUSY TASK ewma=997
IRQ counts: cpu0=82075 cpu1=79018 cpu2=78416 cpu3=77339
SCHED secondaries: calls=234773 unexpected=0
SECTEST switches=234757 cpu1=1348167923,1347992816 cpu2=1106025314,1115126402 cpu3=1667423715,1681830629
PINGPONG rounds=2000 pongs=2000
DMA IRQ c0=0
DMA IRQ c1=2
DMA IRQ c2=0
DMA IRQ c3=0
SELECT busy=41079
SELECT w0=41027
SELECT w1=17310
SELECT w2=21030
BUSY TASK ewma=997
DMA IRQ c0=0
DMA IRQ c1=2
DMA IRQ c2=0
DMA IRQ c3=0
SELECT busy=41088
SELECT w0=41036
SELECT w1=17314
SELECT w2=21035
BUSY TASK ewma=997
DMA IRQ c0=0
DMA IRQ c1=2
DMA IRQ c2=0
DMA IRQ c3=0
SELECT busy=41099
SELECT w0=41047
SELECT w1=17318
SELECT w2=21040
BUSY TASK ewma=997
DMA IRQ c0=0
DMA IRQ c1=2
DMA IRQ c2=0
DMA IRQ c3=0
SELECT busy=41111
SELECT w0=41059
SELECT w1=17322
SELECT w2=21045
BUSY TASK ewma=997
DMA IRQ c0=0
DMA IRQ c1=2
DMA IRQ c2=0
DMA IRQ c3=0
SELECT busy=41122
SELECT w0=41070
SELECT w1=17326
SELECT w2=21051
BUSY TASK ewma=997
DMA IRQ c0=0
DMA IRQ c1=2
DMA IRQ c2=0
DMA IRQ c3=0
SELECT busy=41133
SELECT w0=41081
SELECT w1=17331
SELECT w2=21056
BUSY TASK ewma=997
DMA IRQ c0=0
DMA IRQ c1=2
DMA IRQ c2=0
DMA IRQ c3=0
SELECT busy=41143
SELECT w0=41091
SELECT w1=17335
SELECT w2=21062
BUSY TASK ewma=997
DMA IRQ c0=0
DMA IRQ c1=2
DMA IRQ c2=0
DMA IRQ c3=0
SELECT busy=41154
SELECT w0=41102
SELECT w1=17339
SELECT w2=21067
BUSY TASK ewma=997
DMA IRQ c0=0
DMA IRQ c1=2
DMA IRQ c2=0
DMA IRQ c3=0
SELECT busy=41165
SELECT w0=41114
SELECT w1=17343
SELECT w2=21072
BUSY TASK ewma=997
DMA IRQ c0=0
DMA IRQ c1=2
DMA IRQ c2=0
DMA IRQ c3=0
SELECT busy=41177
SELECT w0=41125
SELECT w1=17348
SELECT w2=21078
BUSY TASK ewma=997
DMA IRQ c0=0
DMA IRQ c1=2
DMA IRQ c2=0
DMA IRQ c3=0
SELECT busy=41188
SELECT w0=41136
SELECT w1=17352
SELECT w2=21083
BUSY TASK ewma=997
DMA IRQ c0=0
DMA IRQ c1=2
DMA IRQ c2=0
DMA IRQ c3=0
SELECT busy=41199
SELECT w0=41147
SELECT w1=17356
SELECT w2=21088
BUSY TASK ewma=997
DMA IRQ c0=0
DMA IRQ c1=2
DMA IRQ c2=0
DMA IRQ c3=0
SELECT busy=41210
SELECT w0=41158
SELECT w1=17360
SELECT w2=21094
BUSY TASK ewma=997
DMA IRQ c0=0
DMA IRQ c1=2
DMA IRQ c2=0
DMA IRQ c3=0
SELECT busy=41221
SELECT w0=41169
SELECT w1=17364
SELECT w2=21099
BUSY TASK ewma=997
DMA IRQ c0=0
DMA IRQ c1=2
DMA IRQ c2=0
DMA IRQ c3=0
SELECT busy=41233
SELECT w0=41181
SELECT w1=17369
SELECT w2=21105
BUSY TASK ewma=997
DMA IRQ c0=0
DMA IRQ c1=2
DMA IRQ c2=0
DMA IRQ c3=0
SELECT busy=41244
SELECT w0=41192
SELECT w1=17374
SELECT w2=21110
BUSY TASK ewma=997
DMA IRQ c0=0
DMA IRQ c1=2
DMA IRQ c2=0
DMA IRQ c3=0
SELECT busy=41256
SELECT w0=41204
SELECT w1=17378
SELECT w2=21115
BUSY TASK ewma=997
DMA IRQ c0=0
DMA IRQ c1=2
DMA IRQ c2=0
DMA IRQ c3=0
SELECT busy=41267
SELECT w0=41215
SELECT w1=17382
SELECT w2=21121
BUSY TASK ewma=997
DMA IRQ c0=0
DMA IRQ c1=2
DMA IRQ c2=0
DMA IRQ c3=0
SELECT busy=41278
SELECT w0=41226
SELECT w1=17387
SELECT w2=21126
BUSY TASK ewma=997
DMA IRQ c0=0
DMA IRQ c1=2
DMA IRQ c2=0
DMA IRQ c3=0
SELECT busy=41289
SELECT w0=41237
SELECT w1=17391
SELECT w2=21132
BUSY TASK ewma=997
DMA IRQ c0=0
DMA IRQ c1=2
DMA IRQ c2=0
DMA IRQ c3=0
SELECT busy=41301
SELECT w0=41249
SELECT w1=17395
SELECT w2=21137
BUSY TASK ewma=997
DMA IRQ c0=0
DMA IRQ c1=2
DMA IRQ c2=0
DMA IRQ c3=0
SELECT busy=41312
SELECT w0=41260
SELECT w1=17400
SELECT w2=21142
BUSY TASK ewma=997
DMA IRQ c0=0
DMA IRQ c1=2
DMA IRQ c2=0
DMA IRQ c3=0
SELECT busy=41323
SELECT w0=41271
SELECT w1=17404
SELECT w2=21147
BUSY TASK ewma=997
DMA IRQ c0=0
DMA IRQ c1=2
DMA IRQ c2=0
DMA IRQ c3=0
SELECT busy=41334
SELECT w0=41282
SELECT w1=17408
SELECT w2=21153
BUSY TASK ewma=997
DMA IRQ c0=0
DMA IRQ c1=2
DMA IRQ c2=0
DMA IRQ c3=0
SELECT busy=41345
SELECT w0=41294
SELECT w1=17412
SELECT w2=21158
BUSY TASK ewma=997
DMA IRQ c0=0
DMA IRQ c1=2
DMA IRQ c2=0
DMA IRQ c3=0
SELECT busy=41356
SELECT w0=41305
SELECT w1=17417
SELECT w2=21164
BUSY TASK ewma=997
DMA IRQ c0=0
DMA IRQ c1=2
DMA IRQ c2=0
DMA IRQ c3=0
SELECT busy=41367
SELECT w0=41316
SELECT w1=17421
SELECT w2=21169
BUSY TASK ewma=997
DMA IRQ c0=0
DMA IRQ c1=2
DMA IRQ c2=0
DMA IRQ c3=0
SELECT busy=41379
SELECT w0=41327
SELECT w1=17425
SELECT w2=21174
BUSY TASK ewma=997
DMA IRQ c0=0
DMA IRQ c1=2
DMA IRQ c2=0
DMA IRQ c3=0
SELECT busy=41390
SELECT w0=41338
SELECT w1=17429
SELECT w2=21179
BUSY TASK ewma=997
DMA IRQ c0=0
DMA IRQ c1=2
DMA IRQ c2=0
DMA IRQ c3=0
SELECT busy=41400
SELECT w0=41348
SELECT w1=17433
SELECT w2=21184
BUSY TASK ewma=997
DMA IRQ c0=0
DMA IRQ c1=2
DMA IRQ c2=0
DMA IRQ c3=0
SELECT busy=41408
SELECT w0=41356
SELECT w1=17437
SELECT w2=21188
BUSY TASK ewma=997
DMA IRQ c0=0
DMA IRQ c1=2
DMA IRQ c2=0
DMA IRQ c3=0
SELECT busy=41417
SELECT w0=41365
SELECT w1=17440
SELECT w2=21192
BUSY TASK ewma=997
DMA IRQ c0=0
DMA IRQ c1=2
DMA IRQ c2=0
DMA IRQ c3=0
SELECT busy=41426
SELECT w0=41374
SELECT w1=17443
SELECT w2=21197
BUSY TASK ewma=997
DMA IRQ c0=0
DMA IRQ c1=2
DMA IRQ c2=0
DMA IRQ c3=0
SELECT busy=41434
SELECT w0=41383
SELECT w1=17447
SELECT w2=21201
BUSY TASK ewma=997
DMA IRQ c0=0
DMA IRQ c1=2
DMA IRQ c2=0
DMA IRQ c3=0
SELECT busy=41443
SELECT w0=41391
SELECT w1=17450
SELECT w2=21205
BUSY TASK ewma=997
DMA IRQ c0=0
DMA IRQ c1=2
DMA IRQ c2=0
DMA IRQ c3=0
SELECT busy=41455
SELECT w0=41403
SELECT w1=17454
SELECT w2=21210
BUSY TASK ewma=997
DMA IRQ c0=0
DMA IRQ c1=2
DMA IRQ c2=0
DMA IRQ c3=0
SELECT busy=41466
SELECT w0=41414
SELECT w1=17459
SELECT w2=21216
BUSY TASK ewma=997
DMA IRQ c0=0
DMA IRQ c1=2
DMA IRQ c2=0
DMA IRQ c3=0
SELECT busy=41478
SELECT w0=41426
SELECT w1=17463
SELECT w2=21221
BUSY TASK ewma=997
DMA IRQ c0=0
DMA IRQ c1=2
DMA IRQ c2=0
DMA IRQ c3=0
SELECT busy=41489
SELECT w0=41437
SELECT w1=17468
SELECT w2=21227
BUSY TASK ewma=997
DMA IRQ c0=0
DMA IRQ c1=2
DMA IRQ c2=0
DMA IRQ c3=0
SELECT busy=41500
SELECT w0=41448
SELECT w1=17472
SELECT w2=21232
BUSY TASK ewma=997
DMA IRQ c0=0
DMA IRQ c1=2
DMA IRQ c2=0
DMA IRQ c3=0
SELECT busy=41511
SELECT w0=41459
SELECT w1=17476
SELECT w2=21238
BUSY TASK ewma=997
DMA IRQ c0=0
DMA IRQ c1=2
DMA IRQ c2=0
DMA IRQ c3=0
SELECT busy=41523
SELECT w0=41471
SELECT w1=17481
SELECT w2=21243
BUSY TASK ewma=997
DMA IRQ c0=0
DMA IRQ c1=2
DMA IRQ c2=0
DMA IRQ c3=0
SELECT busy=41534
SELECT w0=41482
SELECT w1=17485
SELECT w2=21249
BUSY TASK ewma=997
DMA IRQ c0=0
DMA IRQ c1=2
DMA IRQ c2=0
DMA IRQ c3=0
SELECT busy=41545
SELECT w0=41494
SELECT w1=17489
SELECT w2=21254
BUSY TASK ewma=997
DMA IRQ c0=0
DMA IRQ c1=2
DMA IRQ c2=0
DMA IRQ c3=0
SELECT busy=41557
SELECT w0=41505
SELECT w1=17494
SELECT w2=21259
BUSY TASK ewma=997
DMA IRQ c0=0
DMA IRQ c1=2
DMA IRQ c2=0
DMA IRQ c3=0
SELECT busy=41568
SELECT w0=41516
SELECT w1=17498
SELECT w2=21265
BUSY TASK ewma=997
DMA IRQ c0=0
DMA IRQ c1=2
DMA IRQ c2=0
DMA IRQ c3=0
SELECT busy=41579
SELECT w0=41527
SELECT w1=17502
SELECT w2=21270
BUSY TASK ewma=997
DMA IRQ c0=0
DMA IRQ c1=2
DMA IRQ c2=0
DMA IRQ c3=0
SELECT busy=41590
SELECT w0=41538
SELECT w1=17507
SELECT w2=21276
BUSY TASK ewma=997
DMA IRQ c0=0
DMA IRQ c1=2
DMA IRQ c2=0
DMA IRQ c3=0
SELECT busy=41604
SELECT w0=41552
SELECT w1=17512
SELECT w2=21282
BUSY TASK ewma=997
DMA IRQ c0=0
DMA IRQ c1=2
DMA IRQ c2=0
DMA IRQ c3=0
SELECT busy=41618
SELECT w0=41566
SELECT w1=17517
SELECT w2=21288
BUSY TASK ewma=997
DMA IRQ c0=0
DMA IRQ c1=2
DMA IRQ c2=0
DMA IRQ c3=0
SELECT busy=41629
SELECT w0=41577
SELECT w1=17522
SELECT w2=21294
BUSY TASK ewma=997
DMA IRQ c0=0
DMA IRQ c1=2
DMA IRQ c2=0
DMA IRQ c3=0
SELECT busy=41640
SELECT w0=41588
SELECT w1=17526
SELECT w2=21299
BUSY TASK ewma=997
DMA IRQ c0=0
DMA IRQ c1=2
DMA IRQ c2=0
DMA IRQ c3=0
SELECT busy=41651
SELECT w0=41599
SELECT w1=17530
SELECT w2=21305
BUSY TASK ewma=997
DMA IRQ c0=0
DMA IRQ c1=2
DMA IRQ c2=0
DMA IRQ c3=0
SELECT busy=41663
SELECT w0=41611
SELECT w1=17534
SELECT w2=21310
BUSY TASK ewma=997
DMA IRQ c0=0
DMA IRQ c1=2
DMA IRQ c2=0
DMA IRQ c3=0
SELECT busy=41674
SELECT w0=41622
SELECT w1=17539
SELECT w2=21315
BUSY TASK ewma=997
DMA IRQ c0=0
DMA IRQ c1=2
DMA IRQ c2=0
DMA IRQ c3=0
SELECT busy=41685
SELECT w0=41633
SELECT w1=17543
SELECT w2=21321
BUSY TASK ewma=997
DMA IRQ c0=0
DMA IRQ c1=2
DMA IRQ c2=0
DMA IRQ c3=0
SELECT busy=41696
SELECT w0=41644
SELECT w1=17547
SELECT w2=21326
BUSY TASK ewma=997
DMA IRQ c0=0
DMA IRQ c1=2
DMA IRQ c2=0
DMA IRQ c3=0
SELECT busy=41707
SELECT w0=41655
SELECT w1=17552
SELECT w2=21331
BUSY TASK ewma=997
DMA IRQ c0=0
DMA IRQ c1=2
DMA IRQ c2=0
DMA IRQ c3=0
SELECT busy=41718
SELECT w0=41666
SELECT w1=17556
SELECT w2=21337
BUSY TASK ewma=997
DMA IRQ c0=0
DMA IRQ c1=2
DMA IRQ c2=0
DMA IRQ c3=0
SELECT busy=41729
SELECT w0=41677
SELECT w1=17560
SELECT w2=21342
BUSY TASK ewma=997
DMA IRQ c0=0
DMA IRQ c1=2
DMA IRQ c2=0
DMA IRQ c3=0
SELECT busy=41740
SELECT w0=41689
SELECT w1=17565
SELECT w2=21347
BUSY TASK ewma=997
DMA IRQ c0=0
DMA IRQ c1=2
DMA IRQ c2=0
DMA IRQ c3=0
SELECT busy=41752
SELECT w0=41700
SELECT w1=17569
SELECT w2=21353
BUSY TASK ewma=997
DMA IRQ c0=0
DMA IRQ c1=2
DMA IRQ c2=0
DMA IRQ c3=0
SELECT busy=41763
SELECT w0=41711
SELECT w1=17573
SELECT w2=21358
BUSY TASK ewma=997
DMA IRQ c0=0
DMA IRQ c1=2
DMA IRQ c2=0
DMA IRQ c3=0
SELECT busy=41777
SELECT w0=41725
SELECT w1=17579
SELECT w2=21364
BUSY TASK ewma=997
IRQ counts: cpu0=83497 cpu1=80388 cpu2=79777 cpu3=78693
SCHED secondaries: calls=238858 unexpected=0
SECTEST switches=238837 cpu1=1368492844,1368220261 cpu2=1122354774,1131680052 cpu3=1694377011,1708490801
PINGPONG rounds=2000 pongs=2000
DMA IRQ c0=0
DMA IRQ c1=2
DMA IRQ c2=0
DMA IRQ c3=0
SELECT busy=41789
SELECT w0=41738
SELECT w1=17584
SELECT w2=21371
BUSY TASK ewma=997
DMA IRQ c0=0
DMA IRQ c1=2
DMA IRQ c2=0
DMA IRQ c3=0
SELECT busy=41801
SELECT w0=41749
SELECT w1=17588
SELECT w2=21376
BUSY TASK ewma=997
DMA IRQ c0=0
DMA IRQ c1=2
DMA IRQ c2=0
DMA IRQ c3=0
SELECT busy=41812
SELECT w0=41760
SELECT w1=17592
SELECT w2=21381
BUSY TASK ewma=997
DMA IRQ c0=0
DMA IRQ c1=2
DMA IRQ c2=0
DMA IRQ c3=0
SELECT busy=41823
SELECT w0=41771
SELECT w1=17597
SELECT w2=21387
BUSY TASK ewma=997
DMA IRQ c0=0
DMA IRQ c1=2
DMA IRQ c2=0
DMA IRQ c3=0
SELECT busy=41834
SELECT w0=41783
SELECT w1=17601
SELECT w2=21392
BUSY TASK ewma=997
DMA IRQ c0=0
DMA IRQ c1=2
DMA IRQ c2=0
DMA IRQ c3=0
SELECT busy=41845
SELECT w0=41793
SELECT w1=17605
SELECT w2=21397
BUSY TASK ewma=997
DMA IRQ c0=0
DMA IRQ c1=2
DMA IRQ c2=0
DMA IRQ c3=0
SELECT busy=41853
SELECT w0=41802
SELECT w1=17608
SELECT w2=21401
BUSY TASK ewma=997
DMA IRQ c0=0
DMA IRQ c1=2
DMA IRQ c2=0
DMA IRQ c3=0
SELECT busy=41862
SELECT w0=41810
SELECT w1=17611
SELECT w2=21405
BUSY TASK ewma=997
DMA IRQ c0=0
DMA IRQ c1=2
DMA IRQ c2=0
DMA IRQ c3=0
SELECT busy=41871
SELECT w0=41819
SELECT w1=17615
SELECT w2=21409
BUSY TASK ewma=997
DMA IRQ c0=0
DMA IRQ c1=2
DMA IRQ c2=0
DMA IRQ c3=0
SELECT busy=41879
SELECT w0=41827
SELECT w1=17618
SELECT w2=21413
BUSY TASK ewma=997
DMA IRQ c0=0
DMA IRQ c1=2
DMA IRQ c2=0
DMA IRQ c3=0
SELECT busy=41888
SELECT w0=41836
SELECT w1=17621
SELECT w2=21417
BUSY TASK ewma=997
DMA IRQ c0=0
DMA IRQ c1=2
DMA IRQ c2=0
DMA IRQ c3=0
SELECT busy=41896
SELECT w0=41845
SELECT w1=17625
SELECT w2=21421
BUSY TASK ewma=997
DMA IRQ c0=0
DMA IRQ c1=2
DMA IRQ c2=0
DMA IRQ c3=0
SELECT busy=41905
SELECT w0=41853
SELECT w1=17628
SELECT w2=21426
BUSY TASK ewma=997
DMA IRQ c0=0
DMA IRQ c1=2
DMA IRQ c2=0
DMA IRQ c3=0
SELECT busy=41914
SELECT w0=41862
SELECT w1=17631
SELECT w2=21430
BUSY TASK ewma=997
DMA IRQ c0=0
DMA IRQ c1=2
DMA IRQ c2=0
DMA IRQ c3=0
SELECT busy=41925
SELECT w0=41873
SELECT w1=17636
SELECT w2=21435
BUSY TASK ewma=997
DMA IRQ c0=0
DMA IRQ c1=2
DMA IRQ c2=0
DMA IRQ c3=0
SELECT busy=41936
SELECT w0=41884
SELECT w1=17640
SELECT w2=21441
BUSY TASK ewma=997
DMA IRQ c0=0
DMA IRQ c1=2
DMA IRQ c2=0
DMA IRQ c3=0
SELECT busy=41948
SELECT w0=41896
SELECT w1=17644
SELECT w2=21446
BUSY TASK ewma=997
DMA IRQ c0=0
DMA IRQ c1=2
DMA IRQ c2=0
DMA IRQ c3=0
SELECT busy=41960
SELECT w0=41908
SELECT w1=17649
SELECT w2=21452
BUSY TASK ewma=997
DMA IRQ c0=0
DMA IRQ c1=2
DMA IRQ c2=0
DMA IRQ c3=0
SELECT busy=41971
SELECT w0=41919
SELECT w1=17653
SELECT w2=21457
BUSY TASK ewma=997
DMA IRQ c0=0
DMA IRQ c1=2
DMA IRQ c2=0
DMA IRQ c3=0
SELECT busy=41982
SELECT w0=41930
SELECT w1=17658
SELECT w2=21463
BUSY TASK ewma=997
DMA IRQ c0=0
DMA IRQ c1=2
DMA IRQ c2=0
DMA IRQ c3=0
SELECT busy=41993
SELECT w0=41942
SELECT w1=17662
SELECT w2=21468
BUSY TASK ewma=997
DMA IRQ c0=0
DMA IRQ c1=2
DMA IRQ c2=0
DMA IRQ c3=0
SELECT busy=42005
SELECT w0=41953
SELECT w1=17666
SELECT w2=21473
BUSY TASK ewma=997
DMA IRQ c0=0
DMA IRQ c1=2
DMA IRQ c2=0
DMA IRQ c3=0
SELECT busy=42016
SELECT w0=41964
SELECT w1=17671
SELECT w2=21479
BUSY TASK ewma=997
DMA IRQ c0=0
DMA IRQ c1=2
DMA IRQ c2=0
DMA IRQ c3=0
SELECT busy=42027
SELECT w0=41976
SELECT w1=17675
SELECT w2=21485
BUSY TASK ewma=997
DMA IRQ c0=0
DMA IRQ c1=2
DMA IRQ c2=0
DMA IRQ c3=0
SELECT busy=42038
SELECT w0=41987
SELECT w1=17679
SELECT w2=21490
BUSY TASK ewma=997
DMA IRQ c0=0
DMA IRQ c1=2
DMA IRQ c2=0
DMA IRQ c3=0
SELECT busy=42050
SELECT w0=41998
SELECT w1=17684
SELECT w2=21495
BUSY TASK ewma=997
DMA IRQ c0=0
DMA IRQ c1=2
DMA IRQ c2=0
DMA IRQ c3=0
SELECT busy=42061
SELECT w0=42009
SELECT w1=17688
SELECT w2=21501
BUSY TASK ewma=997
DMA IRQ c0=0
DMA IRQ c1=2
DMA IRQ c2=0
DMA IRQ c3=0
SELECT busy=42072
SELECT w0=42020
SELECT w1=17692
SELECT w2=21506
BUSY TASK ewma=997
DMA IRQ c0=0
DMA IRQ c1=2
DMA IRQ c2=0
DMA IRQ c3=0
SELECT busy=42083
SELECT w0=42032
SELECT w1=17697
SELECT w2=21511
BUSY TASK ewma=997
DMA IRQ c0=0
DMA IRQ c1=2
DMA IRQ c2=0
DMA IRQ c3=0
SELECT busy=42095
SELECT w0=42043
SELECT w1=17701
SELECT w2=21517
BUSY TASK ewma=997
DMA IRQ c0=0
DMA IRQ c1=2
DMA IRQ c2=0
DMA IRQ c3=0
SELECT busy=42106
SELECT w0=42055
SELECT w1=17705
SELECT w2=21522
BUSY TASK ewma=997
DMA IRQ c0=0
DMA IRQ c1=2
DMA IRQ c2=0
DMA IRQ c3=0
SELECT busy=42118
SELECT w0=42066
SELECT w1=17710
SELECT w2=21528
BUSY TASK ewma=997
DMA IRQ c0=0
DMA IRQ c1=2
DMA IRQ c2=0
DMA IRQ c3=0
SELECT busy=42129
SELECT w0=42078
SELECT w1=17714
SELECT w2=21533
BUSY TASK ewma=997
DMA IRQ c0=0
DMA IRQ c1=2
DMA IRQ c2=0
DMA IRQ c3=0
SELECT busy=42141
SELECT w0=42089
SELECT w1=17718
SELECT w2=21539
BUSY TASK ewma=997
DMA IRQ c0=0
DMA IRQ c1=2
DMA IRQ c2=0
DMA IRQ c3=0
SELECT busy=42152
SELECT w0=42100
SELECT w1=17723
SELECT w2=21544
BUSY TASK ewma=997
DMA IRQ c0=0
DMA IRQ c1=2
DMA IRQ c2=0
DMA IRQ c3=0
SELECT busy=42163
SELECT w0=42111
SELECT w1=17727
SELECT w2=21549
BUSY TASK ewma=997
DMA IRQ c0=0
DMA IRQ c1=2
DMA IRQ c2=0
DMA IRQ c3=0
SELECT busy=42175
SELECT w0=42123
SELECT w1=17731
SELECT w2=21555
BUSY TASK ewma=997
DMA IRQ c0=0
DMA IRQ c1=2
DMA IRQ c2=0
DMA IRQ c3=0
SELECT busy=42186
SELECT w0=42134
SELECT w1=17735
SELECT w2=21560
BUSY TASK ewma=997
DMA IRQ c0=0
DMA IRQ c1=2
DMA IRQ c2=0
DMA IRQ c3=0
SELECT busy=42197
SELECT w0=42145
SELECT w1=17740
SELECT w2=21566
BUSY TASK ewma=997
DMA IRQ c0=0
DMA IRQ c1=2
DMA IRQ c2=0
DMA IRQ c3=0
SELECT busy=42209
SELECT w0=42157
SELECT w1=17744
SELECT w2=21571
BUSY TASK ewma=997
DMA IRQ c0=0
DMA IRQ c1=2
DMA IRQ c2=0
DMA IRQ c3=0
SELECT busy=42220
SELECT w0=42168
SELECT w1=17748
SELECT w2=21576
BUSY TASK ewma=997
DMA IRQ c0=0
DMA IRQ c1=2
DMA IRQ c2=0
DMA IRQ c3=0
SELECT busy=42230
SELECT w0=42178
SELECT w1=17752
SELECT w2=21581
BUSY TASK ewma=997
DMA IRQ c0=0
DMA IRQ c1=2
DMA IRQ c2=0
DMA IRQ c3=0
SELECT busy=42239
SELECT w0=42187
SELECT w1=17756
SELECT w2=21585
BUSY TASK ewma=997
DMA IRQ c0=0
DMA IRQ c1=2
DMA IRQ c2=0
DMA IRQ c3=0
SELECT busy=42247
SELECT w0=42195
SELECT w1=17759
SELECT w2=21589
BUSY TASK ewma=997
DMA IRQ c0=0
DMA IRQ c1=2
DMA IRQ c2=0
DMA IRQ c3=0
SELECT busy=42256
SELECT w0=42204
SELECT w1=17762
SELECT w2=21593
BUSY TASK ewma=997
DMA IRQ c0=0
DMA IRQ c1=2
DMA IRQ c2=0
DMA IRQ c3=0
SELECT busy=42265
SELECT w0=42213
SELECT w1=17766
SELECT w2=21597
BUSY TASK ewma=997
DMA IRQ c0=0
DMA IRQ c1=2
DMA IRQ c2=0
DMA IRQ c3=0
SELECT busy=42273
SELECT w0=42221
SELECT w1=17769
SELECT w2=21601
BUSY TASK ewma=997
DMA IRQ c0=0
DMA IRQ c1=2
DMA IRQ c2=0
DMA IRQ c3=0
SELECT busy=42282
SELECT w0=42230
SELECT w1=17772
SELECT w2=21605
BUSY TASK ewma=997
DMA IRQ c0=0
DMA IRQ c1=2
DMA IRQ c2=0
DMA IRQ c3=0
SELECT busy=42290
SELECT w0=42239
SELECT w1=17775
SELECT w2=21610
BUSY TASK ewma=997
DMA IRQ c0=0
DMA IRQ c1=2
DMA IRQ c2=0
DMA IRQ c3=0
SELECT busy=42299
SELECT w0=42247
SELECT w1=17779
SELECT w2=21614
qemu-system-aarch64: terminating on signal 15 from pid 193354 (timeout)
