P4 M7: full integration test boot OK
CPU0: MPIDR_EL1=0x0000000080000000
CPU0: psci_cpu_on target=1 rc=-2
CPU0: psci_cpu_on target=2 rc=-2
CPU0: psci_cpu_on target=3 rc=-2
CPUs online: 1
DMA IRQ target cpu=0
D2b: worker 2 runs on CPU0
D2b: worker 0 runs on CPU0
D2b: worker 1 runs on CPU0
P4 M7: worker submitted cmd_id=2
P4 M7: worker submitted cmd_id=3
P4 M7: worker submitted cmd_id=1
BUSY TASK ewma=989
DMA IRQ c0=0
DMA IRQ c1=0
DMA IRQ c2=0
DMA IRQ c3=0
SELECT busy=15
SELECT w0=2
SELECT w1=3
SELECT w2=2
BUSY TASK ewma=997
DMA IRQ c0=0
DMA IRQ c1=0
DMA IRQ c2=0
DMA IRQ c3=0
SELECT busy=28
SELECT w0=2
SELECT w1=3
SELECT w2=2
BUSY TASK ewma=997
DMA IRQ c0=0
DMA IRQ c1=0
DMA IRQ c2=0
DMA IRQ c3=0
SELECT busy=42
SELECT w0=2
SELECT w1=3
SELECT w2=2
BUSY TASK ewma=997
DMA IRQ c0=0
DMA IRQ c1=0
DMA IRQ c2=0
DMA IRQ c3=0
SELECT busy=56
SELECT w0=2
SELECT w1=3
SELECT w2=2
BUSY TASK ewma=997
DMA IRQ c0=0
DMA IRQ c1=0
DMA IRQ c2=0
DMA IRQ c3=0
SELECT busy=68
SELECT w0=2
SELECT w1=3
SELECT w2=2
BUSY TASK ewma=997
DMA IRQ c0=0
DMA IRQ c1=0
DMA IRQ c2=0
DMA IRQ c3=0
SELECT busy=80
SELECT w0=2
SELECT w1=3
SELECT w2=2
BUSY TASK ewma=997
DMA IRQ c0=0
DMA IRQ c1=0
DMA IRQ c2=0
DMA IRQ c3=0
SELECT busy=91
SELECT w0=2
SELECT w1=3
SELECT w2=2
P4 M7: worker DATA OK, cmd_id=3
WORKER ewma=300
P4 M7: worker DATA OK, cmd_id=1
WORKER ewma=510
P4 M7: worker DATA OK, cmd_id=2
WORKER ewma=510
BUSY TASK ewma=997
DMA IRQ c0=1
DMA IRQ c1=0
DMA IRQ c2=0
DMA IRQ c3=0
SELECT busy=102
SELECT w0=26
SELECT w1=27
SELECT w2=27
BUSY TASK ewma=997
DMA IRQ c0=1
DMA IRQ c1=0
DMA IRQ c2=0
DMA IRQ c3=0
SELECT busy=111
SELECT w0=35
SELECT w1=36
SELECT w2=37
BUSY TASK ewma=997
DMA IRQ c0=1
DMA IRQ c1=0
DMA IRQ c2=0
DMA IRQ c3=0
SELECT busy=120
SELECT w0=44
SELECT w1=45
SELECT w2=45
BUSY TASK ewma=997
DMA IRQ c0=1
DMA IRQ c1=0
DMA IRQ c2=0
DMA IRQ c3=0
SELECT busy=128
SELECT w0=52
SELECT w1=54
SELECT w2=54
BUSY TASK ewma=997
DMA IRQ c0=1
DMA IRQ c1=0
DMA IRQ c2=0
DMA IRQ c3=0
SELECT busy=137
SELECT w0=62
SELECT w1=63
SELECT w2=63
BUSY TASK ewma=997
DMA IRQ c0=1
DMA IRQ c1=0
DMA IRQ c2=0
DMA IRQ c3=0
SELECT busy=146
SELECT w0=70
SELECT w1=71
SELECT w2=71
BUSY TASK ewma=997
DMA IRQ c0=1
DMA IRQ c1=0
DMA IRQ c2=0
DMA IRQ c3=0
SELECT busy=154
SELECT w0=78
SELECT w1=79
SELECT w2=79
BUSY TASK ewma=997
DMA IRQ c0=1
DMA IRQ c1=0
DMA IRQ c2=0
DMA IRQ c3=0
SELECT busy=162
SELECT w0=87
SELECT w1=88
SELECT w2=88
BUSY TASK ewma=997
DMA IRQ c0=1
DMA IRQ c1=0
DMA IRQ c2=0
DMA IRQ c3=0
SELECT busy=171
SELECT w0=95
SELECT w1=96
SELECT w2=96
BUSY TASK ewma=997
DMA IRQ c0=1
DMA IRQ c1=0
DMA IRQ c2=0
DMA IRQ c3=0
SELECT busy=179
SELECT w0=103
SELECT w1=104
SELECT w2=104
BUSY TASK ewma=997
DMA IRQ c0=1
DMA IRQ c1=0
DMA IRQ c2=0
DMA IRQ c3=0
SELECT busy=187
SELECT w0=112
SELECT w1=113
SELECT w2=113
BUSY TASK ewma=997
DMA IRQ c0=1
DMA IRQ c1=0
DMA IRQ c2=0
DMA IRQ c3=0
SELECT busy=196
SELECT w0=120
SELECT w1=121
SELECT w2=121
BUSY TASK ewma=997
DMA IRQ c0=1
DMA IRQ c1=0
DMA IRQ c2=0
DMA IRQ c3=0
SELECT busy=204
SELECT w0=128
SELECT w1=129
SELECT w2=129
BUSY TASK ewma=997
DMA IRQ c0=1
DMA IRQ c1=0
DMA IRQ c2=0
DMA IRQ c3=0
SELECT busy=213
SELECT w0=137
SELECT w1=138
SELECT w2=138
BUSY TASK ewma=997
DMA IRQ c0=1
DMA IRQ c1=0
DMA IRQ c2=0
DMA IRQ c3=0
SELECT busy=221
SELECT w0=145
SELECT w1=146
SELECT w2=146
BUSY TASK ewma=997
DMA IRQ c0=1
DMA IRQ c1=0
DMA IRQ c2=0
DMA IRQ c3=0
SELECT busy=229
SELECT w0=153
SELECT w1=154
SELECT w2=154
BUSY TASK ewma=997
DMA IRQ c0=1
DMA IRQ c1=0
DMA IRQ c2=0
DMA IRQ c3=0
SELECT busy=238
SELECT w0=162
SELECT w1=163
SELECT w2=163
BUSY TASK ewma=997
DMA IRQ c0=1
DMA IRQ c1=0
DMA IRQ c2=0
DMA IRQ c3=0
SELECT busy=246
SELECT w0=170
SELECT w1=171
SELECT w2=171
BUSY TASK ewma=997
DMA IRQ c0=1
DMA IRQ c1=0
DMA IRQ c2=0
DMA IRQ c3=0
SELECT busy=254
SELECT w0=178
SELECT w1=180
SELECT w2=180
BUSY TASK ewma=997
DMA IRQ c0=1
DMA IRQ c1=0
DMA IRQ c2=0
DMA IRQ c3=0
SELECT busy=263
SELECT w0=187
SELECT w1=188
SELECT w2=188
BUSY TASK ewma=997
DMA IRQ c0=1
DMA IRQ c1=0
DMA IRQ c2=0
DMA IRQ c3=0
SELECT busy=271
SELECT w0=195
SELECT w1=196
SELECT w2=196
BUSY TASK ewma=997
DMA IRQ c0=1
DMA IRQ c1=0
DMA IRQ c2=0
DMA IRQ c3=0
SELECT busy=279
SELECT w0=203
SELECT w1=205
SELECT w2=205
BUSY TASK ewma=997
DMA IRQ c0=1
DMA IRQ c1=0
DMA IRQ c2=0
DMA IRQ c3=0
SELECT busy=288
SELECT w0=212
SELECT w1=213
SELECT w2=213
BUSY TASK ewma=997
DMA IRQ c0=1
DMA IRQ c1=0
DMA IRQ c2=0
DMA IRQ c3=0
SELECT busy=296
SELECT w0=220
SELECT w1=221
SELECT w2=221
BUSY TASK ewma=997
DMA IRQ c0=1
DMA IRQ c1=0
DMA IRQ c2=0
DMA IRQ c3=0
SELECT busy=305
SELECT w0=229
SELECT w1=230
SELECT w2=230
BUSY TASK ewma=997
DMA IRQ c0=1
DMA IRQ c1=0
DMA IRQ c2=0
DMA IRQ c3=0
SELECT busy=318
SELECT w0=242
SELECT w1=243
SELECT w2=243
BUSY TASK ewma=997
DMA IRQ c0=1
DMA IRQ c1=0
DMA IRQ c2=0
DMA IRQ c3=0
SELECT busy=332
SELECT w0=256
SELECT w1=257
SELECT w2=257
BUSY TASK ewma=997
DMA IRQ c0=1
DMA IRQ c1=0
DMA IRQ c2=0
DMA IRQ c3=0
SELECT busy=345
SELECT w0=269
SELECT w1=271
SELECT w2=271
BUSY TASK ewma=997
DMA IRQ c0=1
DMA IRQ c1=0
DMA IRQ c2=0
DMA IRQ c3=0
SELECT busy=358
SELECT w0=282
SELECT w1=283
SELECT w2=284
BUSY TASK ewma=997
DMA IRQ c0=1
DMA IRQ c1=0
DMA IRQ c2=0
DMA IRQ c3=0
SELECT busy=370
SELECT w0=295
SELECT w1=296
SELECT w2=296
BUSY TASK ewma=997
DMA IRQ c0=1
DMA IRQ c1=0
DMA IRQ c2=0
DMA IRQ c3=0
SELECT busy=379
SELECT w0=303
SELECT w1=304
SELECT w2=304
BUSY TASK ewma=997
DMA IRQ c0=1
DMA IRQ c1=0
DMA IRQ c2=0
DMA IRQ c3=0
SELECT busy=387
SELECT w0=311
SELECT w1=312
SELECT w2=312
BUSY TASK ewma=997
DMA IRQ c0=1
DMA IRQ c1=0
DMA IRQ c2=0
DMA IRQ c3=0
SELECT busy=396
SELECT w0=320
SELECT w1=321
SELECT w2=321
BUSY TASK ewma=997
DMA IRQ c0=1
DMA IRQ c1=0
DMA IRQ c2=0
DMA IRQ c3=0
SELECT busy=407
SELECT w0=331
SELECT w1=332
SELECT w2=332
BUSY TASK ewma=997
DMA IRQ c0=1
DMA IRQ c1=0
DMA IRQ c2=0
DMA IRQ c3=0
SELECT busy=422
SELECT w0=346
SELECT w1=347
SELECT w2=347
BUSY TASK ewma=997
DMA IRQ c0=1
DMA IRQ c1=0
DMA IRQ c2=0
DMA IRQ c3=0
SELECT busy=436
SELECT w0=360
SELECT w1=361
SELECT w2=362
BUSY TASK ewma=997
DMA IRQ c0=1
DMA IRQ c1=0
DMA IRQ c2=0
DMA IRQ c3=0
SELECT busy=451
SELECT w0=375
SELECT w1=376
SELECT w2=376
BUSY TASK ewma=997
DMA IRQ c0=1
DMA IRQ c1=0
DMA IRQ c2=0
DMA IRQ c3=0
SELECT busy=466
SELECT w0=390
SELECT w1=391
SELECT w2=391
BUSY TASK ewma=997
DMA IRQ c0=1
DMA IRQ c1=0
DMA IRQ c2=0
DMA IRQ c3=0
SELECT busy=478
SELECT w0=403
SELECT w1=404
SELECT w2=404
BUSY TASK ewma=997
DMA IRQ c0=1
DMA IRQ c1=0
DMA IRQ c2=0
DMA IRQ c3=0
SELECT busy=494
SELECT w0=418
SELECT w1=419
SELECT w2=419
BUSY TASK ewma=997
DMA IRQ c0=1
DMA IRQ c1=0
DMA IRQ c2=0
DMA IRQ c3=0
SELECT busy=508
SELECT w0=432
SELECT w1=433
SELECT w2=433
BUSY TASK ewma=997
DMA IRQ c0=1
DMA IRQ c1=0
DMA IRQ c2=0
DMA IRQ c3=0
SELECT busy=522
SELECT w0=446
SELECT w1=448
SELECT w2=448
BUSY TASK ewma=997
DMA IRQ c0=1
DMA IRQ c1=0
DMA IRQ c2=0
DMA IRQ c3=0
SELECT busy=538
SELECT w0=462
SELECT w1=463
SELECT w2=463
BUSY TASK ewma=997
DMA IRQ c0=1
DMA IRQ c1=0
DMA IRQ c2=0
DMA IRQ c3=0
SELECT busy=550
SELECT w0=474
SELECT w1=475
SELECT w2=475
BUSY TASK ewma=997
DMA IRQ c0=1
DMA IRQ c1=0
DMA IRQ c2=0
DMA IRQ c3=0
SELECT busy=561
SELECT w0=485
SELECT w1=486
SELECT w2=486
BUSY TASK ewma=997
DMA IRQ c0=1
DMA IRQ c1=0
DMA IRQ c2=0
DMA IRQ c3=0
SELECT busy=571
SELECT w0=495
SELECT w1=496
SELECT w2=496
BUSY TASK ewma=997
DMA IRQ c0=1
DMA IRQ c1=0
DMA IRQ c2=0
DMA IRQ c3=0
SELECT busy=581
SELECT w0=506
SELECT w1=507
SELECT w2=507
BUSY TASK ewma=997
DMA IRQ c0=1
DMA IRQ c1=0
DMA IRQ c2=0
DMA IRQ c3=0
SELECT busy=591
SELECT w0=515
SELECT w1=516
SELECT w2=516
BUSY TASK ewma=997
DMA IRQ c0=1
DMA IRQ c1=0
DMA IRQ c2=0
DMA IRQ c3=0
SELECT busy=599
SELECT w0=523
SELECT w1=524
SELECT w2=524
BUSY TASK ewma=997
DMA IRQ c0=1
DMA IRQ c1=0
DMA IRQ c2=0
DMA IRQ c3=0
SELECT busy=607
SELECT w0=531
SELECT w1=532
SELECT w2=532
BUSY TASK ewma=997
DMA IRQ c0=1
DMA IRQ c1=0
DMA IRQ c2=0
DMA IRQ c3=0
SELECT busy=615
SELECT w0=539
SELECT w1=540
SELECT w2=541
BUSY TASK ewma=997
DMA IRQ c0=1
DMA IRQ c1=0
DMA IRQ c2=0
DMA IRQ c3=0
SELECT busy=624
SELECT w0=548
SELECT w1=549
SELECT w2=549
BUSY TASK ewma=997
DMA IRQ c0=1
DMA IRQ c1=0
DMA IRQ c2=0
DMA IRQ c3=0
SELECT busy=638
SELECT w0=562
SELECT w1=563
SELECT w2=563
BUSY TASK ewma=997
DMA IRQ c0=1
DMA IRQ c1=0
DMA IRQ c2=0
DMA IRQ c3=0
SELECT busy=649
SELECT w0=573
SELECT w1=574
SELECT w2=574
BUSY TASK ewma=997
DMA IRQ c0=1
DMA IRQ c1=0
DMA IRQ c2=0
DMA IRQ c3=0
SELECT busy=657
SELECT w0=581
SELECT w1=582
SELECT w2=582
BUSY TASK ewma=997
DMA IRQ c0=1
DMA IRQ c1=0
DMA IRQ c2=0
DMA IRQ c3=0
SELECT busy=666
SELECT w0=590
SELECT w1=591
SELECT w2=592
BUSY TASK ewma=997
IRQ counts: cpu0=2474 cpu1=0 cpu2=0 cpu3=0
SCHED secondaries: calls=0 unexpected=0
SECTEST switches=0 cpu1=0,0 cpu2=0,0 cpu3=0,0
PINGPONG rounds=0 pongs=0
DMA IRQ c0=1
DMA IRQ c1=0
DMA IRQ c2=0
DMA IRQ c3=0
SELECT busy=677
SELECT w0=601
SELECT w1=602
SELECT w2=602
BUSY TASK ewma=997
DMA IRQ c0=1
DMA IRQ c1=0
DMA IRQ c2=0
DMA IRQ c3=0
SELECT busy=685
SELECT w0=609
SELECT w1=610
SELECT w2=611
BUSY TASK ewma=997
DMA IRQ c0=1
DMA IRQ c1=0
DMA IRQ c2=0
DMA IRQ c3=0
SELECT busy=694
SELECT w0=618
SELECT w1=619
SELECT w2=619
BUSY TASK ewma=997
DMA IRQ c0=1
DMA IRQ c1=0
DMA IRQ c2=0
DMA IRQ c3=0
SELECT busy=702
SELECT w0=626
SELECT w1=627
SELECT w2=627
BUSY TASK ewma=997
DMA IRQ c0=1
DMA IRQ c1=0
DMA IRQ c2=0
DMA IRQ c3=0
SELECT busy=710
SELECT w0=634
SELECT w1=635
SELECT w2=635
BUSY TASK ewma=997
DMA IRQ c0=1
DMA IRQ c1=0
DMA IRQ c2=0
DMA IRQ c3=0
SELECT busy=719
SELECT w0=643
SELECT w1=644
SELECT w2=644
BUSY TASK ewma=997
DMA IRQ c0=1
DMA IRQ c1=0
DMA IRQ c2=0
DMA IRQ c3=0
SELECT busy=727
SELECT w0=651
SELECT w1=652
SELECT w2=652
BUSY TASK ewma=997
DMA IRQ c0=1
DMA IRQ c1=0
DMA IRQ c2=0
DMA IRQ c3=0
SELECT busy=735
SELECT w0=659
SELECT w1=660
SELECT w2=660
BUSY TASK ewma=997
DMA IRQ c0=1
DMA IRQ c1=0
DMA IRQ c2=0
DMA IRQ c3=0
SELECT busy=744
SELECT w0=668
SELECT w1=669
SELECT w2=669
BUSY TASK ewma=997
DMA IRQ c0=1
DMA IRQ c1=0
DMA IRQ c2=0
DMA IRQ c3=0
SELECT busy=752
SELECT w0=676
SELECT w1=677
SELECT w2=677
BUSY TASK ewma=997
DMA IRQ c0=1
DMA IRQ c1=0
DMA IRQ c2=0
DMA IRQ c3=0
SELECT busy=760
SELECT w0=684
SELECT w1=685
SELECT w2=686
BUSY TASK ewma=997
DMA IRQ c0=1
DMA IRQ c1=0
DMA IRQ c2=0
DMA IRQ c3=0
SELECT busy=769
SELECT w0=693
SELECT w1=694
SELECT w2=694
BUSY TASK ewma=997
DMA IRQ c0=1
DMA IRQ c1=0
DMA IRQ c2=0
DMA IRQ c3=0
SELECT busy=777
SELECT w0=701
SELECT w1=702
SELECT w2=702
BUSY TASK ewma=997
DMA IRQ c0=1
DMA IRQ c1=0
DMA IRQ c2=0
DMA IRQ c3=0
SELECT busy=785
SELECT w0=709
SELECT w1=711
SELECT w2=711
BUSY TASK ewma=997
DMA IRQ c0=1
DMA IRQ c1=0
DMA IRQ c2=0
DMA IRQ c3=0
SELECT busy=794
SELECT w0=718
SELECT w1=719
SELECT w2=719
BUSY TASK ewma=997
DMA IRQ c0=1
DMA IRQ c1=0
DMA IRQ c2=0
DMA IRQ c3=0
SELECT busy=802
SELECT w0=726
SELECT w1=727
SELECT w2=727
BUSY TASK ewma=997
DMA IRQ c0=1
DMA IRQ c1=0
DMA IRQ c2=0
DMA IRQ c3=0
SELECT busy=810
SELECT w0=735
SELECT w1=736
SELECT w2=736
BUSY TASK ewma=997
DMA IRQ c0=1
DMA IRQ c1=0
DMA IRQ c2=0
DMA IRQ c3=0
SELECT busy=819
SELECT w0=743
SELECT w1=744
SELECT w2=744
BUSY TASK ewma=997
DMA IRQ c0=1
DMA IRQ c1=0
DMA IRQ c2=0
DMA IRQ c3=0
SELECT busy=827
SELECT w0=751
SELECT w1=752
SELECT w2=752
BUSY TASK ewma=997
DMA IRQ c0=1
DMA IRQ c1=0
DMA IRQ c2=0
DMA IRQ c3=0
SELECT busy=835
SELECT w0=759
SELECT w1=761
SELECT w2=761
BUSY TASK ewma=997
DMA IRQ c0=1
DMA IRQ c1=0
DMA IRQ c2=0
DMA IRQ c3=0
SELECT busy=844
SELECT w0=768
SELECT w1=769
SELECT w2=769
BUSY TASK ewma=997
DMA IRQ c0=1
DMA IRQ c1=0
DMA IRQ c2=0
DMA IRQ c3=0
SELECT busy=852
SELECT w0=776
SELECT w1=777
SELECT w2=777
BUSY TASK ewma=997
DMA IRQ c0=1
DMA IRQ c1=0
DMA IRQ c2=0
DMA IRQ c3=0
SELECT busy=860
SELECT w0=784
SELECT w1=785
SELECT w2=785
BUSY TASK ewma=997
DMA IRQ c0=1
DMA IRQ c1=0
DMA IRQ c2=0
DMA IRQ c3=0
SELECT busy=869
SELECT w0=793
SELECT w1=794
SELECT w2=794
BUSY TASK ewma=997
DMA IRQ c0=1
DMA IRQ c1=0
DMA IRQ c2=0
DMA IRQ c3=0
SELECT busy=877
SELECT w0=801
SELECT w1=802
SELECT w2=802
BUSY TASK ewma=997
DMA IRQ c0=1
DMA IRQ c1=0
DMA IRQ c2=0
DMA IRQ c3=0
SELECT busy=885
SELECT w0=809
SELECT w1=810
SELECT w2=810
BUSY TASK ewma=997
DMA IRQ c0=1
DMA IRQ c1=0
DMA IRQ c2=0
DMA IRQ c3=0
SELECT busy=894
SELECT w0=818
SELECT w1=819
SELECT w2=819
BUSY TASK ewma=997
DMA IRQ c0=1
DMA IRQ c1=0
DMA IRQ c2=0
DMA IRQ c3=0
SELECT busy=902
SELECT w0=826
SELECT w1=827
SELECT w2=827
BUSY TASK ewma=997
DMA IRQ c0=1
DMA IRQ c1=0
DMA IRQ c2=0
DMA IRQ c3=0
SELECT busy=910
SELECT w0=834
SELECT w1=835
SELECT w2=835
BUSY TASK ewma=997
DMA IRQ c0=1
DMA IRQ c1=0
DMA IRQ c2=0
DMA IRQ c3=0
SELECT busy=919
SELECT w0=843
SELECT w1=844
SELECT w2=844
BUSY TASK ewma=997
DMA IRQ c0=1
DMA IRQ c1=0
DMA IRQ c2=0
DMA IRQ c3=0
SELECT busy=927
SELECT w0=851
SELECT w1=852
SELECT w2=852
BUSY TASK ewma=997
DMA IRQ c0=1
DMA IRQ c1=0
DMA IRQ c2=0
DMA IRQ c3=0
SELECT busy=935
SELECT w0=859
SELECT w1=860
SELECT w2=860
BUSY TASK ewma=997
DMA IRQ c0=1
DMA IRQ c1=0
DMA IRQ c2=0
DMA IRQ c3=0
SELECT busy=944
SELECT w0=868
SELECT w1=869
SELECT w2=869
BUSY TASK ewma=997
DMA IRQ c0=1
DMA IRQ c1=0
DMA IRQ c2=0
DMA IRQ c3=0
SELECT busy=953
SELECT w0=877
SELECT w1=878
SELECT w2=878
BUSY TASK ewma=997
DMA IRQ c0=1
DMA IRQ c1=0
DMA IRQ c2=0
DMA IRQ c3=0
SELECT busy=963
SELECT w0=887
SELECT w1=888
SELECT w2=888
BUSY TASK ewma=997
DMA IRQ c0=1
DMA IRQ c1=0
DMA IRQ c2=0
DMA IRQ c3=0
SELECT busy=973
SELECT w0=897
SELECT w1=898
SELECT w2=898
BUSY TASK ewma=997
DMA IRQ c0=1
DMA IRQ c1=0
DMA IRQ c2=0
DMA IRQ c3=0
SELECT busy=982
SELECT w0=906
SELECT w1=907
SELECT w2=907
BUSY TASK ewma=997
DMA IRQ c0=1
DMA IRQ c1=0
DMA IRQ c2=0
DMA IRQ c3=0
SELECT busy=992
SELECT w0=916
SELECT w1=917
SELECT w2=917
BUSY TASK ewma=997
DMA IRQ c0=1
DMA IRQ c1=0
DMA IRQ c2=0
DMA IRQ c3=0
SELECT busy=999
SELECT w0=924
SELECT w1=925
SELECT w2=925
BUSY TASK ewma=997
DMA IRQ c0=1
DMA IRQ c1=0
DMA IRQ c2=0
DMA IRQ c3=0
SELECT busy=1008
SELECT w0=932
SELECT w1=933
SELECT w2=933
BUSY TASK ewma=997
DMA IRQ c0=1
DMA IRQ c1=0
DMA IRQ c2=0
DMA IRQ c3=0
SELECT busy=1016
SELECT w0=940
SELECT w1=941
SELECT w2=941
BUSY TASK ewma=997
DMA IRQ c0=1
DMA IRQ c1=0
DMA IRQ c2=0
DMA IRQ c3=0
SELECT busy=1025
SELECT w0=949
SELECT w1=950
SELECT w2=950
BUSY TASK ewma=997
DMA IRQ c0=1
DMA IRQ c1=0
DMA IRQ c2=0
DMA IRQ c3=0
SELECT busy=1033
SELECT w0=957
SELECT w1=958
SELECT w2=958
BUSY TASK ewma=997
DMA IRQ c0=1
DMA IRQ c1=0
DMA IRQ c2=0
DMA IRQ c3=0
SELECT busy=1041
SELECT w0=965
SELECT w1=966
SELECT w2=966
BUSY TASK ewma=997
DMA IRQ c0=1
DMA IRQ c1=0
DMA IRQ c2=0
DMA IRQ c3=0
SELECT busy=1049
SELECT w0=974
SELECT w1=975
SELECT w2=975
BUSY TASK ewma=997
DMA IRQ c0=1
DMA IRQ c1=0
DMA IRQ c2=0
DMA IRQ c3=0
SELECT busy=1058
SELECT w0=982
SELECT w1=983
SELECT w2=983
BUSY TASK ewma=997
DMA IRQ c0=1
DMA IRQ c1=0
DMA IRQ c2=0
DMA IRQ c3=0
SELECT busy=1066
SELECT w0=990
SELECT w1=991
SELECT w2=991
BUSY TASK ewma=997
DMA IRQ c0=1
DMA IRQ c1=0
DMA IRQ c2=0
DMA IRQ c3=0
SELECT busy=1075
SELECT w0=999
SELECT w1=1000
SELECT w2=1000
BUSY TASK ewma=997
DMA IRQ c0=1
DMA IRQ c1=0
DMA IRQ c2=0
DMA IRQ c3=0
SELECT busy=1083
SELECT w0=1007
SELECT w1=1008
SELECT w2=1008
BUSY TASK ewma=997
DMA IRQ c0=1
DMA IRQ c1=0
DMA IRQ c2=0
DMA IRQ c3=0
SELECT busy=1091
SELECT w0=1015
SELECT w1=1016
SELECT w2=1016
BUSY TASK ewma=997
DMA IRQ c0=1
DMA IRQ c1=0
DMA IRQ c2=0
DMA IRQ c3=0
SELECT busy=1100
SELECT w0=1024
SELECT w1=1025
SELECT w2=1025
BUSY TASK ewma=997
DMA IRQ c0=1
DMA IRQ c1=0
DMA IRQ c2=0
DMA IRQ c3=0
SELECT busy=1108
SELECT w0=1032
SELECT w1=1033
SELECT w2=1033
BUSY TASK ewma=997
DMA IRQ c0=1
DMA IRQ c1=0
DMA IRQ c2=0
DMA IRQ c3=0
SELECT busy=1116
SELECT w0=1040
SELECT w1=1041
SELECT w2=1042
BUSY TASK ewma=997
DMA IRQ c0=1
DMA IRQ c1=0
DMA IRQ c2=0
DMA IRQ c3=0
SELECT busy=1125
SELECT w0=1049
SELECT w1=1050
SELECT w2=1050
BUSY TASK ewma=997
DMA IRQ c0=1
DMA IRQ c1=0
DMA IRQ c2=0
DMA IRQ c3=0
SELECT busy=1133
SELECT w0=1057
SELECT w1=1058
SELECT w2=1058
BUSY TASK ewma=997
DMA IRQ c0=1
DMA IRQ c1=0
DMA IRQ c2=0
DMA IRQ c3=0
SELECT busy=1142
SELECT w0=1066
SELECT w1=1067
SELECT w2=1067
BUSY TASK ewma=997
DMA IRQ c0=1
DMA IRQ c1=0
DMA IRQ c2=0
DMA IRQ c3=0
SELECT busy=1150
SELECT w0=1074
SELECT w1=1075
SELECT w2=1075
BUSY TASK ewma=997
DMA IRQ c0=1
DMA IRQ c1=0
DMA IRQ c2=0
DMA IRQ c3=0
SELECT busy=1158
SELECT w0=1082
SELECT w1=1084
SELECT w2=1084
BUSY TASK ewma=997
DMA IRQ c0=1
DMA IRQ c1=0
DMA IRQ c2=0
DMA IRQ c3=0
SELECT busy=1167
SELECT w0=1091
SELECT w1=1092
SELECT w2=1092
BUSY TASK ewma=997
DMA IRQ c0=1
DMA IRQ c1=0
DMA IRQ c2=0
DMA IRQ c3=0
SELECT busy=1175
SELECT w0=1099
SELECT w1=1100
SELECT w2=1100
BUSY TASK ewma=997
DMA IRQ c0=1
DMA IRQ c1=0
DMA IRQ c2=0
DMA IRQ c3=0
SELECT busy=1184
SELECT w0=1108
SELECT w1=1109
SELECT w2=1109
BUSY TASK ewma=997
DMA IRQ c0=1
DMA IRQ c1=0
DMA IRQ c2=0
DMA IRQ c3=0
SELECT busy=1192
SELECT w0=1116
SELECT w1=1117
SELECT w2=1117
BUSY TASK ewma=997
DMA IRQ c0=1
DMA IRQ c1=0
DMA IRQ c2=0
DMA IRQ c3=0
SELECT busy=1200
SELECT w0=1125
SELECT w1=1126
SELECT w2=1126
BUSY TASK ewma=997
DMA IRQ c0=1
DMA IRQ c1=0
DMA IRQ c2=0
DMA IRQ c3=0
SELECT busy=1209
SELECT w0=1133
SELECT w1=1134
SELECT w2=1134
BUSY TASK ewma=997
IRQ counts: cpu0=4638 cpu1=0 cpu2=0 cpu3=0
SCHED secondaries: calls=0 unexpected=0
SECTEST switches=0 cpu1=0,0 cpu2=0,0 cpu3=0,0
PINGPONG rounds=0 pongs=0
DMA IRQ c0=1
DMA IRQ c1=0
DMA IRQ c2=0
DMA IRQ c3=0
SELECT busy=1218
SELECT w0=1142
SELECT w1=1143
SELECT w2=1143
BUSY TASK ewma=997
DMA IRQ c0=1
DMA IRQ c1=0
DMA IRQ c2=0
DMA IRQ c3=0
SELECT busy=1226
SELECT w0=1151
SELECT w1=1152
SELECT w2=1152
BUSY TASK ewma=997
DMA IRQ c0=1
DMA IRQ c1=0
DMA IRQ c2=0
DMA IRQ c3=0
SELECT busy=1235
SELECT w0=1159
SELECT w1=1160
SELECT w2=1160
BUSY TASK ewma=997
DMA IRQ c0=1
DMA IRQ c1=0
DMA IRQ c2=0
DMA IRQ c3=0
SELECT busy=1243
SELECT w0=1167
SELECT w1=1168
SELECT w2=1168
BUSY TASK ewma=997
DMA IRQ c0=1
DMA IRQ c1=0
DMA IRQ c2=0
DMA IRQ c3=0
SELECT busy=1252
SELECT w0=1176
SELECT w1=1177
SELECT w2=1177
BUSY TASK ewma=997
DMA IRQ c0=1
DMA IRQ c1=0
DMA IRQ c2=0
DMA IRQ c3=0
SELECT busy=1260
SELECT w0=1184
SELECT w1=1185
SELECT w2=1185
BUSY TASK ewma=997
DMA IRQ c0=1
DMA IRQ c1=0
DMA IRQ c2=0
DMA IRQ c3=0
SELECT busy=1269
SELECT w0=1193
SELECT w1=1194
SELECT w2=1194
BUSY TASK ewma=997
DMA IRQ c0=1
DMA IRQ c1=0
DMA IRQ c2=0
DMA IRQ c3=0
SELECT busy=1277
SELECT w0=1201
SELECT w1=1202
SELECT w2=1202
BUSY TASK ewma=997
DMA IRQ c0=1
DMA IRQ c1=0
DMA IRQ c2=0
DMA IRQ c3=0
SELECT busy=1285
SELECT w0=1209
SELECT w1=1210
SELECT w2=1210
BUSY TASK ewma=997
DMA IRQ c0=1
DMA IRQ c1=0
DMA IRQ c2=0
DMA IRQ c3=0
SELECT busy=1293
SELECT w0=1218
SELECT w1=1219
SELECT w2=1219
BUSY TASK ewma=997
DMA IRQ c0=1
DMA IRQ c1=0
DMA IRQ c2=0
DMA IRQ c3=0
SELECT busy=1302
SELECT w0=1226
SELECT w1=1227
SELECT w2=1227
BUSY TASK ewma=997
DMA IRQ c0=1
DMA IRQ c1=0
DMA IRQ c2=0
DMA IRQ c3=0
SELECT busy=1310
SELECT w0=1234
SELECT w1=1235
SELECT w2=1235
BUSY TASK ewma=997
DMA IRQ c0=1
DMA IRQ c1=0
DMA IRQ c2=0
DMA IRQ c3=0
SELECT busy=1319
SELECT w0=1243
SELECT w1=1244
SELECT w2=1244
BUSY TASK ewma=997
DMA IRQ c0=1
DMA IRQ c1=0
DMA IRQ c2=0
DMA IRQ c3=0
SELECT busy=1327
SELECT w0=1251
SELECT w1=1252
SELECT w2=1252
BUSY TASK ewma=997
DMA IRQ c0=1
DMA IRQ c1=0
DMA IRQ c2=0
DMA IRQ c3=0
SELECT busy=1335
SELECT w0=1259
SELECT w1=1260
SELECT w2=1261
BUSY TASK ewma=997
DMA IRQ c0=1
DMA IRQ c1=0
DMA IRQ c2=0
DMA IRQ c3=0
SELECT busy=1344
SELECT w0=1268
SELECT w1=1269
SELECT w2=1269
BUSY TASK ewma=997
DMA IRQ c0=1
DMA IRQ c1=0
DMA IRQ c2=0
DMA IRQ c3=0
SELECT busy=1352
SELECT w0=1276
SELECT w1=1277
SELECT w2=1277
BUSY TASK ewma=997
DMA IRQ c0=1
DMA IRQ c1=0
DMA IRQ c2=0
DMA IRQ c3=0
SELECT busy=1360
SELECT w0=1285
SELECT w1=1286
SELECT w2=1286
BUSY TASK ewma=997
DMA IRQ c0=1
DMA IRQ c1=0
DMA IRQ c2=0
DMA IRQ c3=0
SELECT busy=1369
SELECT w0=1293
SELECT w1=1294
SELECT w2=1294
BUSY TASK ewma=997
DMA IRQ c0=1
DMA IRQ c1=0
DMA IRQ c2=0
DMA IRQ c3=0
SELECT busy=1377
SELECT w0=1301
SELECT w1=1302
SELECT w2=1302
BUSY TASK ewma=997
DMA IRQ c0=1
DMA IRQ c1=0
DMA IRQ c2=0
DMA IRQ c3=0
SELECT busy=1386
SELECT w0=1310
SELECT w1=1311
SELECT w2=1311
BUSY TASK ewma=997
DMA IRQ c0=1
DMA IRQ c1=0
DMA IRQ c2=0
DMA IRQ c3=0
SELECT busy=1394
SELECT w0=1318
SELECT w1=1319
SELECT w2=1319
BUSY TASK ewma=997
DMA IRQ c0=1
DMA IRQ c1=0
DMA IRQ c2=0
DMA IRQ c3=0
SELECT busy=1402
SELECT w0=1326
SELECT w1=1328
SELECT w2=1328
BUSY TASK ewma=997
DMA IRQ c0=1
DMA IRQ c1=0
DMA IRQ c2=0
DMA IRQ c3=0
SELECT busy=1411
SELECT w0=1335
SELECT w1=1336
SELECT w2=1336
BUSY TASK ewma=997
DMA IRQ c0=1
DMA IRQ c1=0
DMA IRQ c2=0
DMA IRQ c3=0
SELECT busy=1419
SELECT w0=1343
SELECT w1=1344
SELECT w2=1344
BUSY TASK ewma=997
DMA IRQ c0=1
DMA IRQ c1=0
DMA IRQ c2=0
DMA IRQ c3=0
SELECT busy=1428
SELECT w0=1352
SELECT w1=1353
SELECT w2=1353
BUSY TASK ewma=997
DMA IRQ c0=1
DMA IRQ c1=0
DMA IRQ c2=0
DMA IRQ c3=0
SELECT busy=1436
SELECT w0=1360
SELECT w1=1361
SELECT w2=1361
BUSY TASK ewma=997
DMA IRQ c0=1
DMA IRQ c1=0
DMA IRQ c2=0
DMA IRQ c3=0
SELECT busy=1444
SELECT w0=1368
SELECT w1=1370
SELECT w2=1370
BUSY TASK ewma=997
DMA IRQ c0=1
DMA IRQ c1=0
DMA IRQ c2=0
DMA IRQ c3=0
SELECT busy=1453
SELECT w0=1377
SELECT w1=1378
SELECT w2=1378
BUSY TASK ewma=997
DMA IRQ c0=1
DMA IRQ c1=0
DMA IRQ c2=0
DMA IRQ c3=0
SELECT busy=1461
SELECT w0=1385
SELECT w1=1386
SELECT w2=1386
BUSY TASK ewma=997
DMA IRQ c0=1
DMA IRQ c1=0
DMA IRQ c2=0
DMA IRQ c3=0
SELECT busy=1470
SELECT w0=1394
SELECT w1=1395
SELECT w2=1395
BUSY TASK ewma=997
DMA IRQ c0=1
DMA IRQ c1=0
DMA IRQ c2=0
DMA IRQ c3=0
SELECT busy=1478
SELECT w0=1402
SELECT w1=1403
SELECT w2=1403
BUSY TASK ewma=997
DMA IRQ c0=1
DMA IRQ c1=0
DMA IRQ c2=0
DMA IRQ c3=0
SELECT busy=1486
SELECT w0=1410
SELECT w1=1411
SELECT w2=1411
BUSY TASK ewma=997
DMA IRQ c0=1
DMA IRQ c1=0
DMA IRQ c2=0
DMA IRQ c3=0
SELECT busy=1495
SELECT w0=1419
SELECT w1=1420
SELECT w2=1420
BUSY TASK ewma=997
DMA IRQ c0=1
DMA IRQ c1=0
DMA IRQ c2=0
DMA IRQ c3=0
SELECT busy=1503
SELECT w0=1427
SELECT w1=1428
SELECT w2=1428
BUSY TASK ewma=997
DMA IRQ c0=1
DMA IRQ c1=0
DMA IRQ c2=0
DMA IRQ c3=0
SELECT busy=1511
SELECT w0=1435
SELECT w1=1437
SELECT w2=1437
BUSY TASK ewma=997
DMA IRQ c0=1
DMA IRQ c1=0
DMA IRQ c2=0
DMA IRQ c3=0
SELECT busy=1520
SELECT w0=1444
SELECT w1=1445
SELECT w2=1445
BUSY TASK ewma=997
DMA IRQ c0=1
DMA IRQ c1=0
DMA IRQ c2=0
DMA IRQ c3=0
SELECT busy=1528
SELECT w0=1452
SELECT w1=1453
SELECT w2=1453
BUSY TASK ewma=997
DMA IRQ c0=1
DMA IRQ c1=0
DMA IRQ c2=0
DMA IRQ c3=0
SELECT busy=1537
SELECT w0=1461
SELECT w1=1462
SELECT w2=1462
BUSY TASK ewma=997
DMA IRQ c0=1
DMA IRQ c1=0
DMA IRQ c2=0
DMA IRQ c3=0
SELECT busy=1545
SELECT w0=1469
SELECT w1=1470
SELECT w2=1470
BUSY TASK ewma=997
DMA IRQ c0=1
DMA IRQ c1=0
DMA IRQ c2=0
DMA IRQ c3=0
SELECT busy=1553
SELECT w0=1477
SELECT w1=1478
SELECT w2=1479
BUSY TASK ewma=997
DMA IRQ c0=1
DMA IRQ c1=0
DMA IRQ c2=0
DMA IRQ c3=0
SELECT busy=1562
SELECT w0=1486
SELECT w1=1487
SELECT w2=1487
BUSY TASK ewma=997
DMA IRQ c0=1
DMA IRQ c1=0
DMA IRQ c2=0
DMA IRQ c3=0
SELECT busy=1570
SELECT w0=1494
SELECT w1=1495
SELECT w2=1495
BUSY TASK ewma=997
DMA IRQ c0=1
DMA IRQ c1=0
DMA IRQ c2=0
DMA IRQ c3=0
SELECT busy=1578
SELECT w0=1503
SELECT w1=1504
SELECT w2=1504
BUSY TASK ewma=997
DMA IRQ c0=1
DMA IRQ c1=0
DMA IRQ c2=0
DMA IRQ c3=0
SELECT busy=1587
SELECT w0=1511
SELECT w1=1512
SELECT w2=1512
BUSY TASK ewma=997
DMA IRQ c0=1
DMA IRQ c1=0
DMA IRQ c2=0
DMA IRQ c3=0
SELECT busy=1595
SELECT w0=1519
SELECT w1=1520
SELECT w2=1520
BUSY TASK ewma=997
DMA IRQ c0=1
DMA IRQ c1=0
DMA IRQ c2=0
DMA IRQ c3=0
SELECT busy=1604
SELECT w0=1528
SELECT w1=1529
SELECT w2=1529
BUSY TASK ewma=997
DMA IRQ c0=1
DMA IRQ c1=0
DMA IRQ c2=0
DMA IRQ c3=0
SELECT busy=1612
SELECT w0=1536
SELECT w1=1537
SELECT w2=1537
BUSY TASK ewma=997
DMA IRQ c0=1
DMA IRQ c1=0
DMA IRQ c2=0
DMA IRQ c3=0
SELECT busy=1620
SELECT w0=1544
SELECT w1=1545
SELECT w2=1545
BUSY TASK ewma=997
DMA IRQ c0=1
DMA IRQ c1=0
DMA IRQ c2=0
DMA IRQ c3=0
SELECT busy=1629
SELECT w0=1553
SELECT w1=1554
SELECT w2=1554
BUSY TASK ewma=997
DMA IRQ c0=1
DMA IRQ c1=0
DMA IRQ c2=0
DMA IRQ c3=0
SELECT busy=1637
SELECT w0=1561
SELECT w1=1562
SELECT w2=1562
BUSY TASK ewma=997
DMA IRQ c0=1
DMA IRQ c1=0
DMA IRQ c2=0
DMA IRQ c3=0
SELECT busy=1645
SELECT w0=1569
SELECT w1=1570
SELECT w2=1570
BUSY TASK ewma=997
DMA IRQ c0=1
DMA IRQ c1=0
DMA IRQ c2=0
DMA IRQ c3=0
SELECT busy=1653
SELECT w0=1577
SELECT w1=1578
SELECT w2=1579
BUSY TASK ewma=997
DMA IRQ c0=1
DMA IRQ c1=0
DMA IRQ c2=0
DMA IRQ c3=0
SELECT busy=1662
SELECT w0=1586
SELECT w1=1587
SELECT w2=1587
BUSY TASK ewma=997
DMA IRQ c0=1
DMA IRQ c1=0
DMA IRQ c2=0
DMA IRQ c3=0
SELECT busy=1670
SELECT w0=1594
SELECT w1=1595
SELECT w2=1595
BUSY TASK ewma=997
DMA IRQ c0=1
DMA IRQ c1=0
DMA IRQ c2=0
DMA IRQ c3=0
SELECT busy=1679
SELECT w0=1603
SELECT w1=1604
SELECT w2=1604
BUSY TASK ewma=997
DMA IRQ c0=1
DMA IRQ c1=0
DMA IRQ c2=0
DMA IRQ c3=0
SELECT busy=1687
SELECT w0=1611
SELECT w1=1612
SELECT w2=1612
BUSY TASK ewma=997
DMA IRQ c0=1
DMA IRQ c1=0
DMA IRQ c2=0
DMA IRQ c3=0
SELECT busy=1695
SELECT w0=1619
SELECT w1=1620
SELECT w2=1620
BUSY TASK ewma=997
DMA IRQ c0=1
DMA IRQ c1=0
DMA IRQ c2=0
DMA IRQ c3=0
SELECT busy=1704
SELECT w0=1628
SELECT w1=1629
SELECT w2=1629
BUSY TASK ewma=997
DMA IRQ c0=1
DMA IRQ c1=0
DMA IRQ c2=0
DMA IRQ c3=0
SELECT busy=1712
SELECT w0=1636
SELECT w1=1637
SELECT w2=1637
BUSY TASK ewma=997
DMA IRQ c0=1
DMA IRQ c1=0
DMA IRQ c2=0
DMA IRQ c3=0
SELECT busy=1720
SELECT w0=1645
SELECT w1=1646
SELECT w2=1646
BUSY TASK ewma=997
DMA IRQ c0=1
DMA IRQ c1=0
DMA IRQ c2=0
DMA IRQ c3=0
SELECT busy=1729
SELECT w0=1653
SELECT w1=1654
SELECT w2=1654
BUSY TASK ewma=997
DMA IRQ c0=1
DMA IRQ c1=0
DMA IRQ c2=0
DMA IRQ c3=0
SELECT busy=1737
SELECT w0=1661
SELECT w1=1662
SELECT w2=1662
BUSY TASK ewma=997
DMA IRQ c0=1
DMA IRQ c1=0
DMA IRQ c2=0
DMA IRQ c3=0
SELECT busy=1745
SELECT w0=1669
SELECT w1=1671
SELECT w2=1671
BUSY TASK ewma=997
IRQ counts: cpu0=6786 cpu1=0 cpu2=0 cpu3=0
SCHED secondaries: calls=0 unexpected=0
SECTEST switches=0 cpu1=0,0 cpu2=0,0 cpu3=0,0
PINGPONG rounds=0 pongs=0
DMA IRQ c0=1
DMA IRQ c1=0
DMA IRQ c2=0
DMA IRQ c3=0
SELECT busy=1755
SELECT w0=1679
SELECT w1=1680
SELECT w2=1680
BUSY TASK ewma=997
DMA IRQ c0=1
DMA IRQ c1=0
DMA IRQ c2=0
DMA IRQ c3=0
SELECT busy=1763
SELECT w0=1687
SELECT w1=1688
SELECT w2=1688
BUSY TASK ewma=997
DMA IRQ c0=1
DMA IRQ c1=0
DMA IRQ c2=0
DMA IRQ c3=0
SELECT busy=1772
SELECT w0=1696
SELECT w1=1697
SELECT w2=1697
BUSY TASK ewma=997
DMA IRQ c0=1
DMA IRQ c1=0
DMA IRQ c2=0
DMA IRQ c3=0
SELECT busy=1780
SELECT w0=1705
SELECT w1=1706
SELECT w2=1706
BUSY TASK ewma=997
DMA IRQ c0=1
DMA IRQ c1=0
DMA IRQ c2=0
DMA IRQ c3=0
SELECT busy=1789
SELECT w0=1713
SELECT w1=1714
SELECT w2=1714
BUSY TASK ewma=997
DMA IRQ c0=1
DMA IRQ c1=0
DMA IRQ c2=0
DMA IRQ c3=0
SELECT busy=1798
SELECT w0=1722
SELECT w1=1723
SELECT w2=1723
BUSY TASK ewma=997
DMA IRQ c0=1
DMA IRQ c1=0
DMA IRQ c2=0
DMA IRQ c3=0
SELECT busy=1806
SELECT w0=1730
SELECT w1=1731
SELECT w2=1731
BUSY TASK ewma=997
DMA IRQ c0=1
DMA IRQ c1=0
DMA IRQ c2=0
DMA IRQ c3=0
SELECT busy=1815
SELECT w0=1739
SELECT w1=1740
SELECT w2=1740
BUSY TASK ewma=997
DMA IRQ c0=1
DMA IRQ c1=0
DMA IRQ c2=0
DMA IRQ c3=0
SELECT busy=1824
SELECT w0=1748
SELECT w1=1749
SELECT w2=1749
BUSY TASK ewma=997
DMA IRQ c0=1
DMA IRQ c1=0
DMA IRQ c2=0
DMA IRQ c3=0
SELECT busy=1832
SELECT w0=1756
SELECT w1=1757
SELECT w2=1757
BUSY TASK ewma=997
DMA IRQ c0=1
DMA IRQ c1=0
DMA IRQ c2=0
DMA IRQ c3=0
SELECT busy=1841
SELECT w0=1765
SELECT w1=1766
SELECT w2=1766
BUSY TASK ewma=997
DMA IRQ c0=1
DMA IRQ c1=0
DMA IRQ c2=0
DMA IRQ c3=0
SELECT busy=1849
SELECT w0=1773
SELECT w1=1775
SELECT w2=1775
BUSY TASK ewma=997
DMA IRQ c0=1
DMA IRQ c1=0
DMA IRQ c2=0
DMA IRQ c3=0
SELECT busy=1858
SELECT w0=1782
SELECT w1=1783
SELECT w2=1783
BUSY TASK ewma=997
DMA IRQ c0=1
DMA IRQ c1=0
DMA IRQ c2=0
DMA IRQ c3=0
SELECT busy=1867
SELECT w0=1791
SELECT w1=1792
SELECT w2=1792
BUSY TASK ewma=997
DMA IRQ c0=1
DMA IRQ c1=0
DMA IRQ c2=0
DMA IRQ c3=0
SELECT busy=1875
SELECT w0=1799
SELECT w1=1800
SELECT w2=1800
BUSY TASK ewma=997
DMA IRQ c0=1
DMA IRQ c1=0
DMA IRQ c2=0
DMA IRQ c3=0
SELECT busy=1884
SELECT w0=1808
SELECT w1=1809
SELECT w2=1809
BUSY TASK ewma=997
DMA IRQ c0=1
DMA IRQ c1=0
DMA IRQ c2=0
DMA IRQ c3=0
SELECT busy=1893
SELECT w0=1817
SELECT w1=1818
SELECT w2=1818
BUSY TASK ewma=997
DMA IRQ c0=1
DMA IRQ c1=0
DMA IRQ c2=0
DMA IRQ c3=0
SELECT busy=1901
SELECT w0=1825
SELECT w1=1826
SELECT w2=1826
BUSY TASK ewma=997
DMA IRQ c0=1
DMA IRQ c1=0
DMA IRQ c2=0
DMA IRQ c3=0
SELECT busy=1910
SELECT w0=1834
SELECT w1=1835
SELECT w2=1835
BUSY TASK ewma=997
DMA IRQ c0=1
DMA IRQ c1=0
DMA IRQ c2=0
DMA IRQ c3=0
SELECT busy=1918
SELECT w0=1842
SELECT w1=1844
SELECT w2=1844
BUSY TASK ewma=997
DMA IRQ c0=1
DMA IRQ c1=0
DMA IRQ c2=0
DMA IRQ c3=0
SELECT busy=1927
SELECT w0=1851
SELECT w1=1852
SELECT w2=1852
BUSY TASK ewma=997
DMA IRQ c0=1
DMA IRQ c1=0
DMA IRQ c2=0
DMA IRQ c3=0
SELECT busy=1936
SELECT w0=1860
SELECT w1=1861
SELECT w2=1861
BUSY TASK ewma=997
DMA IRQ c0=1
DMA IRQ c1=0
DMA IRQ c2=0
DMA IRQ c3=0
SELECT busy=1944
SELECT w0=1868
SELECT w1=1869
SELECT w2=1869
BUSY TASK ewma=997
DMA IRQ c0=1
DMA IRQ c1=0
DMA IRQ c2=0
DMA IRQ c3=0
SELECT busy=1953
SELECT w0=1877
SELECT w1=1878
SELECT w2=1878
BUSY TASK ewma=997
DMA IRQ c0=1
DMA IRQ c1=0
DMA IRQ c2=0
DMA IRQ c3=0
SELECT busy=1961
SELECT w0=1886
SELECT w1=1887
SELECT w2=1887
BUSY TASK ewma=997
DMA IRQ c0=1
DMA IRQ c1=0
DMA IRQ c2=0
DMA IRQ c3=0
SELECT busy=1970
SELECT w0=1894
SELECT w1=1895
SELECT w2=1895
BUSY TASK ewma=997
DMA IRQ c0=1
DMA IRQ c1=0
DMA IRQ c2=0
DMA IRQ c3=0
SELECT busy=1979
SELECT w0=1903
SELECT w1=1904
SELECT w2=1904
BUSY TASK ewma=997
DMA IRQ c0=1
DMA IRQ c1=0
DMA IRQ c2=0
DMA IRQ c3=0
SELECT busy=1987
SELECT w0=1911
SELECT w1=1912
SELECT w2=1912
BUSY TASK ewma=997
DMA IRQ c0=1
DMA IRQ c1=0
DMA IRQ c2=0
DMA IRQ c3=0
SELECT busy=1995
SELECT w0=1919
SELECT w1=1920
SELECT w2=1921
BUSY TASK ewma=997
DMA IRQ c0=1
DMA IRQ c1=0
DMA IRQ c2=0
DMA IRQ c3=0
SELECT busy=2004
SELECT w0=1928
SELECT w1=1929
SELECT w2=1929
BUSY TASK ewma=997
DMA IRQ c0=1
DMA IRQ c1=0
DMA IRQ c2=0
DMA IRQ c3=0
SELECT busy=2012
SELECT w0=1936
SELECT w1=1937
SELECT w2=1937
BUSY TASK ewma=997
DMA IRQ c0=1
DMA IRQ c1=0
DMA IRQ c2=0
DMA IRQ c3=0
SELECT busy=2021
SELECT w0=1945
SELECT w1=1946
SELECT w2=1946
BUSY TASK ewma=997
DMA IRQ c0=1
DMA IRQ c1=0
DMA IRQ c2=0
DMA IRQ c3=0
SELECT busy=2029
SELECT w0=1954
SELECT w1=1955
SELECT w2=1955
BUSY TASK ewma=997
DMA IRQ c0=1
DMA IRQ c1=0
DMA IRQ c2=0
DMA IRQ c3=0
SELECT busy=2038
SELECT w0=1962
SELECT w1=1963
SELECT w2=1963
BUSY TASK ewma=997
DMA IRQ c0=1
DMA IRQ c1=0
DMA IRQ c2=0
DMA IRQ c3=0
SELECT busy=2047
SELECT w0=1971
SELECT w1=1972
SELECT w2=1972
BUSY TASK ewma=997
DMA IRQ c0=1
DMA IRQ c1=0
DMA IRQ c2=0
DMA IRQ c3=0
SELECT busy=2055
SELECT w0=1979
SELECT w1=1980
SELECT w2=1980
BUSY TASK ewma=997
DMA IRQ c0=1
DMA IRQ c1=0
DMA IRQ c2=0
DMA IRQ c3=0
SELECT busy=2064
SELECT w0=1988
SELECT w1=1989
SELECT w2=1989
BUSY TASK ewma=997
DMA IRQ c0=1
DMA IRQ c1=0
DMA IRQ c2=0
DMA IRQ c3=0
SELECT busy=2073
SELECT w0=1997
SELECT w1=1998
SELECT w2=1998
BUSY TASK ewma=997
DMA IRQ c0=1
DMA IRQ c1=0
DMA IRQ c2=0
DMA IRQ c3=0
SELECT busy=2081
SELECT w0=2005
SELECT w1=2006
SELECT w2=2006
BUSY TASK ewma=997
DMA IRQ c0=1
DMA IRQ c1=0
DMA IRQ c2=0
DMA IRQ c3=0
SELECT busy=2090
SELECT w0=2014
SELECT w1=2015
SELECT w2=2015
BUSY TASK ewma=997
DMA IRQ c0=1
DMA IRQ c1=0
DMA IRQ c2=0
DMA IRQ c3=0
SELECT busy=2098
SELECT w0=2022
SELECT w1=2024
SELECT w2=2024
BUSY TASK ewma=997
DMA IRQ c0=1
DMA IRQ c1=0
DMA IRQ c2=0
DMA IRQ c3=0
SELECT busy=2107
SELECT w0=2031
SELECT w1=2032
SELECT w2=2032
BUSY TASK ewma=997
DMA IRQ c0=1
DMA IRQ c1=0
DMA IRQ c2=0
DMA IRQ c3=0
SELECT busy=2116
SELECT w0=2040
SELECT w1=2041
SELECT w2=2041
BUSY TASK ewma=997
DMA IRQ c0=1
DMA IRQ c1=0
DMA IRQ c2=0
DMA IRQ c3=0
SELECT busy=2124
SELECT w0=2048
SELECT w1=2049
SELECT w2=2049
BUSY TASK ewma=997
DMA IRQ c0=1
DMA IRQ c1=0
DMA IRQ c2=0
DMA IRQ c3=0
SELECT busy=2133
SELECT w0=2057
SELECT w1=2058
SELECT w2=2058
BUSY TASK ewma=997
DMA IRQ c0=1
DMA IRQ c1=0
DMA IRQ c2=0
DMA IRQ c3=0
SELECT busy=2142
SELECT w0=2066
SELECT w1=2067
SELECT w2=2067
BUSY TASK ewma=997
DMA IRQ c0=1
DMA IRQ c1=0
DMA IRQ c2=0
DMA IRQ c3=0
SELECT busy=2150
SELECT w0=2074
SELECT w1=2075
SELECT w2=2075
BUSY TASK ewma=997
DMA IRQ c0=1
DMA IRQ c1=0
DMA IRQ c2=0
DMA IRQ c3=0
SELECT busy=2159
SELECT w0=2083
SELECT w1=2084
SELECT w2=2084
BUSY TASK ewma=997
DMA IRQ c0=1
DMA IRQ c1=0
DMA IRQ c2=0
DMA IRQ c3=0
SELECT busy=2167
SELECT w0=2091
SELECT w1=2092
SELECT w2=2093
BUSY TASK ewma=997
DMA IRQ c0=1
DMA IRQ c1=0
DMA IRQ c2=0
DMA IRQ c3=0
SELECT busy=2176
SELECT w0=2100
SELECT w1=2101
SELECT w2=2101
BUSY TASK ewma=997
DMA IRQ c0=1
DMA IRQ c1=0
DMA IRQ c2=0
DMA IRQ c3=0
SELECT busy=2185
SELECT w0=2109
SELECT w1=2110
SELECT w2=2110
BUSY TASK ewma=997
DMA IRQ c0=1
DMA IRQ c1=0
DMA IRQ c2=0
DMA IRQ c3=0
SELECT busy=2193
SELECT w0=2117
SELECT w1=2118
SELECT w2=2118
BUSY TASK ewma=997
DMA IRQ c0=1
DMA IRQ c1=0
DMA IRQ c2=0
DMA IRQ c3=0
SELECT busy=2202
SELECT w0=2126
SELECT w1=2127
SELECT w2=2127
BUSY TASK ewma=997
DMA IRQ c0=1
DMA IRQ c1=0
DMA IRQ c2=0
DMA IRQ c3=0
SELECT busy=2211
SELECT w0=2135
SELECT w1=2136
SELECT w2=2136
BUSY TASK ewma=997
DMA IRQ c0=1
DMA IRQ c1=0
DMA IRQ c2=0
DMA IRQ c3=0
SELECT busy=2219
SELECT w0=2143
SELECT w1=2144
SELECT w2=2144
BUSY TASK ewma=997
DMA IRQ c0=1
DMA IRQ c1=0
DMA IRQ c2=0
DMA IRQ c3=0
SELECT busy=2227
SELECT w0=2152
SELECT w1=2153
SELECT w2=2153
BUSY TASK ewma=997
DMA IRQ c0=1
DMA IRQ c1=0
DMA IRQ c2=0
DMA IRQ c3=0
SELECT busy=2236
SELECT w0=2160
SELECT w1=2161
SELECT w2=2161
BUSY TASK ewma=997
DMA IRQ c0=1
DMA IRQ c1=0
DMA IRQ c2=0
DMA IRQ c3=0
SELECT busy=2244
SELECT w0=2169
SELECT w1=2170
SELECT w2=2170
BUSY TASK ewma=997
DMA IRQ c0=1
DMA IRQ c1=0
DMA IRQ c2=0
DMA IRQ c3=0
SELECT busy=2253
SELECT w0=2177
SELECT w1=2178
SELECT w2=2178
BUSY TASK ewma=997
DMA IRQ c0=1
DMA IRQ c1=0
DMA IRQ c2=0
DMA IRQ c3=0
SELECT busy=2262
SELECT w0=2186
SELECT w1=2187
SELECT w2=2187
BUSY TASK ewma=997
DMA IRQ c0=1
DMA IRQ c1=0
DMA IRQ c2=0
DMA IRQ c3=0
SELECT busy=2270
SELECT w0=2194
SELECT w1=2195
SELECT w2=2196
BUSY TASK ewma=997
DMA IRQ c0=1
DMA IRQ c1=0
DMA IRQ c2=0
DMA IRQ c3=0
SELECT busy=2279
SELECT w0=2203
SELECT w1=2204
SELECT w2=2204
BUSY TASK ewma=997
DMA IRQ c0=1
DMA IRQ c1=0
DMA IRQ c2=0
DMA IRQ c3=0
SELECT busy=2287
SELECT w0=2211
SELECT w1=2212
SELECT w2=2212
BUSY TASK ewma=997
DMA IRQ c0=1
DMA IRQ c1=0
DMA IRQ c2=0
DMA IRQ c3=0
SELECT busy=2295
SELECT w0=2219
SELECT w1=2220
SELECT w2=2220
BUSY TASK ewma=997
IRQ counts: cpu0=8982 cpu1=0 cpu2=0 cpu3=0
SCHED secondaries: calls=0 unexpected=0
SECTEST switches=0 cpu1=0,0 cpu2=0,0 cpu3=0,0
PINGPONG rounds=0 pongs=0
DMA IRQ c0=1
DMA IRQ c1=0
DMA IRQ c2=0
DMA IRQ c3=0
SELECT busy=2304
SELECT w0=2228
SELECT w1=2229
SELECT w2=2229
BUSY TASK ewma=997
DMA IRQ c0=1
DMA IRQ c1=0
DMA IRQ c2=0
DMA IRQ c3=0
SELECT busy=2313
SELECT w0=2237
SELECT w1=2238
SELECT w2=2238
BUSY TASK ewma=997
DMA IRQ c0=1
DMA IRQ c1=0
DMA IRQ c2=0
DMA IRQ c3=0
SELECT busy=2321
SELECT w0=2245
SELECT w1=2246
SELECT w2=2246
BUSY TASK ewma=997
DMA IRQ c0=1
DMA IRQ c1=0
DMA IRQ c2=0
DMA IRQ c3=0
SELECT busy=2329
SELECT w0=2253
SELECT w1=2255
SELECT w2=2255
BUSY TASK ewma=997
DMA IRQ c0=1
DMA IRQ c1=0
DMA IRQ c2=0
DMA IRQ c3=0
SELECT busy=2338
SELECT w0=2262
SELECT w1=2263
SELECT w2=2263
BUSY TASK ewma=997
DMA IRQ c0=1
DMA IRQ c1=0
DMA IRQ c2=0
DMA IRQ c3=0
SELECT busy=2346
SELECT w0=2270
SELECT w1=2271
SELECT w2=2271
BUSY TASK ewma=997
DMA IRQ c0=1
DMA IRQ c1=0
DMA IRQ c2=0
DMA IRQ c3=0
SELECT busy=2354
SELECT w0=2278
SELECT w1=2279
SELECT w2=2280
BUSY TASK ewma=997
DMA IRQ c0=1
DMA IRQ c1=0
DMA IRQ c2=0
DMA IRQ c3=0
SELECT busy=2363
SELECT w0=2287
SELECT w1=2288
SELECT w2=2288
BUSY TASK ewma=997
DMA IRQ c0=1
DMA IRQ c1=0
DMA IRQ c2=0
DMA IRQ c3=0
SELECT busy=2371
SELECT w0=2295
SELECT w1=2296
SELECT w2=2297
BUSY TASK ewma=997
DMA IRQ c0=1
DMA IRQ c1=0
DMA IRQ c2=0
DMA IRQ c3=0
SELECT busy=2380
SELECT w0=2304
SELECT w1=2306
SELECT w2=2306
BUSY TASK ewma=997
DMA IRQ c0=1
DMA IRQ c1=0
DMA IRQ c2=0
DMA IRQ c3=0
SELECT busy=2390
SELECT w0=2314
SELECT w1=2315
SELECT w2=2315
BUSY TASK ewma=997
DMA IRQ c0=1
DMA IRQ c1=0
DMA IRQ c2=0
DMA IRQ c3=0
SELECT busy=2399
SELECT w0=2323
SELECT w1=2324
SELECT w2=2325
BUSY TASK ewma=997
DMA IRQ c0=1
DMA IRQ c1=0
DMA IRQ c2=0
DMA IRQ c3=0
SELECT busy=2411
SELECT w0=2335
SELECT w1=2336
SELECT w2=2336
BUSY TASK ewma=997
DMA IRQ c0=1
DMA IRQ c1=0
DMA IRQ c2=0
DMA IRQ c3=0
SELECT busy=2421
SELECT w0=2345
SELECT w1=2347
SELECT w2=2347
BUSY TASK ewma=997
DMA IRQ c0=1
DMA IRQ c1=0
DMA IRQ c2=0
DMA IRQ c3=0
SELECT busy=2431
SELECT w0=2355
SELECT w1=2356
SELECT w2=2357
BUSY TASK ewma=997
DMA IRQ c0=1
DMA IRQ c1=0
DMA IRQ c2=0
DMA IRQ c3=0
SELECT busy=2440
SELECT w0=2364
SELECT w1=2365
SELECT w2=2365
BUSY TASK ewma=997
DMA IRQ c0=1
DMA IRQ c1=0
DMA IRQ c2=0
DMA IRQ c3=0
SELECT busy=2448
SELECT w0=2372
SELECT w1=2373
SELECT w2=2373
BUSY TASK ewma=997
DMA IRQ c0=1
DMA IRQ c1=0
DMA IRQ c2=0
DMA IRQ c3=0
SELECT busy=2456
SELECT w0=2380
SELECT w1=2381
SELECT w2=2381
BUSY TASK ewma=997
DMA IRQ c0=1
DMA IRQ c1=0
DMA IRQ c2=0
DMA IRQ c3=0
SELECT busy=2465
SELECT w0=2389
SELECT w1=2390
SELECT w2=2390
BUSY TASK ewma=997
DMA IRQ c0=1
DMA IRQ c1=0
DMA IRQ c2=0
DMA IRQ c3=0
SELECT busy=2473
SELECT w0=2397
SELECT w1=2398
SELECT w2=2398
BUSY TASK ewma=997
DMA IRQ c0=1
DMA IRQ c1=0
DMA IRQ c2=0
DMA IRQ c3=0
SELECT busy=2481
SELECT w0=2405
SELECT w1=2407
SELECT w2=2407
BUSY TASK ewma=997
DMA IRQ c0=1
DMA IRQ c1=0
DMA IRQ c2=0
DMA IRQ c3=0
SELECT busy=2490
SELECT w0=2414
SELECT w1=2415
SELECT w2=2415
BUSY TASK ewma=997
DMA IRQ c0=1
DMA IRQ c1=0
DMA IRQ c2=0
DMA IRQ c3=0
SELECT busy=2498
SELECT w0=2422
SELECT w1=2423
SELECT w2=2423
BUSY TASK ewma=997
DMA IRQ c0=1
DMA IRQ c1=0
DMA IRQ c2=0
DMA IRQ c3=0
SELECT busy=2507
SELECT w0=2432
SELECT w1=2433
SELECT w2=2433
BUSY TASK ewma=997
DMA IRQ c0=1
DMA IRQ c1=0
DMA IRQ c2=0
DMA IRQ c3=0
SELECT busy=2517
SELECT w0=2441
SELECT w1=2442
SELECT w2=2442
BUSY TASK ewma=997
DMA IRQ c0=1
DMA IRQ c1=0
DMA IRQ c2=0
DMA IRQ c3=0
SELECT busy=2525
SELECT w0=2449
SELECT w1=2450
SELECT w2=2450
BUSY TASK ewma=997
DMA IRQ c0=1
DMA IRQ c1=0
DMA IRQ c2=0
DMA IRQ c3=0
SELECT busy=2533
SELECT w0=2457
SELECT w1=2458
SELECT w2=2459
BUSY TASK ewma=997
DMA IRQ c0=1
DMA IRQ c1=0
DMA IRQ c2=0
DMA IRQ c3=0
SELECT busy=2542
SELECT w0=2466
SELECT w1=2467
SELECT w2=2467
BUSY TASK ewma=997
DMA IRQ c0=1
DMA IRQ c1=0
DMA IRQ c2=0
DMA IRQ c3=0
SELECT busy=2550
SELECT w0=2474
SELECT w1=2475
SELECT w2=2475
BUSY TASK ewma=997
DMA IRQ c0=1
DMA IRQ c1=0
DMA IRQ c2=0
DMA IRQ c3=0
SELECT busy=2559
SELECT w0=2483
SELECT w1=2484
SELECT w2=2484
BUSY TASK ewma=997
DMA IRQ c0=1
DMA IRQ c1=0
DMA IRQ c2=0
DMA IRQ c3=0
SELECT busy=2567
SELECT w0=2491
SELECT w1=2492
SELECT w2=2492
BUSY TASK ewma=997
DMA IRQ c0=1
DMA IRQ c1=0
DMA IRQ c2=0
DMA IRQ c3=0
SELECT busy=2575
SELECT w0=2499
SELECT w1=2500
SELECT w2=2501
BUSY TASK ewma=997
DMA IRQ c0=1
DMA IRQ c1=0
DMA IRQ c2=0
DMA IRQ c3=0
SELECT busy=2584
SELECT w0=2508
SELECT w1=2509
SELECT w2=2509
BUSY TASK ewma=997
DMA IRQ c0=1
DMA IRQ c1=0
DMA IRQ c2=0
DMA IRQ c3=0
SELECT busy=2593
SELECT w0=2517
SELECT w1=2518
SELECT w2=2518
BUSY TASK ewma=997
DMA IRQ c0=1
DMA IRQ c1=0
DMA IRQ c2=0
DMA IRQ c3=0
SELECT busy=2601
SELECT w0=2525
SELECT w1=2526
SELECT w2=2526
BUSY TASK ewma=997
DMA IRQ c0=1
DMA IRQ c1=0
DMA IRQ c2=0
DMA IRQ c3=0
SELECT busy=2610
SELECT w0=2534
SELECT w1=2535
SELECT w2=2535
BUSY TASK ewma=997
DMA IRQ c0=1
DMA IRQ c1=0
DMA IRQ c2=0
DMA IRQ c3=0
SELECT busy=2618
SELECT w0=2543
SELECT w1=2544
SELECT w2=2544
BUSY TASK ewma=997
DMA IRQ c0=1
DMA IRQ c1=0
DMA IRQ c2=0
DMA IRQ c3=0
SELECT busy=2627
SELECT w0=2551
SELECT w1=2552
SELECT w2=2552
BUSY TASK ewma=997
DMA IRQ c0=1
DMA IRQ c1=0
DMA IRQ c2=0
DMA IRQ c3=0
SELECT busy=2636
SELECT w0=2560
SELECT w1=2561
SELECT w2=2561
BUSY TASK ewma=997
DMA IRQ c0=1
DMA IRQ c1=0
DMA IRQ c2=0
DMA IRQ c3=0
SELECT busy=2644
SELECT w0=2568
SELECT w1=2569
SELECT w2=2569
BUSY TASK ewma=997
DMA IRQ c0=1
DMA IRQ c1=0
DMA IRQ c2=0
DMA IRQ c3=0
SELECT busy=2653
SELECT w0=2577
SELECT w1=2578
SELECT w2=2578
BUSY TASK ewma=997
DMA IRQ c0=1
DMA IRQ c1=0
DMA IRQ c2=0
DMA IRQ c3=0
SELECT busy=2661
SELECT w0=2585
SELECT w1=2586
SELECT w2=2586
BUSY TASK ewma=997
DMA IRQ c0=1
DMA IRQ c1=0
DMA IRQ c2=0
DMA IRQ c3=0
SELECT busy=2669
SELECT w0=2593
SELECT w1=2594
SELECT w2=2594
BUSY TASK ewma=997
DMA IRQ c0=1
DMA IRQ c1=0
DMA IRQ c2=0
DMA IRQ c3=0
SELECT busy=2677
SELECT w0=2601
SELECT w1=2602
SELECT w2=2603
BUSY TASK ewma=997
DMA IRQ c0=1
DMA IRQ c1=0
DMA IRQ c2=0
DMA IRQ c3=0
SELECT busy=2686
SELECT w0=2610
SELECT w1=2611
SELECT w2=2611
BUSY TASK ewma=997
DMA IRQ c0=1
DMA IRQ c1=0
DMA IRQ c2=0
DMA IRQ c3=0
SELECT busy=2694
SELECT w0=2618
SELECT w1=2619
SELECT w2=2620
BUSY TASK ewma=997
DMA IRQ c0=1
DMA IRQ c1=0
DMA IRQ c2=0
DMA IRQ c3=0
SELECT busy=2703
SELECT w0=2627
SELECT w1=2628
SELECT w2=2628
BUSY TASK ewma=997
DMA IRQ c0=1
DMA IRQ c1=0
DMA IRQ c2=0
DMA IRQ c3=0
SELECT busy=2711
SELECT w0=2635
SELECT w1=2636
SELECT w2=2636
BUSY TASK ewma=997
DMA IRQ c0=1
DMA IRQ c1=0
DMA IRQ c2=0
DMA IRQ c3=0
SELECT busy=2720
SELECT w0=2644
SELECT w1=2645
SELECT w2=2645
BUSY TASK ewma=997
DMA IRQ c0=1
DMA IRQ c1=0
DMA IRQ c2=0
DMA IRQ c3=0
SELECT busy=2728
SELECT w0=2652
SELECT w1=2653
SELECT w2=2653
BUSY TASK ewma=997
DMA IRQ c0=1
DMA IRQ c1=0
DMA IRQ c2=0
DMA IRQ c3=0
SELECT busy=2736
SELECT w0=2660
SELECT w1=2662
SELECT w2=2662
BUSY TASK ewma=997
DMA IRQ c0=1
DMA IRQ c1=0
DMA IRQ c2=0
DMA IRQ c3=0
SELECT busy=2745
SELECT w0=2669
SELECT w1=2670
SELECT w2=2670
BUSY TASK ewma=997
DMA IRQ c0=1
DMA IRQ c1=0
DMA IRQ c2=0
DMA IRQ c3=0
SELECT busy=2753
SELECT w0=2677
SELECT w1=2678
SELECT w2=2678
BUSY TASK ewma=997
DMA IRQ c0=1
DMA IRQ c1=0
DMA IRQ c2=0
DMA IRQ c3=0
SELECT busy=2762
SELECT w0=2686
SELECT w1=2687
SELECT w2=2687
BUSY TASK ewma=997
DMA IRQ c0=1
DMA IRQ c1=0
DMA IRQ c2=0
DMA IRQ c3=0
SELECT busy=2770
SELECT w0=2694
SELECT w1=2695
SELECT w2=2695
BUSY TASK ewma=997
DMA IRQ c0=1
DMA IRQ c1=0
DMA IRQ c2=0
DMA IRQ c3=0
SELECT busy=2778
SELECT w0=2702
SELECT w1=2703
SELECT w2=2704
BUSY TASK ewma=997
DMA IRQ c0=1
DMA IRQ c1=0
DMA IRQ c2=0
DMA IRQ c3=0
SELECT busy=2787
SELECT w0=2711
SELECT w1=2712
SELECT w2=2712
BUSY TASK ewma=997
DMA IRQ c0=1
DMA IRQ c1=0
DMA IRQ c2=0
DMA IRQ c3=0
SELECT busy=2795
SELECT w0=2719
SELECT w1=2720
SELECT w2=2720
BUSY TASK ewma=997
DMA IRQ c0=1
DMA IRQ c1=0
DMA IRQ c2=0
DMA IRQ c3=0
SELECT busy=2803
SELECT w0=2728
SELECT w1=2729
SELECT w2=2729
BUSY TASK ewma=997
DMA IRQ c0=1
DMA IRQ c1=0
DMA IRQ c2=0
DMA IRQ c3=0
SELECT busy=2812
SELECT w0=2736
SELECT w1=2737
SELECT w2=2737
BUSY TASK ewma=997
DMA IRQ c0=1
DMA IRQ c1=0
DMA IRQ c2=0
DMA IRQ c3=0
SELECT busy=2820
SELECT w0=2744
SELECT w1=2745
SELECT w2=2745
BUSY TASK ewma=997
DMA IRQ c0=1
DMA IRQ c1=0
DMA IRQ c2=0
DMA IRQ c3=0
SELECT busy=2829
SELECT w0=2753
SELECT w1=2754
SELECT w2=2754
BUSY TASK ewma=997
DMA IRQ c0=1
DMA IRQ c1=0
DMA IRQ c2=0
DMA IRQ c3=0
SELECT busy=2837
SELECT w0=2761
SELECT w1=2762
SELECT w2=2762
BUSY TASK ewma=997
DMA IRQ c0=1
DMA IRQ c1=0
DMA IRQ c2=0
DMA IRQ c3=0
SELECT busy=2846
SELECT w0=2770
SELECT w1=2771
SELECT w2=2771
BUSY TASK ewma=997
IRQ counts: cpu0=11186 cpu1=0 cpu2=0 cpu3=0
SCHED secondaries: calls=0 unexpected=0
SECTEST switches=0 cpu1=0,0 cpu2=0,0 cpu3=0,0
PINGPONG rounds=0 pongs=0
DMA IRQ c0=1
DMA IRQ c1=0
DMA IRQ c2=0
DMA IRQ c3=0
SELECT busy=2855
SELECT w0=2779
SELECT w1=2780
SELECT w2=2780
BUSY TASK ewma=997
DMA IRQ c0=1
DMA IRQ c1=0
DMA IRQ c2=0
DMA IRQ c3=0
SELECT busy=2864
SELECT w0=2789
SELECT w1=2790
SELECT w2=2790
BUSY TASK ewma=997
DMA IRQ c0=1
DMA IRQ c1=0
DMA IRQ c2=0
DMA IRQ c3=0
SELECT busy=2875
SELECT w0=2800
SELECT w1=2801
SELECT w2=2801
BUSY TASK ewma=997
DMA IRQ c0=1
DMA IRQ c1=0
DMA IRQ c2=0
DMA IRQ c3=0
SELECT busy=2886
SELECT w0=2810
SELECT w1=2811
SELECT w2=2811
BUSY TASK ewma=997
DMA IRQ c0=1
DMA IRQ c1=0
DMA IRQ c2=0
DMA IRQ c3=0
SELECT busy=2895
SELECT w0=2820
SELECT w1=2821
SELECT w2=2821
BUSY TASK ewma=997
DMA IRQ c0=1
DMA IRQ c1=0
DMA IRQ c2=0
DMA IRQ c3=0
SELECT busy=2904
SELECT w0=2828
SELECT w1=2829
SELECT w2=2829
BUSY TASK ewma=997
DMA IRQ c0=1
DMA IRQ c1=0
DMA IRQ c2=0
DMA IRQ c3=0
SELECT busy=2913
SELECT w0=2837
SELECT w1=2838
SELECT w2=2838
BUSY TASK ewma=997
DMA IRQ c0=1
DMA IRQ c1=0
DMA IRQ c2=0
DMA IRQ c3=0
SELECT busy=2921
SELECT w0=2845
SELECT w1=2846
SELECT w2=2847
BUSY TASK ewma=997
DMA IRQ c0=1
DMA IRQ c1=0
DMA IRQ c2=0
DMA IRQ c3=0
SELECT busy=2930
SELECT w0=2854
SELECT w1=2855
SELECT w2=2855
BUSY TASK ewma=997
DMA IRQ c0=1
DMA IRQ c1=0
DMA IRQ c2=0
DMA IRQ c3=0
SELECT busy=2939
SELECT w0=2863
SELECT w1=2864
SELECT w2=2864
BUSY TASK ewma=997
DMA IRQ c0=1
DMA IRQ c1=0
DMA IRQ c2=0
DMA IRQ c3=0
SELECT busy=2947
SELECT w0=2871
SELECT w1=2872
SELECT w2=2872
BUSY TASK ewma=997
DMA IRQ c0=1
DMA IRQ c1=0
DMA IRQ c2=0
DMA IRQ c3=0
SELECT busy=2956
SELECT w0=2880
SELECT w1=2881
SELECT w2=2881
BUSY TASK ewma=997
DMA IRQ c0=1
DMA IRQ c1=0
DMA IRQ c2=0
DMA IRQ c3=0
SELECT busy=2965
SELECT w0=2889
SELECT w1=2890
SELECT w2=2890
BUSY TASK ewma=997
DMA IRQ c0=1
DMA IRQ c1=0
DMA IRQ c2=0
DMA IRQ c3=0
SELECT busy=2973
SELECT w0=2897
SELECT w1=2898
SELECT w2=2898
BUSY TASK ewma=997
DMA IRQ c0=1
DMA IRQ c1=0
DMA IRQ c2=0
DMA IRQ c3=0
SELECT busy=2981
SELECT w0=2905
SELECT w1=2907
SELECT w2=2907
BUSY TASK ewma=997
DMA IRQ c0=1
DMA IRQ c1=0
DMA IRQ c2=0
DMA IRQ c3=0
SELECT busy=2990
SELECT w0=2914
SELECT w1=2915
SELECT w2=2915
BUSY TASK ewma=997
DMA IRQ c0=1
DMA IRQ c1=0
DMA IRQ c2=0
DMA IRQ c3=0
SELECT busy=2998
SELECT w0=2922
SELECT w1=2923
SELECT w2=2923
BUSY TASK ewma=997
DMA IRQ c0=1
DMA IRQ c1=0
DMA IRQ c2=0
DMA IRQ c3=0
SELECT busy=3007
SELECT w0=2931
SELECT w1=2932
SELECT w2=2932
BUSY TASK ewma=997
DMA IRQ c0=1
DMA IRQ c1=0
DMA IRQ c2=0
DMA IRQ c3=0
SELECT busy=3016
SELECT w0=2940
SELECT w1=2941
SELECT w2=2941
BUSY TASK ewma=997
DMA IRQ c0=1
DMA IRQ c1=0
DMA IRQ c2=0
DMA IRQ c3=0
SELECT busy=3024
SELECT w0=2948
SELECT w1=2949
SELECT w2=2949
BUSY TASK ewma=997
DMA IRQ c0=1
DMA IRQ c1=0
DMA IRQ c2=0
DMA IRQ c3=0
SELECT busy=3033
SELECT w0=2957
SELECT w1=2958
SELECT w2=2958
BUSY TASK ewma=997
DMA IRQ c0=1
DMA IRQ c1=0
DMA IRQ c2=0
DMA IRQ c3=0
SELECT busy=3041
SELECT w0=2965
SELECT w1=2967
SELECT w2=2967
BUSY TASK ewma=997
DMA IRQ c0=1
DMA IRQ c1=0
DMA IRQ c2=0
DMA IRQ c3=0
SELECT busy=3050
SELECT w0=2974
SELECT w1=2975
SELECT w2=2975
BUSY TASK ewma=997
DMA IRQ c0=1
DMA IRQ c1=0
DMA IRQ c2=0
DMA IRQ c3=0
SELECT busy=3059
SELECT w0=2983
SELECT w1=2984
SELECT w2=2984
BUSY TASK ewma=997
DMA IRQ c0=1
DMA IRQ c1=0
DMA IRQ c2=0
DMA IRQ c3=0
SELECT busy=3067
SELECT w0=2991
SELECT w1=2992
SELECT w2=2992
BUSY TASK ewma=997
DMA IRQ c0=1
DMA IRQ c1=0
DMA IRQ c2=0
DMA IRQ c3=0
SELECT busy=3076
SELECT w0=3000
SELECT w1=3001
SELECT w2=3001
BUSY TASK ewma=997
DMA IRQ c0=1
DMA IRQ c1=0
DMA IRQ c2=0
DMA IRQ c3=0
SELECT busy=3085
SELECT w0=3009
SELECT w1=3010
SELECT w2=3010
BUSY TASK ewma=997
DMA IRQ c0=1
DMA IRQ c1=0
DMA IRQ c2=0
DMA IRQ c3=0
SELECT busy=3093
SELECT w0=3017
SELECT w1=3018
SELECT w2=3018
BUSY TASK ewma=997
DMA IRQ c0=1
DMA IRQ c1=0
DMA IRQ c2=0
DMA IRQ c3=0
SELECT busy=3101
SELECT w0=3025
SELECT w1=3026
SELECT w2=3026
BUSY TASK ewma=997
DMA IRQ c0=1
DMA IRQ c1=0
DMA IRQ c2=0
DMA IRQ c3=0
SELECT busy=3109
SELECT w0=3033
SELECT w1=3035
SELECT w2=3035
BUSY TASK ewma=997
DMA IRQ c0=1
DMA IRQ c1=0
DMA IRQ c2=0
DMA IRQ c3=0
SELECT busy=3118
SELECT w0=3042
SELECT w1=3043
SELECT w2=3043
BUSY TASK ewma=997
DMA IRQ c0=1
DMA IRQ c1=0
DMA IRQ c2=0
DMA IRQ c3=0
SELECT busy=3126
SELECT w0=3050
SELECT w1=3051
SELECT w2=3051
BUSY TASK ewma=997
DMA IRQ c0=1
DMA IRQ c1=0
DMA IRQ c2=0
DMA IRQ c3=0
SELECT busy=3135
SELECT w0=3059
SELECT w1=3060
SELECT w2=3060
BUSY TASK ewma=997
DMA IRQ c0=1
DMA IRQ c1=0
DMA IRQ c2=0
DMA IRQ c3=0
SELECT busy=3143
SELECT w0=3067
SELECT w1=3068
SELECT w2=3068
BUSY TASK ewma=997
DMA IRQ c0=1
DMA IRQ c1=0
DMA IRQ c2=0
DMA IRQ c3=0
SELECT busy=3151
SELECT w0=3075
SELECT w1=3077
SELECT w2=3077
BUSY TASK ewma=997
DMA IRQ c0=1
DMA IRQ c1=0
DMA IRQ c2=0
DMA IRQ c3=0
SELECT busy=3160
SELECT w0=3084
SELECT w1=3085
SELECT w2=3085
BUSY TASK ewma=997
DMA IRQ c0=1
DMA IRQ c1=0
DMA IRQ c2=0
DMA IRQ c3=0
SELECT busy=3169
SELECT w0=3093
SELECT w1=3094
SELECT w2=3094
BUSY TASK ewma=997
DMA IRQ c0=1
DMA IRQ c1=0
DMA IRQ c2=0
DMA IRQ c3=0
SELECT busy=3177
SELECT w0=3101
SELECT w1=3102
SELECT w2=3103
BUSY TASK ewma=997
DMA IRQ c0=1
DMA IRQ c1=0
DMA IRQ c2=0
DMA IRQ c3=0
SELECT busy=3186
SELECT w0=3110
SELECT w1=3111
SELECT w2=3111
BUSY TASK ewma=997
DMA IRQ c0=1
DMA IRQ c1=0
DMA IRQ c2=0
DMA IRQ c3=0
SELECT busy=3194
SELECT w0=3118
SELECT w1=3119
SELECT w2=3119
BUSY TASK ewma=997
DMA IRQ c0=1
DMA IRQ c1=0
DMA IRQ c2=0
DMA IRQ c3=0
SELECT busy=3202
SELECT w0=3126
SELECT w1=3127
SELECT w2=3127
BUSY TASK ewma=997
DMA IRQ c0=1
DMA IRQ c1=0
DMA IRQ c2=0
DMA IRQ c3=0
SELECT busy=3210
SELECT w0=3135
SELECT w1=3136
SELECT w2=3136
BUSY TASK ewma=997
DMA IRQ c0=1
DMA IRQ c1=0
DMA IRQ c2=0
DMA IRQ c3=0
SELECT busy=3219
SELECT w0=3143
SELECT w1=3144
SELECT w2=3144
BUSY TASK ewma=997
DMA IRQ c0=1
DMA IRQ c1=0
DMA IRQ c2=0
DMA IRQ c3=0
SELECT busy=3227
SELECT w0=3151
SELECT w1=3152
SELECT w2=3152
BUSY TASK ewma=997
DMA IRQ c0=1
DMA IRQ c1=0
DMA IRQ c2=0
DMA IRQ c3=0
SELECT busy=3236
SELECT w0=3160
SELECT w1=3161
SELECT w2=3161
BUSY TASK ewma=997
DMA IRQ c0=1
DMA IRQ c1=0
DMA IRQ c2=0
DMA IRQ c3=0
SELECT busy=3244
SELECT w0=3168
SELECT w1=3169
SELECT w2=3169
BUSY TASK ewma=997
DMA IRQ c0=1
DMA IRQ c1=0
DMA IRQ c2=0
DMA IRQ c3=0
SELECT busy=3252
SELECT w0=3176
SELECT w1=3177
SELECT w2=3177
BUSY TASK ewma=997
DMA IRQ c0=1
DMA IRQ c1=0
DMA IRQ c2=0
DMA IRQ c3=0
SELECT busy=3260
SELECT w0=3184
SELECT w1=3185
SELECT w2=3185
BUSY TASK ewma=997
DMA IRQ c0=1
DMA IRQ c1=0
DMA IRQ c2=0
DMA IRQ c3=0
SELECT busy=3269
SELECT w0=3193
SELECT w1=3194
SELECT w2=3194
BUSY TASK ewma=997
DMA IRQ c0=1
DMA IRQ c1=0
DMA IRQ c2=0
DMA IRQ c3=0
SELECT busy=3277
SELECT w0=3201
SELECT w1=3202
SELECT w2=3202
BUSY TASK ewma=997
DMA IRQ c0=1
DMA IRQ c1=0
DMA IRQ c2=0
DMA IRQ c3=0
SELECT busy=3285
SELECT w0=3209
SELECT w1=3210
SELECT w2=3211
BUSY TASK ewma=997
DMA IRQ c0=1
DMA IRQ c1=0
DMA IRQ c2=0
DMA IRQ c3=0
SELECT busy=3294
SELECT w0=3218
SELECT w1=3219
SELECT w2=3219
BUSY TASK ewma=997
DMA IRQ c0=1
DMA IRQ c1=0
DMA IRQ c2=0
DMA IRQ c3=0
SELECT busy=3302
SELECT w0=3226
SELECT w1=3227
SELECT w2=3227
BUSY TASK ewma=997
DMA IRQ c0=1
DMA IRQ c1=0
DMA IRQ c2=0
DMA IRQ c3=0
SELECT busy=3311
SELECT w0=3235
SELECT w1=3236
SELECT w2=3236
BUSY TASK ewma=997
DMA IRQ c0=1
DMA IRQ c1=0
DMA IRQ c2=0
DMA IRQ c3=0
SELECT busy=3319
SELECT w0=3243
SELECT w1=3244
SELECT w2=3244
BUSY TASK ewma=997
DMA IRQ c0=1
DMA IRQ c1=0
DMA IRQ c2=0
DMA IRQ c3=0
SELECT busy=3327
SELECT w0=3251
SELECT w1=3253
SELECT w2=3253
BUSY TASK ewma=997
DMA IRQ c0=1
DMA IRQ c1=0
DMA IRQ c2=0
DMA IRQ c3=0
SELECT busy=3336
SELECT w0=3260
SELECT w1=3261
SELECT w2=3261
BUSY TASK ewma=997
DMA IRQ c0=1
DMA IRQ c1=0
DMA IRQ c2=0
DMA IRQ c3=0
SELECT busy=3344
SELECT w0=3269
SELECT w1=3270
SELECT w2=3270
BUSY TASK ewma=997
DMA IRQ c0=1
DMA IRQ c1=0
DMA IRQ c2=0
DMA IRQ c3=0
SELECT busy=3354
SELECT w0=3278
SELECT w1=3279
SELECT w2=3279
BUSY TASK ewma=997
DMA IRQ c0=1
DMA IRQ c1=0
DMA IRQ c2=0
DMA IRQ c3=0
SELECT busy=3363
SELECT w0=3287
SELECT w1=3288
SELECT w2=3288
BUSY TASK ewma=997
DMA IRQ c0=1
DMA IRQ c1=0
DMA IRQ c2=0
DMA IRQ c3=0
SELECT busy=3371
SELECT w0=3295
SELECT w1=3296
SELECT w2=3296
BUSY TASK ewma=997
DMA IRQ c0=1
DMA IRQ c1=0
DMA IRQ c2=0
DMA IRQ c3=0
SELECT busy=3379
SELECT w0=3304
SELECT w1=3305
SELECT w2=3305
BUSY TASK ewma=997
DMA IRQ c0=1
DMA IRQ c1=0
DMA IRQ c2=0
DMA IRQ c3=0
SELECT busy=3388
SELECT w0=3312
SELECT w1=3313
SELECT w2=3313
BUSY TASK ewma=997
DMA IRQ c0=1
DMA IRQ c1=0
DMA IRQ c2=0
DMA IRQ c3=0
SELECT busy=3396
SELECT w0=3320
SELECT w1=3321
SELECT w2=3321
BUSY TASK ewma=997
IRQ counts: cpu0=13386 cpu1=0 cpu2=0 cpu3=0
SCHED secondaries: calls=0 unexpected=0
SECTEST switches=0 cpu1=0,0 cpu2=0,0 cpu3=0,0
PINGPONG rounds=0 pongs=0
DMA IRQ c0=1
DMA IRQ c1=0
DMA IRQ c2=0
DMA IRQ c3=0
SELECT busy=3405
SELECT w0=3329
SELECT w1=3330
SELECT w2=3330
BUSY TASK ewma=997
DMA IRQ c0=1
DMA IRQ c1=0
DMA IRQ c2=0
DMA IRQ c3=0
SELECT busy=3414
SELECT w0=3338
SELECT w1=3339
SELECT w2=3339
BUSY TASK ewma=997
DMA IRQ c0=1
DMA IRQ c1=0
DMA IRQ c2=0
DMA IRQ c3=0
SELECT busy=3422
SELECT w0=3346
SELECT w1=3347
SELECT w2=3347
BUSY TASK ewma=997
DMA IRQ c0=1
DMA IRQ c1=0
DMA IRQ c2=0
DMA IRQ c3=0
SELECT busy=3430
SELECT w0=3354
SELECT w1=3356
SELECT w2=3356
BUSY TASK ewma=997
DMA IRQ c0=1
DMA IRQ c1=0
DMA IRQ c2=0
DMA IRQ c3=0
SELECT busy=3439
SELECT w0=3363
SELECT w1=3364
SELECT w2=3364
BUSY TASK ewma=997
DMA IRQ c0=1
DMA IRQ c1=0
DMA IRQ c2=0
DMA IRQ c3=0
SELECT busy=3447
SELECT w0=3371
SELECT w1=3372
SELECT w2=3372
BUSY TASK ewma=997
DMA IRQ c0=1
DMA IRQ c1=0
DMA IRQ c2=0
DMA IRQ c3=0
SELECT busy=3455
SELECT w0=3380
SELECT w1=3381
SELECT w2=3381
BUSY TASK ewma=997
DMA IRQ c0=1
DMA IRQ c1=0
DMA IRQ c2=0
DMA IRQ c3=0
SELECT busy=3464
SELECT w0=3388
SELECT w1=3389
SELECT w2=3389
BUSY TASK ewma=997
DMA IRQ c0=1
DMA IRQ c1=0
DMA IRQ c2=0
DMA IRQ c3=0
SELECT busy=3472
SELECT w0=3396
SELECT w1=3397
SELECT w2=3397
BUSY TASK ewma=997
DMA IRQ c0=1
DMA IRQ c1=0
DMA IRQ c2=0
DMA IRQ c3=0
SELECT busy=3480
SELECT w0=3404
SELECT w1=3406
SELECT w2=3406
BUSY TASK ewma=997
DMA IRQ c0=1
DMA IRQ c1=0
DMA IRQ c2=0
DMA IRQ c3=0
SELECT busy=3489
SELECT w0=3413
SELECT w1=3414
SELECT w2=3414
BUSY TASK ewma=997
DMA IRQ c0=1
DMA IRQ c1=0
DMA IRQ c2=0
DMA IRQ c3=0
SELECT busy=3497
SELECT w0=3421
SELECT w1=3422
SELECT w2=3422
BUSY TASK ewma=997
DMA IRQ c0=1
DMA IRQ c1=0
DMA IRQ c2=0
DMA IRQ c3=0
SELECT busy=3505
SELECT w0=3430
SELECT w1=3431
SELECT w2=3431
BUSY TASK ewma=997
DMA IRQ c0=1
DMA IRQ c1=0
DMA IRQ c2=0
DMA IRQ c3=0
SELECT busy=3514
SELECT w0=3438
SELECT w1=3439
SELECT w2=3439
BUSY TASK ewma=997
DMA IRQ c0=1
DMA IRQ c1=0
DMA IRQ c2=0
DMA IRQ c3=0
SELECT busy=3522
SELECT w0=3446
SELECT w1=3447
SELECT w2=3447
BUSY TASK ewma=997
DMA IRQ c0=1
DMA IRQ c1=0
DMA IRQ c2=0
DMA IRQ c3=0
SELECT busy=3530
SELECT w0=3454
SELECT w1=3455
SELECT w2=3456
BUSY TASK ewma=997
DMA IRQ c0=1
DMA IRQ c1=0
DMA IRQ c2=0
DMA IRQ c3=0
SELECT busy=3539
SELECT w0=3463
SELECT w1=3464
SELECT w2=3464
BUSY TASK ewma=997
DMA IRQ c0=1
DMA IRQ c1=0
DMA IRQ c2=0
DMA IRQ c3=0
SELECT busy=3547
SELECT w0=3471
SELECT w1=3472
SELECT w2=3472
BUSY TASK ewma=997
DMA IRQ c0=1
DMA IRQ c1=0
DMA IRQ c2=0
DMA IRQ c3=0
SELECT busy=3556
SELECT w0=3480
SELECT w1=3481
SELECT w2=3481
BUSY TASK ewma=997
DMA IRQ c0=1
DMA IRQ c1=0
DMA IRQ c2=0
DMA IRQ c3=0
SELECT busy=3564
SELECT w0=3488
SELECT w1=3489
SELECT w2=3489
BUSY TASK ewma=997
DMA IRQ c0=1
DMA IRQ c1=0
DMA IRQ c2=0
DMA IRQ c3=0
SELECT busy=3573
SELECT w0=3497
SELECT w1=3498
SELECT w2=3498
BUSY TASK ewma=997
DMA IRQ c0=1
DMA IRQ c1=0
DMA IRQ c2=0
DMA IRQ c3=0
SELECT busy=3581
SELECT w0=3505
SELECT w1=3506
SELECT w2=3506
BUSY TASK ewma=997
DMA IRQ c0=1
DMA IRQ c1=0
DMA IRQ c2=0
DMA IRQ c3=0
SELECT busy=3589
SELECT w0=3513
SELECT w1=3514
SELECT w2=3515
BUSY TASK ewma=997
DMA IRQ c0=1
DMA IRQ c1=0
DMA IRQ c2=0
DMA IRQ c3=0
SELECT busy=3598
SELECT w0=3522
SELECT w1=3523
SELECT w2=3523
BUSY TASK ewma=997
DMA IRQ c0=1
DMA IRQ c1=0
DMA IRQ c2=0
DMA IRQ c3=0
SELECT busy=3606
SELECT w0=3530
SELECT w1=3531
SELECT w2=3531
BUSY TASK ewma=997
DMA IRQ c0=1
DMA IRQ c1=0
DMA IRQ c2=0
DMA IRQ c3=0
SELECT busy=3614
SELECT w0=3539
SELECT w1=3540
SELECT w2=3540
BUSY TASK ewma=997
DMA IRQ c0=1
DMA IRQ c1=0
DMA IRQ c2=0
DMA IRQ c3=0
SELECT busy=3623
SELECT w0=3547
SELECT w1=3548
SELECT w2=3548
BUSY TASK ewma=997
DMA IRQ c0=1
DMA IRQ c1=0
DMA IRQ c2=0
DMA IRQ c3=0
SELECT busy=3632
SELECT w0=3556
SELECT w1=3557
SELECT w2=3557
BUSY TASK ewma=997
DMA IRQ c0=1
DMA IRQ c1=0
DMA IRQ c2=0
DMA IRQ c3=0
SELECT busy=3640
SELECT w0=3564
SELECT w1=3565
SELECT w2=3565
BUSY TASK ewma=997
DMA IRQ c0=1
DMA IRQ c1=0
DMA IRQ c2=0
DMA IRQ c3=0
SELECT busy=3648
SELECT w0=3572
SELECT w1=3573
SELECT w2=3574
BUSY TASK ewma=997
DMA IRQ c0=1
DMA IRQ c1=0
DMA IRQ c2=0
DMA IRQ c3=0
SELECT busy=3657
SELECT w0=3581
SELECT w1=3582
SELECT w2=3582
BUSY TASK ewma=997
DMA IRQ c0=1
DMA IRQ c1=0
DMA IRQ c2=0
DMA IRQ c3=0
SELECT busy=3665
SELECT w0=3589
SELECT w1=3590
SELECT w2=3590
BUSY TASK ewma=997
DMA IRQ c0=1
DMA IRQ c1=0
DMA IRQ c2=0
DMA IRQ c3=0
SELECT busy=3673
SELECT w0=3597
SELECT w1=3599
SELECT w2=3599
BUSY TASK ewma=997
DMA IRQ c0=1
DMA IRQ c1=0
DMA IRQ c2=0
DMA IRQ c3=0
SELECT busy=3682
SELECT w0=3606
SELECT w1=3607
SELECT w2=3607
BUSY TASK ewma=997
DMA IRQ c0=1
DMA IRQ c1=0
DMA IRQ c2=0
DMA IRQ c3=0
SELECT busy=3691
SELECT w0=3615
SELECT w1=3616
SELECT w2=3616
BUSY TASK ewma=997
DMA IRQ c0=1
DMA IRQ c1=0
DMA IRQ c2=0
DMA IRQ c3=0
SELECT busy=3700
SELECT w0=3624
SELECT w1=3625
SELECT w2=3625
BUSY TASK ewma=997
DMA IRQ c0=1
DMA IRQ c1=0
DMA IRQ c2=0
DMA IRQ c3=0
SELECT busy=3708
SELECT w0=3632
SELECT w1=3633
SELECT w2=3633
BUSY TASK ewma=997
DMA IRQ c0=1
DMA IRQ c1=0
DMA IRQ c2=0
DMA IRQ c3=0
SELECT busy=3717
SELECT w0=3641
SELECT w1=3642
SELECT w2=3642
BUSY TASK ewma=997
DMA IRQ c0=1
DMA IRQ c1=0
DMA IRQ c2=0
DMA IRQ c3=0
SELECT busy=3725
SELECT w0=3650
SELECT w1=3651
SELECT w2=3651
BUSY TASK ewma=997
DMA IRQ c0=1
DMA IRQ c1=0
DMA IRQ c2=0
DMA IRQ c3=0
SELECT busy=3734
SELECT w0=3658
SELECT w1=3659
SELECT w2=3659
BUSY TASK ewma=997
DMA IRQ c0=1
DMA IRQ c1=0
DMA IRQ c2=0
DMA IRQ c3=0
SELECT busy=3743
SELECT w0=3667
SELECT w1=3668
SELECT w2=3668
BUSY TASK ewma=997
DMA IRQ c0=1
DMA IRQ c1=0
DMA IRQ c2=0
DMA IRQ c3=0
SELECT busy=3751
SELECT w0=3675
SELECT w1=3676
SELECT w2=3676
BUSY TASK ewma=997
DMA IRQ c0=1
DMA IRQ c1=0
DMA IRQ c2=0
DMA IRQ c3=0
SELECT busy=3760
SELECT w0=3684
SELECT w1=3685
SELECT w2=3685
BUSY TASK ewma=997
DMA IRQ c0=1
DMA IRQ c1=0
DMA IRQ c2=0
DMA IRQ c3=0
SELECT busy=3769
SELECT w0=3693
SELECT w1=3694
SELECT w2=3694
BUSY TASK ewma=997
DMA IRQ c0=1
DMA IRQ c1=0
DMA IRQ c2=0
DMA IRQ c3=0
SELECT busy=3777
SELECT w0=3701
SELECT w1=3702
SELECT w2=3702
BUSY TASK ewma=997
DMA IRQ c0=1
DMA IRQ c1=0
DMA IRQ c2=0
DMA IRQ c3=0
SELECT busy=3786
SELECT w0=3710
SELECT w1=3711
SELECT w2=3711
BUSY TASK ewma=997
DMA IRQ c0=1
DMA IRQ c1=0
DMA IRQ c2=0
DMA IRQ c3=0
SELECT busy=3794
SELECT w0=3719
SELECT w1=3720
SELECT w2=3720
BUSY TASK ewma=997
DMA IRQ c0=1
DMA IRQ c1=0
DMA IRQ c2=0
DMA IRQ c3=0
SELECT busy=3803
SELECT w0=3727
SELECT w1=3728
SELECT w2=3728
BUSY TASK ewma=997
DMA IRQ c0=1
DMA IRQ c1=0
DMA IRQ c2=0
DMA IRQ c3=0
SELECT busy=3812
SELECT w0=3736
SELECT w1=3737
SELECT w2=3737
BUSY TASK ewma=997
DMA IRQ c0=1
DMA IRQ c1=0
DMA IRQ c2=0
DMA IRQ c3=0
SELECT busy=3820
SELECT w0=3744
SELECT w1=3745
SELECT w2=3746
BUSY TASK ewma=997
DMA IRQ c0=1
DMA IRQ c1=0
DMA IRQ c2=0
DMA IRQ c3=0
SELECT busy=3829
SELECT w0=3753
SELECT w1=3754
SELECT w2=3754
BUSY TASK ewma=997
DMA IRQ c0=1
DMA IRQ c1=0
DMA IRQ c2=0
DMA IRQ c3=0
SELECT busy=3838
SELECT w0=3762
SELECT w1=3763
SELECT w2=3763
BUSY TASK ewma=997
DMA IRQ c0=1
DMA IRQ c1=0
DMA IRQ c2=0
DMA IRQ c3=0
SELECT busy=3846
SELECT w0=3770
SELECT w1=3771
SELECT w2=3771
BUSY TASK ewma=997
DMA IRQ c0=1
DMA IRQ c1=0
DMA IRQ c2=0
DMA IRQ c3=0
SELECT busy=3855
SELECT w0=3779
SELECT w1=3780
SELECT w2=3780
BUSY TASK ewma=997
DMA IRQ c0=1
DMA IRQ c1=0
DMA IRQ c2=0
DMA IRQ c3=0
SELECT busy=3864
SELECT w0=3788
SELECT w1=3789
SELECT w2=3789
BUSY TASK ewma=997
DMA IRQ c0=1
DMA IRQ c1=0
DMA IRQ c2=0
DMA IRQ c3=0
SELECT busy=3873
SELECT w0=3797
SELECT w1=3798
SELECT w2=3798
BUSY TASK ewma=997
DMA IRQ c0=1
DMA IRQ c1=0
DMA IRQ c2=0
DMA IRQ c3=0
SELECT busy=3881
SELECT w0=3805
SELECT w1=3806
SELECT w2=3807
BUSY TASK ewma=997
DMA IRQ c0=1
DMA IRQ c1=0
DMA IRQ c2=0
DMA IRQ c3=0
SELECT busy=3890
SELECT w0=3814
SELECT w1=3815
SELECT w2=3815
BUSY TASK ewma=997
DMA IRQ c0=1
DMA IRQ c1=0
DMA IRQ c2=0
DMA IRQ c3=0
SELECT busy=3898
SELECT w0=3823
SELECT w1=3824
SELECT w2=3824
BUSY TASK ewma=997
DMA IRQ c0=1
DMA IRQ c1=0
DMA IRQ c2=0
DMA IRQ c3=0
SELECT busy=3907
SELECT w0=3831
SELECT w1=3832
SELECT w2=3832
BUSY TASK ewma=997
DMA IRQ c0=1
DMA IRQ c1=0
DMA IRQ c2=0
DMA IRQ c3=0
SELECT busy=3915
SELECT w0=3839
SELECT w1=3840
SELECT w2=3840
BUSY TASK ewma=997
DMA IRQ c0=1
DMA IRQ c1=0
DMA IRQ c2=0
DMA IRQ c3=0
SELECT busy=3924
SELECT w0=3848
SELECT w1=3849
SELECT w2=3849
BUSY TASK ewma=997
DMA IRQ c0=1
DMA IRQ c1=0
DMA IRQ c2=0
DMA IRQ c3=0
SELECT busy=3932
SELECT w0=3856
SELECT w1=3857
SELECT w2=3857
BUSY TASK ewma=997
DMA IRQ c0=1
DMA IRQ c1=0
DMA IRQ c2=0
DMA IRQ c3=0
SELECT busy=3940
SELECT w0=3865
SELECT w1=3866
SELECT w2=3866
BUSY TASK ewma=997
IRQ counts: cpu0=15566 cpu1=0 cpu2=0 cpu3=0
SCHED secondaries: calls=0 unexpected=0
SECTEST switches=0 cpu1=0,0 cpu2=0,0 cpu3=0,0
PINGPONG rounds=0 pongs=0
DMA IRQ c0=1
DMA IRQ c1=0
DMA IRQ c2=0
DMA IRQ c3=0
SELECT busy=3950
SELECT w0=3874
SELECT w1=3875
SELECT w2=3875
BUSY TASK ewma=997
DMA IRQ c0=1
DMA IRQ c1=0
DMA IRQ c2=0
DMA IRQ c3=0
SELECT busy=3958
SELECT w0=3882
SELECT w1=3883
SELECT w2=3883
BUSY TASK ewma=997
DMA IRQ c0=1
DMA IRQ c1=0
DMA IRQ c2=0
DMA IRQ c3=0
SELECT busy=3966
SELECT w0=3891
SELECT w1=3892
SELECT w2=3892
BUSY TASK ewma=997
DMA IRQ c0=1
DMA IRQ c1=0
DMA IRQ c2=0
DMA IRQ c3=0
SELECT busy=3975
SELECT w0=3899
SELECT w1=3900
SELECT w2=3900
BUSY TASK ewma=997
DMA IRQ c0=1
DMA IRQ c1=0
DMA IRQ c2=0
DMA IRQ c3=0
SELECT busy=3983
SELECT w0=3907
SELECT w1=3908
SELECT w2=3908
BUSY TASK ewma=997
DMA IRQ c0=1
DMA IRQ c1=0
DMA IRQ c2=0
DMA IRQ c3=0
SELECT busy=3992
SELECT w0=3916
SELECT w1=3917
SELECT w2=3917
BUSY TASK ewma=997
DMA IRQ c0=1
DMA IRQ c1=0
DMA IRQ c2=0
DMA IRQ c3=0
SELECT busy=4000
SELECT w0=3924
SELECT w1=3925
SELECT w2=3925
BUSY TASK ewma=997
DMA IRQ c0=1
DMA IRQ c1=0
DMA IRQ c2=0
DMA IRQ c3=0
SELECT busy=4008
SELECT w0=3932
SELECT w1=3933
SELECT w2=3933
BUSY TASK ewma=997
DMA IRQ c0=1
DMA IRQ c1=0
DMA IRQ c2=0
DMA IRQ c3=0
SELECT busy=4016
SELECT w0=3940
SELECT w1=3941
SELECT w2=3941
BUSY TASK ewma=997
DMA IRQ c0=1
DMA IRQ c1=0
DMA IRQ c2=0
DMA IRQ c3=0
SELECT busy=4025
SELECT w0=3949
SELECT w1=3950
SELECT w2=3950
BUSY TASK ewma=997
DMA IRQ c0=1
DMA IRQ c1=0
DMA IRQ c2=0
DMA IRQ c3=0
SELECT busy=4033
SELECT w0=3957
SELECT w1=3958
SELECT w2=3958
BUSY TASK ewma=997
DMA IRQ c0=1
DMA IRQ c1=0
DMA IRQ c2=0
DMA IRQ c3=0
SELECT busy=4041
SELECT w0=3966
SELECT w1=3967
SELECT w2=3967
BUSY TASK ewma=997
DMA IRQ c0=1
DMA IRQ c1=0
DMA IRQ c2=0
DMA IRQ c3=0
SELECT busy=4050
SELECT w0=3974
SELECT w1=3975
SELECT w2=3975
BUSY TASK ewma=997
DMA IRQ c0=1
DMA IRQ c1=0
DMA IRQ c2=0
DMA IRQ c3=0
SELECT busy=4058
SELECT w0=3982
SELECT w1=3983
SELECT w2=3983
BUSY TASK ewma=997
DMA IRQ c0=1
DMA IRQ c1=0
DMA IRQ c2=0
DMA IRQ c3=0
SELECT busy=4067
SELECT w0=3991
SELECT w1=3992
SELECT w2=3992
BUSY TASK ewma=997
DMA IRQ c0=1
DMA IRQ c1=0
DMA IRQ c2=0
DMA IRQ c3=0
SELECT busy=4075
SELECT w0=3999
SELECT w1=4000
SELECT w2=4000
BUSY TASK ewma=997
DMA IRQ c0=1
DMA IRQ c1=0
DMA IRQ c2=0
DMA IRQ c3=0
SELECT busy=4083
SELECT w0=4007
SELECT w1=4008
SELECT w2=4009
BUSY TASK ewma=997
DMA IRQ c0=1
DMA IRQ c1=0
DMA IRQ c2=0
DMA IRQ c3=0
SELECT busy=4092
SELECT w0=4016
SELECT w1=4017
SELECT w2=4017
BUSY TASK ewma=997
DMA IRQ c0=1
DMA IRQ c1=0
DMA IRQ c2=0
DMA IRQ c3=0
SELECT busy=4100
SELECT w0=4024
SELECT w1=4025
SELECT w2=4025
BUSY TASK ewma=997
DMA IRQ c0=1
DMA IRQ c1=0
DMA IRQ c2=0
DMA IRQ c3=0
SELECT busy=4108
SELECT w0=4033
SELECT w1=4034
SELECT w2=4034
BUSY TASK ewma=997
DMA IRQ c0=1
DMA IRQ c1=0
DMA IRQ c2=0
DMA IRQ c3=0
SELECT busy=4117
SELECT w0=4041
SELECT w1=4042
SELECT w2=4042
BUSY TASK ewma=997
DMA IRQ c0=1
DMA IRQ c1=0
DMA IRQ c2=0
DMA IRQ c3=0
SELECT busy=4125
SELECT w0=4049
SELECT w1=4050
SELECT w2=4051
BUSY TASK ewma=997
DMA IRQ c0=1
DMA IRQ c1=0
DMA IRQ c2=0
DMA IRQ c3=0
SELECT busy=4134
SELECT w0=4058
SELECT w1=4059
SELECT w2=4059
BUSY TASK ewma=997
DMA IRQ c0=1
DMA IRQ c1=0
DMA IRQ c2=0
DMA IRQ c3=0
SELECT busy=4142
SELECT w0=4066
SELECT w1=4067
SELECT w2=4067
BUSY TASK ewma=997
DMA IRQ c0=1
DMA IRQ c1=0
DMA IRQ c2=0
DMA IRQ c3=0
SELECT busy=4150
SELECT w0=4074
SELECT w1=4075
SELECT w2=4076
BUSY TASK ewma=997
DMA IRQ c0=1
DMA IRQ c1=0
DMA IRQ c2=0
DMA IRQ c3=0
SELECT busy=4159
SELECT w0=4083
SELECT w1=4084
SELECT w2=4084
BUSY TASK ewma=997
DMA IRQ c0=1
DMA IRQ c1=0
DMA IRQ c2=0
DMA IRQ c3=0
SELECT busy=4167
SELECT w0=4091
SELECT w1=4092
SELECT w2=4092
BUSY TASK ewma=997
DMA IRQ c0=1
DMA IRQ c1=0
DMA IRQ c2=0
DMA IRQ c3=0
SELECT busy=4175
SELECT w0=4099
SELECT w1=4100
SELECT w2=4101
BUSY TASK ewma=997
DMA IRQ c0=1
DMA IRQ c1=0
DMA IRQ c2=0
DMA IRQ c3=0
SELECT busy=4183
SELECT w0=4107
SELECT w1=4108
SELECT w2=4108
BUSY TASK ewma=997
DMA IRQ c0=1
DMA IRQ c1=0
DMA IRQ c2=0
DMA IRQ c3=0
SELECT busy=4192
SELECT w0=4116
SELECT w1=4117
SELECT w2=4117
BUSY TASK ewma=997
DMA IRQ c0=1
DMA IRQ c1=0
DMA IRQ c2=0
DMA IRQ c3=0
SELECT busy=4200
SELECT w0=4124
SELECT w1=4125
SELECT w2=4125
BUSY TASK ewma=997
DMA IRQ c0=1
DMA IRQ c1=0
DMA IRQ c2=0
DMA IRQ c3=0
SELECT busy=4208
SELECT w0=4132
SELECT w1=4133
SELECT w2=4133
BUSY TASK ewma=997
DMA IRQ c0=1
DMA IRQ c1=0
DMA IRQ c2=0
DMA IRQ c3=0
SELECT busy=4216
SELECT w0=4141
SELECT w1=4142
SELECT w2=4142
BUSY TASK ewma=997
DMA IRQ c0=1
DMA IRQ c1=0
DMA IRQ c2=0
DMA IRQ c3=0
SELECT busy=4225
SELECT w0=4149
SELECT w1=4150
SELECT w2=4150
BUSY TASK ewma=997
DMA IRQ c0=1
DMA IRQ c1=0
DMA IRQ c2=0
DMA IRQ c3=0
SELECT busy=4233
SELECT w0=4157
SELECT w1=4158
SELECT w2=4158
BUSY TASK ewma=997
DMA IRQ c0=1
DMA IRQ c1=0
DMA IRQ c2=0
DMA IRQ c3=0
SELECT busy=4242
SELECT w0=4166
SELECT w1=4167
SELECT w2=4167
BUSY TASK ewma=997
DMA IRQ c0=1
DMA IRQ c1=0
DMA IRQ c2=0
DMA IRQ c3=0
SELECT busy=4250
SELECT w0=4174
SELECT w1=4175
SELECT w2=4176
BUSY TASK ewma=997
DMA IRQ c0=1
DMA IRQ c1=0
DMA IRQ c2=0
DMA IRQ c3=0
SELECT busy=4259
SELECT w0=4183
SELECT w1=4184
SELECT w2=4184
BUSY TASK ewma=997
DMA IRQ c0=1
DMA IRQ c1=0
DMA IRQ c2=0
DMA IRQ c3=0
SELECT busy=4267
SELECT w0=4191
SELECT w1=4192
SELECT w2=4192
BUSY TASK ewma=997
DMA IRQ c0=1
DMA IRQ c1=0
DMA IRQ c2=0
DMA IRQ c3=0
SELECT busy=4275
SELECT w0=4199
SELECT w1=4200
SELECT w2=4200
BUSY TASK ewma=997
DMA IRQ c0=1
DMA IRQ c1=0
DMA IRQ c2=0
DMA IRQ c3=0
SELECT busy=4283
SELECT w0=4207
SELECT w1=4208
SELECT w2=4209
BUSY TASK ewma=997
DMA IRQ c0=1
DMA IRQ c1=0
DMA IRQ c2=0
DMA IRQ c3=0
SELECT busy=4292
SELECT w0=4216
SELECT w1=4217
SELECT w2=4217
BUSY TASK ewma=997
DMA IRQ c0=1
DMA IRQ c1=0
DMA IRQ c2=0
DMA IRQ c3=0
SELECT busy=4300
SELECT w0=4224
SELECT w1=4225
SELECT w2=4225
BUSY TASK ewma=997
DMA IRQ c0=1
DMA IRQ c1=0
DMA IRQ c2=0
DMA IRQ c3=0
SELECT busy=4308
SELECT w0=4233
SELECT w1=4234
SELECT w2=4234
BUSY TASK ewma=997
DMA IRQ c0=1
DMA IRQ c1=0
DMA IRQ c2=0
DMA IRQ c3=0
SELECT busy=4317
SELECT w0=4241
SELECT w1=4242
SELECT w2=4242
BUSY TASK ewma=997
DMA IRQ c0=1
DMA IRQ c1=0
DMA IRQ c2=0
DMA IRQ c3=0
SELECT busy=4325
SELECT w0=4249
SELECT w1=4250
SELECT w2=4250
BUSY TASK ewma=997
DMA IRQ c0=1
DMA IRQ c1=0
DMA IRQ c2=0
DMA IRQ c3=0
SELECT busy=4334
SELECT w0=4258
SELECT w1=4259
SELECT w2=4259
BUSY TASK ewma=997
DMA IRQ c0=1
DMA IRQ c1=0
DMA IRQ c2=0
DMA IRQ c3=0
SELECT busy=4342
SELECT w0=4266
SELECT w1=4267
SELECT w2=4268
BUSY TASK ewma=997
DMA IRQ c0=1
DMA IRQ c1=0
DMA IRQ c2=0
DMA IRQ c3=0
SELECT busy=4351
SELECT w0=4275
SELECT w1=4276
SELECT w2=4276
BUSY TASK ewma=997
DMA IRQ c0=1
DMA IRQ c1=0
DMA IRQ c2=0
DMA IRQ c3=0
SELECT busy=4360
SELECT w0=4284
SELECT w1=4285
SELECT w2=4285
BUSY TASK ewma=997
DMA IRQ c0=1
DMA IRQ c1=0
DMA IRQ c2=0
DMA IRQ c3=0
SELECT busy=4368
SELECT w0=4292
SELECT w1=4293
SELECT w2=4293
BUSY TASK ewma=997
DMA IRQ c0=1
DMA IRQ c1=0
DMA IRQ c2=0
DMA IRQ c3=0
SELECT busy=4376
SELECT w0=4300
SELECT w1=4301
SELECT w2=4301
BUSY TASK ewma=997
DMA IRQ c0=1
DMA IRQ c1=0
DMA IRQ c2=0
DMA IRQ c3=0
SELECT busy=4384
SELECT w0=4308
SELECT w1=4309
SELECT w2=4310
BUSY TASK ewma=997
DMA IRQ c0=1
DMA IRQ c1=0
DMA IRQ c2=0
DMA IRQ c3=0
SELECT busy=4393
SELECT w0=4317
SELECT w1=4318
SELECT w2=4318
BUSY TASK ewma=997
DMA IRQ c0=1
DMA IRQ c1=0
DMA IRQ c2=0
DMA IRQ c3=0
SELECT busy=4401
SELECT w0=4325
SELECT w1=4326
SELECT w2=4327
BUSY TASK ewma=997
DMA IRQ c0=1
DMA IRQ c1=0
DMA IRQ c2=0
DMA IRQ c3=0
SELECT busy=4410
SELECT w0=4334
SELECT w1=4336
SELECT w2=4336
BUSY TASK ewma=997
DMA IRQ c0=1
DMA IRQ c1=0
DMA IRQ c2=0
DMA IRQ c3=0
SELECT busy=4420
SELECT w0=4344
SELECT w1=4345
SELECT w2=4345
BUSY TASK ewma=997
DMA IRQ c0=1
DMA IRQ c1=0
DMA IRQ c2=0
DMA IRQ c3=0
SELECT busy=4428
SELECT w0=4352
SELECT w1=4353
SELECT w2=4354
BUSY TASK ewma=997
DMA IRQ c0=1
DMA IRQ c1=0
DMA IRQ c2=0
DMA IRQ c3=0
SELECT busy=4437
SELECT w0=4361
SELECT w1=4362
SELECT w2=4362
BUSY TASK ewma=997
DMA IRQ c0=1
DMA IRQ c1=0
DMA IRQ c2=0
DMA IRQ c3=0
SELECT busy=4446
SELECT w0=4370
SELECT w1=4371
SELECT w2=4371
BUSY TASK ewma=997
DMA IRQ c0=1
DMA IRQ c1=0
DMA IRQ c2=0
DMA IRQ c3=0
SELECT busy=4454
SELECT w0=4378
SELECT w1=4380
SELECT w2=4380
BUSY TASK ewma=997
DMA IRQ c0=1
DMA IRQ c1=0
DMA IRQ c2=0
DMA IRQ c3=0
SELECT busy=4463
SELECT w0=4387
SELECT w1=4388
SELECT w2=4388
BUSY TASK ewma=997
DMA IRQ c0=1
DMA IRQ c1=0
DMA IRQ c2=0
DMA IRQ c3=0
SELECT busy=4471
SELECT w0=4395
SELECT w1=4396
SELECT w2=4396
BUSY TASK ewma=997
DMA IRQ c0=1
DMA IRQ c1=0
DMA IRQ c2=0
DMA IRQ c3=0
SELECT busy=4479
SELECT w0=4403
SELECT w1=4404
SELECT w2=4404
BUSY TASK ewma=997
IRQ counts: cpu0=17718 cpu1=0 cpu2=0 cpu3=0
SCHED secondaries: calls=0 unexpected=0
SECTEST switches=0 cpu1=0,0 cpu2=0,0 cpu3=0,0
PINGPONG rounds=0 pongs=0
DMA IRQ c0=1
DMA IRQ c1=0
DMA IRQ c2=0
DMA IRQ c3=0
SELECT busy=4488
SELECT w0=4412
SELECT w1=4413
SELECT w2=4413
BUSY TASK ewma=997
DMA IRQ c0=1
DMA IRQ c1=0
DMA IRQ c2=0
DMA IRQ c3=0
SELECT busy=4496
SELECT w0=4420
SELECT w1=4422
SELECT w2=4422
BUSY TASK ewma=997
DMA IRQ c0=1
DMA IRQ c1=0
DMA IRQ c2=0
DMA IRQ c3=0
SELECT busy=4504
SELECT w0=4429
SELECT w1=4430
SELECT w2=4430
BUSY TASK ewma=997
DMA IRQ c0=1
DMA IRQ c1=0
DMA IRQ c2=0
DMA IRQ c3=0
SELECT busy=4513
SELECT w0=4437
SELECT w1=4438
SELECT w2=4438
BUSY TASK ewma=997
DMA IRQ c0=1
DMA IRQ c1=0
DMA IRQ c2=0
DMA IRQ c3=0
SELECT busy=4521
SELECT w0=4445
SELECT w1=4446
SELECT w2=4446
BUSY TASK ewma=997
DMA IRQ c0=1
DMA IRQ c1=0
DMA IRQ c2=0
DMA IRQ c3=0
SELECT busy=4530
SELECT w0=4454
SELECT w1=4455
SELECT w2=4455
BUSY TASK ewma=997
DMA IRQ c0=1
DMA IRQ c1=0
DMA IRQ c2=0
DMA IRQ c3=0
SELECT busy=4538
SELECT w0=4462
SELECT w1=4463
SELECT w2=4463
BUSY TASK ewma=997
DMA IRQ c0=1
DMA IRQ c1=0
DMA IRQ c2=0
DMA IRQ c3=0
SELECT busy=4547
SELECT w0=4471
SELECT w1=4472
SELECT w2=4472
BUSY TASK ewma=997
DMA IRQ c0=1
DMA IRQ c1=0
DMA IRQ c2=0
DMA IRQ c3=0
SELECT busy=4555
SELECT w0=4479
SELECT w1=4480
SELECT w2=4480
BUSY TASK ewma=997
DMA IRQ c0=1
DMA IRQ c1=0
DMA IRQ c2=0
DMA IRQ c3=0
SELECT busy=4563
SELECT w0=4487
SELECT w1=4488
SELECT w2=4488
BUSY TASK ewma=997
DMA IRQ c0=1
DMA IRQ c1=0
DMA IRQ c2=0
DMA IRQ c3=0
SELECT busy=4571
SELECT w0=4496
SELECT w1=4497
SELECT w2=4497
BUSY TASK ewma=997
DMA IRQ c0=1
DMA IRQ c1=0
DMA IRQ c2=0
DMA IRQ c3=0
SELECT busy=4580
SELECT w0=4504
SELECT w1=4505
SELECT w2=4505
BUSY TASK ewma=997
DMA IRQ c0=1
DMA IRQ c1=0
DMA IRQ c2=0
DMA IRQ c3=0
SELECT busy=4588
SELECT w0=4512
SELECT w1=4513
SELECT w2=4513
BUSY TASK ewma=997
DMA IRQ c0=1
DMA IRQ c1=0
DMA IRQ c2=0
DMA IRQ c3=0
SELECT busy=4596
SELECT w0=4521
SELECT w1=4522
SELECT w2=4522
BUSY TASK ewma=997
DMA IRQ c0=1
DMA IRQ c1=0
DMA IRQ c2=0
DMA IRQ c3=0
SELECT busy=4605
SELECT w0=4529
SELECT w1=4530
SELECT w2=4530
BUSY TASK ewma=997
DMA IRQ c0=1
DMA IRQ c1=0
DMA IRQ c2=0
DMA IRQ c3=0
SELECT busy=4613
SELECT w0=4537
SELECT w1=4538
SELECT w2=4539
BUSY TASK ewma=997
DMA IRQ c0=1
DMA IRQ c1=0
DMA IRQ c2=0
DMA IRQ c3=0
SELECT busy=4622
SELECT w0=4546
SELECT w1=4547
SELECT w2=4547
BUSY TASK ewma=997
DMA IRQ c0=1
DMA IRQ c1=0
DMA IRQ c2=0
DMA IRQ c3=0
SELECT busy=4630
SELECT w0=4554
SELECT w1=4555
SELECT w2=4556
BUSY TASK ewma=997
DMA IRQ c0=1
DMA IRQ c1=0
DMA IRQ c2=0
DMA IRQ c3=0
SELECT busy=4639
SELECT w0=4563
SELECT w1=4564
SELECT w2=4564
BUSY TASK ewma=997
DMA IRQ c0=1
DMA IRQ c1=0
DMA IRQ c2=0
DMA IRQ c3=0
SELECT busy=4648
SELECT w0=4572
SELECT w1=4573
SELECT w2=4573
BUSY TASK ewma=997
DMA IRQ c0=1
DMA IRQ c1=0
DMA IRQ c2=0
DMA IRQ c3=0
SELECT busy=4656
SELECT w0=4580
SELECT w1=4581
SELECT w2=4581
BUSY TASK ewma=997
DMA IRQ c0=1
DMA IRQ c1=0
DMA IRQ c2=0
DMA IRQ c3=0
SELECT busy=4665
SELECT w0=4589
SELECT w1=4590
SELECT w2=4590
BUSY TASK ewma=997
DMA IRQ c0=1
DMA IRQ c1=0
DMA IRQ c2=0
DMA IRQ c3=0
SELECT busy=4674
SELECT w0=4598
SELECT w1=4599
SELECT w2=4599
BUSY TASK ewma=997
DMA IRQ c0=1
DMA IRQ c1=0
DMA IRQ c2=0
DMA IRQ c3=0
SELECT busy=4683
SELECT w0=4607
SELECT w1=4608
SELECT w2=4608
BUSY TASK ewma=997
DMA IRQ c0=1
DMA IRQ c1=0
DMA IRQ c2=0
DMA IRQ c3=0
SELECT busy=4691
SELECT w0=4615
SELECT w1=4616
SELECT w2=4616
BUSY TASK ewma=997
DMA IRQ c0=1
DMA IRQ c1=0
DMA IRQ c2=0
DMA IRQ c3=0
SELECT busy=4700
SELECT w0=4624
SELECT w1=4625
SELECT w2=4625
BUSY TASK ewma=997
DMA IRQ c0=1
DMA IRQ c1=0
DMA IRQ c2=0
DMA IRQ c3=0
SELECT busy=4709
SELECT w0=4633
SELECT w1=4634
SELECT w2=4634
BUSY TASK ewma=997
DMA IRQ c0=1
DMA IRQ c1=0
DMA IRQ c2=0
DMA IRQ c3=0
SELECT busy=4717
SELECT w0=4641
SELECT w1=4642
SELECT w2=4642
BUSY TASK ewma=997
DMA IRQ c0=1
DMA IRQ c1=0
DMA IRQ c2=0
DMA IRQ c3=0
SELECT busy=4726
SELECT w0=4650
SELECT w1=4651
SELECT w2=4651
BUSY TASK ewma=997
DMA IRQ c0=1
DMA IRQ c1=0
DMA IRQ c2=0
DMA IRQ c3=0
SELECT busy=4734
SELECT w0=4658
SELECT w1=4659
SELECT w2=4659
BUSY TASK ewma=997
DMA IRQ c0=1
DMA IRQ c1=0
DMA IRQ c2=0
DMA IRQ c3=0
SELECT busy=4742
SELECT w0=4666
SELECT w1=4667
SELECT w2=4667
BUSY TASK ewma=997
DMA IRQ c0=1
DMA IRQ c1=0
DMA IRQ c2=0
DMA IRQ c3=0
SELECT busy=4751
SELECT w0=4675
SELECT w1=4676
SELECT w2=4676
BUSY TASK ewma=997
DMA IRQ c0=1
DMA IRQ c1=0
DMA IRQ c2=0
DMA IRQ c3=0
SELECT busy=4759
SELECT w0=4683
SELECT w1=4684
SELECT w2=4684
BUSY TASK ewma=997
DMA IRQ c0=1
DMA IRQ c1=0
DMA IRQ c2=0
DMA IRQ c3=0
SELECT busy=4767
SELECT w0=4691
SELECT w1=4692
SELECT w2=4693
BUSY TASK ewma=997
DMA IRQ c0=1
DMA IRQ c1=0
DMA IRQ c2=0
DMA IRQ c3=0
SELECT busy=4776
SELECT w0=4700
SELECT w1=4701
SELECT w2=4701
BUSY TASK ewma=997
DMA IRQ c0=1
DMA IRQ c1=0
DMA IRQ c2=0
DMA IRQ c3=0
SELECT busy=4784
SELECT w0=4708
SELECT w1=4709
SELECT w2=4709
BUSY TASK ewma=997
DMA IRQ c0=1
DMA IRQ c1=0
DMA IRQ c2=0
DMA IRQ c3=0
SELECT busy=4792
SELECT w0=4716
SELECT w1=4718
SELECT w2=4718
BUSY TASK ewma=997
DMA IRQ c0=1
DMA IRQ c1=0
DMA IRQ c2=0
DMA IRQ c3=0
SELECT busy=4801
SELECT w0=4725
SELECT w1=4726
SELECT w2=4726
BUSY TASK ewma=997
DMA IRQ c0=1
DMA IRQ c1=0
DMA IRQ c2=0
DMA IRQ c3=0
SELECT busy=4809
SELECT w0=4733
SELECT w1=4734
SELECT w2=4734
BUSY TASK ewma=997
DMA IRQ c0=1
DMA IRQ c1=0
DMA IRQ c2=0
DMA IRQ c3=0
SELECT busy=4818
SELECT w0=4742
SELECT w1=4743
SELECT w2=4743
BUSY TASK ewma=997
DMA IRQ c0=1
DMA IRQ c1=0
DMA IRQ c2=0
DMA IRQ c3=0
SELECT busy=4826
SELECT w0=4750
SELECT w1=4751
SELECT w2=4751
BUSY TASK ewma=997
DMA IRQ c0=1
DMA IRQ c1=0
DMA IRQ c2=0
DMA IRQ c3=0
SELECT busy=4834
SELECT w0=4759
SELECT w1=4760
SELECT w2=4760
BUSY TASK ewma=997
DMA IRQ c0=1
DMA IRQ c1=0
DMA IRQ c2=0
DMA IRQ c3=0
SELECT busy=4843
SELECT w0=4767
SELECT w1=4768
SELECT w2=4768
BUSY TASK ewma=997
DMA IRQ c0=1
DMA IRQ c1=0
DMA IRQ c2=0
DMA IRQ c3=0
SELECT busy=4852
SELECT w0=4776
SELECT w1=4777
SELECT w2=4777
BUSY TASK ewma=997
DMA IRQ c0=1
DMA IRQ c1=0
DMA IRQ c2=0
DMA IRQ c3=0
SELECT busy=4861
SELECT w0=4785
SELECT w1=4786
SELECT w2=4786
BUSY TASK ewma=997
DMA IRQ c0=1
DMA IRQ c1=0
DMA IRQ c2=0
DMA IRQ c3=0
SELECT busy=4869
SELECT w0=4793
SELECT w1=4794
SELECT w2=4794
BUSY TASK ewma=997
DMA IRQ c0=1
DMA IRQ c1=0
DMA IRQ c2=0
DMA IRQ c3=0
SELECT busy=4878
SELECT w0=4802
SELECT w1=4803
SELECT w2=4803
BUSY TASK ewma=997
DMA IRQ c0=1
DMA IRQ c1=0
DMA IRQ c2=0
DMA IRQ c3=0
SELECT busy=4887
SELECT w0=4811
SELECT w1=4812
SELECT w2=4812
BUSY TASK ewma=997
DMA IRQ c0=1
DMA IRQ c1=0
DMA IRQ c2=0
DMA IRQ c3=0
SELECT busy=4895
SELECT w0=4819
SELECT w1=4820
SELECT w2=4820
BUSY TASK ewma=997
DMA IRQ c0=1
DMA IRQ c1=0
DMA IRQ c2=0
DMA IRQ c3=0
SELECT busy=4904
SELECT w0=4828
SELECT w1=4829
SELECT w2=4829
BUSY TASK ewma=997
DMA IRQ c0=1
DMA IRQ c1=0
DMA IRQ c2=0
DMA IRQ c3=0
SELECT busy=4912
SELECT w0=4836
SELECT w1=4838
SELECT w2=4838
BUSY TASK ewma=997
DMA IRQ c0=1
DMA IRQ c1=0
DMA IRQ c2=0
DMA IRQ c3=0
SELECT busy=4921
SELECT w0=4845
SELECT w1=4846
SELECT w2=4846
BUSY TASK ewma=997
DMA IRQ c0=1
DMA IRQ c1=0
DMA IRQ c2=0
DMA IRQ c3=0
SELECT busy=4930
SELECT w0=4854
SELECT w1=4855
SELECT w2=4855
BUSY TASK ewma=997
DMA IRQ c0=1
DMA IRQ c1=0
DMA IRQ c2=0
DMA IRQ c3=0
SELECT busy=4938
SELECT w0=4862
SELECT w1=4863
SELECT w2=4863
BUSY TASK ewma=997
DMA IRQ c0=1
DMA IRQ c1=0
DMA IRQ c2=0
DMA IRQ c3=0
SELECT busy=4946
SELECT w0=4870
SELECT w1=4871
SELECT w2=4871
BUSY TASK ewma=997
DMA IRQ c0=1
DMA IRQ c1=0
DMA IRQ c2=0
DMA IRQ c3=0
SELECT busy=4954
SELECT w0=4878
SELECT w1=4879
SELECT w2=4880
BUSY TASK ewma=997
DMA IRQ c0=1
DMA IRQ c1=0
DMA IRQ c2=0
DMA IRQ c3=0
SELECT busy=4963
SELECT w0=4887
SELECT w1=4888
SELECT w2=4888
BUSY TASK ewma=997
DMA IRQ c0=1
DMA IRQ c1=0
DMA IRQ c2=0
DMA IRQ c3=0
SELECT busy=4971
SELECT w0=4895
SELECT w1=4896
SELECT w2=4896
BUSY TASK ewma=997
DMA IRQ c0=1
DMA IRQ c1=0
DMA IRQ c2=0
DMA IRQ c3=0
SELECT busy=4979
SELECT w0=4903
SELECT w1=4904
SELECT w2=4904
BUSY TASK ewma=997
DMA IRQ c0=1
DMA IRQ c1=0
DMA IRQ c2=0
DMA IRQ c3=0
SELECT busy=4988
SELECT w0=4912
SELECT w1=4913
SELECT w2=4913
BUSY TASK ewma=997
DMA IRQ c0=1
DMA IRQ c1=0
DMA IRQ c2=0
DMA IRQ c3=0
SELECT busy=4996
SELECT w0=4920
SELECT w1=4921
SELECT w2=4921
BUSY TASK ewma=997
DMA IRQ c0=1
DMA IRQ c1=0
DMA IRQ c2=0
DMA IRQ c3=0
SELECT busy=5004
SELECT w0=4928
SELECT w1=4929
SELECT w2=4929
BUSY TASK ewma=997
DMA IRQ c0=1
DMA IRQ c1=0
DMA IRQ c2=0
DMA IRQ c3=0
SELECT busy=5013
SELECT w0=4937
SELECT w1=4938
SELECT w2=4938
BUSY TASK ewma=997
DMA IRQ c0=1
DMA IRQ c1=0
DMA IRQ c2=0
DMA IRQ c3=0
SELECT busy=5021
SELECT w0=4945
SELECT w1=4946
SELECT w2=4946
BUSY TASK ewma=997
IRQ counts: cpu0=19886 cpu1=0 cpu2=0 cpu3=0
SCHED secondaries: calls=0 unexpected=0
SECTEST switches=0 cpu1=0,0 cpu2=0,0 cpu3=0,0
PINGPONG rounds=0 pongs=0
DMA IRQ c0=1
DMA IRQ c1=0
DMA IRQ c2=0
DMA IRQ c3=0
SELECT busy=5030
SELECT w0=4954
SELECT w1=4955
SELECT w2=4955
BUSY TASK ewma=997
DMA IRQ c0=1
DMA IRQ c1=0
DMA IRQ c2=0
DMA IRQ c3=0
SELECT busy=5039
SELECT w0=4963
SELECT w1=4964
SELECT w2=4964
BUSY TASK ewma=997
DMA IRQ c0=1
DMA IRQ c1=0
DMA IRQ c2=0
DMA IRQ c3=0
SELECT busy=5047
SELECT w0=4971
SELECT w1=4972
SELECT w2=4972
BUSY TASK ewma=997
DMA IRQ c0=1
DMA IRQ c1=0
DMA IRQ c2=0
DMA IRQ c3=0
SELECT busy=5056
SELECT w0=4980
SELECT w1=4981
SELECT w2=4981
BUSY TASK ewma=997
DMA IRQ c0=1
DMA IRQ c1=0
DMA IRQ c2=0
DMA IRQ c3=0
SELECT busy=5065
SELECT w0=4989
SELECT w1=4990
SELECT w2=4990
BUSY TASK ewma=997
DMA IRQ c0=1
DMA IRQ c1=0
DMA IRQ c2=0
DMA IRQ c3=0
SELECT busy=5073
SELECT w0=4997
SELECT w1=4998
SELECT w2=4998
BUSY TASK ewma=997
DMA IRQ c0=1
DMA IRQ c1=0
DMA IRQ c2=0
DMA IRQ c3=0
SELECT busy=5082
SELECT w0=5006
SELECT w1=5007
SELECT w2=5007
BUSY TASK ewma=997
DMA IRQ c0=1
DMA IRQ c1=0
DMA IRQ c2=0
DMA IRQ c3=0
SELECT busy=5091
SELECT w0=5015
SELECT w1=5016
SELECT w2=5016
BUSY TASK ewma=997
DMA IRQ c0=1
DMA IRQ c1=0
DMA IRQ c2=0
DMA IRQ c3=0
SELECT busy=5099
SELECT w0=5023
SELECT w1=5024
SELECT w2=5024
BUSY TASK ewma=997
DMA IRQ c0=1
DMA IRQ c1=0
DMA IRQ c2=0
DMA IRQ c3=0
SELECT busy=5108
SELECT w0=5032
SELECT w1=5033
SELECT w2=5033
BUSY TASK ewma=997
DMA IRQ c0=1
DMA IRQ c1=0
DMA IRQ c2=0
DMA IRQ c3=0
SELECT busy=5116
SELECT w0=5040
SELECT w1=5042
SELECT w2=5042
BUSY TASK ewma=997
DMA IRQ c0=1
DMA IRQ c1=0
DMA IRQ c2=0
DMA IRQ c3=0
SELECT busy=5125
SELECT w0=5049
SELECT w1=5050
SELECT w2=5050
BUSY TASK ewma=997
DMA IRQ c0=1
DMA IRQ c1=0
DMA IRQ c2=0
DMA IRQ c3=0
SELECT busy=5134
SELECT w0=5058
SELECT w1=5059
SELECT w2=5059
BUSY TASK ewma=997
DMA IRQ c0=1
DMA IRQ c1=0
DMA IRQ c2=0
DMA IRQ c3=0
SELECT busy=5142
SELECT w0=5066
SELECT w1=5067
SELECT w2=5067
BUSY TASK ewma=997
DMA IRQ c0=1
DMA IRQ c1=0
DMA IRQ c2=0
DMA IRQ c3=0
SELECT busy=5150
SELECT w0=5074
SELECT w1=5075
SELECT w2=5075
BUSY TASK ewma=997
DMA IRQ c0=1
DMA IRQ c1=0
DMA IRQ c2=0
DMA IRQ c3=0
SELECT busy=5158
SELECT w0=5082
SELECT w1=5083
SELECT w2=5083
BUSY TASK ewma=997
DMA IRQ c0=1
DMA IRQ c1=0
DMA IRQ c2=0
DMA IRQ c3=0
SELECT busy=5166
SELECT w0=5091
SELECT w1=5092
SELECT w2=5092
BUSY TASK ewma=997
DMA IRQ c0=1
DMA IRQ c1=0
DMA IRQ c2=0
DMA IRQ c3=0
SELECT busy=5175
SELECT w0=5099
SELECT w1=5100
SELECT w2=5100
BUSY TASK ewma=997
DMA IRQ c0=1
DMA IRQ c1=0
DMA IRQ c2=0
DMA IRQ c3=0
SELECT busy=5183
SELECT w0=5107
SELECT w1=5108
SELECT w2=5108
BUSY TASK ewma=997
DMA IRQ c0=1
DMA IRQ c1=0
DMA IRQ c2=0
DMA IRQ c3=0
SELECT busy=5191
SELECT w0=5116
SELECT w1=5117
SELECT w2=5117
BUSY TASK ewma=997
DMA IRQ c0=1
DMA IRQ c1=0
DMA IRQ c2=0
DMA IRQ c3=0
SELECT busy=5200
SELECT w0=5124
SELECT w1=5125
SELECT w2=5125
BUSY TASK ewma=997
DMA IRQ c0=1
DMA IRQ c1=0
DMA IRQ c2=0
DMA IRQ c3=0
SELECT busy=5208
SELECT w0=5132
SELECT w1=5133
SELECT w2=5134
BUSY TASK ewma=997
DMA IRQ c0=1
DMA IRQ c1=0
DMA IRQ c2=0
DMA IRQ c3=0
SELECT busy=5216
SELECT w0=5141
SELECT w1=5142
SELECT w2=5142
BUSY TASK ewma=997
DMA IRQ c0=1
DMA IRQ c1=0
DMA IRQ c2=0
DMA IRQ c3=0
SELECT busy=5225
SELECT w0=5149
SELECT w1=5150
SELECT w2=5150
BUSY TASK ewma=997
DMA IRQ c0=1
DMA IRQ c1=0
DMA IRQ c2=0
DMA IRQ c3=0
SELECT busy=5233
SELECT w0=5157
SELECT w1=5158
SELECT w2=5158
BUSY TASK ewma=997
DMA IRQ c0=1
DMA IRQ c1=0
DMA IRQ c2=0
DMA IRQ c3=0
SELECT busy=5241
SELECT w0=5165
SELECT w1=5167
SELECT w2=5167
BUSY TASK ewma=997
DMA IRQ c0=1
DMA IRQ c1=0
DMA IRQ c2=0
DMA IRQ c3=0
SELECT busy=5250
SELECT w0=5174
SELECT w1=5175
SELECT w2=5175
BUSY TASK ewma=997
DMA IRQ c0=1
DMA IRQ c1=0
DMA IRQ c2=0
DMA IRQ c3=0
SELECT busy=5258
SELECT w0=5182
SELECT w1=5183
SELECT w2=5183
BUSY TASK ewma=997
DMA IRQ c0=1
DMA IRQ c1=0
DMA IRQ c2=0
DMA IRQ c3=0
SELECT busy=5267
SELECT w0=5191
SELECT w1=5192
SELECT w2=5192
BUSY TASK ewma=997
DMA IRQ c0=1
DMA IRQ c1=0
DMA IRQ c2=0
DMA IRQ c3=0
SELECT busy=5275
SELECT w0=5199
SELECT w1=5200
SELECT w2=5200
BUSY TASK ewma=997
DMA IRQ c0=1
DMA IRQ c1=0
DMA IRQ c2=0
DMA IRQ c3=0
SELECT busy=5283
SELECT w0=5208
SELECT w1=5209
SELECT w2=5209
BUSY TASK ewma=997
DMA IRQ c0=1
DMA IRQ c1=0
DMA IRQ c2=0
DMA IRQ c3=0
SELECT busy=5292
SELECT w0=5216
SELECT w1=5217
SELECT w2=5217
BUSY TASK ewma=997
DMA IRQ c0=1
DMA IRQ c1=0
DMA IRQ c2=0
DMA IRQ c3=0
SELECT busy=5300
SELECT w0=5224
SELECT w1=5225
SELECT w2=5225
BUSY TASK ewma=997
DMA IRQ c0=1
DMA IRQ c1=0
DMA IRQ c2=0
DMA IRQ c3=0
SELECT busy=5309
SELECT w0=5233
SELECT w1=5234
SELECT w2=5234
BUSY TASK ewma=997
DMA IRQ c0=1
DMA IRQ c1=0
DMA IRQ c2=0
DMA IRQ c3=0
SELECT busy=5317
SELECT w0=5241
SELECT w1=5242
SELECT w2=5242
BUSY TASK ewma=997
DMA IRQ c0=1
DMA IRQ c1=0
DMA IRQ c2=0
DMA IRQ c3=0
SELECT busy=5325
SELECT w0=5249
SELECT w1=5251
SELECT w2=5251
BUSY TASK ewma=997
DMA IRQ c0=1
DMA IRQ c1=0
DMA IRQ c2=0
DMA IRQ c3=0
SELECT busy=5334
SELECT w0=5258
SELECT w1=5259
SELECT w2=5259
BUSY TASK ewma=997
DMA IRQ c0=1
DMA IRQ c1=0
DMA IRQ c2=0
DMA IRQ c3=0
SELECT busy=5342
SELECT w0=5266
SELECT w1=5267
SELECT w2=5267
BUSY TASK ewma=997
DMA IRQ c0=1
DMA IRQ c1=0
DMA IRQ c2=0
DMA IRQ c3=0
SELECT busy=5350
SELECT w0=5274
SELECT w1=5275
SELECT w2=5275
BUSY TASK ewma=997
DMA IRQ c0=1
DMA IRQ c1=0
DMA IRQ c2=0
DMA IRQ c3=0
SELECT busy=5358
SELECT w0=5282
SELECT w1=5283
SELECT w2=5283
BUSY TASK ewma=997
DMA IRQ c0=1
DMA IRQ c1=0
DMA IRQ c2=0
DMA IRQ c3=0
SELECT busy=5366
SELECT w0=5290
SELECT w1=5291
SELECT w2=5292
BUSY TASK ewma=997
DMA IRQ c0=1
DMA IRQ c1=0
DMA IRQ c2=0
DMA IRQ c3=0
SELECT busy=5375
SELECT w0=5299
SELECT w1=5300
SELECT w2=5300
BUSY TASK ewma=997
DMA IRQ c0=1
DMA IRQ c1=0
DMA IRQ c2=0
DMA IRQ c3=0
SELECT busy=5383
SELECT w0=5307
SELECT w1=5308
SELECT w2=5308
BUSY TASK ewma=997
DMA IRQ c0=1
DMA IRQ c1=0
DMA IRQ c2=0
DMA IRQ c3=0
SELECT busy=5391
SELECT w0=5316
SELECT w1=5317
SELECT w2=5317
BUSY TASK ewma=997
DMA IRQ c0=1
DMA IRQ c1=0
DMA IRQ c2=0
DMA IRQ c3=0
SELECT busy=5400
SELECT w0=5324
SELECT w1=5325
SELECT w2=5325
BUSY TASK ewma=997
DMA IRQ c0=1
DMA IRQ c1=0
DMA IRQ c2=0
DMA IRQ c3=0
SELECT busy=5408
SELECT w0=5332
SELECT w1=5333
SELECT w2=5333
BUSY TASK ewma=997
DMA IRQ c0=1
DMA IRQ c1=0
DMA IRQ c2=0
DMA IRQ c3=0
SELECT busy=5416
SELECT w0=5340
SELECT w1=5341
SELECT w2=5341
BUSY TASK ewma=997
DMA IRQ c0=1
DMA IRQ c1=0
DMA IRQ c2=0
DMA IRQ c3=0
SELECT busy=5425
SELECT w0=5349
SELECT w1=5350
SELECT w2=5350
BUSY TASK ewma=997
DMA IRQ c0=1
DMA IRQ c1=0
DMA IRQ c2=0
DMA IRQ c3=0
SELECT busy=5433
SELECT w0=5357
SELECT w1=5358
SELECT w2=5358
BUSY TASK ewma=997
DMA IRQ c0=1
DMA IRQ c1=0
DMA IRQ c2=0
DMA IRQ c3=0
SELECT busy=5442
SELECT w0=5366
SELECT w1=5367
SELECT w2=5367
BUSY TASK ewma=997
DMA IRQ c0=1
DMA IRQ c1=0
DMA IRQ c2=0
DMA IRQ c3=0
SELECT busy=5451
SELECT w0=5375
SELECT w1=5376
SELECT w2=5376
BUSY TASK ewma=997
DMA IRQ c0=1
DMA IRQ c1=0
DMA IRQ c2=0
DMA IRQ c3=0
SELECT busy=5459
SELECT w0=5383
SELECT w1=5384
SELECT w2=5384
BUSY TASK ewma=997
DMA IRQ c0=1
DMA IRQ c1=0
DMA IRQ c2=0
DMA IRQ c3=0
SELECT busy=5468
SELECT w0=5392
SELECT w1=5393
SELECT w2=5393
BUSY TASK ewma=997
DMA IRQ c0=1
DMA IRQ c1=0
DMA IRQ c2=0
DMA IRQ c3=0
SELECT busy=5477
SELECT w0=5401
SELECT w1=5402
SELECT w2=5402
BUSY TASK ewma=997
DMA IRQ c0=1
DMA IRQ c1=0
DMA IRQ c2=0
DMA IRQ c3=0
SELECT busy=5487
SELECT w0=5411
SELECT w1=5412
SELECT w2=5412
BUSY TASK ewma=997
DMA IRQ c0=1
DMA IRQ c1=0
DMA IRQ c2=0
DMA IRQ c3=0
SELECT busy=5496
SELECT w0=5420
SELECT w1=5421
SELECT w2=5421
BUSY TASK ewma=997
DMA IRQ c0=1
DMA IRQ c1=0
DMA IRQ c2=0
DMA IRQ c3=0
SELECT busy=5504
SELECT w0=5428
SELECT w1=5429
SELECT w2=5429
BUSY TASK ewma=997
DMA IRQ c0=1
DMA IRQ c1=0
DMA IRQ c2=0
DMA IRQ c3=0
SELECT busy=5512
SELECT w0=5437
SELECT w1=5438
SELECT w2=5438
BUSY TASK ewma=997
DMA IRQ c0=1
DMA IRQ c1=0
DMA IRQ c2=0
DMA IRQ c3=0
SELECT busy=5521
SELECT w0=5445
SELECT w1=5446
SELECT w2=5446
BUSY TASK ewma=997
DMA IRQ c0=1
DMA IRQ c1=0
DMA IRQ c2=0
DMA IRQ c3=0
SELECT busy=5529
SELECT w0=5453
SELECT w1=5454
SELECT w2=5455
BUSY TASK ewma=997
DMA IRQ c0=1
DMA IRQ c1=0
DMA IRQ c2=0
DMA IRQ c3=0
SELECT busy=5538
SELECT w0=5462
SELECT w1=5463
SELECT w2=5463
BUSY TASK ewma=997
DMA IRQ c0=1
DMA IRQ c1=0
DMA IRQ c2=0
DMA IRQ c3=0
SELECT busy=5546
SELECT w0=5470
SELECT w1=5472
SELECT w2=5472
BUSY TASK ewma=997
DMA IRQ c0=1
DMA IRQ c1=0
DMA IRQ c2=0
DMA IRQ c3=0
SELECT busy=5555
SELECT w0=5479
SELECT w1=5480
SELECT w2=5480
BUSY TASK ewma=997
DMA IRQ c0=1
DMA IRQ c1=0
DMA IRQ c2=0
DMA IRQ c3=0
SELECT busy=5563
SELECT w0=5487
SELECT w1=5488
SELECT w2=5488
BUSY TASK ewma=997
IRQ counts: cpu0=22054 cpu1=0 cpu2=0 cpu3=0
SCHED secondaries: calls=0 unexpected=0
SECTEST switches=0 cpu1=0,0 cpu2=0,0 cpu3=0,0
PINGPONG rounds=0 pongs=0
DMA IRQ c0=1
DMA IRQ c1=0
DMA IRQ c2=0
DMA IRQ c3=0
SELECT busy=5572
SELECT w0=5496
SELECT w1=5497
SELECT w2=5497
BUSY TASK ewma=997
DMA IRQ c0=1
DMA IRQ c1=0
DMA IRQ c2=0
DMA IRQ c3=0
SELECT busy=5580
SELECT w0=5505
SELECT w1=5506
SELECT w2=5506
BUSY TASK ewma=997
DMA IRQ c0=1
DMA IRQ c1=0
DMA IRQ c2=0
DMA IRQ c3=0
SELECT busy=5589
SELECT w0=5513
SELECT w1=5514
SELECT w2=5514
BUSY TASK ewma=997
DMA IRQ c0=1
DMA IRQ c1=0
DMA IRQ c2=0
DMA IRQ c3=0
SELECT busy=5597
SELECT w0=5521
SELECT w1=5522
SELECT w2=5523
BUSY TASK ewma=997
DMA IRQ c0=1
DMA IRQ c1=0
DMA IRQ c2=0
DMA IRQ c3=0
SELECT busy=5605
SELECT w0=5529
SELECT w1=5530
SELECT w2=5531
BUSY TASK ewma=997
DMA IRQ c0=1
DMA IRQ c1=0
DMA IRQ c2=0
DMA IRQ c3=0
SELECT busy=5614
SELECT w0=5538
SELECT w1=5539
SELECT w2=5539
BUSY TASK ewma=997
DMA IRQ c0=1
DMA IRQ c1=0
DMA IRQ c2=0
DMA IRQ c3=0
SELECT busy=5622
SELECT w0=5546
SELECT w1=5547
SELECT w2=5547
BUSY TASK ewma=997
DMA IRQ c0=1
DMA IRQ c1=0
DMA IRQ c2=0
DMA IRQ c3=0
SELECT busy=5630
SELECT w0=5554
SELECT w1=5555
SELECT w2=5555
BUSY TASK ewma=997
DMA IRQ c0=1
DMA IRQ c1=0
DMA IRQ c2=0
DMA IRQ c3=0
SELECT busy=5639
SELECT w0=5563
SELECT w1=5564
SELECT w2=5564
BUSY TASK ewma=997
DMA IRQ c0=1
DMA IRQ c1=0
DMA IRQ c2=0
DMA IRQ c3=0
SELECT busy=5646
SELECT w0=5571
SELECT w1=5572
SELECT w2=5572
BUSY TASK ewma=997
DMA IRQ c0=1
DMA IRQ c1=0
DMA IRQ c2=0
DMA IRQ c3=0
SELECT busy=5655
SELECT w0=5579
SELECT w1=5580
SELECT w2=5580
BUSY TASK ewma=997
DMA IRQ c0=1
DMA IRQ c1=0
DMA IRQ c2=0
DMA IRQ c3=0
SELECT busy=5663
SELECT w0=5587
SELECT w1=5588
SELECT w2=5589
BUSY TASK ewma=997
DMA IRQ c0=1
DMA IRQ c1=0
DMA IRQ c2=0
DMA IRQ c3=0
SELECT busy=5672
SELECT w0=5596
SELECT w1=5597
SELECT w2=5597
BUSY TASK ewma=997
DMA IRQ c0=1
DMA IRQ c1=0
DMA IRQ c2=0
DMA IRQ c3=0
SELECT busy=5681
SELECT w0=5605
SELECT w1=5606
SELECT w2=5606
BUSY TASK ewma=997
DMA IRQ c0=1
DMA IRQ c1=0
DMA IRQ c2=0
DMA IRQ c3=0
SELECT busy=5689
SELECT w0=5613
SELECT w1=5614
SELECT w2=5614
BUSY TASK ewma=997
DMA IRQ c0=1
DMA IRQ c1=0
DMA IRQ c2=0
DMA IRQ c3=0
SELECT busy=5698
SELECT w0=5622
SELECT w1=5623
SELECT w2=5623
BUSY TASK ewma=997
DMA IRQ c0=1
DMA IRQ c1=0
DMA IRQ c2=0
DMA IRQ c3=0
SELECT busy=5706
SELECT w0=5631
SELECT w1=5632
SELECT w2=5632
BUSY TASK ewma=997
DMA IRQ c0=1
DMA IRQ c1=0
DMA IRQ c2=0
DMA IRQ c3=0
SELECT busy=5715
SELECT w0=5639
SELECT w1=5640
SELECT w2=5640
BUSY TASK ewma=997
DMA IRQ c0=1
DMA IRQ c1=0
DMA IRQ c2=0
DMA IRQ c3=0
SELECT busy=5723
SELECT w0=5647
SELECT w1=5649
SELECT w2=5649
BUSY TASK ewma=997
DMA IRQ c0=1
DMA IRQ c1=0
DMA IRQ c2=0
DMA IRQ c3=0
SELECT busy=5733
SELECT w0=5657
SELECT w1=5658
SELECT w2=5658
BUSY TASK ewma=997
DMA IRQ c0=1
DMA IRQ c1=0
DMA IRQ c2=0
DMA IRQ c3=0
SELECT busy=5742
SELECT w0=5666
SELECT w1=5667
SELECT w2=5667
BUSY TASK ewma=997
DMA IRQ c0=1
DMA IRQ c1=0
DMA IRQ c2=0
DMA IRQ c3=0
SELECT busy=5750
SELECT w0=5674
SELECT w1=5675
SELECT w2=5675
BUSY TASK ewma=997
DMA IRQ c0=1
DMA IRQ c1=0
DMA IRQ c2=0
DMA IRQ c3=0
SELECT busy=5758
SELECT w0=5682
SELECT w1=5683
SELECT w2=5684
BUSY TASK ewma=997
DMA IRQ c0=1
DMA IRQ c1=0
DMA IRQ c2=0
DMA IRQ c3=0
SELECT busy=5767
SELECT w0=5691
SELECT w1=5692
SELECT w2=5692
BUSY TASK ewma=997
DMA IRQ c0=1
DMA IRQ c1=0
DMA IRQ c2=0
DMA IRQ c3=0
SELECT busy=5776
SELECT w0=5700
SELECT w1=5701
SELECT w2=5701
BUSY TASK ewma=997
DMA IRQ c0=1
DMA IRQ c1=0
DMA IRQ c2=0
DMA IRQ c3=0
SELECT busy=5786
SELECT w0=5710
SELECT w1=5711
SELECT w2=5711
BUSY TASK ewma=997
DMA IRQ c0=1
DMA IRQ c1=0
DMA IRQ c2=0
DMA IRQ c3=0
SELECT busy=5795
SELECT w0=5719
SELECT w1=5720
SELECT w2=5720
BUSY TASK ewma=997
DMA IRQ c0=1
DMA IRQ c1=0
DMA IRQ c2=0
DMA IRQ c3=0
SELECT busy=5804
SELECT w0=5728
SELECT w1=5729
SELECT w2=5729
BUSY TASK ewma=997
DMA IRQ c0=1
DMA IRQ c1=0
DMA IRQ c2=0
DMA IRQ c3=0
SELECT busy=5812
SELECT w0=5736
SELECT w1=5738
SELECT w2=5738
BUSY TASK ewma=997
DMA IRQ c0=1
DMA IRQ c1=0
DMA IRQ c2=0
DMA IRQ c3=0
SELECT busy=5821
SELECT w0=5745
SELECT w1=5746
SELECT w2=5746
BUSY TASK ewma=997
DMA IRQ c0=1
DMA IRQ c1=0
DMA IRQ c2=0
DMA IRQ c3=0
SELECT busy=5829
SELECT w0=5753
SELECT w1=5754
SELECT w2=5754
BUSY TASK ewma=997
DMA IRQ c0=1
DMA IRQ c1=0
DMA IRQ c2=0
DMA IRQ c3=0
SELECT busy=5837
SELECT w0=5761
SELECT w1=5762
SELECT w2=5762
BUSY TASK ewma=997
DMA IRQ c0=1
DMA IRQ c1=0
DMA IRQ c2=0
DMA IRQ c3=0
SELECT busy=5846
SELECT w0=5770
SELECT w1=5771
SELECT w2=5771
BUSY TASK ewma=997
DMA IRQ c0=1
DMA IRQ c1=0
DMA IRQ c2=0
DMA IRQ c3=0
SELECT busy=5854
SELECT w0=5778
SELECT w1=5779
SELECT w2=5779
BUSY TASK ewma=997
DMA IRQ c0=1
DMA IRQ c1=0
DMA IRQ c2=0
DMA IRQ c3=0
SELECT busy=5863
SELECT w0=5787
SELECT w1=5788
SELECT w2=5788
BUSY TASK ewma=997
DMA IRQ c0=1
DMA IRQ c1=0
DMA IRQ c2=0
DMA IRQ c3=0
SELECT busy=5871
SELECT w0=5795
SELECT w1=5796
SELECT w2=5796
BUSY TASK ewma=997
DMA IRQ c0=1
DMA IRQ c1=0
DMA IRQ c2=0
DMA IRQ c3=0
SELECT busy=5880
SELECT w0=5804
SELECT w1=5805
SELECT w2=5805
BUSY TASK ewma=997
DMA IRQ c0=1
DMA IRQ c1=0
DMA IRQ c2=0
DMA IRQ c3=0
SELECT busy=5888
SELECT w0=5813
SELECT w1=5814
SELECT w2=5814
BUSY TASK ewma=997
DMA IRQ c0=1
DMA IRQ c1=0
DMA IRQ c2=0
DMA IRQ c3=0
SELECT busy=5897
SELECT w0=5821
SELECT w1=5822
SELECT w2=5822
BUSY TASK ewma=997
DMA IRQ c0=1
DMA IRQ c1=0
DMA IRQ c2=0
DMA IRQ c3=0
SELECT busy=5905
SELECT w0=5829
SELECT w1=5830
SELECT w2=5830
BUSY TASK ewma=997
DMA IRQ c0=1
DMA IRQ c1=0
DMA IRQ c2=0
DMA IRQ c3=0
SELECT busy=5913
SELECT w0=5838
SELECT w1=5839
SELECT w2=5839
BUSY TASK ewma=997
DMA IRQ c0=1
DMA IRQ c1=0
DMA IRQ c2=0
DMA IRQ c3=0
SELECT busy=5922
SELECT w0=5846
SELECT w1=5847
SELECT w2=5847
BUSY TASK ewma=997
DMA IRQ c0=1
DMA IRQ c1=0
DMA IRQ c2=0
DMA IRQ c3=0
SELECT busy=5931
SELECT w0=5855
SELECT w1=5856
SELECT w2=5856
BUSY TASK ewma=997
DMA IRQ c0=1
DMA IRQ c1=0
DMA IRQ c2=0
DMA IRQ c3=0
SELECT busy=5939
SELECT w0=5863
SELECT w1=5864
SELECT w2=5864
BUSY TASK ewma=997
DMA IRQ c0=1
DMA IRQ c1=0
DMA IRQ c2=0
DMA IRQ c3=0
SELECT busy=5949
SELECT w0=5873
SELECT w1=5874
SELECT w2=5874
BUSY TASK ewma=997
DMA IRQ c0=1
DMA IRQ c1=0
DMA IRQ c2=0
DMA IRQ c3=0
SELECT busy=5960
SELECT w0=5884
SELECT w1=5885
SELECT w2=5886
BUSY TASK ewma=997
DMA IRQ c0=1
DMA IRQ c1=0
DMA IRQ c2=0
DMA IRQ c3=0
SELECT busy=5970
SELECT w0=5894
SELECT w1=5895
SELECT w2=5895
BUSY TASK ewma=997
DMA IRQ c0=1
DMA IRQ c1=0
DMA IRQ c2=0
DMA IRQ c3=0
SELECT busy=5979
SELECT w0=5903
SELECT w1=5904
SELECT w2=5904
BUSY TASK ewma=997
DMA IRQ c0=1
DMA IRQ c1=0
DMA IRQ c2=0
DMA IRQ c3=0
SELECT busy=5988
SELECT w0=5912
SELECT w1=5913
SELECT w2=5913
BUSY TASK ewma=997
DMA IRQ c0=1
DMA IRQ c1=0
DMA IRQ c2=0
DMA IRQ c3=0
SELECT busy=5999
SELECT w0=5923
SELECT w1=5924
SELECT w2=5924
BUSY TASK ewma=997
DMA IRQ c0=1
DMA IRQ c1=0
DMA IRQ c2=0
DMA IRQ c3=0
SELECT busy=6008
SELECT w0=5932
SELECT w1=5933
SELECT w2=5933
BUSY TASK ewma=997
DMA IRQ c0=1
DMA IRQ c1=0
DMA IRQ c2=0
DMA IRQ c3=0
SELECT busy=6017
SELECT w0=5941
SELECT w1=5943
SELECT w2=5943
BUSY TASK ewma=997
DMA IRQ c0=1
DMA IRQ c1=0
DMA IRQ c2=0
DMA IRQ c3=0
SELECT busy=6026
SELECT w0=5950
SELECT w1=5952
SELECT w2=5952
BUSY TASK ewma=997
DMA IRQ c0=1
DMA IRQ c1=0
DMA IRQ c2=0
DMA IRQ c3=0
SELECT busy=6035
SELECT w0=5959
SELECT w1=5960
SELECT w2=5961
BUSY TASK ewma=997
DMA IRQ c0=1
DMA IRQ c1=0
DMA IRQ c2=0
DMA IRQ c3=0
SELECT busy=6044
SELECT w0=5968
SELECT w1=5969
SELECT w2=5969
BUSY TASK ewma=997
DMA IRQ c0=1
DMA IRQ c1=0
DMA IRQ c2=0
DMA IRQ c3=0
SELECT busy=6051
SELECT w0=5976
SELECT w1=5977
SELECT w2=5977
BUSY TASK ewma=997
DMA IRQ c0=1
DMA IRQ c1=0
DMA IRQ c2=0
DMA IRQ c3=0
SELECT busy=6060
SELECT w0=5984
SELECT w1=5985
SELECT w2=5985
BUSY TASK ewma=997
DMA IRQ c0=1
DMA IRQ c1=0
DMA IRQ c2=0
DMA IRQ c3=0
SELECT busy=6068
SELECT w0=5992
SELECT w1=5993
SELECT w2=5993
BUSY TASK ewma=997
DMA IRQ c0=1
DMA IRQ c1=0
DMA IRQ c2=0
DMA IRQ c3=0
SELECT busy=6076
SELECT w0=6000
SELECT w1=6001
SELECT w2=6001
BUSY TASK ewma=997
DMA IRQ c0=1
DMA IRQ c1=0
DMA IRQ c2=0
DMA IRQ c3=0
SELECT busy=6084
SELECT w0=6008
SELECT w1=6009
SELECT w2=6009
BUSY TASK ewma=997
DMA IRQ c0=1
DMA IRQ c1=0
DMA IRQ c2=0
DMA IRQ c3=0
SELECT busy=6092
SELECT w0=6016
SELECT w1=6017
SELECT w2=6018
BUSY TASK ewma=997
DMA IRQ c0=1
DMA IRQ c1=0
DMA IRQ c2=0
DMA IRQ c3=0
SELECT busy=6101
SELECT w0=6025
SELECT w1=6026
SELECT w2=6026
BUSY TASK ewma=997
DMA IRQ c0=1
DMA IRQ c1=0
DMA IRQ c2=0
DMA IRQ c3=0
SELECT busy=6109
SELECT w0=6033
SELECT w1=6034
SELECT w2=6034
BUSY TASK ewma=997
DMA IRQ c0=1
DMA IRQ c1=0
DMA IRQ c2=0
DMA IRQ c3=0
SELECT busy=6117
SELECT w0=6042
SELECT w1=6043
SELECT w2=6043
BUSY TASK ewma=997
IRQ counts: cpu0=24270 cpu1=0 cpu2=0 cpu3=0
SCHED secondaries: calls=0 unexpected=0
SECTEST switches=0 cpu1=0,0 cpu2=0,0 cpu3=0,0
PINGPONG rounds=0 pongs=0
DMA IRQ c0=1
DMA IRQ c1=0
DMA IRQ c2=0
DMA IRQ c3=0
SELECT busy=6126
SELECT w0=6050
SELECT w1=6051
SELECT w2=6052
BUSY TASK ewma=997
DMA IRQ c0=1
DMA IRQ c1=0
DMA IRQ c2=0
DMA IRQ c3=0
SELECT busy=6135
SELECT w0=6059
SELECT w1=6060
SELECT w2=6060
BUSY TASK ewma=997
DMA IRQ c0=1
DMA IRQ c1=0
DMA IRQ c2=0
DMA IRQ c3=0
SELECT busy=6143
SELECT w0=6067
SELECT w1=6068
SELECT w2=6068
BUSY TASK ewma=997
DMA IRQ c0=1
DMA IRQ c1=0
DMA IRQ c2=0
DMA IRQ c3=0
SELECT busy=6151
SELECT w0=6076
SELECT w1=6077
SELECT w2=6077
BUSY TASK ewma=997
DMA IRQ c0=1
DMA IRQ c1=0
DMA IRQ c2=0
DMA IRQ c3=0
SELECT busy=6160
SELECT w0=6084
SELECT w1=6085
SELECT w2=6085
BUSY TASK ewma=997
DMA IRQ c0=1
DMA IRQ c1=0
DMA IRQ c2=0
DMA IRQ c3=0
SELECT busy=6168
SELECT w0=6092
SELECT w1=6093
SELECT w2=6093
BUSY TASK ewma=997
DMA IRQ c0=1
DMA IRQ c1=0
DMA IRQ c2=0
DMA IRQ c3=0
SELECT busy=6176
SELECT w0=6101
SELECT w1=6102
SELECT w2=6102
BUSY TASK ewma=997
DMA IRQ c0=1
DMA IRQ c1=0
DMA IRQ c2=0
DMA IRQ c3=0
SELECT busy=6185
SELECT w0=6109
SELECT w1=6110
SELECT w2=6110
BUSY TASK ewma=997
DMA IRQ c0=1
DMA IRQ c1=0
DMA IRQ c2=0
DMA IRQ c3=0
SELECT busy=6193
SELECT w0=6117
SELECT w1=6118
SELECT w2=6118
BUSY TASK ewma=997
DMA IRQ c0=1
DMA IRQ c1=0
DMA IRQ c2=0
DMA IRQ c3=0
SELECT busy=6201
SELECT w0=6125
SELECT w1=6126
SELECT w2=6126
BUSY TASK ewma=997
DMA IRQ c0=1
DMA IRQ c1=0
DMA IRQ c2=0
DMA IRQ c3=0
SELECT busy=6210
SELECT w0=6134
SELECT w1=6135
SELECT w2=6135
BUSY TASK ewma=997
DMA IRQ c0=1
DMA IRQ c1=0
DMA IRQ c2=0
DMA IRQ c3=0
SELECT busy=6218
SELECT w0=6142
SELECT w1=6143
SELECT w2=6143
BUSY TASK ewma=997
DMA IRQ c0=1
DMA IRQ c1=0
DMA IRQ c2=0
DMA IRQ c3=0
SELECT busy=6226
SELECT w0=6151
SELECT w1=6152
SELECT w2=6152
BUSY TASK ewma=997
DMA IRQ c0=1
DMA IRQ c1=0
DMA IRQ c2=0
DMA IRQ c3=0
SELECT busy=6235
SELECT w0=6159
SELECT w1=6160
SELECT w2=6160
BUSY TASK ewma=997
DMA IRQ c0=1
DMA IRQ c1=0
DMA IRQ c2=0
DMA IRQ c3=0
SELECT busy=6243
SELECT w0=6167
SELECT w1=6168
SELECT w2=6168
BUSY TASK ewma=997
DMA IRQ c0=1
DMA IRQ c1=0
DMA IRQ c2=0
DMA IRQ c3=0
SELECT busy=6251
SELECT w0=6176
SELECT w1=6177
SELECT w2=6177
BUSY TASK ewma=997
DMA IRQ c0=1
DMA IRQ c1=0
DMA IRQ c2=0
DMA IRQ c3=0
SELECT busy=6260
SELECT w0=6184
SELECT w1=6185
SELECT w2=6185
BUSY TASK ewma=997
DMA IRQ c0=1
DMA IRQ c1=0
DMA IRQ c2=0
DMA IRQ c3=0
SELECT busy=6268
SELECT w0=6192
SELECT w1=6193
SELECT w2=6193
BUSY TASK ewma=997
DMA IRQ c0=1
DMA IRQ c1=0
DMA IRQ c2=0
DMA IRQ c3=0
SELECT busy=6276
SELECT w0=6201
SELECT w1=6202
SELECT w2=6202
BUSY TASK ewma=997
DMA IRQ c0=1
DMA IRQ c1=0
DMA IRQ c2=0
DMA IRQ c3=0
SELECT busy=6285
SELECT w0=6209
SELECT w1=6210
SELECT w2=6210
BUSY TASK ewma=997
DMA IRQ c0=1
DMA IRQ c1=0
DMA IRQ c2=0
DMA IRQ c3=0
SELECT busy=6293
SELECT w0=6217
SELECT w1=6218
SELECT w2=6218
BUSY TASK ewma=997
DMA IRQ c0=1
DMA IRQ c1=0
DMA IRQ c2=0
DMA IRQ c3=0
SELECT busy=6301
SELECT w0=6225
SELECT w1=6226
SELECT w2=6226
BUSY TASK ewma=997
DMA IRQ c0=1
DMA IRQ c1=0
DMA IRQ c2=0
DMA IRQ c3=0
SELECT busy=6309
SELECT w0=6233
SELECT w1=6235
SELECT w2=6235
BUSY TASK ewma=997
DMA IRQ c0=1
DMA IRQ c1=0
DMA IRQ c2=0
DMA IRQ c3=0
SELECT busy=6318
SELECT w0=6242
SELECT w1=6243
SELECT w2=6243
BUSY TASK ewma=997
DMA IRQ c0=1
DMA IRQ c1=0
DMA IRQ c2=0
DMA IRQ c3=0
SELECT busy=6326
SELECT w0=6250
SELECT w1=6251
SELECT w2=6251
BUSY TASK ewma=997
DMA IRQ c0=1
DMA IRQ c1=0
DMA IRQ c2=0
DMA IRQ c3=0
SELECT busy=6335
SELECT w0=6259
SELECT w1=6260
SELECT w2=6260
BUSY TASK ewma=997
DMA IRQ c0=1
DMA IRQ c1=0
DMA IRQ c2=0
DMA IRQ c3=0
SELECT busy=6343
SELECT w0=6267
SELECT w1=6268
SELECT w2=6268
BUSY TASK ewma=997
DMA IRQ c0=1
DMA IRQ c1=0
DMA IRQ c2=0
DMA IRQ c3=0
SELECT busy=6351
SELECT w0=6275
SELECT w1=6276
SELECT w2=6276
BUSY TASK ewma=997
DMA IRQ c0=1
DMA IRQ c1=0
DMA IRQ c2=0
DMA IRQ c3=0
SELECT busy=6359
SELECT w0=6283
SELECT w1=6285
SELECT w2=6285
BUSY TASK ewma=997
DMA IRQ c0=1
DMA IRQ c1=0
DMA IRQ c2=0
DMA IRQ c3=0
SELECT busy=6368
SELECT w0=6292
SELECT w1=6293
SELECT w2=6293
BUSY TASK ewma=997
DMA IRQ c0=1
DMA IRQ c1=0
DMA IRQ c2=0
DMA IRQ c3=0
SELECT busy=6376
SELECT w0=6300
SELECT w1=6301
SELECT w2=6301
BUSY TASK ewma=997
DMA IRQ c0=1
DMA IRQ c1=0
DMA IRQ c2=0
DMA IRQ c3=0
SELECT busy=6384
SELECT w0=6308
SELECT w1=6309
SELECT w2=6309
BUSY TASK ewma=997
DMA IRQ c0=1
DMA IRQ c1=0
DMA IRQ c2=0
DMA IRQ c3=0
SELECT busy=6393
SELECT w0=6317
SELECT w1=6318
SELECT w2=6318
BUSY TASK ewma=997
DMA IRQ c0=1
DMA IRQ c1=0
DMA IRQ c2=0
DMA IRQ c3=0
SELECT busy=6401
SELECT w0=6325
SELECT w1=6326
SELECT w2=6326
BUSY TASK ewma=997
DMA IRQ c0=1
DMA IRQ c1=0
DMA IRQ c2=0
DMA IRQ c3=0
SELECT busy=6409
SELECT w0=6333
SELECT w1=6334
SELECT w2=6334
BUSY TASK ewma=997
DMA IRQ c0=1
DMA IRQ c1=0
DMA IRQ c2=0
DMA IRQ c3=0
SELECT busy=6418
SELECT w0=6342
SELECT w1=6343
SELECT w2=6343
BUSY TASK ewma=997
DMA IRQ c0=1
DMA IRQ c1=0
DMA IRQ c2=0
DMA IRQ c3=0
SELECT busy=6426
SELECT w0=6350
SELECT w1=6351
SELECT w2=6351
BUSY TASK ewma=997
DMA IRQ c0=1
DMA IRQ c1=0
DMA IRQ c2=0
DMA IRQ c3=0
SELECT busy=6434
SELECT w0=6358
SELECT w1=6359
SELECT w2=6359
BUSY TASK ewma=997
DMA IRQ c0=1
DMA IRQ c1=0
DMA IRQ c2=0
DMA IRQ c3=0
SELECT busy=6443
SELECT w0=6367
SELECT w1=6368
SELECT w2=6368
BUSY TASK ewma=997
DMA IRQ c0=1
DMA IRQ c1=0
DMA IRQ c2=0
DMA IRQ c3=0
SELECT busy=6451
SELECT w0=6375
SELECT w1=6376
SELECT w2=6376
BUSY TASK ewma=997
DMA IRQ c0=1
DMA IRQ c1=0
DMA IRQ c2=0
DMA IRQ c3=0
SELECT busy=6459
SELECT w0=6383
SELECT w1=6385
SELECT w2=6385
BUSY TASK ewma=997
DMA IRQ c0=1
DMA IRQ c1=0
DMA IRQ c2=0
DMA IRQ c3=0
SELECT busy=6468
SELECT w0=6392
SELECT w1=6393
SELECT w2=6393
BUSY TASK ewma=997
DMA IRQ c0=1
DMA IRQ c1=0
DMA IRQ c2=0
DMA IRQ c3=0
SELECT busy=6476
SELECT w0=6400
SELECT w1=6401
SELECT w2=6401
BUSY TASK ewma=997
DMA IRQ c0=1
DMA IRQ c1=0
DMA IRQ c2=0
DMA IRQ c3=0
SELECT busy=6485
SELECT w0=6409
SELECT w1=6410
SELECT w2=6410
BUSY TASK ewma=997
DMA IRQ c0=1
DMA IRQ c1=0
DMA IRQ c2=0
DMA IRQ c3=0
SELECT busy=6493
SELECT w0=6417
SELECT w1=6418
SELECT w2=6418
BUSY TASK ewma=997
DMA IRQ c0=1
DMA IRQ c1=0
DMA IRQ c2=0
DMA IRQ c3=0
SELECT busy=6501
SELECT w0=6425
SELECT w1=6426
SELECT w2=6426
BUSY TASK ewma=997
DMA IRQ c0=1
DMA IRQ c1=0
DMA IRQ c2=0
DMA IRQ c3=0
SELECT busy=6510
SELECT w0=6434
SELECT w1=6435
SELECT w2=6435
BUSY TASK ewma=997
DMA IRQ c0=1
DMA IRQ c1=0
DMA IRQ c2=0
DMA IRQ c3=0
SELECT busy=6519
SELECT w0=6443
SELECT w1=6444
SELECT w2=6444
BUSY TASK ewma=997
DMA IRQ c0=1
DMA IRQ c1=0
DMA IRQ c2=0
DMA IRQ c3=0
SELECT busy=6527
SELECT w0=6451
SELECT w1=6452
SELECT w2=6452
BUSY TASK ewma=997
DMA IRQ c0=1
DMA IRQ c1=0
DMA IRQ c2=0
DMA IRQ c3=0
SELECT busy=6536
SELECT w0=6460
SELECT w1=6461
SELECT w2=6461
BUSY TASK ewma=997
DMA IRQ c0=1
DMA IRQ c1=0
DMA IRQ c2=0
DMA IRQ c3=0
SELECT busy=6544
SELECT w0=6468
SELECT w1=6469
SELECT w2=6469
BUSY TASK ewma=997
DMA IRQ c0=1
DMA IRQ c1=0
DMA IRQ c2=0
DMA IRQ c3=0
SELECT busy=6552
SELECT w0=6476
SELECT w1=6477
SELECT w2=6477
BUSY TASK ewma=997
DMA IRQ c0=1
DMA IRQ c1=0
DMA IRQ c2=0
DMA IRQ c3=0
SELECT busy=6561
SELECT w0=6485
SELECT w1=6486
SELECT w2=6486
BUSY TASK ewma=997
DMA IRQ c0=1
DMA IRQ c1=0
DMA IRQ c2=0
DMA IRQ c3=0
SELECT busy=6569
SELECT w0=6493
SELECT w1=6494
SELECT w2=6494
BUSY TASK ewma=997
DMA IRQ c0=1
DMA IRQ c1=0
DMA IRQ c2=0
DMA IRQ c3=0
SELECT busy=6577
SELECT w0=6501
SELECT w1=6503
SELECT w2=6503
BUSY TASK ewma=997
DMA IRQ c0=1
DMA IRQ c1=0
DMA IRQ c2=0
DMA IRQ c3=0
SELECT busy=6586
SELECT w0=6510
SELECT w1=6511
SELECT w2=6511
BUSY TASK ewma=997
DMA IRQ c0=1
DMA IRQ c1=0
DMA IRQ c2=0
DMA IRQ c3=0
SELECT busy=6594
SELECT w0=6518
SELECT w1=6519
SELECT w2=6519
BUSY TASK ewma=997
DMA IRQ c0=1
DMA IRQ c1=0
DMA IRQ c2=0
DMA IRQ c3=0
SELECT busy=6603
SELECT w0=6527
SELECT w1=6528
SELECT w2=6528
BUSY TASK ewma=997
DMA IRQ c0=1
DMA IRQ c1=0
DMA IRQ c2=0
DMA IRQ c3=0
SELECT busy=6611
SELECT w0=6535
SELECT w1=6536
SELECT w2=6536
BUSY TASK ewma=997
DMA IRQ c0=1
DMA IRQ c1=0
DMA IRQ c2=0
DMA IRQ c3=0
SELECT busy=6620
SELECT w0=6544
SELECT w1=6545
SELECT w2=6545
BUSY TASK ewma=997
DMA IRQ c0=1
DMA IRQ c1=0
DMA IRQ c2=0
DMA IRQ c3=0
SELECT busy=6629
SELECT w0=6553
SELECT w1=6554
SELECT w2=6554
BUSY TASK ewma=997
DMA IRQ c0=1
DMA IRQ c1=0
DMA IRQ c2=0
DMA IRQ c3=0
SELECT busy=6637
SELECT w0=6561
SELECT w1=6562
SELECT w2=6562
BUSY TASK ewma=997
DMA IRQ c0=1
DMA IRQ c1=0
DMA IRQ c2=0
DMA IRQ c3=0
SELECT busy=6646
SELECT w0=6570
SELECT w1=6571
SELECT w2=6571
BUSY TASK ewma=997
DMA IRQ c0=1
DMA IRQ c1=0
DMA IRQ c2=0
DMA IRQ c3=0
SELECT busy=6655
SELECT w0=6579
SELECT w1=6580
SELECT w2=6580
BUSY TASK ewma=997
IRQ counts: cpu0=26422 cpu1=0 cpu2=0 cpu3=0
SCHED secondaries: calls=0 unexpected=0
SECTEST switches=0 cpu1=0,0 cpu2=0,0 cpu3=0,0
PINGPONG rounds=0 pongs=0
DMA IRQ c0=1
DMA IRQ c1=0
DMA IRQ c2=0
DMA IRQ c3=0
SELECT busy=6664
SELECT w0=6588
SELECT w1=6589
SELECT w2=6589
BUSY TASK ewma=997
DMA IRQ c0=1
DMA IRQ c1=0
DMA IRQ c2=0
DMA IRQ c3=0
SELECT busy=6672
SELECT w0=6597
SELECT w1=6598
SELECT w2=6598
BUSY TASK ewma=997
DMA IRQ c0=1
DMA IRQ c1=0
DMA IRQ c2=0
DMA IRQ c3=0
SELECT busy=6681
SELECT w0=6605
SELECT w1=6606
SELECT w2=6606
BUSY TASK ewma=997
DMA IRQ c0=1
DMA IRQ c1=0
DMA IRQ c2=0
DMA IRQ c3=0
SELECT busy=6690
SELECT w0=6614
SELECT w1=6615
SELECT w2=6615
BUSY TASK ewma=997
DMA IRQ c0=1
DMA IRQ c1=0
DMA IRQ c2=0
DMA IRQ c3=0
SELECT busy=6698
SELECT w0=6622
SELECT w1=6623
SELECT w2=6624
BUSY TASK ewma=997
DMA IRQ c0=1
DMA IRQ c1=0
DMA IRQ c2=0
DMA IRQ c3=0
SELECT busy=6707
SELECT w0=6631
SELECT w1=6632
SELECT w2=6632
BUSY TASK ewma=997
DMA IRQ c0=1
DMA IRQ c1=0
DMA IRQ c2=0
DMA IRQ c3=0
SELECT busy=6715
SELECT w0=6639
SELECT w1=6640
SELECT w2=6640
BUSY TASK ewma=997
DMA IRQ c0=1
DMA IRQ c1=0
DMA IRQ c2=0
DMA IRQ c3=0
SELECT busy=6723
SELECT w0=6647
SELECT w1=6648
SELECT w2=6648
BUSY TASK ewma=997
DMA IRQ c0=1
DMA IRQ c1=0
DMA IRQ c2=0
DMA IRQ c3=0
SELECT busy=6731
SELECT w0=6655
SELECT w1=6656
SELECT w2=6656
BUSY TASK ewma=997
DMA IRQ c0=1
DMA IRQ c1=0
DMA IRQ c2=0
DMA IRQ c3=0
SELECT busy=6740
SELECT w0=6664
SELECT w1=6665
SELECT w2=6666
BUSY TASK ewma=997
DMA IRQ c0=1
DMA IRQ c1=0
DMA IRQ c2=0
DMA IRQ c3=0
SELECT busy=6750
SELECT w0=6674
SELECT w1=6675
SELECT w2=6675
BUSY TASK ewma=997
DMA IRQ c0=1
DMA IRQ c1=0
DMA IRQ c2=0
DMA IRQ c3=0
SELECT busy=6759
SELECT w0=6683
SELECT w1=6684
SELECT w2=6684
BUSY TASK ewma=997
DMA IRQ c0=1
DMA IRQ c1=0
DMA IRQ c2=0
DMA IRQ c3=0
SELECT busy=6768
SELECT w0=6692
SELECT w1=6693
SELECT w2=6693
BUSY TASK ewma=997
DMA IRQ c0=1
DMA IRQ c1=0
DMA IRQ c2=0
DMA IRQ c3=0
SELECT busy=6776
SELECT w0=6700
SELECT w1=6701
SELECT w2=6701
BUSY TASK ewma=997
DMA IRQ c0=1
DMA IRQ c1=0
DMA IRQ c2=0
DMA IRQ c3=0
SELECT busy=6785
SELECT w0=6709
SELECT w1=6710
SELECT w2=6710
BUSY TASK ewma=997
DMA IRQ c0=1
DMA IRQ c1=0
DMA IRQ c2=0
DMA IRQ c3=0
SELECT busy=6793
SELECT w0=6717
SELECT w1=6718
SELECT w2=6718
BUSY TASK ewma=997
DMA IRQ c0=1
DMA IRQ c1=0
DMA IRQ c2=0
DMA IRQ c3=0
SELECT busy=6801
SELECT w0=6725
SELECT w1=6726
SELECT w2=6727
BUSY TASK ewma=997
DMA IRQ c0=1
DMA IRQ c1=0
DMA IRQ c2=0
DMA IRQ c3=0
SELECT busy=6810
SELECT w0=6734
SELECT w1=6735
SELECT w2=6735
BUSY TASK ewma=997
DMA IRQ c0=1
DMA IRQ c1=0
DMA IRQ c2=0
DMA IRQ c3=0
SELECT busy=6819
SELECT w0=6743
SELECT w1=6744
SELECT w2=6744
BUSY TASK ewma=997
DMA IRQ c0=1
DMA IRQ c1=0
DMA IRQ c2=0
DMA IRQ c3=0
SELECT busy=6828
SELECT w0=6752
SELECT w1=6753
SELECT w2=6753
BUSY TASK ewma=997
DMA IRQ c0=1
DMA IRQ c1=0
DMA IRQ c2=0
DMA IRQ c3=0
SELECT busy=6836
SELECT w0=6761
SELECT w1=6762
SELECT w2=6762
BUSY TASK ewma=997
DMA IRQ c0=1
DMA IRQ c1=0
DMA IRQ c2=0
DMA IRQ c3=0
SELECT busy=6844
SELECT w0=6768
SELECT w1=6770
SELECT w2=6770
BUSY TASK ewma=997
DMA IRQ c0=1
DMA IRQ c1=0
DMA IRQ c2=0
DMA IRQ c3=0
SELECT busy=6852
SELECT w0=6777
SELECT w1=6778
SELECT w2=6778
BUSY TASK ewma=997
DMA IRQ c0=1
DMA IRQ c1=0
DMA IRQ c2=0
DMA IRQ c3=0
SELECT busy=6861
SELECT w0=6785
SELECT w1=6786
SELECT w2=6786
BUSY TASK ewma=997
DMA IRQ c0=1
DMA IRQ c1=0
DMA IRQ c2=0
DMA IRQ c3=0
SELECT busy=6869
SELECT w0=6793
SELECT w1=6794
SELECT w2=6794
BUSY TASK ewma=997
DMA IRQ c0=1
DMA IRQ c1=0
DMA IRQ c2=0
DMA IRQ c3=0
SELECT busy=6877
SELECT w0=6801
SELECT w1=6802
SELECT w2=6802
BUSY TASK ewma=997
DMA IRQ c0=1
DMA IRQ c1=0
DMA IRQ c2=0
DMA IRQ c3=0
SELECT busy=6886
SELECT w0=6810
SELECT w1=6811
SELECT w2=6811
BUSY TASK ewma=997
DMA IRQ c0=1
DMA IRQ c1=0
DMA IRQ c2=0
DMA IRQ c3=0
SELECT busy=6894
SELECT w0=6818
SELECT w1=6819
SELECT w2=6819
BUSY TASK ewma=997
DMA IRQ c0=1
DMA IRQ c1=0
DMA IRQ c2=0
DMA IRQ c3=0
SELECT busy=6902
SELECT w0=6826
SELECT w1=6827
SELECT w2=6827
BUSY TASK ewma=997
DMA IRQ c0=1
DMA IRQ c1=0
DMA IRQ c2=0
DMA IRQ c3=0
SELECT busy=6911
SELECT w0=6835
SELECT w1=6836
SELECT w2=6836
BUSY TASK ewma=997
DMA IRQ c0=1
DMA IRQ c1=0
DMA IRQ c2=0
DMA IRQ c3=0
SELECT busy=6919
SELECT w0=6843
SELECT w1=6844
SELECT w2=6844
BUSY TASK ewma=997
DMA IRQ c0=1
DMA IRQ c1=0
DMA IRQ c2=0
DMA IRQ c3=0
SELECT busy=6927
SELECT w0=6851
SELECT w1=6852
SELECT w2=6852
BUSY TASK ewma=997
DMA IRQ c0=1
DMA IRQ c1=0
DMA IRQ c2=0
DMA IRQ c3=0
SELECT busy=6936
SELECT w0=6860
SELECT w1=6861
SELECT w2=6861
BUSY TASK ewma=997
DMA IRQ c0=1
DMA IRQ c1=0
DMA IRQ c2=0
DMA IRQ c3=0
SELECT busy=6944
SELECT w0=6868
SELECT w1=6869
SELECT w2=6869
BUSY TASK ewma=997
DMA IRQ c0=1
DMA IRQ c1=0
DMA IRQ c2=0
DMA IRQ c3=0
SELECT busy=6952
SELECT w0=6876
SELECT w1=6877
SELECT w2=6877
BUSY TASK ewma=997
DMA IRQ c0=1
DMA IRQ c1=0
DMA IRQ c2=0
DMA IRQ c3=0
SELECT busy=6961
SELECT w0=6885
SELECT w1=6886
SELECT w2=6886
BUSY TASK ewma=997
DMA IRQ c0=1
DMA IRQ c1=0
DMA IRQ c2=0
DMA IRQ c3=0
SELECT busy=6969
SELECT w0=6893
SELECT w1=6894
SELECT w2=6894
BUSY TASK ewma=997
DMA IRQ c0=1
DMA IRQ c1=0
DMA IRQ c2=0
DMA IRQ c3=0
SELECT busy=6977
SELECT w0=6901
SELECT w1=6903
SELECT w2=6903
BUSY TASK ewma=997
DMA IRQ c0=1
DMA IRQ c1=0
DMA IRQ c2=0
DMA IRQ c3=0
SELECT busy=6986
SELECT w0=6910
SELECT w1=6911
SELECT w2=6911
BUSY TASK ewma=997
DMA IRQ c0=1
DMA IRQ c1=0
DMA IRQ c2=0
DMA IRQ c3=0
SELECT busy=6994
SELECT w0=6918
SELECT w1=6919
SELECT w2=6919
BUSY TASK ewma=997
DMA IRQ c0=1
DMA IRQ c1=0
DMA IRQ c2=0
DMA IRQ c3=0
SELECT busy=7002
SELECT w0=6926
SELECT w1=6927
SELECT w2=6927
BUSY TASK ewma=997
DMA IRQ c0=1
DMA IRQ c1=0
DMA IRQ c2=0
DMA IRQ c3=0
SELECT busy=7010
SELECT w0=6934
SELECT w1=6936
SELECT w2=6936
BUSY TASK ewma=997
DMA IRQ c0=1
DMA IRQ c1=0
DMA IRQ c2=0
DMA IRQ c3=0
SELECT busy=7019
SELECT w0=6943
SELECT w1=6944
SELECT w2=6944
BUSY TASK ewma=997
DMA IRQ c0=1
DMA IRQ c1=0
DMA IRQ c2=0
DMA IRQ c3=0
SELECT busy=7027
SELECT w0=6951
SELECT w1=6952
SELECT w2=6952
BUSY TASK ewma=997
DMA IRQ c0=1
DMA IRQ c1=0
DMA IRQ c2=0
DMA IRQ c3=0
SELECT busy=7035
SELECT w0=6959
SELECT w1=6960
SELECT w2=6960
BUSY TASK ewma=997
DMA IRQ c0=1
DMA IRQ c1=0
DMA IRQ c2=0
DMA IRQ c3=0
SELECT busy=7043
SELECT w0=6967
SELECT w1=6968
SELECT w2=6969
BUSY TASK ewma=997
DMA IRQ c0=1
DMA IRQ c1=0
DMA IRQ c2=0
DMA IRQ c3=0
SELECT busy=7052
SELECT w0=6976
SELECT w1=6977
SELECT w2=6977
BUSY TASK ewma=997
DMA IRQ c0=1
DMA IRQ c1=0
DMA IRQ c2=0
DMA IRQ c3=0
SELECT busy=7060
SELECT w0=6984
SELECT w1=6985
SELECT w2=6985
BUSY TASK ewma=997
DMA IRQ c0=1
DMA IRQ c1=0
DMA IRQ c2=0
DMA IRQ c3=0
SELECT busy=7068
SELECT w0=6992
SELECT w1=6993
SELECT w2=6993
BUSY TASK ewma=997
DMA IRQ c0=1
DMA IRQ c1=0
DMA IRQ c2=0
DMA IRQ c3=0
SELECT busy=7079
SELECT w0=7003
SELECT w1=7004
SELECT w2=7005
BUSY TASK ewma=997
DMA IRQ c0=1
DMA IRQ c1=0
DMA IRQ c2=0
DMA IRQ c3=0
SELECT busy=7088
SELECT w0=7012
SELECT w1=7013
SELECT w2=7013
BUSY TASK ewma=997
DMA IRQ c0=1
DMA IRQ c1=0
DMA IRQ c2=0
DMA IRQ c3=0
SELECT busy=7096
SELECT w0=7020
SELECT w1=7021
SELECT w2=7021
BUSY TASK ewma=997
DMA IRQ c0=1
DMA IRQ c1=0
DMA IRQ c2=0
DMA IRQ c3=0
SELECT busy=7105
SELECT w0=7029
SELECT w1=7030
SELECT w2=7030
BUSY TASK ewma=997
DMA IRQ c0=1
DMA IRQ c1=0
DMA IRQ c2=0
DMA IRQ c3=0
SELECT busy=7113
SELECT w0=7037
SELECT w1=7038
SELECT w2=7038
BUSY TASK ewma=997
DMA IRQ c0=1
DMA IRQ c1=0
DMA IRQ c2=0
DMA IRQ c3=0
SELECT busy=7121
SELECT w0=7046
SELECT w1=7047
SELECT w2=7047
BUSY TASK ewma=997
DMA IRQ c0=1
DMA IRQ c1=0
DMA IRQ c2=0
DMA IRQ c3=0
SELECT busy=7130
SELECT w0=7054
SELECT w1=7055
SELECT w2=7055
BUSY TASK ewma=997
DMA IRQ c0=1
DMA IRQ c1=0
DMA IRQ c2=0
DMA IRQ c3=0
SELECT busy=7138
SELECT w0=7062
SELECT w1=7063
SELECT w2=7063
BUSY TASK ewma=997
DMA IRQ c0=1
DMA IRQ c1=0
DMA IRQ c2=0
DMA IRQ c3=0
SELECT busy=7146
SELECT w0=7070
SELECT w1=7072
SELECT w2=7072
BUSY TASK ewma=997
DMA IRQ c0=1
DMA IRQ c1=0
DMA IRQ c2=0
DMA IRQ c3=0
SELECT busy=7155
SELECT w0=7079
SELECT w1=7080
SELECT w2=7080
BUSY TASK ewma=997
DMA IRQ c0=1
DMA IRQ c1=0
DMA IRQ c2=0
DMA IRQ c3=0
SELECT busy=7163
SELECT w0=7087
SELECT w1=7088
SELECT w2=7088
BUSY TASK ewma=997
DMA IRQ c0=1
DMA IRQ c1=0
DMA IRQ c2=0
DMA IRQ c3=0
SELECT busy=7171
SELECT w0=7096
SELECT w1=7097
SELECT w2=7097
BUSY TASK ewma=997
DMA IRQ c0=1
DMA IRQ c1=0
DMA IRQ c2=0
DMA IRQ c3=0
SELECT busy=7180
SELECT w0=7104
SELECT w1=7105
SELECT w2=7105
BUSY TASK ewma=997
DMA IRQ c0=1
DMA IRQ c1=0
DMA IRQ c2=0
DMA IRQ c3=0
SELECT busy=7188
SELECT w0=7112
SELECT w1=7113
SELECT w2=7113
BUSY TASK ewma=997
DMA IRQ c0=1
DMA IRQ c1=0
DMA IRQ c2=0
DMA IRQ c3=0
SELECT busy=7197
SELECT w0=7121
SELECT w1=7122
SELECT w2=7122
BUSY TASK ewma=997
IRQ counts: cpu0=28590 cpu1=0 cpu2=0 cpu3=0
SCHED secondaries: calls=0 unexpected=0
SECTEST switches=0 cpu1=0,0 cpu2=0,0 cpu3=0,0
PINGPONG rounds=0 pongs=0
DMA IRQ c0=1
DMA IRQ c1=0
DMA IRQ c2=0
DMA IRQ c3=0
SELECT busy=7206
SELECT w0=7130
SELECT w1=7131
SELECT w2=7131
BUSY TASK ewma=997
DMA IRQ c0=1
DMA IRQ c1=0
DMA IRQ c2=0
DMA IRQ c3=0
SELECT busy=7214
SELECT w0=7138
SELECT w1=7139
SELECT w2=7139
BUSY TASK ewma=997
DMA IRQ c0=1
DMA IRQ c1=0
DMA IRQ c2=0
DMA IRQ c3=0
SELECT busy=7224
SELECT w0=7148
SELECT w1=7149
SELECT w2=7149
BUSY TASK ewma=997
DMA IRQ c0=1
DMA IRQ c1=0
DMA IRQ c2=0
DMA IRQ c3=0
SELECT busy=7232
SELECT w0=7157
SELECT w1=7158
SELECT w2=7158
BUSY TASK ewma=997
DMA IRQ c0=1
DMA IRQ c1=0
DMA IRQ c2=0
DMA IRQ c3=0
SELECT busy=7240
SELECT w0=7164
SELECT w1=7166
SELECT w2=7166
BUSY TASK ewma=997
DMA IRQ c0=1
DMA IRQ c1=0
DMA IRQ c2=0
DMA IRQ c3=0
SELECT busy=7249
SELECT w0=7173
SELECT w1=7174
SELECT w2=7174
BUSY TASK ewma=997
DMA IRQ c0=1
DMA IRQ c1=0
DMA IRQ c2=0
DMA IRQ c3=0
SELECT busy=7257
SELECT w0=7181
SELECT w1=7182
SELECT w2=7182
BUSY TASK ewma=997
DMA IRQ c0=1
DMA IRQ c1=0
DMA IRQ c2=0
DMA IRQ c3=0
SELECT busy=7267
SELECT w0=7191
SELECT w1=7192
SELECT w2=7192
BUSY TASK ewma=997
DMA IRQ c0=1
DMA IRQ c1=0
DMA IRQ c2=0
DMA IRQ c3=0
SELECT busy=7277
SELECT w0=7201
SELECT w1=7202
SELECT w2=7202
BUSY TASK ewma=997
DMA IRQ c0=1
DMA IRQ c1=0
DMA IRQ c2=0
DMA IRQ c3=0
SELECT busy=7286
SELECT w0=7210
SELECT w1=7211
SELECT w2=7211
BUSY TASK ewma=997
DMA IRQ c0=1
DMA IRQ c1=0
DMA IRQ c2=0
DMA IRQ c3=0
SELECT busy=7294
SELECT w0=7218
SELECT w1=7219
SELECT w2=7219
BUSY TASK ewma=997
DMA IRQ c0=1
DMA IRQ c1=0
DMA IRQ c2=0
DMA IRQ c3=0
SELECT busy=7302
SELECT w0=7226
SELECT w1=7227
SELECT w2=7227
BUSY TASK ewma=997
DMA IRQ c0=1
DMA IRQ c1=0
DMA IRQ c2=0
DMA IRQ c3=0
SELECT busy=7310
SELECT w0=7234
SELECT w1=7236
SELECT w2=7236
BUSY TASK ewma=997
DMA IRQ c0=1
DMA IRQ c1=0
DMA IRQ c2=0
DMA IRQ c3=0
SELECT busy=7319
SELECT w0=7243
SELECT w1=7244
SELECT w2=7244
BUSY TASK ewma=997
DMA IRQ c0=1
DMA IRQ c1=0
DMA IRQ c2=0
DMA IRQ c3=0
SELECT busy=7327
SELECT w0=7251
SELECT w1=7252
SELECT w2=7252
BUSY TASK ewma=997
DMA IRQ c0=1
DMA IRQ c1=0
DMA IRQ c2=0
DMA IRQ c3=0
SELECT busy=7335
SELECT w0=7259
SELECT w1=7260
SELECT w2=7260
BUSY TASK ewma=997
DMA IRQ c0=1
DMA IRQ c1=0
DMA IRQ c2=0
DMA IRQ c3=0
SELECT busy=7343
SELECT w0=7267
SELECT w1=7269
SELECT w2=7269
BUSY TASK ewma=997
DMA IRQ c0=1
DMA IRQ c1=0
DMA IRQ c2=0
DMA IRQ c3=0
SELECT busy=7352
SELECT w0=7276
SELECT w1=7277
SELECT w2=7277
BUSY TASK ewma=997
DMA IRQ c0=1
DMA IRQ c1=0
DMA IRQ c2=0
DMA IRQ c3=0
SELECT busy=7360
SELECT w0=7284
SELECT w1=7285
SELECT w2=7285
BUSY TASK ewma=997
DMA IRQ c0=1
DMA IRQ c1=0
DMA IRQ c2=0
DMA IRQ c3=0
SELECT busy=7368
SELECT w0=7292
SELECT w1=7294
SELECT w2=7294
BUSY TASK ewma=997
DMA IRQ c0=1
DMA IRQ c1=0
DMA IRQ c2=0
DMA IRQ c3=0
SELECT busy=7377
SELECT w0=7301
SELECT w1=7302
SELECT w2=7302
BUSY TASK ewma=997
DMA IRQ c0=1
DMA IRQ c1=0
DMA IRQ c2=0
DMA IRQ c3=0
SELECT busy=7385
SELECT w0=7309
SELECT w1=7310
SELECT w2=7310
BUSY TASK ewma=997
DMA IRQ c0=1
DMA IRQ c1=0
DMA IRQ c2=0
DMA IRQ c3=0
SELECT busy=7393
SELECT w0=7317
SELECT w1=7319
SELECT w2=7319
BUSY TASK ewma=997
DMA IRQ c0=1
DMA IRQ c1=0
DMA IRQ c2=0
DMA IRQ c3=0
SELECT busy=7402
SELECT w0=7326
SELECT w1=7327
SELECT w2=7327
BUSY TASK ewma=997
DMA IRQ c0=1
DMA IRQ c1=0
DMA IRQ c2=0
DMA IRQ c3=0
SELECT busy=7411
SELECT w0=7335
SELECT w1=7336
SELECT w2=7336
BUSY TASK ewma=997
DMA IRQ c0=1
DMA IRQ c1=0
DMA IRQ c2=0
DMA IRQ c3=0
SELECT busy=7419
SELECT w0=7343
SELECT w1=7344
SELECT w2=7344
BUSY TASK ewma=997
DMA IRQ c0=1
DMA IRQ c1=0
DMA IRQ c2=0
DMA IRQ c3=0
SELECT busy=7428
SELECT w0=7352
SELECT w1=7353
SELECT w2=7353
BUSY TASK ewma=997
DMA IRQ c0=1
DMA IRQ c1=0
DMA IRQ c2=0
DMA IRQ c3=0
SELECT busy=7437
SELECT w0=7361
SELECT w1=7362
SELECT w2=7362
BUSY TASK ewma=997
DMA IRQ c0=1
DMA IRQ c1=0
DMA IRQ c2=0
DMA IRQ c3=0
SELECT busy=7445
SELECT w0=7369
SELECT w1=7370
SELECT w2=7370
BUSY TASK ewma=997
DMA IRQ c0=1
DMA IRQ c1=0
DMA IRQ c2=0
DMA IRQ c3=0
SELECT busy=7454
SELECT w0=7378
SELECT w1=7379
SELECT w2=7379
BUSY TASK ewma=997
DMA IRQ c0=1
DMA IRQ c1=0
DMA IRQ c2=0
DMA IRQ c3=0
SELECT busy=7462
SELECT w0=7386
SELECT w1=7388
SELECT w2=7388
BUSY TASK ewma=997
DMA IRQ c0=1
DMA IRQ c1=0
DMA IRQ c2=0
DMA IRQ c3=0
SELECT busy=7471
SELECT w0=7395
SELECT w1=7396
SELECT w2=7396
BUSY TASK ewma=997
DMA IRQ c0=1
DMA IRQ c1=0
DMA IRQ c2=0
DMA IRQ c3=0
SELECT busy=7480
SELECT w0=7404
SELECT w1=7405
SELECT w2=7405
BUSY TASK ewma=997
DMA IRQ c0=1
DMA IRQ c1=0
DMA IRQ c2=0
DMA IRQ c3=0
SELECT busy=7488
SELECT w0=7412
SELECT w1=7413
SELECT w2=7413
BUSY TASK ewma=997
DMA IRQ c0=1
DMA IRQ c1=0
DMA IRQ c2=0
DMA IRQ c3=0
SELECT busy=7496
SELECT w0=7420
SELECT w1=7421
SELECT w2=7421
BUSY TASK ewma=997
DMA IRQ c0=1
DMA IRQ c1=0
DMA IRQ c2=0
DMA IRQ c3=0
SELECT busy=7504
SELECT w0=7428
SELECT w1=7429
SELECT w2=7430
BUSY TASK ewma=997
DMA IRQ c0=1
DMA IRQ c1=0
DMA IRQ c2=0
DMA IRQ c3=0
SELECT busy=7512
SELECT w0=7436
SELECT w1=7437
SELECT w2=7438
BUSY TASK ewma=997
DMA IRQ c0=1
DMA IRQ c1=0
DMA IRQ c2=0
DMA IRQ c3=0
SELECT busy=7521
SELECT w0=7445
SELECT w1=7446
SELECT w2=7446
BUSY TASK ewma=997
DMA IRQ c0=1
DMA IRQ c1=0
DMA IRQ c2=0
DMA IRQ c3=0
SELECT busy=7529
SELECT w0=7453
SELECT w1=7454
SELECT w2=7454
BUSY TASK ewma=997
DMA IRQ c0=1
DMA IRQ c1=0
DMA IRQ c2=0
DMA IRQ c3=0
SELECT busy=7537
SELECT w0=7461
SELECT w1=7462
SELECT w2=7462
BUSY TASK ewma=997
DMA IRQ c0=1
DMA IRQ c1=0
DMA IRQ c2=0
DMA IRQ c3=0
SELECT busy=7545
SELECT w0=7469
SELECT w1=7471
SELECT w2=7471
BUSY TASK ewma=997
DMA IRQ c0=1
DMA IRQ c1=0
DMA IRQ c2=0
DMA IRQ c3=0
SELECT busy=7554
SELECT w0=7478
SELECT w1=7479
SELECT w2=7479
BUSY TASK ewma=997
DMA IRQ c0=1
DMA IRQ c1=0
DMA IRQ c2=0
DMA IRQ c3=0
SELECT busy=7562
SELECT w0=7486
SELECT w1=7487
SELECT w2=7487
BUSY TASK ewma=997
DMA IRQ c0=1
DMA IRQ c1=0
DMA IRQ c2=0
DMA IRQ c3=0
SELECT busy=7570
SELECT w0=7495
SELECT w1=7496
SELECT w2=7496
BUSY TASK ewma=997
DMA IRQ c0=1
DMA IRQ c1=0
DMA IRQ c2=0
DMA IRQ c3=0
SELECT busy=7579
SELECT w0=7503
SELECT w1=7504
SELECT w2=7504
BUSY TASK ewma=997
DMA IRQ c0=1
DMA IRQ c1=0
DMA IRQ c2=0
DMA IRQ c3=0
SELECT busy=7587
SELECT w0=7511
SELECT w1=7512
SELECT w2=7512
BUSY TASK ewma=997
DMA IRQ c0=1
DMA IRQ c1=0
DMA IRQ c2=0
DMA IRQ c3=0
SELECT busy=7596
SELECT w0=7520
SELECT w1=7521
SELECT w2=7521
BUSY TASK ewma=997
DMA IRQ c0=1
DMA IRQ c1=0
DMA IRQ c2=0
DMA IRQ c3=0
SELECT busy=7604
SELECT w0=7529
SELECT w1=7530
SELECT w2=7530
BUSY TASK ewma=997
DMA IRQ c0=1
DMA IRQ c1=0
DMA IRQ c2=0
DMA IRQ c3=0
SELECT busy=7613
SELECT w0=7537
SELECT w1=7538
SELECT w2=7538
BUSY TASK ewma=997
DMA IRQ c0=1
DMA IRQ c1=0
DMA IRQ c2=0
DMA IRQ c3=0
SELECT busy=7622
SELECT w0=7546
SELECT w1=7547
SELECT w2=7547
BUSY TASK ewma=997
DMA IRQ c0=1
DMA IRQ c1=0
DMA IRQ c2=0
DMA IRQ c3=0
SELECT busy=7630
SELECT w0=7554
SELECT w1=7555
SELECT w2=7556
BUSY TASK ewma=997
DMA IRQ c0=1
DMA IRQ c1=0
DMA IRQ c2=0
DMA IRQ c3=0
SELECT busy=7639
SELECT w0=7563
SELECT w1=7564
SELECT w2=7564
BUSY TASK ewma=997
DMA IRQ c0=1
DMA IRQ c1=0
DMA IRQ c2=0
DMA IRQ c3=0
SELECT busy=7647
SELECT w0=7571
SELECT w1=7572
SELECT w2=7572
BUSY TASK ewma=997
DMA IRQ c0=1
DMA IRQ c1=0
DMA IRQ c2=0
DMA IRQ c3=0
SELECT busy=7655
SELECT w0=7579
SELECT w1=7580
SELECT w2=7580
BUSY TASK ewma=997
DMA IRQ c0=1
DMA IRQ c1=0
DMA IRQ c2=0
DMA IRQ c3=0
SELECT busy=7664
SELECT w0=7588
SELECT w1=7589
SELECT w2=7589
BUSY TASK ewma=997
DMA IRQ c0=1
DMA IRQ c1=0
DMA IRQ c2=0
DMA IRQ c3=0
SELECT busy=7672
SELECT w0=7596
SELECT w1=7597
SELECT w2=7597
BUSY TASK ewma=997
DMA IRQ c0=1
DMA IRQ c1=0
DMA IRQ c2=0
DMA IRQ c3=0
SELECT busy=7681
SELECT w0=7605
SELECT w1=7606
SELECT w2=7606
BUSY TASK ewma=997
DMA IRQ c0=1
DMA IRQ c1=0
DMA IRQ c2=0
DMA IRQ c3=0
SELECT busy=7690
SELECT w0=7614
SELECT w1=7615
SELECT w2=7615
BUSY TASK ewma=997
DMA IRQ c0=1
DMA IRQ c1=0
DMA IRQ c2=0
DMA IRQ c3=0
SELECT busy=7699
SELECT w0=7623
SELECT w1=7624
SELECT w2=7625
BUSY TASK ewma=997
DMA IRQ c0=1
DMA IRQ c1=0
DMA IRQ c2=0
DMA IRQ c3=0
SELECT busy=7708
SELECT w0=7632
SELECT w1=7633
SELECT w2=7633
BUSY TASK ewma=997
DMA IRQ c0=1
DMA IRQ c1=0
DMA IRQ c2=0
DMA IRQ c3=0
SELECT busy=7716
SELECT w0=7640
SELECT w1=7641
SELECT w2=7641
BUSY TASK ewma=997
DMA IRQ c0=1
DMA IRQ c1=0
DMA IRQ c2=0
DMA IRQ c3=0
SELECT busy=7724
SELECT w0=7648
SELECT w1=7649
SELECT w2=7649
BUSY TASK ewma=997
DMA IRQ c0=1
DMA IRQ c1=0
DMA IRQ c2=0
DMA IRQ c3=0
SELECT busy=7732
SELECT w0=7657
SELECT w1=7658
SELECT w2=7658
BUSY TASK ewma=997
DMA IRQ c0=1
DMA IRQ c1=0
DMA IRQ c2=0
DMA IRQ c3=0
SELECT busy=7741
SELECT w0=7665
SELECT w1=7666
SELECT w2=7666
BUSY TASK ewma=997
IRQ counts: cpu0=30766 cpu1=0 cpu2=0 cpu3=0
SCHED secondaries: calls=0 unexpected=0
SECTEST switches=0 cpu1=0,0 cpu2=0,0 cpu3=0,0
PINGPONG rounds=0 pongs=0
DMA IRQ c0=1
DMA IRQ c1=0
DMA IRQ c2=0
DMA IRQ c3=0
SELECT busy=7750
SELECT w0=7674
SELECT w1=7675
SELECT w2=7675
BUSY TASK ewma=997
DMA IRQ c0=1
DMA IRQ c1=0
DMA IRQ c2=0
DMA IRQ c3=0
SELECT busy=7759
SELECT w0=7683
SELECT w1=7684
SELECT w2=7684
BUSY TASK ewma=997
DMA IRQ c0=1
DMA IRQ c1=0
DMA IRQ c2=0
DMA IRQ c3=0
SELECT busy=7767
SELECT w0=7691
SELECT w1=7692
SELECT w2=7692
BUSY TASK ewma=997
DMA IRQ c0=1
DMA IRQ c1=0
DMA IRQ c2=0
DMA IRQ c3=0
SELECT busy=7776
SELECT w0=7700
SELECT w1=7701
SELECT w2=7701
BUSY TASK ewma=997
DMA IRQ c0=1
DMA IRQ c1=0
DMA IRQ c2=0
DMA IRQ c3=0
SELECT busy=7784
SELECT w0=7708
SELECT w1=7709
SELECT w2=7710
BUSY TASK ewma=997
DMA IRQ c0=1
DMA IRQ c1=0
DMA IRQ c2=0
DMA IRQ c3=0
SELECT busy=7793
SELECT w0=7717
SELECT w1=7718
SELECT w2=7718
BUSY TASK ewma=997
DMA IRQ c0=1
DMA IRQ c1=0
DMA IRQ c2=0
DMA IRQ c3=0
SELECT busy=7802
SELECT w0=7726
SELECT w1=7727
SELECT w2=7727
BUSY TASK ewma=997
DMA IRQ c0=1
DMA IRQ c1=0
DMA IRQ c2=0
DMA IRQ c3=0
SELECT busy=7810
SELECT w0=7734
SELECT w1=7735
SELECT w2=7735
BUSY TASK ewma=997
DMA IRQ c0=1
DMA IRQ c1=0
DMA IRQ c2=0
DMA IRQ c3=0
SELECT busy=7819
SELECT w0=7743
SELECT w1=7744
SELECT w2=7744
BUSY TASK ewma=997
DMA IRQ c0=1
DMA IRQ c1=0
DMA IRQ c2=0
DMA IRQ c3=0
SELECT busy=7827
SELECT w0=7752
SELECT w1=7753
SELECT w2=7753
BUSY TASK ewma=997
DMA IRQ c0=1
DMA IRQ c1=0
DMA IRQ c2=0
DMA IRQ c3=0
SELECT busy=7836
SELECT w0=7760
SELECT w1=7761
SELECT w2=7761
BUSY TASK ewma=997
DMA IRQ c0=1
DMA IRQ c1=0
DMA IRQ c2=0
DMA IRQ c3=0
SELECT busy=7844
SELECT w0=7768
SELECT w1=7769
SELECT w2=7770
BUSY TASK ewma=997
DMA IRQ c0=1
DMA IRQ c1=0
DMA IRQ c2=0
DMA IRQ c3=0
SELECT busy=7853
SELECT w0=7777
SELECT w1=7778
SELECT w2=7778
BUSY TASK ewma=997
DMA IRQ c0=1
DMA IRQ c1=0
DMA IRQ c2=0
DMA IRQ c3=0
SELECT busy=7862
SELECT w0=7786
SELECT w1=7787
SELECT w2=7787
BUSY TASK ewma=997
DMA IRQ c0=1
DMA IRQ c1=0
DMA IRQ c2=0
DMA IRQ c3=0
SELECT busy=7870
SELECT w0=7794
SELECT w1=7795
SELECT w2=7795
BUSY TASK ewma=997
DMA IRQ c0=1
DMA IRQ c1=0
DMA IRQ c2=0
DMA IRQ c3=0
SELECT busy=7879
SELECT w0=7803
SELECT w1=7804
SELECT w2=7804
BUSY TASK ewma=997
DMA IRQ c0=1
DMA IRQ c1=0
DMA IRQ c2=0
DMA IRQ c3=0
SELECT busy=7887
SELECT w0=7811
SELECT w1=7812
SELECT w2=7812
BUSY TASK ewma=997
DMA IRQ c0=1
DMA IRQ c1=0
DMA IRQ c2=0
DMA IRQ c3=0
SELECT busy=7895
SELECT w0=7819
SELECT w1=7820
SELECT w2=7820
BUSY TASK ewma=997
DMA IRQ c0=1
DMA IRQ c1=0
DMA IRQ c2=0
DMA IRQ c3=0
SELECT busy=7904
SELECT w0=7828
SELECT w1=7829
SELECT w2=7829
BUSY TASK ewma=997
DMA IRQ c0=1
DMA IRQ c1=0
DMA IRQ c2=0
DMA IRQ c3=0
SELECT busy=7912
SELECT w0=7836
SELECT w1=7837
SELECT w2=7837
BUSY TASK ewma=997
DMA IRQ c0=1
DMA IRQ c1=0
DMA IRQ c2=0
DMA IRQ c3=0
SELECT busy=7920
SELECT w0=7844
SELECT w1=7845
SELECT w2=7846
BUSY TASK ewma=997
DMA IRQ c0=1
DMA IRQ c1=0
DMA IRQ c2=0
DMA IRQ c3=0
SELECT busy=7929
SELECT w0=7853
SELECT w1=7854
SELECT w2=7854
BUSY TASK ewma=997
DMA IRQ c0=1
DMA IRQ c1=0
DMA IRQ c2=0
DMA IRQ c3=0
SELECT busy=7937
SELECT w0=7861
SELECT w1=7862
SELECT w2=7862
BUSY TASK ewma=997
DMA IRQ c0=1
DMA IRQ c1=0
DMA IRQ c2=0
DMA IRQ c3=0
SELECT busy=7945
SELECT w0=7869
SELECT w1=7870
SELECT w2=7871
BUSY TASK ewma=997
DMA IRQ c0=1
DMA IRQ c1=0
DMA IRQ c2=0
DMA IRQ c3=0
SELECT busy=7954
SELECT w0=7878
SELECT w1=7879
SELECT w2=7879
BUSY TASK ewma=997
DMA IRQ c0=1
DMA IRQ c1=0
DMA IRQ c2=0
DMA IRQ c3=0
SELECT busy=7963
SELECT w0=7887
SELECT w1=7888
SELECT w2=7888
BUSY TASK ewma=997
DMA IRQ c0=1
DMA IRQ c1=0
DMA IRQ c2=0
DMA IRQ c3=0
SELECT busy=7971
SELECT w0=7895
SELECT w1=7896
SELECT w2=7897
BUSY TASK ewma=997
DMA IRQ c0=1
DMA IRQ c1=0
DMA IRQ c2=0
DMA IRQ c3=0
SELECT busy=7980
SELECT w0=7904
SELECT w1=7905
SELECT w2=7905
BUSY TASK ewma=997
DMA IRQ c0=1
DMA IRQ c1=0
DMA IRQ c2=0
DMA IRQ c3=0
SELECT busy=7988
SELECT w0=7912
SELECT w1=7913
SELECT w2=7913
BUSY TASK ewma=997
DMA IRQ c0=1
DMA IRQ c1=0
DMA IRQ c2=0
DMA IRQ c3=0
SELECT busy=7996
SELECT w0=7920
SELECT w1=7921
SELECT w2=7921
BUSY TASK ewma=997
DMA IRQ c0=1
DMA IRQ c1=0
DMA IRQ c2=0
DMA IRQ c3=0
SELECT busy=8005
SELECT w0=7929
SELECT w1=7930
SELECT w2=7930
BUSY TASK ewma=997
DMA IRQ c0=1
DMA IRQ c1=0
DMA IRQ c2=0
DMA IRQ c3=0
SELECT busy=8013
SELECT w0=7937
SELECT w1=7938
SELECT w2=7938
BUSY TASK ewma=997
DMA IRQ c0=1
DMA IRQ c1=0
DMA IRQ c2=0
DMA IRQ c3=0
SELECT busy=8021
SELECT w0=7945
SELECT w1=7946
SELECT w2=7946
BUSY TASK ewma=997
DMA IRQ c0=1
DMA IRQ c1=0
DMA IRQ c2=0
DMA IRQ c3=0
SELECT busy=8030
SELECT w0=7954
SELECT w1=7955
SELECT w2=7955
BUSY TASK ewma=997
DMA IRQ c0=1
DMA IRQ c1=0
DMA IRQ c2=0
DMA IRQ c3=0
SELECT busy=8038
SELECT w0=7962
SELECT w1=7963
SELECT w2=7963
BUSY TASK ewma=997
DMA IRQ c0=1
DMA IRQ c1=0
DMA IRQ c2=0
DMA IRQ c3=0
SELECT busy=8046
SELECT w0=7970
SELECT w1=7972
SELECT w2=7972
BUSY TASK ewma=997
DMA IRQ c0=1
DMA IRQ c1=0
DMA IRQ c2=0
DMA IRQ c3=0
SELECT busy=8055
SELECT w0=7979
SELECT w1=7980
SELECT w2=7980
BUSY TASK ewma=997
DMA IRQ c0=1
DMA IRQ c1=0
DMA IRQ c2=0
DMA IRQ c3=0
SELECT busy=8063
SELECT w0=7987
SELECT w1=7988
SELECT w2=7988
BUSY TASK ewma=997
DMA IRQ c0=1
DMA IRQ c1=0
DMA IRQ c2=0
DMA IRQ c3=0
SELECT busy=8071
SELECT w0=7995
SELECT w1=7996
SELECT w2=7996
BUSY TASK ewma=997
DMA IRQ c0=1
DMA IRQ c1=0
DMA IRQ c2=0
DMA IRQ c3=0
SELECT busy=8080
SELECT w0=8004
SELECT w1=8005
SELECT w2=8005
BUSY TASK ewma=997
DMA IRQ c0=1
DMA IRQ c1=0
DMA IRQ c2=0
DMA IRQ c3=0
SELECT busy=8088
SELECT w0=8012
SELECT w1=8013
SELECT w2=8013
BUSY TASK ewma=997
DMA IRQ c0=1
DMA IRQ c1=0
DMA IRQ c2=0
DMA IRQ c3=0
SELECT busy=8096
SELECT w0=8020
SELECT w1=8022
SELECT w2=8022
BUSY TASK ewma=997
DMA IRQ c0=1
DMA IRQ c1=0
DMA IRQ c2=0
DMA IRQ c3=0
SELECT busy=8105
SELECT w0=8029
SELECT w1=8030
SELECT w2=8030
BUSY TASK ewma=997
DMA IRQ c0=1
DMA IRQ c1=0
DMA IRQ c2=0
DMA IRQ c3=0
SELECT busy=8113
SELECT w0=8037
SELECT w1=8038
SELECT w2=8038
BUSY TASK ewma=997
DMA IRQ c0=1
DMA IRQ c1=0
DMA IRQ c2=0
DMA IRQ c3=0
SELECT busy=8121
SELECT w0=8045
SELECT w1=8046
SELECT w2=8046
BUSY TASK ewma=997
DMA IRQ c0=1
DMA IRQ c1=0
DMA IRQ c2=0
DMA IRQ c3=0
SELECT busy=8129
SELECT w0=8053
SELECT w1=8054
SELECT w2=8054
BUSY TASK ewma=997
DMA IRQ c0=1
DMA IRQ c1=0
DMA IRQ c2=0
DMA IRQ c3=0
SELECT busy=8137
SELECT w0=8061
SELECT w1=8062
SELECT w2=8062
BUSY TASK ewma=997
DMA IRQ c0=1
DMA IRQ c1=0
DMA IRQ c2=0
DMA IRQ c3=0
SELECT busy=8145
SELECT w0=8069
SELECT w1=8070
SELECT w2=8071
BUSY TASK ewma=997
DMA IRQ c0=1
DMA IRQ c1=0
DMA IRQ c2=0
DMA IRQ c3=0
SELECT busy=8154
SELECT w0=8078
SELECT w1=8079
SELECT w2=8079
BUSY TASK ewma=997
DMA IRQ c0=1
DMA IRQ c1=0
DMA IRQ c2=0
DMA IRQ c3=0
SELECT busy=8162
SELECT w0=8086
SELECT w1=8087
SELECT w2=8087
BUSY TASK ewma=997
DMA IRQ c0=1
DMA IRQ c1=0
DMA IRQ c2=0
DMA IRQ c3=0
SELECT busy=8170
SELECT w0=8094
SELECT w1=8095
SELECT w2=8095
BUSY TASK ewma=997
DMA IRQ c0=1
DMA IRQ c1=0
DMA IRQ c2=0
DMA IRQ c3=0
SELECT busy=8178
SELECT w0=8102
SELECT w1=8104
SELECT w2=8104
BUSY TASK ewma=997
DMA IRQ c0=1
DMA IRQ c1=0
DMA IRQ c2=0
DMA IRQ c3=0
SELECT busy=8187
SELECT w0=8111
SELECT w1=8112
SELECT w2=8112
BUSY TASK ewma=997
DMA IRQ c0=1
DMA IRQ c1=0
DMA IRQ c2=0
DMA IRQ c3=0
SELECT busy=8195
SELECT w0=8119
SELECT w1=8121
SELECT w2=8121
BUSY TASK ewma=997
DMA IRQ c0=1
DMA IRQ c1=0
DMA IRQ c2=0
DMA IRQ c3=0
SELECT busy=8204
SELECT w0=8128
SELECT w1=8129
SELECT w2=8129
BUSY TASK ewma=997
DMA IRQ c0=1
DMA IRQ c1=0
DMA IRQ c2=0
DMA IRQ c3=0
SELECT busy=8213
SELECT w0=8137
SELECT w1=8138
SELECT w2=8138
BUSY TASK ewma=997
DMA IRQ c0=1
DMA IRQ c1=0
DMA IRQ c2=0
DMA IRQ c3=0
SELECT busy=8221
SELECT w0=8145
SELECT w1=8146
SELECT w2=8146
BUSY TASK ewma=997
DMA IRQ c0=1
DMA IRQ c1=0
DMA IRQ c2=0
DMA IRQ c3=0
SELECT busy=8229
SELECT w0=8153
SELECT w1=8154
SELECT w2=8154
BUSY TASK ewma=997
DMA IRQ c0=1
DMA IRQ c1=0
DMA IRQ c2=0
DMA IRQ c3=0
SELECT busy=8237
SELECT w0=8162
SELECT w1=8163
SELECT w2=8163
BUSY TASK ewma=997
DMA IRQ c0=1
DMA IRQ c1=0
DMA IRQ c2=0
DMA IRQ c3=0
SELECT busy=8246
SELECT w0=8170
SELECT w1=8171
SELECT w2=8171
BUSY TASK ewma=997
DMA IRQ c0=1
DMA IRQ c1=0
DMA IRQ c2=0
DMA IRQ c3=0
SELECT busy=8254
SELECT w0=8179
SELECT w1=8180
SELECT w2=8180
BUSY TASK ewma=997
DMA IRQ c0=1
DMA IRQ c1=0
DMA IRQ c2=0
DMA IRQ c3=0
SELECT busy=8263
SELECT w0=8187
SELECT w1=8188
SELECT w2=8188
BUSY TASK ewma=997
DMA IRQ c0=1
DMA IRQ c1=0
DMA IRQ c2=0
DMA IRQ c3=0
SELECT busy=8271
SELECT w0=8195
SELECT w1=8196
SELECT w2=8196
BUSY TASK ewma=997
DMA IRQ c0=1
DMA IRQ c1=0
DMA IRQ c2=0
DMA IRQ c3=0
SELECT busy=8279
SELECT w0=8203
SELECT w1=8204
SELECT w2=8205
BUSY TASK ewma=997
IRQ counts: cpu0=32918 cpu1=0 cpu2=0 cpu3=0
SCHED secondaries: calls=0 unexpected=0
SECTEST switches=0 cpu1=0,0 cpu2=0,0 cpu3=0,0
PINGPONG rounds=0 pongs=0
DMA IRQ c0=1
DMA IRQ c1=0
DMA IRQ c2=0
DMA IRQ c3=0
SELECT busy=8288
SELECT w0=8212
SELECT w1=8213
SELECT w2=8214
BUSY TASK ewma=997
DMA IRQ c0=1
DMA IRQ c1=0
DMA IRQ c2=0
DMA IRQ c3=0
SELECT busy=8297
SELECT w0=8221
SELECT w1=8222
SELECT w2=8222
BUSY TASK ewma=997
DMA IRQ c0=1
DMA IRQ c1=0
DMA IRQ c2=0
DMA IRQ c3=0
SELECT busy=8305
SELECT w0=8229
SELECT w1=8230
SELECT w2=8230
BUSY TASK ewma=997
DMA IRQ c0=1
DMA IRQ c1=0
DMA IRQ c2=0
DMA IRQ c3=0
SELECT busy=8313
SELECT w0=8238
SELECT w1=8239
SELECT w2=8239
BUSY TASK ewma=997
DMA IRQ c0=1
DMA IRQ c1=0
DMA IRQ c2=0
DMA IRQ c3=0
SELECT busy=8322
SELECT w0=8246
SELECT w1=8247
SELECT w2=8247
BUSY TASK ewma=997
DMA IRQ c0=1
DMA IRQ c1=0
DMA IRQ c2=0
DMA IRQ c3=0
SELECT busy=8331
SELECT w0=8255
SELECT w1=8256
SELECT w2=8256
BUSY TASK ewma=997
DMA IRQ c0=1
DMA IRQ c1=0
DMA IRQ c2=0
DMA IRQ c3=0
SELECT busy=8340
SELECT w0=8264
SELECT w1=8265
SELECT w2=8265
BUSY TASK ewma=997
DMA IRQ c0=1
DMA IRQ c1=0
DMA IRQ c2=0
DMA IRQ c3=0
SELECT busy=8348
SELECT w0=8272
SELECT w1=8273
SELECT w2=8273
BUSY TASK ewma=997
DMA IRQ c0=1
DMA IRQ c1=0
DMA IRQ c2=0
DMA IRQ c3=0
SELECT busy=8356
SELECT w0=8280
SELECT w1=8282
SELECT w2=8282
BUSY TASK ewma=997
DMA IRQ c0=1
DMA IRQ c1=0
DMA IRQ c2=0
DMA IRQ c3=0
SELECT busy=8364
SELECT w0=8288
SELECT w1=8289
SELECT w2=8289
BUSY TASK ewma=997
DMA IRQ c0=1
DMA IRQ c1=0
DMA IRQ c2=0
DMA IRQ c3=0
SELECT busy=8373
SELECT w0=8297
SELECT w1=8298
SELECT w2=8298
BUSY TASK ewma=997
DMA IRQ c0=1
DMA IRQ c1=0
DMA IRQ c2=0
DMA IRQ c3=0
SELECT busy=8381
SELECT w0=8305
SELECT w1=8306
SELECT w2=8306
BUSY TASK ewma=997
DMA IRQ c0=1
DMA IRQ c1=0
DMA IRQ c2=0
DMA IRQ c3=0
SELECT busy=8390
SELECT w0=8314
SELECT w1=8315
SELECT w2=8315
BUSY TASK ewma=997
DMA IRQ c0=1
DMA IRQ c1=0
DMA IRQ c2=0
DMA IRQ c3=0
SELECT busy=8398
SELECT w0=8322
SELECT w1=8323
SELECT w2=8324
BUSY TASK ewma=997
DMA IRQ c0=1
DMA IRQ c1=0
DMA IRQ c2=0
DMA IRQ c3=0
SELECT busy=8407
SELECT w0=8331
SELECT w1=8332
SELECT w2=8332
BUSY TASK ewma=997
DMA IRQ c0=1
DMA IRQ c1=0
DMA IRQ c2=0
DMA IRQ c3=0
SELECT busy=8415
SELECT w0=8340
SELECT w1=8341
SELECT w2=8341
BUSY TASK ewma=997
DMA IRQ c0=1
DMA IRQ c1=0
DMA IRQ c2=0
DMA IRQ c3=0
SELECT busy=8424
SELECT w0=8348
SELECT w1=8349
SELECT w2=8349
BUSY TASK ewma=997
DMA IRQ c0=1
DMA IRQ c1=0
DMA IRQ c2=0
DMA IRQ c3=0
SELECT busy=8432
SELECT w0=8356
SELECT w1=8357
SELECT w2=8358
BUSY TASK ewma=997
DMA IRQ c0=1
DMA IRQ c1=0
DMA IRQ c2=0
DMA IRQ c3=0
SELECT busy=8441
SELECT w0=8365
SELECT w1=8366
SELECT w2=8366
BUSY TASK ewma=997
DMA IRQ c0=1
DMA IRQ c1=0
DMA IRQ c2=0
DMA IRQ c3=0
SELECT busy=8449
SELECT w0=8373
SELECT w1=8374
SELECT w2=8374
BUSY TASK ewma=997
DMA IRQ c0=1
DMA IRQ c1=0
DMA IRQ c2=0
DMA IRQ c3=0
SELECT busy=8457
SELECT w0=8381
SELECT w1=8382
SELECT w2=8383
BUSY TASK ewma=997
DMA IRQ c0=1
DMA IRQ c1=0
DMA IRQ c2=0
DMA IRQ c3=0
SELECT busy=8465
SELECT w0=8390
SELECT w1=8391
SELECT w2=8391
BUSY TASK ewma=997
DMA IRQ c0=1
DMA IRQ c1=0
DMA IRQ c2=0
DMA IRQ c3=0
SELECT busy=8474
SELECT w0=8398
SELECT w1=8399
SELECT w2=8399
BUSY TASK ewma=997
DMA IRQ c0=1
DMA IRQ c1=0
DMA IRQ c2=0
DMA IRQ c3=0
SELECT busy=8482
SELECT w0=8406
SELECT w1=8407
SELECT w2=8407
BUSY TASK ewma=997
DMA IRQ c0=1
DMA IRQ c1=0
DMA IRQ c2=0
DMA IRQ c3=0
SELECT busy=8490
SELECT w0=8415
SELECT w1=8416
SELECT w2=8416
BUSY TASK ewma=997
DMA IRQ c0=1
DMA IRQ c1=0
DMA IRQ c2=0
DMA IRQ c3=0
SELECT busy=8499
SELECT w0=8423
SELECT w1=8424
SELECT w2=8424
BUSY TASK ewma=997
DMA IRQ c0=1
DMA IRQ c1=0
DMA IRQ c2=0
DMA IRQ c3=0
SELECT busy=8507
SELECT w0=8431
SELECT w1=8432
SELECT w2=8432
BUSY TASK ewma=997
DMA IRQ c0=1
DMA IRQ c1=0
DMA IRQ c2=0
DMA IRQ c3=0
SELECT busy=8516
SELECT w0=8440
SELECT w1=8441
SELECT w2=8441
BUSY TASK ewma=997
DMA IRQ c0=1
DMA IRQ c1=0
DMA IRQ c2=0
DMA IRQ c3=0
SELECT busy=8523
SELECT w0=8447
SELECT w1=8448
SELECT w2=8448
BUSY TASK ewma=997
DMA IRQ c0=1
DMA IRQ c1=0
DMA IRQ c2=0
DMA IRQ c3=0
SELECT busy=8531
SELECT w0=8456
SELECT w1=8457
SELECT w2=8457
BUSY TASK ewma=997
DMA IRQ c0=1
DMA IRQ c1=0
DMA IRQ c2=0
DMA IRQ c3=0
SELECT busy=8540
SELECT w0=8464
SELECT w1=8465
SELECT w2=8465
BUSY TASK ewma=997
DMA IRQ c0=1
DMA IRQ c1=0
DMA IRQ c2=0
DMA IRQ c3=0
SELECT busy=8548
SELECT w0=8472
SELECT w1=8473
SELECT w2=8474
BUSY TASK ewma=997
DMA IRQ c0=1
DMA IRQ c1=0
DMA IRQ c2=0
DMA IRQ c3=0
SELECT busy=8557
SELECT w0=8481
SELECT w1=8482
SELECT w2=8482
BUSY TASK ewma=997
DMA IRQ c0=1
DMA IRQ c1=0
DMA IRQ c2=0
DMA IRQ c3=0
SELECT busy=8566
SELECT w0=8490
SELECT w1=8491
SELECT w2=8491
BUSY TASK ewma=997
DMA IRQ c0=1
DMA IRQ c1=0
DMA IRQ c2=0
DMA IRQ c3=0
SELECT busy=8574
SELECT w0=8498
SELECT w1=8499
SELECT w2=8499
BUSY TASK ewma=997
DMA IRQ c0=1
DMA IRQ c1=0
DMA IRQ c2=0
DMA IRQ c3=0
SELECT busy=8583
SELECT w0=8507
SELECT w1=8508
SELECT w2=8508
BUSY TASK ewma=997
DMA IRQ c0=1
DMA IRQ c1=0
DMA IRQ c2=0
DMA IRQ c3=0
SELECT busy=8591
SELECT w0=8515
SELECT w1=8516
SELECT w2=8516
BUSY TASK ewma=997
DMA IRQ c0=1
DMA IRQ c1=0
DMA IRQ c2=0
DMA IRQ c3=0
SELECT busy=8600
SELECT w0=8524
SELECT w1=8525
SELECT w2=8525
BUSY TASK ewma=997
DMA IRQ c0=1
DMA IRQ c1=0
DMA IRQ c2=0
DMA IRQ c3=0
SELECT busy=8609
SELECT w0=8533
SELECT w1=8534
SELECT w2=8534
BUSY TASK ewma=997
DMA IRQ c0=1
DMA IRQ c1=0
DMA IRQ c2=0
DMA IRQ c3=0
SELECT busy=8617
SELECT w0=8541
SELECT w1=8542
SELECT w2=8542
BUSY TASK ewma=997
DMA IRQ c0=1
DMA IRQ c1=0
DMA IRQ c2=0
DMA IRQ c3=0
SELECT busy=8625
SELECT w0=8549
SELECT w1=8550
SELECT w2=8550
BUSY TASK ewma=997
DMA IRQ c0=1
DMA IRQ c1=0
DMA IRQ c2=0
DMA IRQ c3=0
SELECT busy=8633
SELECT w0=8557
SELECT w1=8559
SELECT w2=8559
BUSY TASK ewma=997
DMA IRQ c0=1
DMA IRQ c1=0
DMA IRQ c2=0
DMA IRQ c3=0
SELECT busy=8642
SELECT w0=8566
SELECT w1=8567
SELECT w2=8567
BUSY TASK ewma=997
DMA IRQ c0=1
DMA IRQ c1=0
DMA IRQ c2=0
DMA IRQ c3=0
SELECT busy=8651
SELECT w0=8575
SELECT w1=8576
SELECT w2=8576
BUSY TASK ewma=997
DMA IRQ c0=1
DMA IRQ c1=0
DMA IRQ c2=0
DMA IRQ c3=0
SELECT busy=8660
SELECT w0=8584
SELECT w1=8585
SELECT w2=8585
BUSY TASK ewma=997
DMA IRQ c0=1
DMA IRQ c1=0
DMA IRQ c2=0
DMA IRQ c3=0
SELECT busy=8669
SELECT w0=8593
SELECT w1=8594
SELECT w2=8594
BUSY TASK ewma=997
DMA IRQ c0=1
DMA IRQ c1=0
DMA IRQ c2=0
DMA IRQ c3=0
SELECT busy=8678
SELECT w0=8602
SELECT w1=8603
SELECT w2=8603
BUSY TASK ewma=997
DMA IRQ c0=1
DMA IRQ c1=0
DMA IRQ c2=0
DMA IRQ c3=0
SELECT busy=8686
SELECT w0=8610
SELECT w1=8611
SELECT w2=8611
BUSY TASK ewma=997
DMA IRQ c0=1
DMA IRQ c1=0
DMA IRQ c2=0
DMA IRQ c3=0
SELECT busy=8694
SELECT w0=8618
SELECT w1=8619
SELECT w2=8619
BUSY TASK ewma=997
DMA IRQ c0=1
DMA IRQ c1=0
DMA IRQ c2=0
DMA IRQ c3=0
SELECT busy=8702
SELECT w0=8626
SELECT w1=8627
SELECT w2=8627
BUSY TASK ewma=997
DMA IRQ c0=1
DMA IRQ c1=0
DMA IRQ c2=0
DMA IRQ c3=0
SELECT busy=8710
SELECT w0=8634
SELECT w1=8635
SELECT w2=8635
BUSY TASK ewma=997
DMA IRQ c0=1
DMA IRQ c1=0
DMA IRQ c2=0
DMA IRQ c3=0
SELECT busy=8718
SELECT w0=8642
SELECT w1=8643
SELECT w2=8644
BUSY TASK ewma=997
DMA IRQ c0=1
DMA IRQ c1=0
DMA IRQ c2=0
DMA IRQ c3=0
SELECT busy=8726
SELECT w0=8651
SELECT w1=8652
SELECT w2=8652
BUSY TASK ewma=997
DMA IRQ c0=1
DMA IRQ c1=0
DMA IRQ c2=0
DMA IRQ c3=0
SELECT busy=8735
SELECT w0=8659
SELECT w1=8660
SELECT w2=8660
BUSY TASK ewma=997
DMA IRQ c0=1
DMA IRQ c1=0
DMA IRQ c2=0
DMA IRQ c3=0
SELECT busy=8743
SELECT w0=8667
SELECT w1=8668
SELECT w2=8668
BUSY TASK ewma=997
DMA IRQ c0=1
DMA IRQ c1=0
DMA IRQ c2=0
DMA IRQ c3=0
SELECT busy=8751
SELECT w0=8675
SELECT w1=8676
SELECT w2=8676
BUSY TASK ewma=997
DMA IRQ c0=1
DMA IRQ c1=0
DMA IRQ c2=0
DMA IRQ c3=0
SELECT busy=8759
SELECT w0=8683
SELECT w1=8685
SELECT w2=8685
BUSY TASK ewma=997
DMA IRQ c0=1
DMA IRQ c1=0
DMA IRQ c2=0
DMA IRQ c3=0
SELECT busy=8768
SELECT w0=8692
SELECT w1=8693
SELECT w2=8693
BUSY TASK ewma=997
DMA IRQ c0=1
DMA IRQ c1=0
DMA IRQ c2=0
DMA IRQ c3=0
SELECT busy=8776
SELECT w0=8700
SELECT w1=8701
SELECT w2=8701
BUSY TASK ewma=997
DMA IRQ c0=1
DMA IRQ c1=0
DMA IRQ c2=0
DMA IRQ c3=0
SELECT busy=8784
SELECT w0=8709
SELECT w1=8710
SELECT w2=8710
BUSY TASK ewma=997
DMA IRQ c0=1
DMA IRQ c1=0
DMA IRQ c2=0
DMA IRQ c3=0
SELECT busy=8793
SELECT w0=8717
SELECT w1=8718
SELECT w2=8718
BUSY TASK ewma=997
DMA IRQ c0=1
DMA IRQ c1=0
DMA IRQ c2=0
DMA IRQ c3=0
SELECT busy=8802
SELECT w0=8726
SELECT w1=8727
SELECT w2=8727
BUSY TASK ewma=997
DMA IRQ c0=1
DMA IRQ c1=0
DMA IRQ c2=0
DMA IRQ c3=0
SELECT busy=8810
SELECT w0=8734
SELECT w1=8735
SELECT w2=8735
BUSY TASK ewma=997
DMA IRQ c0=1
DMA IRQ c1=0
DMA IRQ c2=0
DMA IRQ c3=0
SELECT busy=8818
SELECT w0=8742
SELECT w1=8743
SELECT w2=8744
BUSY TASK ewma=997
IRQ counts: cpu0=35074 cpu1=0 cpu2=0 cpu3=0
SCHED secondaries: calls=0 unexpected=0
SECTEST switches=0 cpu1=0,0 cpu2=0,0 cpu3=0,0
PINGPONG rounds=0 pongs=0
DMA IRQ c0=1
DMA IRQ c1=0
DMA IRQ c2=0
DMA IRQ c3=0
SELECT busy=8827
SELECT w0=8751
SELECT w1=8753
SELECT w2=8753
BUSY TASK ewma=997
DMA IRQ c0=1
DMA IRQ c1=0
DMA IRQ c2=0
DMA IRQ c3=0
SELECT busy=8836
SELECT w0=8760
SELECT w1=8761
SELECT w2=8761
BUSY TASK ewma=997
DMA IRQ c0=1
DMA IRQ c1=0
DMA IRQ c2=0
DMA IRQ c3=0
SELECT busy=8844
SELECT w0=8768
SELECT w1=8769
SELECT w2=8769
BUSY TASK ewma=997
DMA IRQ c0=1
DMA IRQ c1=0
DMA IRQ c2=0
DMA IRQ c3=0
SELECT busy=8853
SELECT w0=8777
SELECT w1=8778
SELECT w2=8778
BUSY TASK ewma=997
DMA IRQ c0=1
DMA IRQ c1=0
DMA IRQ c2=0
DMA IRQ c3=0
SELECT busy=8861
SELECT w0=8785
SELECT w1=8786
SELECT w2=8786
BUSY TASK ewma=997
DMA IRQ c0=1
DMA IRQ c1=0
DMA IRQ c2=0
DMA IRQ c3=0
SELECT busy=8870
SELECT w0=8794
SELECT w1=8795
SELECT w2=8795
BUSY TASK ewma=997
DMA IRQ c0=1
DMA IRQ c1=0
DMA IRQ c2=0
DMA IRQ c3=0
SELECT busy=8879
SELECT w0=8803
SELECT w1=8804
SELECT w2=8804
BUSY TASK ewma=997
DMA IRQ c0=1
DMA IRQ c1=0
DMA IRQ c2=0
DMA IRQ c3=0
SELECT busy=8888
SELECT w0=8812
SELECT w1=8813
SELECT w2=8813
BUSY TASK ewma=997
DMA IRQ c0=1
DMA IRQ c1=0
DMA IRQ c2=0
DMA IRQ c3=0
SELECT busy=8897
SELECT w0=8821
SELECT w1=8822
SELECT w2=8822
BUSY TASK ewma=997
DMA IRQ c0=1
DMA IRQ c1=0
DMA IRQ c2=0
DMA IRQ c3=0
SELECT busy=8905
SELECT w0=8829
SELECT w1=8830
SELECT w2=8830
BUSY TASK ewma=997
DMA IRQ c0=1
DMA IRQ c1=0
DMA IRQ c2=0
DMA IRQ c3=0
SELECT busy=8914
SELECT w0=8838
SELECT w1=8839
SELECT w2=8839
BUSY TASK ewma=997
DMA IRQ c0=1
DMA IRQ c1=0
DMA IRQ c2=0
DMA IRQ c3=0
SELECT busy=8922
SELECT w0=8847
SELECT w1=8848
SELECT w2=8848
BUSY TASK ewma=997
DMA IRQ c0=1
DMA IRQ c1=0
DMA IRQ c2=0
DMA IRQ c3=0
SELECT busy=8931
SELECT w0=8855
SELECT w1=8856
SELECT w2=8856
BUSY TASK ewma=997
DMA IRQ c0=1
DMA IRQ c1=0
DMA IRQ c2=0
DMA IRQ c3=0
SELECT busy=8940
SELECT w0=8864
SELECT w1=8865
SELECT w2=8865
BUSY TASK ewma=997
DMA IRQ c0=1
DMA IRQ c1=0
DMA IRQ c2=0
DMA IRQ c3=0
SELECT busy=8948
SELECT w0=8872
SELECT w1=8873
SELECT w2=8874
BUSY TASK ewma=997
DMA IRQ c0=1
DMA IRQ c1=0
DMA IRQ c2=0
DMA IRQ c3=0
SELECT busy=8957
SELECT w0=8881
SELECT w1=8882
SELECT w2=8882
BUSY TASK ewma=997
DMA IRQ c0=1
DMA IRQ c1=0
DMA IRQ c2=0
DMA IRQ c3=0
SELECT busy=8965
SELECT w0=8889
SELECT w1=8890
SELECT w2=8890
BUSY TASK ewma=997
DMA IRQ c0=1
DMA IRQ c1=0
DMA IRQ c2=0
DMA IRQ c3=0
SELECT busy=8974
SELECT w0=8898
SELECT w1=8899
SELECT w2=8899
BUSY TASK ewma=997
DMA IRQ c0=1
DMA IRQ c1=0
DMA IRQ c2=0
DMA IRQ c3=0
SELECT busy=8982
SELECT w0=8906
SELECT w1=8907
SELECT w2=8907
BUSY TASK ewma=997
DMA IRQ c0=1
DMA IRQ c1=0
DMA IRQ c2=0
DMA IRQ c3=0
SELECT busy=8990
SELECT w0=8914
SELECT w1=8915
SELECT w2=8915
BUSY TASK ewma=997
DMA IRQ c0=1
DMA IRQ c1=0
DMA IRQ c2=0
DMA IRQ c3=0
SELECT busy=8998
SELECT w0=8923
SELECT w1=8924
SELECT w2=8924
BUSY TASK ewma=997
DMA IRQ c0=1
DMA IRQ c1=0
DMA IRQ c2=0
DMA IRQ c3=0
SELECT busy=9007
SELECT w0=8931
SELECT w1=8932
SELECT w2=8932
BUSY TASK ewma=997
DMA IRQ c0=1
DMA IRQ c1=0
DMA IRQ c2=0
DMA IRQ c3=0
SELECT busy=9015
SELECT w0=8940
SELECT w1=8941
SELECT w2=8941
BUSY TASK ewma=997
DMA IRQ c0=1
DMA IRQ c1=0
DMA IRQ c2=0
DMA IRQ c3=0
SELECT busy=9024
SELECT w0=8948
SELECT w1=8949
SELECT w2=8949
BUSY TASK ewma=997
DMA IRQ c0=1
DMA IRQ c1=0
DMA IRQ c2=0
DMA IRQ c3=0
SELECT busy=9032
SELECT w0=8956
SELECT w1=8957
SELECT w2=8957
BUSY TASK ewma=997
DMA IRQ c0=1
DMA IRQ c1=0
DMA IRQ c2=0
DMA IRQ c3=0
SELECT busy=9041
SELECT w0=8965
SELECT w1=8966
SELECT w2=8966
BUSY TASK ewma=997
DMA IRQ c0=1
DMA IRQ c1=0
DMA IRQ c2=0
DMA IRQ c3=0
SELECT busy=9049
SELECT w0=8973
SELECT w1=8974
SELECT w2=8974
BUSY TASK ewma=997
DMA IRQ c0=1
DMA IRQ c1=0
DMA IRQ c2=0
DMA IRQ c3=0
SELECT busy=9058
SELECT w0=8982
SELECT w1=8983
SELECT w2=8983
BUSY TASK ewma=997
DMA IRQ c0=1
DMA IRQ c1=0
DMA IRQ c2=0
DMA IRQ c3=0
SELECT busy=9066
SELECT w0=8990
SELECT w1=8991
SELECT w2=8992
BUSY TASK ewma=997
DMA IRQ c0=1
DMA IRQ c1=0
DMA IRQ c2=0
DMA IRQ c3=0
SELECT busy=9075
SELECT w0=8999
SELECT w1=9000
SELECT w2=9000
BUSY TASK ewma=997
DMA IRQ c0=1
DMA IRQ c1=0
DMA IRQ c2=0
DMA IRQ c3=0
SELECT busy=9084
SELECT w0=9008
SELECT w1=9009
SELECT w2=9009
BUSY TASK ewma=997
DMA IRQ c0=1
DMA IRQ c1=0
DMA IRQ c2=0
DMA IRQ c3=0
SELECT busy=9092
SELECT w0=9016
SELECT w1=9017
SELECT w2=9017
BUSY TASK ewma=997
DMA IRQ c0=1
DMA IRQ c1=0
DMA IRQ c2=0
DMA IRQ c3=0
SELECT busy=9101
SELECT w0=9025
SELECT w1=9026
SELECT w2=9026
BUSY TASK ewma=997
DMA IRQ c0=1
DMA IRQ c1=0
DMA IRQ c2=0
DMA IRQ c3=0
SELECT busy=9109
SELECT w0=9034
SELECT w1=9035
SELECT w2=9035
BUSY TASK ewma=997
DMA IRQ c0=1
DMA IRQ c1=0
DMA IRQ c2=0
DMA IRQ c3=0
SELECT busy=9118
SELECT w0=9042
SELECT w1=9043
SELECT w2=9043
BUSY TASK ewma=997
DMA IRQ c0=1
DMA IRQ c1=0
DMA IRQ c2=0
DMA IRQ c3=0
SELECT busy=9126
SELECT w0=9051
SELECT w1=9052
SELECT w2=9052
BUSY TASK ewma=997
DMA IRQ c0=1
DMA IRQ c1=0
DMA IRQ c2=0
DMA IRQ c3=0
SELECT busy=9135
SELECT w0=9059
SELECT w1=9060
SELECT w2=9060
BUSY TASK ewma=997
DMA IRQ c0=1
DMA IRQ c1=0
DMA IRQ c2=0
DMA IRQ c3=0
SELECT busy=9143
SELECT w0=9068
SELECT w1=9069
SELECT w2=9069
BUSY TASK ewma=997
DMA IRQ c0=1
DMA IRQ c1=0
DMA IRQ c2=0
DMA IRQ c3=0
SELECT busy=9152
SELECT w0=9076
SELECT w1=9077
SELECT w2=9077
BUSY TASK ewma=997
DMA IRQ c0=1
DMA IRQ c1=0
DMA IRQ c2=0
DMA IRQ c3=0
SELECT busy=9161
SELECT w0=9085
SELECT w1=9086
SELECT w2=9086
BUSY TASK ewma=997
DMA IRQ c0=1
DMA IRQ c1=0
DMA IRQ c2=0
DMA IRQ c3=0
SELECT busy=9169
SELECT w0=9093
SELECT w1=9094
SELECT w2=9094
BUSY TASK ewma=997
DMA IRQ c0=1
DMA IRQ c1=0
DMA IRQ c2=0
DMA IRQ c3=0
SELECT busy=9178
SELECT w0=9102
SELECT w1=9103
SELECT w2=9103
BUSY TASK ewma=997
DMA IRQ c0=1
DMA IRQ c1=0
DMA IRQ c2=0
DMA IRQ c3=0
SELECT busy=9188
SELECT w0=9112
SELECT w1=9113
SELECT w2=9113
BUSY TASK ewma=997
DMA IRQ c0=1
DMA IRQ c1=0
DMA IRQ c2=0
DMA IRQ c3=0
SELECT busy=9198
SELECT w0=9122
SELECT w1=9123
SELECT w2=9123
BUSY TASK ewma=997
DMA IRQ c0=1
DMA IRQ c1=0
DMA IRQ c2=0
DMA IRQ c3=0
SELECT busy=9209
SELECT w0=9133
SELECT w1=9134
SELECT w2=9134
BUSY TASK ewma=997
DMA IRQ c0=1
DMA IRQ c1=0
DMA IRQ c2=0
DMA IRQ c3=0
SELECT busy=9218
SELECT w0=9142
SELECT w1=9143
SELECT w2=9143
BUSY TASK ewma=997
DMA IRQ c0=1
DMA IRQ c1=0
DMA IRQ c2=0
DMA IRQ c3=0
SELECT busy=9226
SELECT w0=9150
SELECT w1=9151
SELECT w2=9151
BUSY TASK ewma=997
DMA IRQ c0=1
DMA IRQ c1=0
DMA IRQ c2=0
DMA IRQ c3=0
SELECT busy=9234
SELECT w0=9158
SELECT w1=9160
SELECT w2=9160
BUSY TASK ewma=997
DMA IRQ c0=1
DMA IRQ c1=0
DMA IRQ c2=0
DMA IRQ c3=0
SELECT busy=9243
SELECT w0=9167
SELECT w1=9168
SELECT w2=9168
BUSY TASK ewma=997
DMA IRQ c0=1
DMA IRQ c1=0
DMA IRQ c2=0
DMA IRQ c3=0
SELECT busy=9251
SELECT w0=9175
SELECT w1=9176
SELECT w2=9177
BUSY TASK ewma=997
DMA IRQ c0=1
DMA IRQ c1=0
DMA IRQ c2=0
DMA IRQ c3=0
SELECT busy=9260
SELECT w0=9184
SELECT w1=9185
SELECT w2=9185
BUSY TASK ewma=997
DMA IRQ c0=1
DMA IRQ c1=0
DMA IRQ c2=0
DMA IRQ c3=0
SELECT busy=9268
SELECT w0=9192
SELECT w1=9193
SELECT w2=9193
BUSY TASK ewma=997
DMA IRQ c0=1
DMA IRQ c1=0
DMA IRQ c2=0
DMA IRQ c3=0
SELECT busy=9277
SELECT w0=9201
SELECT w1=9202
SELECT w2=9202
BUSY TASK ewma=997
DMA IRQ c0=1
DMA IRQ c1=0
DMA IRQ c2=0
DMA IRQ c3=0
SELECT busy=9285
SELECT w0=9209
SELECT w1=9210
SELECT w2=9210
BUSY TASK ewma=997
DMA IRQ c0=1
DMA IRQ c1=0
DMA IRQ c2=0
DMA IRQ c3=0
SELECT busy=9293
SELECT w0=9217
SELECT w1=9218
SELECT w2=9218
BUSY TASK ewma=997
DMA IRQ c0=1
DMA IRQ c1=0
DMA IRQ c2=0
DMA IRQ c3=0
SELECT busy=9301
SELECT w0=9225
SELECT w1=9227
SELECT w2=9227
BUSY TASK ewma=997
DMA IRQ c0=1
DMA IRQ c1=0
DMA IRQ c2=0
DMA IRQ c3=0
SELECT busy=9310
SELECT w0=9234
SELECT w1=9235
SELECT w2=9235
BUSY TASK ewma=997
DMA IRQ c0=1
DMA IRQ c1=0
DMA IRQ c2=0
DMA IRQ c3=0
SELECT busy=9318
SELECT w0=9242
SELECT w1=9243
SELECT w2=9243
BUSY TASK ewma=997
DMA IRQ c0=1
DMA IRQ c1=0
DMA IRQ c2=0
DMA IRQ c3=0
SELECT busy=9327
SELECT w0=9251
SELECT w1=9252
SELECT w2=9252
BUSY TASK ewma=997
DMA IRQ c0=1
DMA IRQ c1=0
DMA IRQ c2=0
DMA IRQ c3=0
SELECT busy=9335
SELECT w0=9259
SELECT w1=9261
SELECT w2=9261
BUSY TASK ewma=997
DMA IRQ c0=1
DMA IRQ c1=0
DMA IRQ c2=0
DMA IRQ c3=0
SELECT busy=9344
SELECT w0=9268
SELECT w1=9269
SELECT w2=9269
BUSY TASK ewma=997
DMA IRQ c0=1
DMA IRQ c1=0
DMA IRQ c2=0
DMA IRQ c3=0
SELECT busy=9352
SELECT w0=9276
SELECT w1=9277
SELECT w2=9278
BUSY TASK ewma=997
DMA IRQ c0=1
DMA IRQ c1=0
DMA IRQ c2=0
DMA IRQ c3=0
SELECT busy=9361
SELECT w0=9285
SELECT w1=9286
SELECT w2=9286
BUSY TASK ewma=997
DMA IRQ c0=1
DMA IRQ c1=0
DMA IRQ c2=0
DMA IRQ c3=0
SELECT busy=9370
SELECT w0=9294
SELECT w1=9295
SELECT w2=9295
BUSY TASK ewma=997
IRQ counts: cpu0=37282 cpu1=0 cpu2=0 cpu3=0
SCHED secondaries: calls=0 unexpected=0
SECTEST switches=0 cpu1=0,0 cpu2=0,0 cpu3=0,0
PINGPONG rounds=0 pongs=0
DMA IRQ c0=1
DMA IRQ c1=0
DMA IRQ c2=0
DMA IRQ c3=0
SELECT busy=9379
SELECT w0=9303
SELECT w1=9304
SELECT w2=9304
BUSY TASK ewma=997
DMA IRQ c0=1
DMA IRQ c1=0
DMA IRQ c2=0
DMA IRQ c3=0
SELECT busy=9388
SELECT w0=9312
SELECT w1=9313
SELECT w2=9313
BUSY TASK ewma=997
DMA IRQ c0=1
DMA IRQ c1=0
DMA IRQ c2=0
DMA IRQ c3=0
SELECT busy=9397
SELECT w0=9321
SELECT w1=9322
SELECT w2=9322
BUSY TASK ewma=997
DMA IRQ c0=1
DMA IRQ c1=0
DMA IRQ c2=0
DMA IRQ c3=0
SELECT busy=9405
SELECT w0=9330
SELECT w1=9331
SELECT w2=9331
BUSY TASK ewma=997
DMA IRQ c0=1
DMA IRQ c1=0
DMA IRQ c2=0
DMA IRQ c3=0
SELECT busy=9414
SELECT w0=9338
SELECT w1=9339
SELECT w2=9339
BUSY TASK ewma=997
DMA IRQ c0=1
DMA IRQ c1=0
DMA IRQ c2=0
DMA IRQ c3=0
SELECT busy=9423
SELECT w0=9347
SELECT w1=9348
SELECT w2=9348
BUSY TASK ewma=997
DMA IRQ c0=1
DMA IRQ c1=0
DMA IRQ c2=0
DMA IRQ c3=0
SELECT busy=9431
SELECT w0=9355
SELECT w1=9356
SELECT w2=9357
BUSY TASK ewma=997
DMA IRQ c0=1
DMA IRQ c1=0
DMA IRQ c2=0
DMA IRQ c3=0
SELECT busy=9440
SELECT w0=9364
SELECT w1=9365
SELECT w2=9365
BUSY TASK ewma=997
DMA IRQ c0=1
DMA IRQ c1=0
DMA IRQ c2=0
DMA IRQ c3=0
SELECT busy=9449
SELECT w0=9373
SELECT w1=9374
SELECT w2=9374
BUSY TASK ewma=997
DMA IRQ c0=1
DMA IRQ c1=0
DMA IRQ c2=0
DMA IRQ c3=0
SELECT busy=9457
SELECT w0=9381
SELECT w1=9382
SELECT w2=9382
BUSY TASK ewma=997
DMA IRQ c0=1
DMA IRQ c1=0
DMA IRQ c2=0
DMA IRQ c3=0
SELECT busy=9465
SELECT w0=9389
SELECT w1=9390
SELECT w2=9390
BUSY TASK ewma=997
DMA IRQ c0=1
DMA IRQ c1=0
DMA IRQ c2=0
DMA IRQ c3=0
SELECT busy=9473
SELECT w0=9397
SELECT w1=9398
SELECT w2=9398
BUSY TASK ewma=997
DMA IRQ c0=1
DMA IRQ c1=0
DMA IRQ c2=0
DMA IRQ c3=0
SELECT busy=9481
SELECT w0=9405
SELECT w1=9406
SELECT w2=9406
BUSY TASK ewma=997
DMA IRQ c0=1
DMA IRQ c1=0
DMA IRQ c2=0
DMA IRQ c3=0
SELECT busy=9490
SELECT w0=9414
SELECT w1=9415
SELECT w2=9415
BUSY TASK ewma=997
DMA IRQ c0=1
DMA IRQ c1=0
DMA IRQ c2=0
DMA IRQ c3=0
SELECT busy=9498
SELECT w0=9422
SELECT w1=9423
SELECT w2=9423
BUSY TASK ewma=997
DMA IRQ c0=1
DMA IRQ c1=0
DMA IRQ c2=0
DMA IRQ c3=0
SELECT busy=9506
SELECT w0=9430
SELECT w1=9432
SELECT w2=9432
BUSY TASK ewma=997
DMA IRQ c0=1
DMA IRQ c1=0
DMA IRQ c2=0
DMA IRQ c3=0
SELECT busy=9515
SELECT w0=9439
SELECT w1=9440
SELECT w2=9440
BUSY TASK ewma=997
DMA IRQ c0=1
DMA IRQ c1=0
DMA IRQ c2=0
DMA IRQ c3=0
SELECT busy=9523
SELECT w0=9447
SELECT w1=9448
SELECT w2=9448
BUSY TASK ewma=997
DMA IRQ c0=1
DMA IRQ c1=0
DMA IRQ c2=0
DMA IRQ c3=0
SELECT busy=9532
SELECT w0=9456
SELECT w1=9457
SELECT w2=9457
BUSY TASK ewma=997
DMA IRQ c0=1
DMA IRQ c1=0
DMA IRQ c2=0
DMA IRQ c3=0
SELECT busy=9540
SELECT w0=9464
SELECT w1=9465
SELECT w2=9465
BUSY TASK ewma=997
DMA IRQ c0=1
DMA IRQ c1=0
DMA IRQ c2=0
DMA IRQ c3=0
SELECT busy=9549
SELECT w0=9473
SELECT w1=9474
SELECT w2=9474
BUSY TASK ewma=997
DMA IRQ c0=1
DMA IRQ c1=0
DMA IRQ c2=0
DMA IRQ c3=0
SELECT busy=9557
SELECT w0=9481
SELECT w1=9482
SELECT w2=9482
BUSY TASK ewma=997
DMA IRQ c0=1
DMA IRQ c1=0
DMA IRQ c2=0
DMA IRQ c3=0
SELECT busy=9565
SELECT w0=9489
SELECT w1=9491
SELECT w2=9491
BUSY TASK ewma=997
DMA IRQ c0=1
DMA IRQ c1=0
DMA IRQ c2=0
DMA IRQ c3=0
SELECT busy=9574
SELECT w0=9498
SELECT w1=9499
SELECT w2=9499
BUSY TASK ewma=997
DMA IRQ c0=1
DMA IRQ c1=0
DMA IRQ c2=0
DMA IRQ c3=0
SELECT busy=9582
SELECT w0=9506
SELECT w1=9508
SELECT w2=9508
BUSY TASK ewma=997
DMA IRQ c0=1
DMA IRQ c1=0
DMA IRQ c2=0
DMA IRQ c3=0
SELECT busy=9591
SELECT w0=9515
SELECT w1=9516
SELECT w2=9516
BUSY TASK ewma=997
DMA IRQ c0=1
DMA IRQ c1=0
DMA IRQ c2=0
DMA IRQ c3=0
SELECT busy=9599
SELECT w0=9523
SELECT w1=9524
SELECT w2=9524
BUSY TASK ewma=997
DMA IRQ c0=1
DMA IRQ c1=0
DMA IRQ c2=0
DMA IRQ c3=0
SELECT busy=9607
SELECT w0=9531
SELECT w1=9532
SELECT w2=9532
BUSY TASK ewma=997
DMA IRQ c0=1
DMA IRQ c1=0
DMA IRQ c2=0
DMA IRQ c3=0
SELECT busy=9615
SELECT w0=9539
SELECT w1=9540
SELECT w2=9541
BUSY TASK ewma=997
DMA IRQ c0=1
DMA IRQ c1=0
DMA IRQ c2=0
DMA IRQ c3=0
SELECT busy=9624
SELECT w0=9548
SELECT w1=9549
SELECT w2=9549
BUSY TASK ewma=997
DMA IRQ c0=1
DMA IRQ c1=0
DMA IRQ c2=0
DMA IRQ c3=0
SELECT busy=9632
SELECT w0=9556
SELECT w1=9557
SELECT w2=9557
BUSY TASK ewma=997
DMA IRQ c0=1
DMA IRQ c1=0
DMA IRQ c2=0
DMA IRQ c3=0
SELECT busy=9641
SELECT w0=9565
SELECT w1=9566
SELECT w2=9566
BUSY TASK ewma=997
DMA IRQ c0=1
DMA IRQ c1=0
DMA IRQ c2=0
DMA IRQ c3=0
SELECT busy=9649
SELECT w0=9573
SELECT w1=9574
SELECT w2=9574
BUSY TASK ewma=997
DMA IRQ c0=1
DMA IRQ c1=0
DMA IRQ c2=0
DMA IRQ c3=0
SELECT busy=9659
SELECT w0=9583
SELECT w1=9584
SELECT w2=9584
BUSY TASK ewma=997
DMA IRQ c0=1
DMA IRQ c1=0
DMA IRQ c2=0
DMA IRQ c3=0
SELECT busy=9670
SELECT w0=9594
SELECT w1=9595
SELECT w2=9595
BUSY TASK ewma=997
DMA IRQ c0=1
DMA IRQ c1=0
DMA IRQ c2=0
DMA IRQ c3=0
SELECT busy=9681
SELECT w0=9605
SELECT w1=9606
SELECT w2=9606
BUSY TASK ewma=997
DMA IRQ c0=1
DMA IRQ c1=0
DMA IRQ c2=0
DMA IRQ c3=0
SELECT busy=9692
SELECT w0=9616
SELECT w1=9617
SELECT w2=9617
BUSY TASK ewma=997
DMA IRQ c0=1
DMA IRQ c1=0
DMA IRQ c2=0
DMA IRQ c3=0
SELECT busy=9700
SELECT w0=9624
SELECT w1=9626
SELECT w2=9626
BUSY TASK ewma=997
DMA IRQ c0=1
DMA IRQ c1=0
DMA IRQ c2=0
DMA IRQ c3=0
SELECT busy=9709
SELECT w0=9633
SELECT w1=9634
SELECT w2=9634
BUSY TASK ewma=997
DMA IRQ c0=1
DMA IRQ c1=0
DMA IRQ c2=0
DMA IRQ c3=0
SELECT busy=9718
SELECT w0=9642
SELECT w1=9643
SELECT w2=9643
BUSY TASK ewma=997
DMA IRQ c0=1
DMA IRQ c1=0
DMA IRQ c2=0
DMA IRQ c3=0
SELECT busy=9726
SELECT w0=9650
SELECT w1=9651
SELECT w2=9651
BUSY TASK ewma=997
DMA IRQ c0=1
DMA IRQ c1=0
DMA IRQ c2=0
DMA IRQ c3=0
SELECT busy=9737
SELECT w0=9662
SELECT w1=9663
SELECT w2=9663
BUSY TASK ewma=997
DMA IRQ c0=1
DMA IRQ c1=0
DMA IRQ c2=0
DMA IRQ c3=0
SELECT busy=9745
SELECT w0=9669
SELECT w1=9670
SELECT w2=9670
BUSY TASK ewma=997
DMA IRQ c0=1
DMA IRQ c1=0
DMA IRQ c2=0
DMA IRQ c3=0
SELECT busy=9755
SELECT w0=9679
SELECT w1=9680
SELECT w2=9680
BUSY TASK ewma=997
DMA IRQ c0=1
DMA IRQ c1=0
DMA IRQ c2=0
DMA IRQ c3=0
SELECT busy=9763
SELECT w0=9688
SELECT w1=9689
SELECT w2=9689
BUSY TASK ewma=997
DMA IRQ c0=1
DMA IRQ c1=0
DMA IRQ c2=0
DMA IRQ c3=0
SELECT busy=9772
SELECT w0=9696
SELECT w1=9697
SELECT w2=9697
BUSY TASK ewma=997
DMA IRQ c0=1
DMA IRQ c1=0
DMA IRQ c2=0
DMA IRQ c3=0
SELECT busy=9780
SELECT w0=9704
SELECT w1=9705
SELECT w2=9706
BUSY TASK ewma=997
DMA IRQ c0=1
DMA IRQ c1=0
DMA IRQ c2=0
DMA IRQ c3=0
SELECT busy=9789
SELECT w0=9713
SELECT w1=9714
SELECT w2=9714
BUSY TASK ewma=997
DMA IRQ c0=1
DMA IRQ c1=0
DMA IRQ c2=0
DMA IRQ c3=0
SELECT busy=9796
SELECT w0=9721
SELECT w1=9722
SELECT w2=9722
BUSY TASK ewma=997
DMA IRQ c0=1
DMA IRQ c1=0
DMA IRQ c2=0
DMA IRQ c3=0
SELECT busy=9804
SELECT w0=9728
SELECT w1=9729
SELECT w2=9729
BUSY TASK ewma=997
DMA IRQ c0=1
DMA IRQ c1=0
DMA IRQ c2=0
DMA IRQ c3=0
SELECT busy=9812
SELECT w0=9736
SELECT w1=9737
SELECT w2=9737
BUSY TASK ewma=997
DMA IRQ c0=1
DMA IRQ c1=0
DMA IRQ c2=0
DMA IRQ c3=0
SELECT busy=9821
SELECT w0=9745
SELECT w1=9746
SELECT w2=9746
BUSY TASK ewma=997
DMA IRQ c0=1
DMA IRQ c1=0
DMA IRQ c2=0
DMA IRQ c3=0
SELECT busy=9829
SELECT w0=9753
SELECT w1=9754
SELECT w2=9754
BUSY TASK ewma=997
DMA IRQ c0=1
DMA IRQ c1=0
DMA IRQ c2=0
DMA IRQ c3=0
SELECT busy=9837
SELECT w0=9761
SELECT w1=9762
SELECT w2=9762
BUSY TASK ewma=997
DMA IRQ c0=1
DMA IRQ c1=0
DMA IRQ c2=0
DMA IRQ c3=0
SELECT busy=9845
SELECT w0=9769
SELECT w1=9770
SELECT w2=9771
BUSY TASK ewma=997
DMA IRQ c0=1
DMA IRQ c1=0
DMA IRQ c2=0
DMA IRQ c3=0
SELECT busy=9854
SELECT w0=9778
SELECT w1=9779
SELECT w2=9779
BUSY TASK ewma=997
DMA IRQ c0=1
DMA IRQ c1=0
DMA IRQ c2=0
DMA IRQ c3=0
SELECT busy=9863
SELECT w0=9787
SELECT w1=9788
SELECT w2=9788
BUSY TASK ewma=997
DMA IRQ c0=1
DMA IRQ c1=0
DMA IRQ c2=0
DMA IRQ c3=0
SELECT busy=9871
SELECT w0=9795
SELECT w1=9796
SELECT w2=9796
BUSY TASK ewma=997
DMA IRQ c0=1
DMA IRQ c1=0
DMA IRQ c2=0
DMA IRQ c3=0
SELECT busy=9880
SELECT w0=9804
SELECT w1=9805
SELECT w2=9805
BUSY TASK ewma=997
DMA IRQ c0=1
DMA IRQ c1=0
DMA IRQ c2=0
DMA IRQ c3=0
SELECT busy=9889
SELECT w0=9813
SELECT w1=9814
SELECT w2=9814
BUSY TASK ewma=997
DMA IRQ c0=1
DMA IRQ c1=0
DMA IRQ c2=0
DMA IRQ c3=0
SELECT busy=9897
SELECT w0=9821
SELECT w1=9822
SELECT w2=9822
BUSY TASK ewma=997
DMA IRQ c0=1
DMA IRQ c1=0
DMA IRQ c2=0
DMA IRQ c3=0
SELECT busy=9906
SELECT w0=9830
SELECT w1=9831
SELECT w2=9831
BUSY TASK ewma=997
DMA IRQ c0=1
DMA IRQ c1=0
DMA IRQ c2=0
DMA IRQ c3=0
SELECT busy=9914
SELECT w0=9838
SELECT w1=9839
SELECT w2=9839
BUSY TASK ewma=997
DMA IRQ c0=1
DMA IRQ c1=0
DMA IRQ c2=0
DMA IRQ c3=0
SELECT busy=9922
SELECT w0=9846
SELECT w1=9848
SELECT w2=9848
BUSY TASK ewma=997
IRQ counts: cpu0=39494 cpu1=0 cpu2=0 cpu3=0
SCHED secondaries: calls=0 unexpected=0
SECTEST switches=0 cpu1=0,0 cpu2=0,0 cpu3=0,0
PINGPONG rounds=0 pongs=0
DMA IRQ c0=1
DMA IRQ c1=0
DMA IRQ c2=0
DMA IRQ c3=0
SELECT busy=9931
SELECT w0=9855
SELECT w1=9856
SELECT w2=9857
BUSY TASK ewma=997
DMA IRQ c0=1
DMA IRQ c1=0
DMA IRQ c2=0
DMA IRQ c3=0
SELECT busy=9940
SELECT w0=9864
SELECT w1=9865
SELECT w2=9865
BUSY TASK ewma=997
DMA IRQ c0=1
DMA IRQ c1=0
DMA IRQ c2=0
DMA IRQ c3=0
SELECT busy=9948
SELECT w0=9872
SELECT w1=9873
SELECT w2=9873
BUSY TASK ewma=997
DMA IRQ c0=1
DMA IRQ c1=0
DMA IRQ c2=0
DMA IRQ c3=0
SELECT busy=9956
SELECT w0=9880
SELECT w1=9881
SELECT w2=9881
BUSY TASK ewma=997
DMA IRQ c0=1
DMA IRQ c1=0
DMA IRQ c2=0
DMA IRQ c3=0
SELECT busy=9964
SELECT w0=9889
SELECT w1=9890
SELECT w2=9890
BUSY TASK ewma=997
DMA IRQ c0=1
DMA IRQ c1=0
DMA IRQ c2=0
DMA IRQ c3=0
SELECT busy=9973
SELECT w0=9897
SELECT w1=9898
SELECT w2=9898
BUSY TASK ewma=997
DMA IRQ c0=1
DMA IRQ c1=0
DMA IRQ c2=0
DMA IRQ c3=0
SELECT busy=9981
SELECT w0=9905
SELECT w1=9906
SELECT w2=9907
BUSY TASK ewma=997
DMA IRQ c0=1
DMA IRQ c1=0
DMA IRQ c2=0
DMA IRQ c3=0
SELECT busy=9990
SELECT w0=9914
SELECT w1=9915
SELECT w2=9915
BUSY TASK ewma=997
DMA IRQ c0=1
DMA IRQ c1=0
DMA IRQ c2=0
DMA IRQ c3=0
SELECT busy=9998
SELECT w0=9922
SELECT w1=9923
SELECT w2=9923
BUSY TASK ewma=997
DMA IRQ c0=1
DMA IRQ c1=0
DMA IRQ c2=0
DMA IRQ c3=0
SELECT busy=10006
SELECT w0=9930
SELECT w1=9931
SELECT w2=9931
BUSY TASK ewma=997
DMA IRQ c0=1
DMA IRQ c1=0
DMA IRQ c2=0
DMA IRQ c3=0
SELECT busy=10015
SELECT w0=9939
SELECT w1=9940
SELECT w2=9940
BUSY TASK ewma=997
DMA IRQ c0=1
DMA IRQ c1=0
DMA IRQ c2=0
DMA IRQ c3=0
SELECT busy=10023
SELECT w0=9947
SELECT w1=9948
SELECT w2=9948
BUSY TASK ewma=997
DMA IRQ c0=1
DMA IRQ c1=0
DMA IRQ c2=0
DMA IRQ c3=0
SELECT busy=10031
SELECT w0=9955
SELECT w1=9956
SELECT w2=9957
BUSY TASK ewma=997
DMA IRQ c0=1
DMA IRQ c1=0
DMA IRQ c2=0
DMA IRQ c3=0
SELECT busy=10040
SELECT w0=9964
SELECT w1=9965
SELECT w2=9965
BUSY TASK ewma=997
DMA IRQ c0=1
DMA IRQ c1=0
DMA IRQ c2=0
DMA IRQ c3=0
SELECT busy=10048
SELECT w0=9972
SELECT w1=9973
SELECT w2=9973
BUSY TASK ewma=997
DMA IRQ c0=1
DMA IRQ c1=0
DMA IRQ c2=0
DMA IRQ c3=0
SELECT busy=10057
SELECT w0=9981
SELECT w1=9982
SELECT w2=9982
BUSY TASK ewma=997
DMA IRQ c0=1
DMA IRQ c1=0
DMA IRQ c2=0
DMA IRQ c3=0
SELECT busy=10065
SELECT w0=9990
SELECT w1=9991
SELECT w2=9991
BUSY TASK ewma=997
DMA IRQ c0=1
DMA IRQ c1=0
DMA IRQ c2=0
DMA IRQ c3=0
SELECT busy=10074
SELECT w0=9998
SELECT w1=9999
SELECT w2=9999
BUSY TASK ewma=997
DMA IRQ c0=1
DMA IRQ c1=0
DMA IRQ c2=0
DMA IRQ c3=0
SELECT busy=10083
SELECT w0=10007
SELECT w1=10008
SELECT w2=10008
BUSY TASK ewma=997
DMA IRQ c0=1
DMA IRQ c1=0
DMA IRQ c2=0
DMA IRQ c3=0
SELECT busy=10091
SELECT w0=10016
SELECT w1=10017
SELECT w2=10017
BUSY TASK ewma=997
DMA IRQ c0=1
DMA IRQ c1=0
DMA IRQ c2=0
DMA IRQ c3=0
SELECT busy=10100
SELECT w0=10024
SELECT w1=10025
SELECT w2=10025
BUSY TASK ewma=997
DMA IRQ c0=1
DMA IRQ c1=0
DMA IRQ c2=0
DMA IRQ c3=0
SELECT busy=10109
SELECT w0=10033
SELECT w1=10034
SELECT w2=10034
BUSY TASK ewma=997
DMA IRQ c0=1
DMA IRQ c1=0
DMA IRQ c2=0
DMA IRQ c3=0
SELECT busy=10117
SELECT w0=10041
SELECT w1=10042
SELECT w2=10042
BUSY TASK ewma=997
DMA IRQ c0=1
DMA IRQ c1=0
DMA IRQ c2=0
DMA IRQ c3=0
SELECT busy=10126
SELECT w0=10050
SELECT w1=10051
SELECT w2=10051
BUSY TASK ewma=997
DMA IRQ c0=1
DMA IRQ c1=0
DMA IRQ c2=0
DMA IRQ c3=0
SELECT busy=10134
SELECT w0=10058
SELECT w1=10059
SELECT w2=10059
BUSY TASK ewma=997
DMA IRQ c0=1
DMA IRQ c1=0
DMA IRQ c2=0
DMA IRQ c3=0
SELECT busy=10142
SELECT w0=10066
SELECT w1=10067
SELECT w2=10067
BUSY TASK ewma=997
DMA IRQ c0=1
DMA IRQ c1=0
DMA IRQ c2=0
DMA IRQ c3=0
SELECT busy=10151
SELECT w0=10075
SELECT w1=10076
SELECT w2=10076
BUSY TASK ewma=997
DMA IRQ c0=1
DMA IRQ c1=0
DMA IRQ c2=0
DMA IRQ c3=0
SELECT busy=10158
SELECT w0=10083
SELECT w1=10084
SELECT w2=10084
BUSY TASK ewma=997
DMA IRQ c0=1
DMA IRQ c1=0
DMA IRQ c2=0
DMA IRQ c3=0
SELECT busy=10167
SELECT w0=10091
SELECT w1=10092
SELECT w2=10092
BUSY TASK ewma=997
DMA IRQ c0=1
DMA IRQ c1=0
DMA IRQ c2=0
DMA IRQ c3=0
SELECT busy=10175
SELECT w0=10099
SELECT w1=10100
SELECT w2=10100
BUSY TASK ewma=997
DMA IRQ c0=1
DMA IRQ c1=0
DMA IRQ c2=0
DMA IRQ c3=0
SELECT busy=10183
SELECT w0=10107
SELECT w1=10108
SELECT w2=10108
BUSY TASK ewma=997
DMA IRQ c0=1
DMA IRQ c1=0
DMA IRQ c2=0
DMA IRQ c3=0
SELECT busy=10192
SELECT w0=10116
SELECT w1=10117
SELECT w2=10117
BUSY TASK ewma=997
DMA IRQ c0=1
DMA IRQ c1=0
DMA IRQ c2=0
DMA IRQ c3=0
SELECT busy=10200
SELECT w0=10124
SELECT w1=10125
SELECT w2=10125
BUSY TASK ewma=997
DMA IRQ c0=1
DMA IRQ c1=0
DMA IRQ c2=0
DMA IRQ c3=0
SELECT busy=10208
SELECT w0=10132
SELECT w1=10133
SELECT w2=10133
BUSY TASK ewma=997
DMA IRQ c0=1
DMA IRQ c1=0
DMA IRQ c2=0
DMA IRQ c3=0
SELECT busy=10216
SELECT w0=10140
SELECT w1=10141
SELECT w2=10141
BUSY TASK ewma=997
DMA IRQ c0=1
DMA IRQ c1=0
DMA IRQ c2=0
DMA IRQ c3=0
SELECT busy=10224
SELECT w0=10149
SELECT w1=10150
SELECT w2=10150
BUSY TASK ewma=997
DMA IRQ c0=1
DMA IRQ c1=0
DMA IRQ c2=0
DMA IRQ c3=0
SELECT busy=10233
SELECT w0=10157
SELECT w1=10158
SELECT w2=10158
BUSY TASK ewma=997
DMA IRQ c0=1
DMA IRQ c1=0
DMA IRQ c2=0
DMA IRQ c3=0
SELECT busy=10241
SELECT w0=10165
SELECT w1=10166
SELECT w2=10167
BUSY TASK ewma=997
DMA IRQ c0=1
DMA IRQ c1=0
DMA IRQ c2=0
DMA IRQ c3=0
SELECT busy=10249
SELECT w0=10174
SELECT w1=10175
SELECT w2=10175
BUSY TASK ewma=997
DMA IRQ c0=1
DMA IRQ c1=0
DMA IRQ c2=0
DMA IRQ c3=0
SELECT busy=10258
SELECT w0=10182
SELECT w1=10183
SELECT w2=10183
BUSY TASK ewma=997
DMA IRQ c0=1
DMA IRQ c1=0
DMA IRQ c2=0
DMA IRQ c3=0
SELECT busy=10266
SELECT w0=10190
SELECT w1=10191
SELECT w2=10191
BUSY TASK ewma=997
DMA IRQ c0=1
DMA IRQ c1=0
DMA IRQ c2=0
DMA IRQ c3=0
SELECT busy=10274
SELECT w0=10198
SELECT w1=10199
SELECT w2=10199
BUSY TASK ewma=997
DMA IRQ c0=1
DMA IRQ c1=0
DMA IRQ c2=0
DMA IRQ c3=0
SELECT busy=10283
SELECT w0=10207
SELECT w1=10208
SELECT w2=10208
BUSY TASK ewma=997
DMA IRQ c0=1
DMA IRQ c1=0
DMA IRQ c2=0
DMA IRQ c3=0
SELECT busy=10291
SELECT w0=10215
SELECT w1=10216
SELECT w2=10216
BUSY TASK ewma=997
DMA IRQ c0=1
DMA IRQ c1=0
DMA IRQ c2=0
DMA IRQ c3=0
SELECT busy=10299
SELECT w0=10223
SELECT w1=10224
SELECT w2=10225
BUSY TASK ewma=997
DMA IRQ c0=1
DMA IRQ c1=0
DMA IRQ c2=0
DMA IRQ c3=0
SELECT busy=10308
SELECT w0=10232
SELECT w1=10233
SELECT w2=10233
BUSY TASK ewma=997
DMA IRQ c0=1
DMA IRQ c1=0
DMA IRQ c2=0
DMA IRQ c3=0
SELECT busy=10316
SELECT w0=10240
SELECT w1=10241
SELECT w2=10241
BUSY TASK ewma=997
DMA IRQ c0=1
DMA IRQ c1=0
DMA IRQ c2=0
DMA IRQ c3=0
SELECT busy=10324
SELECT w0=10248
SELECT w1=10249
SELECT w2=10249
BUSY TASK ewma=997
DMA IRQ c0=1
DMA IRQ c1=0
DMA IRQ c2=0
DMA IRQ c3=0
SELECT busy=10332
SELECT w0=10256
SELECT w1=10257
SELECT w2=10257
BUSY TASK ewma=997
DMA IRQ c0=1
DMA IRQ c1=0
DMA IRQ c2=0
DMA IRQ c3=0
SELECT busy=10341
SELECT w0=10265
SELECT w1=10266
SELECT w2=10266
BUSY TASK ewma=997
DMA IRQ c0=1
DMA IRQ c1=0
DMA IRQ c2=0
DMA IRQ c3=0
SELECT busy=10349
SELECT w0=10273
SELECT w1=10274
SELECT w2=10274
BUSY TASK ewma=997
DMA IRQ c0=1
DMA IRQ c1=0
DMA IRQ c2=0
DMA IRQ c3=0
SELECT busy=10358
SELECT w0=10282
SELECT w1=10283
SELECT w2=10283
BUSY TASK ewma=997
DMA IRQ c0=1
DMA IRQ c1=0
DMA IRQ c2=0
DMA IRQ c3=0
SELECT busy=10367
SELECT w0=10291
SELECT w1=10292
SELECT w2=10292
BUSY TASK ewma=997
DMA IRQ c0=1
DMA IRQ c1=0
DMA IRQ c2=0
DMA IRQ c3=0
SELECT busy=10375
SELECT w0=10299
SELECT w1=10300
SELECT w2=10300
BUSY TASK ewma=997
DMA IRQ c0=1
DMA IRQ c1=0
DMA IRQ c2=0
DMA IRQ c3=0
SELECT busy=10384
SELECT w0=10308
SELECT w1=10309
SELECT w2=10309
BUSY TASK ewma=997
DMA IRQ c0=1
DMA IRQ c1=0
DMA IRQ c2=0
DMA IRQ c3=0
SELECT busy=10392
SELECT w0=10317
SELECT w1=10318
SELECT w2=10318
BUSY TASK ewma=997
DMA IRQ c0=1
DMA IRQ c1=0
DMA IRQ c2=0
DMA IRQ c3=0
SELECT busy=10401
SELECT w0=10325
SELECT w1=10326
SELECT w2=10326
BUSY TASK ewma=997
DMA IRQ c0=1
DMA IRQ c1=0
DMA IRQ c2=0
DMA IRQ c3=0
SELECT busy=10410
SELECT w0=10334
SELECT w1=10335
SELECT w2=10335
BUSY TASK ewma=997
DMA IRQ c0=1
DMA IRQ c1=0
DMA IRQ c2=0
DMA IRQ c3=0
SELECT busy=10418
SELECT w0=10342
SELECT w1=10344
SELECT w2=10344
BUSY TASK ewma=997
DMA IRQ c0=1
DMA IRQ c1=0
DMA IRQ c2=0
DMA IRQ c3=0
SELECT busy=10427
SELECT w0=10351
SELECT w1=10352
SELECT w2=10352
BUSY TASK ewma=997
DMA IRQ c0=1
DMA IRQ c1=0
DMA IRQ c2=0
DMA IRQ c3=0
SELECT busy=10436
SELECT w0=10360
SELECT w1=10361
SELECT w2=10361
BUSY TASK ewma=997
DMA IRQ c0=1
DMA IRQ c1=0
DMA IRQ c2=0
DMA IRQ c3=0
SELECT busy=10444
SELECT w0=10368
SELECT w1=10369
SELECT w2=10369
BUSY TASK ewma=997
DMA IRQ c0=1
DMA IRQ c1=0
DMA IRQ c2=0
DMA IRQ c3=0
SELECT busy=10452
SELECT w0=10377
SELECT w1=10378
SELECT w2=10378
BUSY TASK ewma=997
DMA IRQ c0=1
DMA IRQ c1=0
DMA IRQ c2=0
DMA IRQ c3=0
SELECT busy=10461
SELECT w0=10385
SELECT w1=10386
SELECT w2=10386
BUSY TASK ewma=997
IRQ counts: cpu0=41646 cpu1=0 cpu2=0 cpu3=0
SCHED secondaries: calls=0 unexpected=0
SECTEST switches=0 cpu1=0,0 cpu2=0,0 cpu3=0,0
PINGPONG rounds=0 pongs=0
DMA IRQ c0=1
DMA IRQ c1=0
DMA IRQ c2=0
DMA IRQ c3=0
SELECT busy=10470
SELECT w0=10394
SELECT w1=10395
SELECT w2=10395
BUSY TASK ewma=997
DMA IRQ c0=1
DMA IRQ c1=0
DMA IRQ c2=0
DMA IRQ c3=0
SELECT busy=10478
SELECT w0=10402
SELECT w1=10403
SELECT w2=10403
BUSY TASK ewma=997
DMA IRQ c0=1
DMA IRQ c1=0
DMA IRQ c2=0
DMA IRQ c3=0
SELECT busy=10487
SELECT w0=10411
SELECT w1=10412
SELECT w2=10412
BUSY TASK ewma=997
DMA IRQ c0=1
DMA IRQ c1=0
DMA IRQ c2=0
DMA IRQ c3=0
SELECT busy=10495
SELECT w0=10419
SELECT w1=10420
SELECT w2=10420
BUSY TASK ewma=997
DMA IRQ c0=1
DMA IRQ c1=0
DMA IRQ c2=0
DMA IRQ c3=0
SELECT busy=10503
SELECT w0=10427
SELECT w1=10428
SELECT w2=10428
BUSY TASK ewma=997
DMA IRQ c0=1
DMA IRQ c1=0
DMA IRQ c2=0
DMA IRQ c3=0
SELECT busy=10512
SELECT w0=10436
SELECT w1=10437
SELECT w2=10437
BUSY TASK ewma=997
DMA IRQ c0=1
DMA IRQ c1=0
DMA IRQ c2=0
DMA IRQ c3=0
SELECT busy=10520
SELECT w0=10444
SELECT w1=10445
SELECT w2=10445
BUSY TASK ewma=997
DMA IRQ c0=1
DMA IRQ c1=0
DMA IRQ c2=0
DMA IRQ c3=0
SELECT busy=10528
SELECT w0=10452
SELECT w1=10453
SELECT w2=10453
BUSY TASK ewma=997
DMA IRQ c0=1
DMA IRQ c1=0
DMA IRQ c2=0
DMA IRQ c3=0
SELECT busy=10537
SELECT w0=10461
SELECT w1=10462
SELECT w2=10462
BUSY TASK ewma=997
DMA IRQ c0=1
DMA IRQ c1=0
DMA IRQ c2=0
DMA IRQ c3=0
SELECT busy=10545
SELECT w0=10469
SELECT w1=10470
SELECT w2=10470
BUSY TASK ewma=997
DMA IRQ c0=1
DMA IRQ c1=0
DMA IRQ c2=0
DMA IRQ c3=0
SELECT busy=10554
SELECT w0=10478
SELECT w1=10479
SELECT w2=10479
BUSY TASK ewma=997
DMA IRQ c0=1
DMA IRQ c1=0
DMA IRQ c2=0
DMA IRQ c3=0
SELECT busy=10562
SELECT w0=10487
SELECT w1=10488
SELECT w2=10488
BUSY TASK ewma=997
DMA IRQ c0=1
DMA IRQ c1=0
DMA IRQ c2=0
DMA IRQ c3=0
SELECT busy=10571
SELECT w0=10495
SELECT w1=10496
SELECT w2=10496
BUSY TASK ewma=997
DMA IRQ c0=1
DMA IRQ c1=0
DMA IRQ c2=0
DMA IRQ c3=0
SELECT busy=10580
SELECT w0=10504
SELECT w1=10505
SELECT w2=10505
BUSY TASK ewma=997
DMA IRQ c0=1
DMA IRQ c1=0
DMA IRQ c2=0
DMA IRQ c3=0
SELECT busy=10590
SELECT w0=10514
SELECT w1=10515
SELECT w2=10515
BUSY TASK ewma=997
DMA IRQ c0=1
DMA IRQ c1=0
DMA IRQ c2=0
DMA IRQ c3=0
SELECT busy=10599
SELECT w0=10523
SELECT w1=10524
SELECT w2=10525
BUSY TASK ewma=997
DMA IRQ c0=1
DMA IRQ c1=0
DMA IRQ c2=0
DMA IRQ c3=0
SELECT busy=10608
SELECT w0=10532
SELECT w1=10533
SELECT w2=10533
BUSY TASK ewma=997
DMA IRQ c0=1
DMA IRQ c1=0
DMA IRQ c2=0
DMA IRQ c3=0
SELECT busy=10617
SELECT w0=10541
SELECT w1=10542
SELECT w2=10542
BUSY TASK ewma=997
DMA IRQ c0=1
DMA IRQ c1=0
DMA IRQ c2=0
DMA IRQ c3=0
SELECT busy=10625
SELECT w0=10549
SELECT w1=10550
SELECT w2=10550
BUSY TASK ewma=997
DMA IRQ c0=1
DMA IRQ c1=0
DMA IRQ c2=0
DMA IRQ c3=0
SELECT busy=10634
SELECT w0=10558
SELECT w1=10559
SELECT w2=10559
BUSY TASK ewma=997
DMA IRQ c0=1
DMA IRQ c1=0
DMA IRQ c2=0
DMA IRQ c3=0
SELECT busy=10642
SELECT w0=10566
SELECT w1=10568
SELECT w2=10568
BUSY TASK ewma=997
DMA IRQ c0=1
DMA IRQ c1=0
DMA IRQ c2=0
DMA IRQ c3=0
SELECT busy=10651
SELECT w0=10575
SELECT w1=10576
SELECT w2=10576
BUSY TASK ewma=997
DMA IRQ c0=1
DMA IRQ c1=0
DMA IRQ c2=0
DMA IRQ c3=0
SELECT busy=10659
SELECT w0=10583
SELECT w1=10584
SELECT w2=10584
BUSY TASK ewma=997
DMA IRQ c0=1
DMA IRQ c1=0
DMA IRQ c2=0
DMA IRQ c3=0
SELECT busy=10667
SELECT w0=10591
SELECT w1=10592
SELECT w2=10592
BUSY TASK ewma=997
DMA IRQ c0=1
DMA IRQ c1=0
DMA IRQ c2=0
DMA IRQ c3=0
SELECT busy=10676
SELECT w0=10600
SELECT w1=10601
SELECT w2=10601
BUSY TASK ewma=997
DMA IRQ c0=1
DMA IRQ c1=0
DMA IRQ c2=0
DMA IRQ c3=0
SELECT busy=10684
SELECT w0=10608
SELECT w1=10609
SELECT w2=10609
BUSY TASK ewma=997
DMA IRQ c0=1
DMA IRQ c1=0
DMA IRQ c2=0
DMA IRQ c3=0
SELECT busy=10692
SELECT w0=10616
SELECT w1=10617
SELECT w2=10617
BUSY TASK ewma=997
DMA IRQ c0=1
DMA IRQ c1=0
DMA IRQ c2=0
DMA IRQ c3=0
SELECT busy=10701
SELECT w0=10625
SELECT w1=10626
SELECT w2=10626
BUSY TASK ewma=997
DMA IRQ c0=1
DMA IRQ c1=0
DMA IRQ c2=0
DMA IRQ c3=0
SELECT busy=10709
SELECT w0=10633
SELECT w1=10634
SELECT w2=10634
BUSY TASK ewma=997
DMA IRQ c0=1
DMA IRQ c1=0
DMA IRQ c2=0
DMA IRQ c3=0
SELECT busy=10717
SELECT w0=10642
SELECT w1=10643
SELECT w2=10643
BUSY TASK ewma=997
DMA IRQ c0=1
DMA IRQ c1=0
DMA IRQ c2=0
DMA IRQ c3=0
SELECT busy=10726
SELECT w0=10650
SELECT w1=10651
SELECT w2=10651
BUSY TASK ewma=997
DMA IRQ c0=1
DMA IRQ c1=0
DMA IRQ c2=0
DMA IRQ c3=0
SELECT busy=10735
SELECT w0=10659
SELECT w1=10660
SELECT w2=10660
BUSY TASK ewma=997
DMA IRQ c0=1
DMA IRQ c1=0
DMA IRQ c2=0
DMA IRQ c3=0
SELECT busy=10743
SELECT w0=10667
SELECT w1=10668
SELECT w2=10669
BUSY TASK ewma=997
DMA IRQ c0=1
DMA IRQ c1=0
DMA IRQ c2=0
DMA IRQ c3=0
SELECT busy=10752
SELECT w0=10676
SELECT w1=10677
SELECT w2=10677
BUSY TASK ewma=997
DMA IRQ c0=1
DMA IRQ c1=0
DMA IRQ c2=0
DMA IRQ c3=0
SELECT busy=10761
SELECT w0=10685
SELECT w1=10686
SELECT w2=10686
BUSY TASK ewma=997
DMA IRQ c0=1
DMA IRQ c1=0
DMA IRQ c2=0
DMA IRQ c3=0
SELECT busy=10769
SELECT w0=10693
SELECT w1=10694
SELECT w2=10694
BUSY TASK ewma=997
DMA IRQ c0=1
DMA IRQ c1=0
DMA IRQ c2=0
DMA IRQ c3=0
SELECT busy=10780
SELECT w0=10704
SELECT w1=10705
SELECT w2=10706
BUSY TASK ewma=997
DMA IRQ c0=1
DMA IRQ c1=0
DMA IRQ c2=0
DMA IRQ c3=0
SELECT busy=10792
SELECT w0=10716
SELECT w1=10717
SELECT w2=10717
BUSY TASK ewma=997
DMA IRQ c0=1
DMA IRQ c1=0
DMA IRQ c2=0
DMA IRQ c3=0
SELECT busy=10801
SELECT w0=10725
SELECT w1=10726
SELECT w2=10726
BUSY TASK ewma=997
DMA IRQ c0=1
DMA IRQ c1=0
DMA IRQ c2=0
DMA IRQ c3=0
SELECT busy=10809
SELECT w0=10733
SELECT w1=10734
SELECT w2=10734
BUSY TASK ewma=997
DMA IRQ c0=1
DMA IRQ c1=0
DMA IRQ c2=0
DMA IRQ c3=0
SELECT busy=10822
SELECT w0=10746
SELECT w1=10747
SELECT w2=10747
BUSY TASK ewma=997
DMA IRQ c0=1
DMA IRQ c1=0
DMA IRQ c2=0
DMA IRQ c3=0
SELECT busy=10834
SELECT w0=10758
SELECT w1=10759
SELECT w2=10759
BUSY TASK ewma=997
DMA IRQ c0=1
DMA IRQ c1=0
DMA IRQ c2=0
DMA IRQ c3=0
SELECT busy=10847
SELECT w0=10771
SELECT w1=10772
SELECT w2=10773
BUSY TASK ewma=997
DMA IRQ c0=1
DMA IRQ c1=0
DMA IRQ c2=0
DMA IRQ c3=0
SELECT busy=10856
SELECT w0=10781
SELECT w1=10782
SELECT w2=10782
BUSY TASK ewma=997
DMA IRQ c0=1
DMA IRQ c1=0
DMA IRQ c2=0
DMA IRQ c3=0
SELECT busy=10865
SELECT w0=10789
SELECT w1=10790
SELECT w2=10790
BUSY TASK ewma=997
DMA IRQ c0=1
DMA IRQ c1=0
DMA IRQ c2=0
DMA IRQ c3=0
SELECT busy=10873
SELECT w0=10797
SELECT w1=10798
SELECT w2=10799
BUSY TASK ewma=997
DMA IRQ c0=1
DMA IRQ c1=0
DMA IRQ c2=0
DMA IRQ c3=0
SELECT busy=10882
SELECT w0=10806
SELECT w1=10807
SELECT w2=10807
BUSY TASK ewma=997
DMA IRQ c0=1
DMA IRQ c1=0
DMA IRQ c2=0
DMA IRQ c3=0
SELECT busy=10890
SELECT w0=10814
SELECT w1=10815
SELECT w2=10815
BUSY TASK ewma=997
DMA IRQ c0=1
DMA IRQ c1=0
DMA IRQ c2=0
DMA IRQ c3=0
SELECT busy=10899
SELECT w0=10823
SELECT w1=10824
SELECT w2=10824
BUSY TASK ewma=997
DMA IRQ c0=1
DMA IRQ c1=0
DMA IRQ c2=0
DMA IRQ c3=0
SELECT busy=10907
SELECT w0=10831
SELECT w1=10832
SELECT w2=10833
BUSY TASK ewma=997
DMA IRQ c0=1
DMA IRQ c1=0
DMA IRQ c2=0
DMA IRQ c3=0
SELECT busy=10916
SELECT w0=10840
SELECT w1=10841
SELECT w2=10841
BUSY TASK ewma=997
DMA IRQ c0=1
DMA IRQ c1=0
DMA IRQ c2=0
DMA IRQ c3=0
SELECT busy=10925
SELECT w0=10849
SELECT w1=10850
SELECT w2=10850
BUSY TASK ewma=997
DMA IRQ c0=1
DMA IRQ c1=0
DMA IRQ c2=0
DMA IRQ c3=0
SELECT busy=10933
SELECT w0=10857
SELECT w1=10858
SELECT w2=10859
BUSY TASK ewma=997
DMA IRQ c0=1
DMA IRQ c1=0
DMA IRQ c2=0
DMA IRQ c3=0
SELECT busy=10946
SELECT w0=10870
SELECT w1=10871
SELECT w2=10871
BUSY TASK ewma=997
DMA IRQ c0=1
DMA IRQ c1=0
DMA IRQ c2=0
DMA IRQ c3=0
SELECT busy=10963
SELECT w0=10888
SELECT w1=10889
SELECT w2=10889
BUSY TASK ewma=997
DMA IRQ c0=1
DMA IRQ c1=0
DMA IRQ c2=0
DMA IRQ c3=0
SELECT busy=10981
SELECT w0=10905
SELECT w1=10907
SELECT w2=10907
BUSY TASK ewma=997
DMA IRQ c0=1
DMA IRQ c1=0
DMA IRQ c2=0
DMA IRQ c3=0
SELECT busy=10996
SELECT w0=10920
SELECT w1=10921
SELECT w2=10922
BUSY TASK ewma=997
DMA IRQ c0=1
DMA IRQ c1=0
DMA IRQ c2=0
DMA IRQ c3=0
SELECT busy=11006
SELECT w0=10930
SELECT w1=10931
SELECT w2=10931
BUSY TASK ewma=997
DMA IRQ c0=1
DMA IRQ c1=0
DMA IRQ c2=0
DMA IRQ c3=0
SELECT busy=11019
SELECT w0=10943
SELECT w1=10944
SELECT w2=10944
BUSY TASK ewma=997
DMA IRQ c0=1
DMA IRQ c1=0
DMA IRQ c2=0
DMA IRQ c3=0
SELECT busy=11030
SELECT w0=10954
SELECT w1=10955
SELECT w2=10955
BUSY TASK ewma=997
DMA IRQ c0=1
DMA IRQ c1=0
DMA IRQ c2=0
DMA IRQ c3=0
SELECT busy=11039
SELECT w0=10964
SELECT w1=10965
SELECT w2=10965
BUSY TASK ewma=997
DMA IRQ c0=1
DMA IRQ c1=0
DMA IRQ c2=0
DMA IRQ c3=0
SELECT busy=11051
SELECT w0=10975
SELECT w1=10976
SELECT w2=10976
BUSY TASK ewma=997
DMA IRQ c0=1
DMA IRQ c1=0
DMA IRQ c2=0
DMA IRQ c3=0
SELECT busy=11063
SELECT w0=10987
SELECT w1=10988
SELECT w2=10988
BUSY TASK ewma=997
DMA IRQ c0=1
DMA IRQ c1=0
DMA IRQ c2=0
DMA IRQ c3=0
SELECT busy=11072
SELECT w0=10996
SELECT w1=10997
SELECT w2=10997
BUSY TASK ewma=997
IRQ counts: cpu0=44094 cpu1=0 cpu2=0 cpu3=0
SCHED secondaries: calls=0 unexpected=0
SECTEST switches=0 cpu1=0,0 cpu2=0,0 cpu3=0,0
PINGPONG rounds=0 pongs=0
DMA IRQ c0=1
DMA IRQ c1=0
DMA IRQ c2=0
DMA IRQ c3=0
SELECT busy=11082
SELECT w0=11006
SELECT w1=11007
SELECT w2=11008
BUSY TASK ewma=997
DMA IRQ c0=1
DMA IRQ c1=0
DMA IRQ c2=0
DMA IRQ c3=0
SELECT busy=11091
SELECT w0=11015
SELECT w1=11016
SELECT w2=11016
BUSY TASK ewma=997
DMA IRQ c0=1
DMA IRQ c1=0
DMA IRQ c2=0
DMA IRQ c3=0
SELECT busy=11100
SELECT w0=11024
SELECT w1=11025
SELECT w2=11025
BUSY TASK ewma=997
DMA IRQ c0=1
DMA IRQ c1=0
DMA IRQ c2=0
DMA IRQ c3=0
SELECT busy=11108
SELECT w0=11032
SELECT w1=11033
SELECT w2=11034
BUSY TASK ewma=997
DMA IRQ c0=1
DMA IRQ c1=0
DMA IRQ c2=0
DMA IRQ c3=0
SELECT busy=11117
SELECT w0=11041
SELECT w1=11042
SELECT w2=11042
BUSY TASK ewma=997
DMA IRQ c0=1
DMA IRQ c1=0
DMA IRQ c2=0
DMA IRQ c3=0
SELECT busy=11125
SELECT w0=11049
SELECT w1=11051
SELECT w2=11051
BUSY TASK ewma=997
DMA IRQ c0=1
DMA IRQ c1=0
DMA IRQ c2=0
DMA IRQ c3=0
SELECT busy=11134
SELECT w0=11058
SELECT w1=11059
SELECT w2=11059
BUSY TASK ewma=997
DMA IRQ c0=1
DMA IRQ c1=0
DMA IRQ c2=0
DMA IRQ c3=0
SELECT busy=11142
SELECT w0=11066
SELECT w1=11067
SELECT w2=11067
BUSY TASK ewma=997
DMA IRQ c0=1
DMA IRQ c1=0
DMA IRQ c2=0
DMA IRQ c3=0
SELECT busy=11151
SELECT w0=11075
SELECT w1=11076
SELECT w2=11076
BUSY TASK ewma=997
DMA IRQ c0=1
DMA IRQ c1=0
DMA IRQ c2=0
DMA IRQ c3=0
SELECT busy=11159
SELECT w0=11083
SELECT w1=11084
SELECT w2=11085
BUSY TASK ewma=997
DMA IRQ c0=1
DMA IRQ c1=0
DMA IRQ c2=0
DMA IRQ c3=0
SELECT busy=11168
SELECT w0=11092
SELECT w1=11093
SELECT w2=11093
BUSY TASK ewma=997
DMA IRQ c0=1
DMA IRQ c1=0
DMA IRQ c2=0
DMA IRQ c3=0
SELECT busy=11177
SELECT w0=11101
SELECT w1=11102
SELECT w2=11102
BUSY TASK ewma=997
DMA IRQ c0=1
DMA IRQ c1=0
DMA IRQ c2=0
DMA IRQ c3=0
SELECT busy=11185
SELECT w0=11109
SELECT w1=11110
SELECT w2=11110
BUSY TASK ewma=997
DMA IRQ c0=1
DMA IRQ c1=0
DMA IRQ c2=0
DMA IRQ c3=0
SELECT busy=11194
SELECT w0=11118
SELECT w1=11119
SELECT w2=11119
BUSY TASK ewma=997
DMA IRQ c0=1
DMA IRQ c1=0
DMA IRQ c2=0
DMA IRQ c3=0
SELECT busy=11202
SELECT w0=11126
SELECT w1=11128
SELECT w2=11128
BUSY TASK ewma=997
DMA IRQ c0=1
DMA IRQ c1=0
DMA IRQ c2=0
DMA IRQ c3=0
SELECT busy=11211
SELECT w0=11135
SELECT w1=11136
SELECT w2=11136
BUSY TASK ewma=997
DMA IRQ c0=1
DMA IRQ c1=0
DMA IRQ c2=0
DMA IRQ c3=0
SELECT busy=11220
SELECT w0=11144
SELECT w1=11145
SELECT w2=11145
BUSY TASK ewma=997
DMA IRQ c0=1
DMA IRQ c1=0
DMA IRQ c2=0
DMA IRQ c3=0
SELECT busy=11228
SELECT w0=11152
SELECT w1=11153
SELECT w2=11153
BUSY TASK ewma=997
DMA IRQ c0=1
DMA IRQ c1=0
DMA IRQ c2=0
DMA IRQ c3=0
SELECT busy=11239
SELECT w0=11163
SELECT w1=11164
SELECT w2=11165
BUSY TASK ewma=997
DMA IRQ c0=1
DMA IRQ c1=0
DMA IRQ c2=0
DMA IRQ c3=0
SELECT busy=11253
SELECT w0=11178
SELECT w1=11179
SELECT w2=11179
BUSY TASK ewma=997
DMA IRQ c0=1
DMA IRQ c1=0
DMA IRQ c2=0
DMA IRQ c3=0
SELECT busy=11266
SELECT w0=11190
SELECT w1=11191
SELECT w2=11191
BUSY TASK ewma=997
DMA IRQ c0=1
DMA IRQ c1=0
DMA IRQ c2=0
DMA IRQ c3=0
SELECT busy=11279
SELECT w0=11203
SELECT w1=11204
SELECT w2=11204
BUSY TASK ewma=997
DMA IRQ c0=1
DMA IRQ c1=0
DMA IRQ c2=0
DMA IRQ c3=0
SELECT busy=11291
SELECT w0=11215
SELECT w1=11216
SELECT w2=11216
BUSY TASK ewma=997
DMA IRQ c0=1
DMA IRQ c1=0
DMA IRQ c2=0
DMA IRQ c3=0
SELECT busy=11300
SELECT w0=11224
SELECT w1=11225
SELECT w2=11225
BUSY TASK ewma=997
DMA IRQ c0=1
DMA IRQ c1=0
DMA IRQ c2=0
DMA IRQ c3=0
SELECT busy=11308
SELECT w0=11232
SELECT w1=11233
SELECT w2=11233
BUSY TASK ewma=997
DMA IRQ c0=1
DMA IRQ c1=0
DMA IRQ c2=0
DMA IRQ c3=0
SELECT busy=11317
SELECT w0=11241
SELECT w1=11242
SELECT w2=11242
BUSY TASK ewma=997
DMA IRQ c0=1
DMA IRQ c1=0
DMA IRQ c2=0
DMA IRQ c3=0
SELECT busy=11325
SELECT w0=11249
SELECT w1=11250
SELECT w2=11250
BUSY TASK ewma=997
DMA IRQ c0=1
DMA IRQ c1=0
DMA IRQ c2=0
DMA IRQ c3=0
SELECT busy=11335
SELECT w0=11260
SELECT w1=11261
SELECT w2=11261
BUSY TASK ewma=997
DMA IRQ c0=1
DMA IRQ c1=0
DMA IRQ c2=0
DMA IRQ c3=0
SELECT busy=11350
SELECT w0=11274
SELECT w1=11275
SELECT w2=11275
BUSY TASK ewma=997
DMA IRQ c0=1
DMA IRQ c1=0
DMA IRQ c2=0
DMA IRQ c3=0
SELECT busy=11365
SELECT w0=11289
SELECT w1=11290
SELECT w2=11290
BUSY TASK ewma=997
DMA IRQ c0=1
DMA IRQ c1=0
DMA IRQ c2=0
DMA IRQ c3=0
SELECT busy=11380
SELECT w0=11305
SELECT w1=11306
SELECT w2=11306
BUSY TASK ewma=997
DMA IRQ c0=1
DMA IRQ c1=0
DMA IRQ c2=0
DMA IRQ c3=0
SELECT busy=11396
SELECT w0=11321
SELECT w1=11322
SELECT w2=11322
BUSY TASK ewma=997
DMA IRQ c0=1
DMA IRQ c1=0
DMA IRQ c2=0
DMA IRQ c3=0
SELECT busy=11409
SELECT w0=11333
SELECT w1=11334
SELECT w2=11334
BUSY TASK ewma=997
DMA IRQ c0=1
DMA IRQ c1=0
DMA IRQ c2=0
DMA IRQ c3=0
SELECT busy=11421
SELECT w0=11345
SELECT w1=11346
SELECT w2=11346
BUSY TASK ewma=997
DMA IRQ c0=1
DMA IRQ c1=0
DMA IRQ c2=0
DMA IRQ c3=0
SELECT busy=11429
SELECT w0=11353
SELECT w1=11354
SELECT w2=11354
BUSY TASK ewma=997
DMA IRQ c0=1
DMA IRQ c1=0
DMA IRQ c2=0
DMA IRQ c3=0
SELECT busy=11437
SELECT w0=11361
SELECT w1=11362
SELECT w2=11362
BUSY TASK ewma=997
DMA IRQ c0=1
DMA IRQ c1=0
DMA IRQ c2=0
DMA IRQ c3=0
SELECT busy=11445
SELECT w0=11369
SELECT w1=11370
SELECT w2=11370
BUSY TASK ewma=997
DMA IRQ c0=1
DMA IRQ c1=0
DMA IRQ c2=0
DMA IRQ c3=0
SELECT busy=11453
SELECT w0=11377
SELECT w1=11378
SELECT w2=11379
BUSY TASK ewma=997
DMA IRQ c0=1
DMA IRQ c1=0
DMA IRQ c2=0
DMA IRQ c3=0
SELECT busy=11462
SELECT w0=11386
SELECT w1=11387
SELECT w2=11387
BUSY TASK ewma=997
DMA IRQ c0=1
DMA IRQ c1=0
DMA IRQ c2=0
DMA IRQ c3=0
SELECT busy=11470
SELECT w0=11394
SELECT w1=11395
SELECT w2=11395
BUSY TASK ewma=997
DMA IRQ c0=1
DMA IRQ c1=0
DMA IRQ c2=0
DMA IRQ c3=0
SELECT busy=11479
SELECT w0=11403
SELECT w1=11404
SELECT w2=11404
BUSY TASK ewma=997
DMA IRQ c0=1
DMA IRQ c1=0
DMA IRQ c2=0
DMA IRQ c3=0
SELECT busy=11487
SELECT w0=11411
SELECT w1=11412
SELECT w2=11412
BUSY TASK ewma=997
DMA IRQ c0=1
DMA IRQ c1=0
DMA IRQ c2=0
DMA IRQ c3=0
SELECT busy=11495
SELECT w0=11419
SELECT w1=11420
SELECT w2=11421
BUSY TASK ewma=997
DMA IRQ c0=1
DMA IRQ c1=0
DMA IRQ c2=0
DMA IRQ c3=0
SELECT busy=11504
SELECT w0=11428
SELECT w1=11429
SELECT w2=11429
BUSY TASK ewma=997
DMA IRQ c0=1
DMA IRQ c1=0
DMA IRQ c2=0
DMA IRQ c3=0
SELECT busy=11512
SELECT w0=11436
SELECT w1=11437
SELECT w2=11437
BUSY TASK ewma=997
DMA IRQ c0=1
DMA IRQ c1=0
DMA IRQ c2=0
DMA IRQ c3=0
SELECT busy=11521
SELECT w0=11445
SELECT w1=11446
SELECT w2=11446
BUSY TASK ewma=997
DMA IRQ c0=1
DMA IRQ c1=0
DMA IRQ c2=0
DMA IRQ c3=0
SELECT busy=11529
SELECT w0=11453
SELECT w1=11454
SELECT w2=11454
BUSY TASK ewma=997
DMA IRQ c0=1
DMA IRQ c1=0
DMA IRQ c2=0
DMA IRQ c3=0
SELECT busy=11537
SELECT w0=11461
SELECT w1=11463
SELECT w2=11463
BUSY TASK ewma=997
DMA IRQ c0=1
DMA IRQ c1=0
DMA IRQ c2=0
DMA IRQ c3=0
SELECT busy=11545
SELECT w0=11469
SELECT w1=11470
SELECT w2=11470
BUSY TASK ewma=997
DMA IRQ c0=1
DMA IRQ c1=0
DMA IRQ c2=0
DMA IRQ c3=0
SELECT busy=11553
SELECT w0=11477
SELECT w1=11478
SELECT w2=11478
BUSY TASK ewma=997
DMA IRQ c0=1
DMA IRQ c1=0
DMA IRQ c2=0
DMA IRQ c3=0
SELECT busy=11561
SELECT w0=11486
SELECT w1=11487
SELECT w2=11487
BUSY TASK ewma=997
DMA IRQ c0=1
DMA IRQ c1=0
DMA IRQ c2=0
DMA IRQ c3=0
SELECT busy=11570
SELECT w0=11494
SELECT w1=11495
SELECT w2=11495
BUSY TASK ewma=997
DMA IRQ c0=1
DMA IRQ c1=0
DMA IRQ c2=0
DMA IRQ c3=0
SELECT busy=11578
SELECT w0=11502
SELECT w1=11503
SELECT w2=11503
BUSY TASK ewma=997
DMA IRQ c0=1
DMA IRQ c1=0
DMA IRQ c2=0
DMA IRQ c3=0
SELECT busy=11587
SELECT w0=11511
SELECT w1=11512
SELECT w2=11512
BUSY TASK ewma=997
DMA IRQ c0=1
DMA IRQ c1=0
DMA IRQ c2=0
DMA IRQ c3=0
SELECT busy=11595
SELECT w0=11520
SELECT w1=11521
SELECT w2=11521
BUSY TASK ewma=997
DMA IRQ c0=1
DMA IRQ c1=0
DMA IRQ c2=0
DMA IRQ c3=0
SELECT busy=11604
SELECT w0=11528
SELECT w1=11529
SELECT w2=11529
BUSY TASK ewma=997
DMA IRQ c0=1
DMA IRQ c1=0
DMA IRQ c2=0
DMA IRQ c3=0
SELECT busy=11612
SELECT w0=11536
SELECT w1=11537
SELECT w2=11537
BUSY TASK ewma=997
DMA IRQ c0=1
DMA IRQ c1=0
DMA IRQ c2=0
DMA IRQ c3=0
SELECT busy=11621
SELECT w0=11545
SELECT w1=11546
SELECT w2=11546
BUSY TASK ewma=997
DMA IRQ c0=1
DMA IRQ c1=0
DMA IRQ c2=0
DMA IRQ c3=0
SELECT busy=11630
SELECT w0=11555
SELECT w1=11556
SELECT w2=11556
BUSY TASK ewma=997
DMA IRQ c0=1
DMA IRQ c1=0
DMA IRQ c2=0
DMA IRQ c3=0
SELECT busy=11640
SELECT w0=11564
SELECT w1=11565
SELECT w2=11565
BUSY TASK ewma=997
DMA IRQ c0=1
DMA IRQ c1=0
DMA IRQ c2=0
DMA IRQ c3=0
SELECT busy=11648
SELECT w0=11572
SELECT w1=11573
SELECT w2=11574
BUSY TASK ewma=997
DMA IRQ c0=1
DMA IRQ c1=0
DMA IRQ c2=0
DMA IRQ c3=0
SELECT busy=11657
SELECT w0=11581
SELECT w1=11582
SELECT w2=11582
BUSY TASK ewma=997
DMA IRQ c0=1
DMA IRQ c1=0
DMA IRQ c2=0
DMA IRQ c3=0
SELECT busy=11668
SELECT w0=11592
SELECT w1=11593
SELECT w2=11593
BUSY TASK ewma=997
DMA IRQ c0=1
DMA IRQ c1=0
DMA IRQ c2=0
DMA IRQ c3=0
SELECT busy=11683
SELECT w0=11607
SELECT w1=11608
SELECT w2=11608
BUSY TASK ewma=997
IRQ counts: cpu0=46566 cpu1=0 cpu2=0 cpu3=0
SCHED secondaries: calls=0 unexpected=0
SECTEST switches=0 cpu1=0,0 cpu2=0,0 cpu3=0,0
PINGPONG rounds=0 pongs=0
DMA IRQ c0=1
DMA IRQ c1=0
DMA IRQ c2=0
DMA IRQ c3=0
SELECT busy=11701
SELECT w0=11625
SELECT w1=11626
SELECT w2=11626
BUSY TASK ewma=997
DMA IRQ c0=1
DMA IRQ c1=0
DMA IRQ c2=0
DMA IRQ c3=0
SELECT busy=11719
SELECT w0=11643
SELECT w1=11644
SELECT w2=11644
BUSY TASK ewma=997
DMA IRQ c0=1
DMA IRQ c1=0
DMA IRQ c2=0
DMA IRQ c3=0
SELECT busy=11735
SELECT w0=11659
SELECT w1=11660
SELECT w2=11661
BUSY TASK ewma=997
DMA IRQ c0=1
DMA IRQ c1=0
DMA IRQ c2=0
DMA IRQ c3=0
SELECT busy=11751
SELECT w0=11675
SELECT w1=11676
SELECT w2=11676
BUSY TASK ewma=997
DMA IRQ c0=1
DMA IRQ c1=0
DMA IRQ c2=0
DMA IRQ c3=0
SELECT busy=11765
SELECT w0=11689
SELECT w1=11690
SELECT w2=11690
BUSY TASK ewma=997
DMA IRQ c0=1
DMA IRQ c1=0
DMA IRQ c2=0
DMA IRQ c3=0
SELECT busy=11774
SELECT w0=11699
SELECT w1=11700
SELECT w2=11700
BUSY TASK ewma=997
DMA IRQ c0=1
DMA IRQ c1=0
DMA IRQ c2=0
DMA IRQ c3=0
SELECT busy=11783
SELECT w0=11707
SELECT w1=11708
SELECT w2=11708
BUSY TASK ewma=997
DMA IRQ c0=1
DMA IRQ c1=0
DMA IRQ c2=0
DMA IRQ c3=0
SELECT busy=11791
SELECT w0=11715
SELECT w1=11716
SELECT w2=11716
BUSY TASK ewma=997
DMA IRQ c0=1
DMA IRQ c1=0
DMA IRQ c2=0
DMA IRQ c3=0
SELECT busy=11799
SELECT w0=11723
SELECT w1=11724
SELECT w2=11724
BUSY TASK ewma=997
DMA IRQ c0=1
DMA IRQ c1=0
DMA IRQ c2=0
DMA IRQ c3=0
SELECT busy=11807
SELECT w0=11731
SELECT w1=11732
SELECT w2=11732
BUSY TASK ewma=997
DMA IRQ c0=1
DMA IRQ c1=0
DMA IRQ c2=0
DMA IRQ c3=0
SELECT busy=11816
SELECT w0=11740
SELECT w1=11741
SELECT w2=11741
BUSY TASK ewma=997
DMA IRQ c0=1
DMA IRQ c1=0
DMA IRQ c2=0
DMA IRQ c3=0
SELECT busy=11824
SELECT w0=11748
SELECT w1=11749
SELECT w2=11749
BUSY TASK ewma=997
DMA IRQ c0=1
DMA IRQ c1=0
DMA IRQ c2=0
DMA IRQ c3=0
SELECT busy=11831
SELECT w0=11755
SELECT w1=11757
SELECT w2=11757
BUSY TASK ewma=997
DMA IRQ c0=1
DMA IRQ c1=0
DMA IRQ c2=0
DMA IRQ c3=0
SELECT busy=11840
SELECT w0=11764
SELECT w1=11765
SELECT w2=11765
BUSY TASK ewma=997
DMA IRQ c0=1
DMA IRQ c1=0
DMA IRQ c2=0
DMA IRQ c3=0
SELECT busy=11848
SELECT w0=11772
SELECT w1=11773
SELECT w2=11773
BUSY TASK ewma=997
DMA IRQ c0=1
DMA IRQ c1=0
DMA IRQ c2=0
DMA IRQ c3=0
SELECT busy=11856
SELECT w0=11780
SELECT w1=11781
SELECT w2=11781
BUSY TASK ewma=997
DMA IRQ c0=1
DMA IRQ c1=0
DMA IRQ c2=0
DMA IRQ c3=0
SELECT busy=11864
SELECT w0=11788
SELECT w1=11789
SELECT w2=11789
BUSY TASK ewma=997
DMA IRQ c0=1
DMA IRQ c1=0
DMA IRQ c2=0
DMA IRQ c3=0
SELECT busy=11872
SELECT w0=11796
SELECT w1=11797
SELECT w2=11797
BUSY TASK ewma=997
DMA IRQ c0=1
DMA IRQ c1=0
DMA IRQ c2=0
DMA IRQ c3=0
SELECT busy=11880
SELECT w0=11804
SELECT w1=11805
SELECT w2=11805
BUSY TASK ewma=997
DMA IRQ c0=1
DMA IRQ c1=0
DMA IRQ c2=0
DMA IRQ c3=0
SELECT busy=11888
SELECT w0=11812
SELECT w1=11813
SELECT w2=11814
BUSY TASK ewma=997
DMA IRQ c0=1
DMA IRQ c1=0
DMA IRQ c2=0
DMA IRQ c3=0
SELECT busy=11896
SELECT w0=11820
SELECT w1=11822
SELECT w2=11822
BUSY TASK ewma=997
DMA IRQ c0=1
DMA IRQ c1=0
DMA IRQ c2=0
DMA IRQ c3=0
SELECT busy=11904
SELECT w0=11829
SELECT w1=11830
SELECT w2=11830
BUSY TASK ewma=997
DMA IRQ c0=1
DMA IRQ c1=0
DMA IRQ c2=0
DMA IRQ c3=0
SELECT busy=11912
SELECT w0=11836
SELECT w1=11837
SELECT w2=11838
BUSY TASK ewma=997
DMA IRQ c0=1
DMA IRQ c1=0
DMA IRQ c2=0
DMA IRQ c3=0
SELECT busy=11920
SELECT w0=11844
SELECT w1=11845
SELECT w2=11846
BUSY TASK ewma=997
DMA IRQ c0=1
DMA IRQ c1=0
DMA IRQ c2=0
DMA IRQ c3=0
SELECT busy=11928
SELECT w0=11853
SELECT w1=11854
SELECT w2=11854
BUSY TASK ewma=997
DMA IRQ c0=1
DMA IRQ c1=0
DMA IRQ c2=0
DMA IRQ c3=0
SELECT busy=11937
SELECT w0=11861
SELECT w1=11862
SELECT w2=11862
BUSY TASK ewma=997
DMA IRQ c0=1
DMA IRQ c1=0
DMA IRQ c2=0
DMA IRQ c3=0
SELECT busy=11945
SELECT w0=11869
SELECT w1=11870
SELECT w2=11870
BUSY TASK ewma=997
DMA IRQ c0=1
DMA IRQ c1=0
DMA IRQ c2=0
DMA IRQ c3=0
SELECT busy=11953
SELECT w0=11877
SELECT w1=11878
SELECT w2=11878
BUSY TASK ewma=997
DMA IRQ c0=1
DMA IRQ c1=0
DMA IRQ c2=0
DMA IRQ c3=0
SELECT busy=11961
SELECT w0=11885
SELECT w1=11887
SELECT w2=11887
BUSY TASK ewma=997
DMA IRQ c0=1
DMA IRQ c1=0
DMA IRQ c2=0
DMA IRQ c3=0
SELECT busy=11969
SELECT w0=11894
SELECT w1=11895
SELECT w2=11895
BUSY TASK ewma=997
DMA IRQ c0=1
DMA IRQ c1=0
DMA IRQ c2=0
DMA IRQ c3=0
SELECT busy=11978
SELECT w0=11902
SELECT w1=11903
SELECT w2=11903
BUSY TASK ewma=997
DMA IRQ c0=1
DMA IRQ c1=0
DMA IRQ c2=0
DMA IRQ c3=0
SELECT busy=11986
SELECT w0=11910
SELECT w1=11911
SELECT w2=11912
BUSY TASK ewma=997
DMA IRQ c0=1
DMA IRQ c1=0
DMA IRQ c2=0
DMA IRQ c3=0
SELECT busy=11995
SELECT w0=11919
SELECT w1=11920
SELECT w2=11920
BUSY TASK ewma=997
DMA IRQ c0=1
DMA IRQ c1=0
DMA IRQ c2=0
DMA IRQ c3=0
SELECT busy=12003
SELECT w0=11927
SELECT w1=11928
SELECT w2=11928
BUSY TASK ewma=997
DMA IRQ c0=1
DMA IRQ c1=0
DMA IRQ c2=0
DMA IRQ c3=0
SELECT busy=12012
SELECT w0=11936
SELECT w1=11937
SELECT w2=11937
BUSY TASK ewma=997
DMA IRQ c0=1
DMA IRQ c1=0
DMA IRQ c2=0
DMA IRQ c3=0
SELECT busy=12021
SELECT w0=11945
SELECT w1=11946
SELECT w2=11946
BUSY TASK ewma=997
DMA IRQ c0=1
DMA IRQ c1=0
DMA IRQ c2=0
DMA IRQ c3=0
SELECT busy=12029
SELECT w0=11953
SELECT w1=11954
SELECT w2=11954
BUSY TASK ewma=997
DMA IRQ c0=1
DMA IRQ c1=0
DMA IRQ c2=0
DMA IRQ c3=0
SELECT busy=12038
SELECT w0=11962
SELECT w1=11963
SELECT w2=11963
BUSY TASK ewma=997
DMA IRQ c0=1
DMA IRQ c1=0
DMA IRQ c2=0
DMA IRQ c3=0
SELECT busy=12046
SELECT w0=11971
SELECT w1=11972
SELECT w2=11972
BUSY TASK ewma=997
DMA IRQ c0=1
DMA IRQ c1=0
DMA IRQ c2=0
DMA IRQ c3=0
SELECT busy=12055
SELECT w0=11979
SELECT w1=11980
SELECT w2=11980
BUSY TASK ewma=997
DMA IRQ c0=1
DMA IRQ c1=0
DMA IRQ c2=0
DMA IRQ c3=0
SELECT busy=12064
SELECT w0=11989
SELECT w1=11990
SELECT w2=11990
BUSY TASK ewma=997
DMA IRQ c0=1
DMA IRQ c1=0
DMA IRQ c2=0
DMA IRQ c3=0
SELECT busy=12074
SELECT w0=11998
SELECT w1=11999
SELECT w2=11999
BUSY TASK ewma=997
DMA IRQ c0=1
DMA IRQ c1=0
DMA IRQ c2=0
DMA IRQ c3=0
SELECT busy=12082
SELECT w0=12006
SELECT w1=12007
SELECT w2=12007
BUSY TASK ewma=997
DMA IRQ c0=1
DMA IRQ c1=0
DMA IRQ c2=0
DMA IRQ c3=0
SELECT busy=12091
SELECT w0=12015
SELECT w1=12016
SELECT w2=12016
BUSY TASK ewma=997
DMA IRQ c0=1
DMA IRQ c1=0
DMA IRQ c2=0
DMA IRQ c3=0
SELECT busy=12099
SELECT w0=12024
SELECT w1=12025
SELECT w2=12025
BUSY TASK ewma=997
DMA IRQ c0=1
DMA IRQ c1=0
DMA IRQ c2=0
DMA IRQ c3=0
SELECT busy=12108
SELECT w0=12032
SELECT w1=12033
SELECT w2=12033
BUSY TASK ewma=997
DMA IRQ c0=1
DMA IRQ c1=0
DMA IRQ c2=0
DMA IRQ c3=0
SELECT busy=12116
SELECT w0=12040
SELECT w1=12041
SELECT w2=12042
BUSY TASK ewma=997
DMA IRQ c0=1
DMA IRQ c1=0
DMA IRQ c2=0
DMA IRQ c3=0
SELECT busy=12125
SELECT w0=12049
SELECT w1=12050
SELECT w2=12050
BUSY TASK ewma=997
DMA IRQ c0=1
DMA IRQ c1=0
DMA IRQ c2=0
DMA IRQ c3=0
SELECT busy=12134
SELECT w0=12058
SELECT w1=12059
SELECT w2=12059
BUSY TASK ewma=997
DMA IRQ c0=1
DMA IRQ c1=0
DMA IRQ c2=0
DMA IRQ c3=0
SELECT busy=12142
SELECT w0=12066
SELECT w1=12068
SELECT w2=12068
BUSY TASK ewma=997
DMA IRQ c0=1
DMA IRQ c1=0
DMA IRQ c2=0
DMA IRQ c3=0
SELECT busy=12151
SELECT w0=12075
SELECT w1=12076
SELECT w2=12076
BUSY TASK ewma=997
DMA IRQ c0=1
DMA IRQ c1=0
DMA IRQ c2=0
DMA IRQ c3=0
SELECT busy=12160
SELECT w0=12084
SELECT w1=12085
SELECT w2=12085
BUSY TASK ewma=997
DMA IRQ c0=1
DMA IRQ c1=0
DMA IRQ c2=0
DMA IRQ c3=0
SELECT busy=12168
SELECT w0=12092
SELECT w1=12093
SELECT w2=12094
BUSY TASK ewma=997
DMA IRQ c0=1
DMA IRQ c1=0
DMA IRQ c2=0
DMA IRQ c3=0
SELECT busy=12177
SELECT w0=12101
SELECT w1=12102
SELECT w2=12102
BUSY TASK ewma=997
DMA IRQ c0=1
DMA IRQ c1=0
DMA IRQ c2=0
DMA IRQ c3=0
SELECT busy=12186
SELECT w0=12110
SELECT w1=12111
SELECT w2=12111
BUSY TASK ewma=997
DMA IRQ c0=1
DMA IRQ c1=0
DMA IRQ c2=0
DMA IRQ c3=0
SELECT busy=12194
SELECT w0=12118
SELECT w1=12119
SELECT w2=12119
BUSY TASK ewma=997
DMA IRQ c0=1
DMA IRQ c1=0
DMA IRQ c2=0
DMA IRQ c3=0
SELECT busy=12203
SELECT w0=12127
SELECT w1=12128
SELECT w2=12128
BUSY TASK ewma=997
DMA IRQ c0=1
DMA IRQ c1=0
DMA IRQ c2=0
DMA IRQ c3=0
SELECT busy=12211
SELECT w0=12135
SELECT w1=12136
SELECT w2=12136
BUSY TASK ewma=997
DMA IRQ c0=1
DMA IRQ c1=0
DMA IRQ c2=0
DMA IRQ c3=0
SELECT busy=12219
SELECT w0=12143
SELECT w1=12145
SELECT w2=12145
BUSY TASK ewma=997
DMA IRQ c0=1
DMA IRQ c1=0
DMA IRQ c2=0
DMA IRQ c3=0
SELECT busy=12228
SELECT w0=12152
SELECT w1=12153
SELECT w2=12153
BUSY TASK ewma=997
DMA IRQ c0=1
DMA IRQ c1=0
DMA IRQ c2=0
DMA IRQ c3=0
SELECT busy=12236
SELECT w0=12160
SELECT w1=12161
SELECT w2=12161
BUSY TASK ewma=997
DMA IRQ c0=1
DMA IRQ c1=0
DMA IRQ c2=0
DMA IRQ c3=0
SELECT busy=12245
SELECT w0=12169
SELECT w1=12170
SELECT w2=12170
BUSY TASK ewma=997
DMA IRQ c0=1
DMA IRQ c1=0
DMA IRQ c2=0
DMA IRQ c3=0
SELECT busy=12253
SELECT w0=12177
SELECT w1=12178
SELECT w2=12178
BUSY TASK ewma=997
DMA IRQ c0=1
DMA IRQ c1=0
DMA IRQ c2=0
DMA IRQ c3=0
SELECT busy=12261
SELECT w0=12185
SELECT w1=12187
SELECT w2=12187
BUSY TASK ewma=997
IRQ counts: cpu0=48850 cpu1=0 cpu2=0 cpu3=0
SCHED secondaries: calls=0 unexpected=0
SECTEST switches=0 cpu1=0,0 cpu2=0,0 cpu3=0,0
PINGPONG rounds=0 pongs=0
DMA IRQ c0=1
DMA IRQ c1=0
DMA IRQ c2=0
DMA IRQ c3=0
SELECT busy=12270
SELECT w0=12195
SELECT w1=12196
SELECT w2=12196
BUSY TASK ewma=997
DMA IRQ c0=1
DMA IRQ c1=0
DMA IRQ c2=0
DMA IRQ c3=0
SELECT busy=12279
SELECT w0=12203
SELECT w1=12204
SELECT w2=12204
BUSY TASK ewma=997
DMA IRQ c0=1
DMA IRQ c1=0
DMA IRQ c2=0
DMA IRQ c3=0
SELECT busy=12287
SELECT w0=12211
SELECT w1=12212
SELECT w2=12212
BUSY TASK ewma=997
DMA IRQ c0=1
DMA IRQ c1=0
DMA IRQ c2=0
DMA IRQ c3=0
SELECT busy=12296
SELECT w0=12220
SELECT w1=12221
SELECT w2=12221
BUSY TASK ewma=997
DMA IRQ c0=1
DMA IRQ c1=0
DMA IRQ c2=0
DMA IRQ c3=0
SELECT busy=12304
SELECT w0=12228
SELECT w1=12229
SELECT w2=12229
BUSY TASK ewma=997
DMA IRQ c0=1
DMA IRQ c1=0
DMA IRQ c2=0
DMA IRQ c3=0
SELECT busy=12313
SELECT w0=12237
SELECT w1=12238
SELECT w2=12238
BUSY TASK ewma=997
DMA IRQ c0=1
DMA IRQ c1=0
DMA IRQ c2=0
DMA IRQ c3=0
SELECT busy=12321
SELECT w0=12245
SELECT w1=12246
SELECT w2=12246
BUSY TASK ewma=997
DMA IRQ c0=1
DMA IRQ c1=0
DMA IRQ c2=0
DMA IRQ c3=0
SELECT busy=12330
SELECT w0=12254
SELECT w1=12255
SELECT w2=12255
BUSY TASK ewma=997
DMA IRQ c0=1
DMA IRQ c1=0
DMA IRQ c2=0
DMA IRQ c3=0
SELECT busy=12338
SELECT w0=12262
SELECT w1=12263
SELECT w2=12263
BUSY TASK ewma=997
DMA IRQ c0=1
DMA IRQ c1=0
DMA IRQ c2=0
DMA IRQ c3=0
SELECT busy=12347
SELECT w0=12271
SELECT w1=12272
SELECT w2=12272
BUSY TASK ewma=997
DMA IRQ c0=1
DMA IRQ c1=0
DMA IRQ c2=0
DMA IRQ c3=0
SELECT busy=12355
SELECT w0=12279
SELECT w1=12280
SELECT w2=12280
BUSY TASK ewma=997
DMA IRQ c0=1
DMA IRQ c1=0
DMA IRQ c2=0
DMA IRQ c3=0
SELECT busy=12364
SELECT w0=12288
SELECT w1=12289
SELECT w2=12289
BUSY TASK ewma=997
DMA IRQ c0=1
DMA IRQ c1=0
DMA IRQ c2=0
DMA IRQ c3=0
SELECT busy=12372
SELECT w0=12296
SELECT w1=12298
SELECT w2=12298
BUSY TASK ewma=997
DMA IRQ c0=1
DMA IRQ c1=0
DMA IRQ c2=0
DMA IRQ c3=0
SELECT busy=12381
SELECT w0=12305
SELECT w1=12306
SELECT w2=12306
BUSY TASK ewma=997
DMA IRQ c0=1
DMA IRQ c1=0
DMA IRQ c2=0
DMA IRQ c3=0
SELECT busy=12390
SELECT w0=12314
SELECT w1=12315
SELECT w2=12315
BUSY TASK ewma=997
DMA IRQ c0=1
DMA IRQ c1=0
DMA IRQ c2=0
DMA IRQ c3=0
SELECT busy=12398
SELECT w0=12322
SELECT w1=12323
SELECT w2=12323
BUSY TASK ewma=997
DMA IRQ c0=1
DMA IRQ c1=0
DMA IRQ c2=0
DMA IRQ c3=0
SELECT busy=12407
SELECT w0=12331
SELECT w1=12332
SELECT w2=12332
BUSY TASK ewma=997
DMA IRQ c0=1
DMA IRQ c1=0
DMA IRQ c2=0
DMA IRQ c3=0
SELECT busy=12415
SELECT w0=12339
SELECT w1=12340
SELECT w2=12340
BUSY TASK ewma=997
DMA IRQ c0=1
DMA IRQ c1=0
DMA IRQ c2=0
DMA IRQ c3=0
SELECT busy=12424
SELECT w0=12348
SELECT w1=12349
SELECT w2=12349
BUSY TASK ewma=997
DMA IRQ c0=1
DMA IRQ c1=0
DMA IRQ c2=0
DMA IRQ c3=0
SELECT busy=12432
SELECT w0=12357
SELECT w1=12358
SELECT w2=12358
BUSY TASK ewma=997
DMA IRQ c0=1
DMA IRQ c1=0
DMA IRQ c2=0
DMA IRQ c3=0
SELECT busy=12441
SELECT w0=12365
SELECT w1=12366
SELECT w2=12366
BUSY TASK ewma=997
DMA IRQ c0=1
DMA IRQ c1=0
DMA IRQ c2=0
DMA IRQ c3=0
SELECT busy=12450
SELECT w0=12374
SELECT w1=12375
SELECT w2=12375
BUSY TASK ewma=997
DMA IRQ c0=1
DMA IRQ c1=0
DMA IRQ c2=0
DMA IRQ c3=0
SELECT busy=12458
SELECT w0=12382
SELECT w1=12384
SELECT w2=12384
BUSY TASK ewma=997
DMA IRQ c0=1
DMA IRQ c1=0
DMA IRQ c2=0
DMA IRQ c3=0
SELECT busy=12467
SELECT w0=12391
SELECT w1=12392
SELECT w2=12392
BUSY TASK ewma=997
DMA IRQ c0=1
DMA IRQ c1=0
DMA IRQ c2=0
DMA IRQ c3=0
SELECT busy=12476
SELECT w0=12400
SELECT w1=12401
SELECT w2=12401
BUSY TASK ewma=997
DMA IRQ c0=1
DMA IRQ c1=0
DMA IRQ c2=0
DMA IRQ c3=0
SELECT busy=12484
SELECT w0=12409
SELECT w1=12410
SELECT w2=12410
BUSY TASK ewma=997
DMA IRQ c0=1
DMA IRQ c1=0
DMA IRQ c2=0
DMA IRQ c3=0
SELECT busy=12493
SELECT w0=12417
SELECT w1=12419
SELECT w2=12419
BUSY TASK ewma=997
DMA IRQ c0=1
DMA IRQ c1=0
DMA IRQ c2=0
DMA IRQ c3=0
SELECT busy=12504
SELECT w0=12428
SELECT w1=12429
SELECT w2=12429
BUSY TASK ewma=997
DMA IRQ c0=1
DMA IRQ c1=0
DMA IRQ c2=0
DMA IRQ c3=0
SELECT busy=12514
SELECT w0=12438
SELECT w1=12439
SELECT w2=12439
BUSY TASK ewma=997
DMA IRQ c0=1
DMA IRQ c1=0
DMA IRQ c2=0
DMA IRQ c3=0
SELECT busy=12523
SELECT w0=12447
SELECT w1=12448
SELECT w2=12448
BUSY TASK ewma=997
DMA IRQ c0=1
DMA IRQ c1=0
DMA IRQ c2=0
DMA IRQ c3=0
SELECT busy=12532
SELECT w0=12456
SELECT w1=12457
SELECT w2=12458
BUSY TASK ewma=997
DMA IRQ c0=1
DMA IRQ c1=0
DMA IRQ c2=0
DMA IRQ c3=0
SELECT busy=12541
SELECT w0=12465
SELECT w1=12466
SELECT w2=12466
BUSY TASK ewma=997
DMA IRQ c0=1
DMA IRQ c1=0
DMA IRQ c2=0
DMA IRQ c3=0
SELECT busy=12550
SELECT w0=12474
SELECT w1=12475
SELECT w2=12475
BUSY TASK ewma=997
DMA IRQ c0=1
DMA IRQ c1=0
DMA IRQ c2=0
DMA IRQ c3=0
SELECT busy=12559
SELECT w0=12483
SELECT w1=12484
SELECT w2=12484
BUSY TASK ewma=997
DMA IRQ c0=1
DMA IRQ c1=0
DMA IRQ c2=0
DMA IRQ c3=0
SELECT busy=12568
SELECT w0=12492
SELECT w1=12493
SELECT w2=12493
BUSY TASK ewma=997
DMA IRQ c0=1
DMA IRQ c1=0
DMA IRQ c2=0
DMA IRQ c3=0
SELECT busy=12577
SELECT w0=12501
SELECT w1=12502
SELECT w2=12502
BUSY TASK ewma=997
DMA IRQ c0=1
DMA IRQ c1=0
DMA IRQ c2=0
DMA IRQ c3=0
SELECT busy=12588
SELECT w0=12512
SELECT w1=12513
SELECT w2=12513
BUSY TASK ewma=997
DMA IRQ c0=1
DMA IRQ c1=0
DMA IRQ c2=0
DMA IRQ c3=0
SELECT busy=12596
SELECT w0=12520
SELECT w1=12521
SELECT w2=12521
BUSY TASK ewma=997
DMA IRQ c0=1
DMA IRQ c1=0
DMA IRQ c2=0
DMA IRQ c3=0
SELECT busy=12605
SELECT w0=12529
SELECT w1=12530
SELECT w2=12531
BUSY TASK ewma=997
DMA IRQ c0=1
DMA IRQ c1=0
DMA IRQ c2=0
DMA IRQ c3=0
SELECT busy=12614
SELECT w0=12538
SELECT w1=12539
SELECT w2=12539
BUSY TASK ewma=997
DMA IRQ c0=1
DMA IRQ c1=0
DMA IRQ c2=0
DMA IRQ c3=0
SELECT busy=12622
SELECT w0=12546
SELECT w1=12547
SELECT w2=12547
BUSY TASK ewma=997
DMA IRQ c0=1
DMA IRQ c1=0
DMA IRQ c2=0
DMA IRQ c3=0
SELECT busy=12632
SELECT w0=12556
SELECT w1=12557
SELECT w2=12557
BUSY TASK ewma=997
DMA IRQ c0=1
DMA IRQ c1=0
DMA IRQ c2=0
DMA IRQ c3=0
SELECT busy=12641
SELECT w0=12565
SELECT w1=12566
SELECT w2=12566
BUSY TASK ewma=997
DMA IRQ c0=1
DMA IRQ c1=0
DMA IRQ c2=0
DMA IRQ c3=0
SELECT busy=12649
SELECT w0=12573
SELECT w1=12575
SELECT w2=12575
BUSY TASK ewma=997
DMA IRQ c0=1
DMA IRQ c1=0
DMA IRQ c2=0
DMA IRQ c3=0
SELECT busy=12658
SELECT w0=12582
SELECT w1=12583
SELECT w2=12583
BUSY TASK ewma=997
DMA IRQ c0=1
DMA IRQ c1=0
DMA IRQ c2=0
DMA IRQ c3=0
SELECT busy=12666
SELECT w0=12590
SELECT w1=12591
SELECT w2=12591
BUSY TASK ewma=997
DMA IRQ c0=1
DMA IRQ c1=0
DMA IRQ c2=0
DMA IRQ c3=0
SELECT busy=12675
SELECT w0=12599
SELECT w1=12600
SELECT w2=12600
BUSY TASK ewma=997
DMA IRQ c0=1
DMA IRQ c1=0
DMA IRQ c2=0
DMA IRQ c3=0
SELECT busy=12683
SELECT w0=12607
SELECT w1=12608
SELECT w2=12608
BUSY TASK ewma=997
DMA IRQ c0=1
DMA IRQ c1=0
DMA IRQ c2=0
DMA IRQ c3=0
SELECT busy=12691
SELECT w0=12615
SELECT w1=12616
SELECT w2=12616
BUSY TASK ewma=997
DMA IRQ c0=1
DMA IRQ c1=0
DMA IRQ c2=0
DMA IRQ c3=0
SELECT busy=12699
SELECT w0=12623
SELECT w1=12624
SELECT w2=12624
BUSY TASK ewma=997
DMA IRQ c0=1
DMA IRQ c1=0
DMA IRQ c2=0
DMA IRQ c3=0
SELECT busy=12707
SELECT w0=12631
SELECT w1=12632
SELECT w2=12632
BUSY TASK ewma=997
DMA IRQ c0=1
DMA IRQ c1=0
DMA IRQ c2=0
DMA IRQ c3=0
SELECT busy=12715
SELECT w0=12639
SELECT w1=12640
SELECT w2=12640
BUSY TASK ewma=997
DMA IRQ c0=1
DMA IRQ c1=0
DMA IRQ c2=0
DMA IRQ c3=0
SELECT busy=12723
SELECT w0=12647
SELECT w1=12648
SELECT w2=12648
BUSY TASK ewma=997
DMA IRQ c0=1
DMA IRQ c1=0
DMA IRQ c2=0
DMA IRQ c3=0
SELECT busy=12731
SELECT w0=12655
SELECT w1=12656
SELECT w2=12656
BUSY TASK ewma=997
DMA IRQ c0=1
DMA IRQ c1=0
DMA IRQ c2=0
DMA IRQ c3=0
SELECT busy=12739
SELECT w0=12663
SELECT w1=12664
SELECT w2=12665
BUSY TASK ewma=997
DMA IRQ c0=1
DMA IRQ c1=0
DMA IRQ c2=0
DMA IRQ c3=0
SELECT busy=12747
SELECT w0=12671
SELECT w1=12672
SELECT w2=12672
BUSY TASK ewma=997
DMA IRQ c0=1
DMA IRQ c1=0
DMA IRQ c2=0
DMA IRQ c3=0
SELECT busy=12755
SELECT w0=12679
SELECT w1=12680
SELECT w2=12680
BUSY TASK ewma=997
DMA IRQ c0=1
DMA IRQ c1=0
DMA IRQ c2=0
DMA IRQ c3=0
SELECT busy=12763
SELECT w0=12687
SELECT w1=12688
SELECT w2=12688
BUSY TASK ewma=997
DMA IRQ c0=1
DMA IRQ c1=0
DMA IRQ c2=0
DMA IRQ c3=0
SELECT busy=12771
SELECT w0=12695
SELECT w1=12696
SELECT w2=12696
BUSY TASK ewma=997
DMA IRQ c0=1
DMA IRQ c1=0
DMA IRQ c2=0
DMA IRQ c3=0
SELECT busy=12779
SELECT w0=12703
SELECT w1=12704
SELECT w2=12704
BUSY TASK ewma=997
DMA IRQ c0=1
DMA IRQ c1=0
DMA IRQ c2=0
DMA IRQ c3=0
SELECT busy=12787
SELECT w0=12711
SELECT w1=12712
SELECT w2=12712
BUSY TASK ewma=997
DMA IRQ c0=1
DMA IRQ c1=0
DMA IRQ c2=0
DMA IRQ c3=0
SELECT busy=12795
SELECT w0=12719
SELECT w1=12720
SELECT w2=12720
BUSY TASK ewma=997
DMA IRQ c0=1
DMA IRQ c1=0
DMA IRQ c2=0
DMA IRQ c3=0
SELECT busy=12803
SELECT w0=12727
SELECT w1=12728
SELECT w2=12728
BUSY TASK ewma=997
DMA IRQ c0=1
DMA IRQ c1=0
DMA IRQ c2=0
DMA IRQ c3=0
SELECT busy=12811
SELECT w0=12735
SELECT w1=12736
SELECT w2=12736
BUSY TASK ewma=997
IRQ counts: cpu0=51046 cpu1=0 cpu2=0 cpu3=0
SCHED secondaries: calls=0 unexpected=0
SECTEST switches=0 cpu1=0,0 cpu2=0,0 cpu3=0,0
PINGPONG rounds=0 pongs=0
DMA IRQ c0=1
DMA IRQ c1=0
DMA IRQ c2=0
DMA IRQ c3=0
SELECT busy=12819
SELECT w0=12744
SELECT w1=12745
SELECT w2=12745
BUSY TASK ewma=997
DMA IRQ c0=1
DMA IRQ c1=0
DMA IRQ c2=0
DMA IRQ c3=0
SELECT busy=12828
SELECT w0=12752
SELECT w1=12753
SELECT w2=12753
BUSY TASK ewma=997
DMA IRQ c0=1
DMA IRQ c1=0
DMA IRQ c2=0
DMA IRQ c3=0
SELECT busy=12836
SELECT w0=12760
SELECT w1=12761
SELECT w2=12761
BUSY TASK ewma=997
DMA IRQ c0=1
DMA IRQ c1=0
DMA IRQ c2=0
DMA IRQ c3=0
SELECT busy=12844
SELECT w0=12768
SELECT w1=12769
SELECT w2=12769
BUSY TASK ewma=997
DMA IRQ c0=1
DMA IRQ c1=0
DMA IRQ c2=0
DMA IRQ c3=0
SELECT busy=12852
SELECT w0=12777
SELECT w1=12778
SELECT w2=12778
BUSY TASK ewma=997
DMA IRQ c0=1
DMA IRQ c1=0
DMA IRQ c2=0
DMA IRQ c3=0
SELECT busy=12860
SELECT w0=12784
SELECT w1=12785
SELECT w2=12785
BUSY TASK ewma=997
DMA IRQ c0=1
DMA IRQ c1=0
DMA IRQ c2=0
DMA IRQ c3=0
SELECT busy=12868
SELECT w0=12792
SELECT w1=12793
SELECT w2=12793
BUSY TASK ewma=997
DMA IRQ c0=1
DMA IRQ c1=0
DMA IRQ c2=0
DMA IRQ c3=0
SELECT busy=12876
SELECT w0=12800
SELECT w1=12801
SELECT w2=12801
BUSY TASK ewma=997
DMA IRQ c0=1
DMA IRQ c1=0
DMA IRQ c2=0
DMA IRQ c3=0
SELECT busy=12890
SELECT w0=12814
SELECT w1=12815
SELECT w2=12816
BUSY TASK ewma=997
DMA IRQ c0=1
DMA IRQ c1=0
DMA IRQ c2=0
DMA IRQ c3=0
SELECT busy=12908
SELECT w0=12832
SELECT w1=12833
SELECT w2=12833
BUSY TASK ewma=997
DMA IRQ c0=1
DMA IRQ c1=0
DMA IRQ c2=0
DMA IRQ c3=0
SELECT busy=12921
SELECT w0=12845
SELECT w1=12846
SELECT w2=12846
BUSY TASK ewma=997
DMA IRQ c0=1
DMA IRQ c1=0
DMA IRQ c2=0
DMA IRQ c3=0
SELECT busy=12929
SELECT w0=12853
SELECT w1=12854
SELECT w2=12854
BUSY TASK ewma=997
DMA IRQ c0=1
DMA IRQ c1=0
DMA IRQ c2=0
DMA IRQ c3=0
SELECT busy=12937
SELECT w0=12861
SELECT w1=12863
SELECT w2=12863
BUSY TASK ewma=997
DMA IRQ c0=1
DMA IRQ c1=0
DMA IRQ c2=0
DMA IRQ c3=0
SELECT busy=12945
SELECT w0=12869
SELECT w1=12870
SELECT w2=12871
BUSY TASK ewma=997
DMA IRQ c0=1
DMA IRQ c1=0
DMA IRQ c2=0
DMA IRQ c3=0
SELECT busy=12953
SELECT w0=12877
SELECT w1=12878
SELECT w2=12878
BUSY TASK ewma=997
DMA IRQ c0=1
DMA IRQ c1=0
DMA IRQ c2=0
DMA IRQ c3=0
SELECT busy=12961
SELECT w0=12885
SELECT w1=12886
SELECT w2=12886
BUSY TASK ewma=997
DMA IRQ c0=1
DMA IRQ c1=0
DMA IRQ c2=0
DMA IRQ c3=0
SELECT busy=12969
SELECT w0=12893
SELECT w1=12894
SELECT w2=12895
BUSY TASK ewma=997
DMA IRQ c0=1
DMA IRQ c1=0
DMA IRQ c2=0
DMA IRQ c3=0
SELECT busy=12977
SELECT w0=12901
SELECT w1=12902
SELECT w2=12902
BUSY TASK ewma=997
DMA IRQ c0=1
DMA IRQ c1=0
DMA IRQ c2=0
DMA IRQ c3=0
SELECT busy=12985
SELECT w0=12910
SELECT w1=12911
SELECT w2=12911
BUSY TASK ewma=997
DMA IRQ c0=1
DMA IRQ c1=0
DMA IRQ c2=0
DMA IRQ c3=0
SELECT busy=12994
SELECT w0=12918
SELECT w1=12919
SELECT w2=12919
BUSY TASK ewma=997
DMA IRQ c0=1
DMA IRQ c1=0
DMA IRQ c2=0
DMA IRQ c3=0
SELECT busy=13002
SELECT w0=12926
SELECT w1=12927
SELECT w2=12927
BUSY TASK ewma=997
DMA IRQ c0=1
DMA IRQ c1=0
DMA IRQ c2=0
DMA IRQ c3=0
SELECT busy=13010
SELECT w0=12934
SELECT w1=12935
SELECT w2=12935
BUSY TASK ewma=997
DMA IRQ c0=1
DMA IRQ c1=0
DMA IRQ c2=0
DMA IRQ c3=0
SELECT busy=13018
SELECT w0=12943
SELECT w1=12944
SELECT w2=12944
BUSY TASK ewma=997
DMA IRQ c0=1
DMA IRQ c1=0
DMA IRQ c2=0
DMA IRQ c3=0
SELECT busy=13027
SELECT w0=12951
SELECT w1=12952
SELECT w2=12952
BUSY TASK ewma=997
DMA IRQ c0=1
DMA IRQ c1=0
DMA IRQ c2=0
DMA IRQ c3=0
SELECT busy=13035
SELECT w0=12959
SELECT w1=12961
SELECT w2=12961
BUSY TASK ewma=997
DMA IRQ c0=1
DMA IRQ c1=0
DMA IRQ c2=0
DMA IRQ c3=0
SELECT busy=13044
SELECT w0=12968
SELECT w1=12969
SELECT w2=12969
BUSY TASK ewma=997
DMA IRQ c0=1
DMA IRQ c1=0
DMA IRQ c2=0
DMA IRQ c3=0
SELECT busy=13052
SELECT w0=12977
SELECT w1=12978
SELECT w2=12978
BUSY TASK ewma=997
DMA IRQ c0=1
DMA IRQ c1=0
DMA IRQ c2=0
DMA IRQ c3=0
SELECT busy=13061
SELECT w0=12985
SELECT w1=12986
SELECT w2=12986
BUSY TASK ewma=997
DMA IRQ c0=1
DMA IRQ c1=0
DMA IRQ c2=0
DMA IRQ c3=0
SELECT busy=13069
SELECT w0=12993
SELECT w1=12994
SELECT w2=12995
BUSY TASK ewma=997
DMA IRQ c0=1
DMA IRQ c1=0
DMA IRQ c2=0
DMA IRQ c3=0
SELECT busy=13078
SELECT w0=13002
SELECT w1=13003
SELECT w2=13003
BUSY TASK ewma=997
DMA IRQ c0=1
DMA IRQ c1=0
DMA IRQ c2=0
DMA IRQ c3=0
SELECT busy=13086
SELECT w0=13010
SELECT w1=13011
SELECT w2=13011
BUSY TASK ewma=997
DMA IRQ c0=1
DMA IRQ c1=0
DMA IRQ c2=0
DMA IRQ c3=0
SELECT busy=13094
SELECT w0=13018
SELECT w1=13019
SELECT w2=13019
BUSY TASK ewma=997
DMA IRQ c0=1
DMA IRQ c1=0
DMA IRQ c2=0
DMA IRQ c3=0
SELECT busy=13103
SELECT w0=13027
SELECT w1=13028
SELECT w2=13028
BUSY TASK ewma=997
DMA IRQ c0=1
DMA IRQ c1=0
DMA IRQ c2=0
DMA IRQ c3=0
SELECT busy=13111
SELECT w0=13035
SELECT w1=13036
SELECT w2=13036
BUSY TASK ewma=997
DMA IRQ c0=1
DMA IRQ c1=0
DMA IRQ c2=0
DMA IRQ c3=0
SELECT busy=13120
SELECT w0=13044
SELECT w1=13045
SELECT w2=13045
BUSY TASK ewma=997
DMA IRQ c0=1
DMA IRQ c1=0
DMA IRQ c2=0
DMA IRQ c3=0
SELECT busy=13128
SELECT w0=13052
SELECT w1=13053
SELECT w2=13053
BUSY TASK ewma=997
DMA IRQ c0=1
DMA IRQ c1=0
DMA IRQ c2=0
DMA IRQ c3=0
SELECT busy=13136
SELECT w0=13060
SELECT w1=13062
SELECT w2=13062
BUSY TASK ewma=997
DMA IRQ c0=1
DMA IRQ c1=0
DMA IRQ c2=0
DMA IRQ c3=0
SELECT busy=13145
SELECT w0=13069
SELECT w1=13070
SELECT w2=13070
BUSY TASK ewma=997
DMA IRQ c0=1
DMA IRQ c1=0
DMA IRQ c2=0
DMA IRQ c3=0
SELECT busy=13153
SELECT w0=13077
SELECT w1=13078
SELECT w2=13078
BUSY TASK ewma=997
DMA IRQ c0=1
DMA IRQ c1=0
DMA IRQ c2=0
DMA IRQ c3=0
SELECT busy=13162
SELECT w0=13086
SELECT w1=13088
SELECT w2=13088
BUSY TASK ewma=997
DMA IRQ c0=1
DMA IRQ c1=0
DMA IRQ c2=0
DMA IRQ c3=0
SELECT busy=13180
SELECT w0=13104
SELECT w1=13105
SELECT w2=13105
BUSY TASK ewma=997
DMA IRQ c0=1
DMA IRQ c1=0
DMA IRQ c2=0
DMA IRQ c3=0
SELECT busy=13195
SELECT w0=13119
SELECT w1=13121
SELECT w2=13121
BUSY TASK ewma=997
DMA IRQ c0=1
DMA IRQ c1=0
DMA IRQ c2=0
DMA IRQ c3=0
SELECT busy=13207
SELECT w0=13131
SELECT w1=13133
SELECT w2=13133
BUSY TASK ewma=997
DMA IRQ c0=1
DMA IRQ c1=0
DMA IRQ c2=0
DMA IRQ c3=0
SELECT busy=13218
SELECT w0=13142
SELECT w1=13143
SELECT w2=13143
BUSY TASK ewma=997
DMA IRQ c0=1
DMA IRQ c1=0
DMA IRQ c2=0
DMA IRQ c3=0
SELECT busy=13227
SELECT w0=13151
SELECT w1=13152
SELECT w2=13152
BUSY TASK ewma=997
DMA IRQ c0=1
DMA IRQ c1=0
DMA IRQ c2=0
DMA IRQ c3=0
SELECT busy=13236
SELECT w0=13160
SELECT w1=13161
SELECT w2=13161
BUSY TASK ewma=997
DMA IRQ c0=1
DMA IRQ c1=0
DMA IRQ c2=0
DMA IRQ c3=0
SELECT busy=13244
SELECT w0=13169
SELECT w1=13170
SELECT w2=13170
BUSY TASK ewma=997
DMA IRQ c0=1
DMA IRQ c1=0
DMA IRQ c2=0
DMA IRQ c3=0
SELECT busy=13253
SELECT w0=13177
SELECT w1=13178
SELECT w2=13178
BUSY TASK ewma=997
DMA IRQ c0=1
DMA IRQ c1=0
DMA IRQ c2=0
DMA IRQ c3=0
SELECT busy=13261
SELECT w0=13185
SELECT w1=13187
SELECT w2=13187
BUSY TASK ewma=997
DMA IRQ c0=1
DMA IRQ c1=0
DMA IRQ c2=0
DMA IRQ c3=0
SELECT busy=13270
SELECT w0=13194
SELECT w1=13195
SELECT w2=13195
BUSY TASK ewma=997
DMA IRQ c0=1
DMA IRQ c1=0
DMA IRQ c2=0
DMA IRQ c3=0
SELECT busy=13278
SELECT w0=13202
SELECT w1=13203
SELECT w2=13203
BUSY TASK ewma=997
DMA IRQ c0=1
DMA IRQ c1=0
DMA IRQ c2=0
DMA IRQ c3=0
SELECT busy=13286
SELECT w0=13210
SELECT w1=13211
SELECT w2=13211
BUSY TASK ewma=997
DMA IRQ c0=1
DMA IRQ c1=0
DMA IRQ c2=0
DMA IRQ c3=0
SELECT busy=13294
SELECT w0=13218
SELECT w1=13219
SELECT w2=13219
BUSY TASK ewma=997
DMA IRQ c0=1
DMA IRQ c1=0
DMA IRQ c2=0
DMA IRQ c3=0
SELECT busy=13302
SELECT w0=13226
SELECT w1=13227
SELECT w2=13227
BUSY TASK ewma=997
DMA IRQ c0=1
DMA IRQ c1=0
DMA IRQ c2=0
DMA IRQ c3=0
SELECT busy=13311
SELECT w0=13235
SELECT w1=13236
SELECT w2=13236
BUSY TASK ewma=997
DMA IRQ c0=1
DMA IRQ c1=0
DMA IRQ c2=0
DMA IRQ c3=0
SELECT busy=13319
SELECT w0=13243
SELECT w1=13244
SELECT w2=13244
BUSY TASK ewma=997
DMA IRQ c0=1
DMA IRQ c1=0
DMA IRQ c2=0
DMA IRQ c3=0
SELECT busy=13327
SELECT w0=13252
SELECT w1=13253
SELECT w2=13253
BUSY TASK ewma=997
DMA IRQ c0=1
DMA IRQ c1=0
DMA IRQ c2=0
DMA IRQ c3=0
SELECT busy=13336
SELECT w0=13260
SELECT w1=13261
SELECT w2=13261
BUSY TASK ewma=997
DMA IRQ c0=1
DMA IRQ c1=0
DMA IRQ c2=0
DMA IRQ c3=0
SELECT busy=13344
SELECT w0=13268
SELECT w1=13269
SELECT w2=13269
BUSY TASK ewma=997
DMA IRQ c0=1
DMA IRQ c1=0
DMA IRQ c2=0
DMA IRQ c3=0
SELECT busy=13353
SELECT w0=13277
SELECT w1=13278
SELECT w2=13278
BUSY TASK ewma=997
DMA IRQ c0=1
DMA IRQ c1=0
DMA IRQ c2=0
DMA IRQ c3=0
SELECT busy=13361
SELECT w0=13285
SELECT w1=13286
SELECT w2=13286
BUSY TASK ewma=997
DMA IRQ c0=1
DMA IRQ c1=0
DMA IRQ c2=0
DMA IRQ c3=0
SELECT busy=13369
SELECT w0=13294
SELECT w1=13295
SELECT w2=13295
BUSY TASK ewma=997
DMA IRQ c0=1
DMA IRQ c1=0
DMA IRQ c2=0
DMA IRQ c3=0
SELECT busy=13378
SELECT w0=13302
SELECT w1=13303
SELECT w2=13303
BUSY TASK ewma=997
DMA IRQ c0=1
DMA IRQ c1=0
DMA IRQ c2=0
DMA IRQ c3=0
SELECT busy=13390
SELECT w0=13314
SELECT w1=13315
SELECT w2=13315
BUSY TASK ewma=997
IRQ counts: cpu0=53374 cpu1=0 cpu2=0 cpu3=0
SCHED secondaries: calls=0 unexpected=0
SECTEST switches=0 cpu1=0,0 cpu2=0,0 cpu3=0,0
PINGPONG rounds=0 pongs=0
DMA IRQ c0=1
DMA IRQ c1=0
DMA IRQ c2=0
DMA IRQ c3=0
SELECT busy=13402
SELECT w0=13326
SELECT w1=13327
SELECT w2=13327
BUSY TASK ewma=997
DMA IRQ c0=1
DMA IRQ c1=0
DMA IRQ c2=0
DMA IRQ c3=0
SELECT busy=13413
SELECT w0=13338
SELECT w1=13339
SELECT w2=13339
BUSY TASK ewma=997
DMA IRQ c0=1
DMA IRQ c1=0
DMA IRQ c2=0
DMA IRQ c3=0
SELECT busy=13425
SELECT w0=13349
SELECT w1=13350
SELECT w2=13350
BUSY TASK ewma=997
DMA IRQ c0=1
DMA IRQ c1=0
DMA IRQ c2=0
DMA IRQ c3=0
SELECT busy=13434
SELECT w0=13359
SELECT w1=13360
SELECT w2=13360
BUSY TASK ewma=997
DMA IRQ c0=1
DMA IRQ c1=0
DMA IRQ c2=0
DMA IRQ c3=0
SELECT busy=13442
SELECT w0=13366
SELECT w1=13367
SELECT w2=13368
BUSY TASK ewma=997
DMA IRQ c0=1
DMA IRQ c1=0
DMA IRQ c2=0
DMA IRQ c3=0
SELECT busy=13450
SELECT w0=13374
SELECT w1=13375
SELECT w2=13375
BUSY TASK ewma=997
DMA IRQ c0=1
DMA IRQ c1=0
DMA IRQ c2=0
DMA IRQ c3=0
SELECT busy=13458
SELECT w0=13382
SELECT w1=13383
SELECT w2=13383
BUSY TASK ewma=997
DMA IRQ c0=1
DMA IRQ c1=0
DMA IRQ c2=0
DMA IRQ c3=0
SELECT busy=13467
SELECT w0=13391
SELECT w1=13392
SELECT w2=13392
BUSY TASK ewma=997
DMA IRQ c0=1
DMA IRQ c1=0
DMA IRQ c2=0
DMA IRQ c3=0
SELECT busy=13475
SELECT w0=13399
SELECT w1=13400
SELECT w2=13400
BUSY TASK ewma=997
DMA IRQ c0=1
DMA IRQ c1=0
DMA IRQ c2=0
DMA IRQ c3=0
SELECT busy=13483
SELECT w0=13407
SELECT w1=13408
SELECT w2=13408
BUSY TASK ewma=997
DMA IRQ c0=1
DMA IRQ c1=0
DMA IRQ c2=0
DMA IRQ c3=0
SELECT busy=13491
SELECT w0=13415
SELECT w1=13416
SELECT w2=13417
BUSY TASK ewma=997
DMA IRQ c0=1
DMA IRQ c1=0
DMA IRQ c2=0
DMA IRQ c3=0
SELECT busy=13499
SELECT w0=13423
SELECT w1=13424
SELECT w2=13425
BUSY TASK ewma=997
DMA IRQ c0=1
DMA IRQ c1=0
DMA IRQ c2=0
DMA IRQ c3=0
SELECT busy=13507
SELECT w0=13431
SELECT w1=13432
SELECT w2=13432
BUSY TASK ewma=997
DMA IRQ c0=1
DMA IRQ c1=0
DMA IRQ c2=0
DMA IRQ c3=0
SELECT busy=13516
SELECT w0=13440
SELECT w1=13441
SELECT w2=13441
BUSY TASK ewma=997
DMA IRQ c0=1
DMA IRQ c1=0
DMA IRQ c2=0
DMA IRQ c3=0
SELECT busy=13524
SELECT w0=13448
SELECT w1=13450
SELECT w2=13450
BUSY TASK ewma=997
DMA IRQ c0=1
DMA IRQ c1=0
DMA IRQ c2=0
DMA IRQ c3=0
SELECT busy=13533
SELECT w0=13457
SELECT w1=13458
SELECT w2=13458
BUSY TASK ewma=997
DMA IRQ c0=1
DMA IRQ c1=0
DMA IRQ c2=0
DMA IRQ c3=0
SELECT busy=13542
SELECT w0=13466
SELECT w1=13467
SELECT w2=13467
BUSY TASK ewma=997
DMA IRQ c0=1
DMA IRQ c1=0
DMA IRQ c2=0
DMA IRQ c3=0
SELECT busy=13550
SELECT w0=13474
SELECT w1=13475
SELECT w2=13476
BUSY TASK ewma=997
DMA IRQ c0=1
DMA IRQ c1=0
DMA IRQ c2=0
DMA IRQ c3=0
SELECT busy=13561
SELECT w0=13485
SELECT w1=13487
SELECT w2=13487
BUSY TASK ewma=997
DMA IRQ c0=1
DMA IRQ c1=0
DMA IRQ c2=0
DMA IRQ c3=0
SELECT busy=13576
SELECT w0=13500
SELECT w1=13501
SELECT w2=13502
BUSY TASK ewma=997
DMA IRQ c0=1
DMA IRQ c1=0
DMA IRQ c2=0
DMA IRQ c3=0
SELECT busy=13590
SELECT w0=13514
SELECT w1=13516
SELECT w2=13516
BUSY TASK ewma=997
DMA IRQ c0=1
DMA IRQ c1=0
DMA IRQ c2=0
DMA IRQ c3=0
SELECT busy=13602
SELECT w0=13526
SELECT w1=13527
SELECT w2=13527
BUSY TASK ewma=997
DMA IRQ c0=1
DMA IRQ c1=0
DMA IRQ c2=0
DMA IRQ c3=0
SELECT busy=13612
SELECT w0=13536
SELECT w1=13537
SELECT w2=13538
BUSY TASK ewma=997
DMA IRQ c0=1
DMA IRQ c1=0
DMA IRQ c2=0
DMA IRQ c3=0
SELECT busy=13621
SELECT w0=13545
SELECT w1=13546
SELECT w2=13546
BUSY TASK ewma=997
DMA IRQ c0=1
DMA IRQ c1=0
DMA IRQ c2=0
DMA IRQ c3=0
SELECT busy=13629
SELECT w0=13553
SELECT w1=13554
SELECT w2=13555
BUSY TASK ewma=997
DMA IRQ c0=1
DMA IRQ c1=0
DMA IRQ c2=0
DMA IRQ c3=0
SELECT busy=13638
SELECT w0=13562
SELECT w1=13563
SELECT w2=13563
BUSY TASK ewma=997
DMA IRQ c0=1
DMA IRQ c1=0
DMA IRQ c2=0
DMA IRQ c3=0
SELECT busy=13646
SELECT w0=13570
SELECT w1=13571
SELECT w2=13571
BUSY TASK ewma=997
DMA IRQ c0=1
DMA IRQ c1=0
DMA IRQ c2=0
DMA IRQ c3=0
SELECT busy=13655
SELECT w0=13579
SELECT w1=13580
SELECT w2=13580
BUSY TASK ewma=997
DMA IRQ c0=1
DMA IRQ c1=0
DMA IRQ c2=0
DMA IRQ c3=0
SELECT busy=13664
SELECT w0=13588
SELECT w1=13589
SELECT w2=13589
BUSY TASK ewma=997
DMA IRQ c0=1
DMA IRQ c1=0
DMA IRQ c2=0
DMA IRQ c3=0
SELECT busy=13672
SELECT w0=13597
SELECT w1=13598
SELECT w2=13598
BUSY TASK ewma=997
DMA IRQ c0=1
DMA IRQ c1=0
DMA IRQ c2=0
DMA IRQ c3=0
SELECT busy=13683
SELECT w0=13607
SELECT w1=13608
SELECT w2=13609
BUSY TASK ewma=997
DMA IRQ c0=1
DMA IRQ c1=0
DMA IRQ c2=0
DMA IRQ c3=0
SELECT busy=13692
SELECT w0=13616
SELECT w1=13617
SELECT w2=13617
BUSY TASK ewma=997
DMA IRQ c0=1
DMA IRQ c1=0
DMA IRQ c2=0
DMA IRQ c3=0
SELECT busy=13700
SELECT w0=13624
SELECT w1=13625
SELECT w2=13626
BUSY TASK ewma=997
DMA IRQ c0=1
DMA IRQ c1=0
DMA IRQ c2=0
DMA IRQ c3=0
SELECT busy=13709
SELECT w0=13633
SELECT w1=13634
SELECT w2=13634
BUSY TASK ewma=997
DMA IRQ c0=1
DMA IRQ c1=0
DMA IRQ c2=0
DMA IRQ c3=0
SELECT busy=13717
SELECT w0=13642
SELECT w1=13643
SELECT w2=13643
BUSY TASK ewma=997
DMA IRQ c0=1
DMA IRQ c1=0
DMA IRQ c2=0
DMA IRQ c3=0
SELECT busy=13728
SELECT w0=13652
SELECT w1=13653
SELECT w2=13653
BUSY TASK ewma=997
DMA IRQ c0=1
DMA IRQ c1=0
DMA IRQ c2=0
DMA IRQ c3=0
SELECT busy=13738
SELECT w0=13662
SELECT w1=13663
SELECT w2=13663
BUSY TASK ewma=997
DMA IRQ c0=1
DMA IRQ c1=0
DMA IRQ c2=0
DMA IRQ c3=0
SELECT busy=13749
SELECT w0=13674
SELECT w1=13675
SELECT w2=13675
BUSY TASK ewma=997
DMA IRQ c0=1
DMA IRQ c1=0
DMA IRQ c2=0
DMA IRQ c3=0
SELECT busy=13760
SELECT w0=13684
SELECT w1=13685
SELECT w2=13685
BUSY TASK ewma=997
DMA IRQ c0=1
DMA IRQ c1=0
DMA IRQ c2=0
DMA IRQ c3=0
SELECT busy=13771
SELECT w0=13695
SELECT w1=13696
SELECT w2=13696
BUSY TASK ewma=997
DMA IRQ c0=1
DMA IRQ c1=0
DMA IRQ c2=0
DMA IRQ c3=0
SELECT busy=13781
SELECT w0=13705
SELECT w1=13706
SELECT w2=13706
BUSY TASK ewma=997
DMA IRQ c0=1
DMA IRQ c1=0
DMA IRQ c2=0
DMA IRQ c3=0
SELECT busy=13790
SELECT w0=13714
SELECT w1=13715
SELECT w2=13715
BUSY TASK ewma=997
DMA IRQ c0=1
DMA IRQ c1=0
DMA IRQ c2=0
DMA IRQ c3=0
SELECT busy=13798
SELECT w0=13722
SELECT w1=13723
SELECT w2=13723
BUSY TASK ewma=997
DMA IRQ c0=1
DMA IRQ c1=0
DMA IRQ c2=0
DMA IRQ c3=0
SELECT busy=13806
SELECT w0=13731
SELECT w1=13732
SELECT w2=13732
BUSY TASK ewma=997
DMA IRQ c0=1
DMA IRQ c1=0
DMA IRQ c2=0
DMA IRQ c3=0
SELECT busy=13815
SELECT w0=13739
SELECT w1=13740
SELECT w2=13740
BUSY TASK ewma=997
DMA IRQ c0=1
DMA IRQ c1=0
DMA IRQ c2=0
DMA IRQ c3=0
SELECT busy=13823
SELECT w0=13747
SELECT w1=13748
SELECT w2=13748
BUSY TASK ewma=997
DMA IRQ c0=1
DMA IRQ c1=0
DMA IRQ c2=0
DMA IRQ c3=0
SELECT busy=13831
SELECT w0=13755
SELECT w1=13756
SELECT w2=13757
BUSY TASK ewma=997
DMA IRQ c0=1
DMA IRQ c1=0
DMA IRQ c2=0
DMA IRQ c3=0
SELECT busy=13839
SELECT w0=13764
SELECT w1=13765
SELECT w2=13765
BUSY TASK ewma=997
DMA IRQ c0=1
DMA IRQ c1=0
DMA IRQ c2=0
DMA IRQ c3=0
SELECT busy=13852
SELECT w0=13776
SELECT w1=13778
SELECT w2=13778
BUSY TASK ewma=997
DMA IRQ c0=1
DMA IRQ c1=0
DMA IRQ c2=0
DMA IRQ c3=0
SELECT busy=13871
SELECT w0=13795
SELECT w1=13797
SELECT w2=13797
BUSY TASK ewma=997
DMA IRQ c0=1
DMA IRQ c1=0
DMA IRQ c2=0
DMA IRQ c3=0
SELECT busy=13888
SELECT w0=13812
SELECT w1=13813
SELECT w2=13813
BUSY TASK ewma=997
DMA IRQ c0=1
DMA IRQ c1=0
DMA IRQ c2=0
DMA IRQ c3=0
SELECT busy=13901
SELECT w0=13825
SELECT w1=13826
SELECT w2=13826
BUSY TASK ewma=997
DMA IRQ c0=1
DMA IRQ c1=0
DMA IRQ c2=0
DMA IRQ c3=0
SELECT busy=13910
SELECT w0=13834
SELECT w1=13835
SELECT w2=13835
BUSY TASK ewma=997
DMA IRQ c0=1
DMA IRQ c1=0
DMA IRQ c2=0
DMA IRQ c3=0
SELECT busy=13920
SELECT w0=13844
SELECT w1=13846
SELECT w2=13846
BUSY TASK ewma=997
DMA IRQ c0=1
DMA IRQ c1=0
DMA IRQ c2=0
DMA IRQ c3=0
SELECT busy=13932
SELECT w0=13856
SELECT w1=13857
SELECT w2=13857
BUSY TASK ewma=997
DMA IRQ c0=1
DMA IRQ c1=0
DMA IRQ c2=0
DMA IRQ c3=0
SELECT busy=13944
SELECT w0=13868
SELECT w1=13869
SELECT w2=13869
BUSY TASK ewma=997
DMA IRQ c0=1
DMA IRQ c1=0
DMA IRQ c2=0
DMA IRQ c3=0
SELECT busy=13955
SELECT w0=13879
SELECT w1=13880
SELECT w2=13880
BUSY TASK ewma=997
DMA IRQ c0=1
DMA IRQ c1=0
DMA IRQ c2=0
DMA IRQ c3=0
SELECT busy=13967
SELECT w0=13891
SELECT w1=13892
SELECT w2=13892
BUSY TASK ewma=997
DMA IRQ c0=1
DMA IRQ c1=0
DMA IRQ c2=0
DMA IRQ c3=0
SELECT busy=13977
SELECT w0=13901
SELECT w1=13902
SELECT w2=13902
BUSY TASK ewma=997
DMA IRQ c0=1
DMA IRQ c1=0
DMA IRQ c2=0
DMA IRQ c3=0
SELECT busy=13985
SELECT w0=13909
SELECT w1=13910
SELECT w2=13910
BUSY TASK ewma=997
DMA IRQ c0=1
DMA IRQ c1=0
DMA IRQ c2=0
DMA IRQ c3=0
SELECT busy=13997
SELECT w0=13922
SELECT w1=13923
SELECT w2=13923
BUSY TASK ewma=997
DMA IRQ c0=1
DMA IRQ c1=0
DMA IRQ c2=0
DMA IRQ c3=0
SELECT busy=14012
SELECT w0=13937
SELECT w1=13938
SELECT w2=13938
BUSY TASK ewma=997
DMA IRQ c0=1
DMA IRQ c1=0
DMA IRQ c2=0
DMA IRQ c3=0
SELECT busy=14029
SELECT w0=13953
SELECT w1=13955
SELECT w2=13955
BUSY TASK ewma=997
DMA IRQ c0=1
DMA IRQ c1=0
DMA IRQ c2=0
DMA IRQ c3=0
SELECT busy=14046
SELECT w0=13970
SELECT w1=13971
SELECT w2=13972
BUSY TASK ewma=997
IRQ counts: cpu0=56006 cpu1=0 cpu2=0 cpu3=0
SCHED secondaries: calls=0 unexpected=0
SECTEST switches=0 cpu1=0,0 cpu2=0,0 cpu3=0,0
PINGPONG rounds=0 pongs=0
DMA IRQ c0=1
DMA IRQ c1=0
DMA IRQ c2=0
DMA IRQ c3=0
SELECT busy=14060
SELECT w0=13984
SELECT w1=13986
SELECT w2=13986
BUSY TASK ewma=997
DMA IRQ c0=1
DMA IRQ c1=0
DMA IRQ c2=0
DMA IRQ c3=0
SELECT busy=14071
SELECT w0=13996
SELECT w1=13997
SELECT w2=13997
BUSY TASK ewma=997
DMA IRQ c0=1
DMA IRQ c1=0
DMA IRQ c2=0
DMA IRQ c3=0
SELECT busy=14082
SELECT w0=14006
SELECT w1=14008
SELECT w2=14008
BUSY TASK ewma=997
DMA IRQ c0=1
DMA IRQ c1=0
DMA IRQ c2=0
DMA IRQ c3=0
SELECT busy=14092
SELECT w0=14017
SELECT w1=14018
SELECT w2=14018
BUSY TASK ewma=997
DMA IRQ c0=1
DMA IRQ c1=0
DMA IRQ c2=0
DMA IRQ c3=0
SELECT busy=14102
SELECT w0=14027
SELECT w1=14028
SELECT w2=14028
BUSY TASK ewma=997
DMA IRQ c0=1
DMA IRQ c1=0
DMA IRQ c2=0
DMA IRQ c3=0
SELECT busy=14111
SELECT w0=14035
SELECT w1=14037
SELECT w2=14037
BUSY TASK ewma=997
DMA IRQ c0=1
DMA IRQ c1=0
DMA IRQ c2=0
DMA IRQ c3=0
SELECT busy=14120
SELECT w0=14044
SELECT w1=14045
SELECT w2=14046
BUSY TASK ewma=997
DMA IRQ c0=1
DMA IRQ c1=0
DMA IRQ c2=0
DMA IRQ c3=0
SELECT busy=14130
SELECT w0=14054
SELECT w1=14055
SELECT w2=14055
BUSY TASK ewma=997
DMA IRQ c0=1
DMA IRQ c1=0
DMA IRQ c2=0
DMA IRQ c3=0
SELECT busy=14139
SELECT w0=14063
SELECT w1=14064
SELECT w2=14064
BUSY TASK ewma=997
DMA IRQ c0=1
DMA IRQ c1=0
DMA IRQ c2=0
DMA IRQ c3=0
SELECT busy=14148
SELECT w0=14072
SELECT w1=14073
SELECT w2=14073
BUSY TASK ewma=997
DMA IRQ c0=1
DMA IRQ c1=0
DMA IRQ c2=0
DMA IRQ c3=0
SELECT busy=14156
SELECT w0=14080
SELECT w1=14081
SELECT w2=14081
BUSY TASK ewma=997
DMA IRQ c0=1
DMA IRQ c1=0
DMA IRQ c2=0
DMA IRQ c3=0
SELECT busy=14164
SELECT w0=14088
SELECT w1=14089
SELECT w2=14090
BUSY TASK ewma=997
DMA IRQ c0=1
DMA IRQ c1=0
DMA IRQ c2=0
DMA IRQ c3=0
SELECT busy=14172
SELECT w0=14097
SELECT w1=14098
SELECT w2=14098
BUSY TASK ewma=997
DMA IRQ c0=1
DMA IRQ c1=0
DMA IRQ c2=0
DMA IRQ c3=0
SELECT busy=14181
SELECT w0=14105
SELECT w1=14106
SELECT w2=14106
BUSY TASK ewma=997
DMA IRQ c0=1
DMA IRQ c1=0
DMA IRQ c2=0
DMA IRQ c3=0
SELECT busy=14189
SELECT w0=14113
SELECT w1=14114
SELECT w2=14114
BUSY TASK ewma=997
DMA IRQ c0=1
DMA IRQ c1=0
DMA IRQ c2=0
DMA IRQ c3=0
SELECT busy=14198
SELECT w0=14122
SELECT w1=14123
SELECT w2=14123
BUSY TASK ewma=997
DMA IRQ c0=1
DMA IRQ c1=0
DMA IRQ c2=0
DMA IRQ c3=0
SELECT busy=14207
SELECT w0=14131
SELECT w1=14132
SELECT w2=14133
BUSY TASK ewma=997
DMA IRQ c0=1
DMA IRQ c1=0
DMA IRQ c2=0
DMA IRQ c3=0
SELECT busy=14218
SELECT w0=14142
SELECT w1=14143
SELECT w2=14143
BUSY TASK ewma=997
DMA IRQ c0=1
DMA IRQ c1=0
DMA IRQ c2=0
DMA IRQ c3=0
SELECT busy=14229
SELECT w0=14153
SELECT w1=14154
SELECT w2=14154
BUSY TASK ewma=997
DMA IRQ c0=1
DMA IRQ c1=0
DMA IRQ c2=0
DMA IRQ c3=0
SELECT busy=14240
SELECT w0=14164
SELECT w1=14165
SELECT w2=14165
BUSY TASK ewma=997
DMA IRQ c0=1
DMA IRQ c1=0
DMA IRQ c2=0
DMA IRQ c3=0
SELECT busy=14255
SELECT w0=14179
SELECT w1=14180
SELECT w2=14180
BUSY TASK ewma=997
DMA IRQ c0=1
DMA IRQ c1=0
DMA IRQ c2=0
DMA IRQ c3=0
SELECT busy=14269
SELECT w0=14193
SELECT w1=14194
SELECT w2=14195
BUSY TASK ewma=997
DMA IRQ c0=1
DMA IRQ c1=0
DMA IRQ c2=0
DMA IRQ c3=0
SELECT busy=14286
SELECT w0=14211
SELECT w1=14212
SELECT w2=14212
BUSY TASK ewma=997
DMA IRQ c0=1
DMA IRQ c1=0
DMA IRQ c2=0
DMA IRQ c3=0
SELECT busy=14301
SELECT w0=14225
SELECT w1=14227
SELECT w2=14227
BUSY TASK ewma=997
DMA IRQ c0=1
DMA IRQ c1=0
DMA IRQ c2=0
DMA IRQ c3=0
SELECT busy=14317
SELECT w0=14242
SELECT w1=14243
SELECT w2=14243
BUSY TASK ewma=997
DMA IRQ c0=1
DMA IRQ c1=0
DMA IRQ c2=0
DMA IRQ c3=0
SELECT busy=14334
SELECT w0=14258
SELECT w1=14259
SELECT w2=14259
BUSY TASK ewma=997
DMA IRQ c0=1
DMA IRQ c1=0
DMA IRQ c2=0
DMA IRQ c3=0
SELECT busy=14348
SELECT w0=14272
SELECT w1=14273
SELECT w2=14273
BUSY TASK ewma=997
DMA IRQ c0=1
DMA IRQ c1=0
DMA IRQ c2=0
DMA IRQ c3=0
SELECT busy=14359
SELECT w0=14283
SELECT w1=14284
SELECT w2=14284
BUSY TASK ewma=997
DMA IRQ c0=1
DMA IRQ c1=0
DMA IRQ c2=0
DMA IRQ c3=0
SELECT busy=14369
SELECT w0=14293
SELECT w1=14294
SELECT w2=14294
BUSY TASK ewma=997
DMA IRQ c0=1
DMA IRQ c1=0
DMA IRQ c2=0
DMA IRQ c3=0
SELECT busy=14378
SELECT w0=14302
SELECT w1=14303
SELECT w2=14303
BUSY TASK ewma=997
DMA IRQ c0=1
DMA IRQ c1=0
DMA IRQ c2=0
DMA IRQ c3=0
SELECT busy=14386
SELECT w0=14310
SELECT w1=14311
SELECT w2=14311
BUSY TASK ewma=997
DMA IRQ c0=1
DMA IRQ c1=0
DMA IRQ c2=0
DMA IRQ c3=0
SELECT busy=14394
SELECT w0=14318
SELECT w1=14319
SELECT w2=14319
BUSY TASK ewma=997
DMA IRQ c0=1
DMA IRQ c1=0
DMA IRQ c2=0
DMA IRQ c3=0
SELECT busy=14402
SELECT w0=14326
SELECT w1=14327
SELECT w2=14327
BUSY TASK ewma=997
DMA IRQ c0=1
DMA IRQ c1=0
DMA IRQ c2=0
DMA IRQ c3=0
SELECT busy=14409
SELECT w0=14333
SELECT w1=14334
SELECT w2=14334
BUSY TASK ewma=997
DMA IRQ c0=1
DMA IRQ c1=0
DMA IRQ c2=0
DMA IRQ c3=0
SELECT busy=14418
SELECT w0=14342
SELECT w1=14343
SELECT w2=14343
BUSY TASK ewma=997
DMA IRQ c0=1
DMA IRQ c1=0
DMA IRQ c2=0
DMA IRQ c3=0
SELECT busy=14426
SELECT w0=14350
SELECT w1=14351
SELECT w2=14351
BUSY TASK ewma=997
DMA IRQ c0=1
DMA IRQ c1=0
DMA IRQ c2=0
DMA IRQ c3=0
SELECT busy=14435
SELECT w0=14359
SELECT w1=14360
SELECT w2=14360
BUSY TASK ewma=997
DMA IRQ c0=1
DMA IRQ c1=0
DMA IRQ c2=0
DMA IRQ c3=0
SELECT busy=14443
SELECT w0=14367
SELECT w1=14368
SELECT w2=14368
BUSY TASK ewma=997
DMA IRQ c0=1
DMA IRQ c1=0
DMA IRQ c2=0
DMA IRQ c3=0
SELECT busy=14451
SELECT w0=14375
SELECT w1=14376
SELECT w2=14377
BUSY TASK ewma=997
DMA IRQ c0=1
DMA IRQ c1=0
DMA IRQ c2=0
DMA IRQ c3=0
SELECT busy=14460
SELECT w0=14384
SELECT w1=14385
SELECT w2=14385
BUSY TASK ewma=997
DMA IRQ c0=1
DMA IRQ c1=0
DMA IRQ c2=0
DMA IRQ c3=0
SELECT busy=14468
SELECT w0=14392
SELECT w1=14393
SELECT w2=14393
BUSY TASK ewma=997
DMA IRQ c0=1
DMA IRQ c1=0
DMA IRQ c2=0
DMA IRQ c3=0
SELECT busy=14476
SELECT w0=14400
SELECT w1=14401
SELECT w2=14401
BUSY TASK ewma=997
DMA IRQ c0=1
DMA IRQ c1=0
DMA IRQ c2=0
DMA IRQ c3=0
SELECT busy=14484
SELECT w0=14409
SELECT w1=14410
SELECT w2=14410
BUSY TASK ewma=997
DMA IRQ c0=1
DMA IRQ c1=0
DMA IRQ c2=0
DMA IRQ c3=0
SELECT busy=14493
SELECT w0=14417
SELECT w1=14418
SELECT w2=14418
BUSY TASK ewma=997
DMA IRQ c0=1
DMA IRQ c1=0
DMA IRQ c2=0
DMA IRQ c3=0
SELECT busy=14501
SELECT w0=14425
SELECT w1=14426
SELECT w2=14426
BUSY TASK ewma=997
DMA IRQ c0=1
DMA IRQ c1=0
DMA IRQ c2=0
DMA IRQ c3=0
SELECT busy=14509
SELECT w0=14433
SELECT w1=14434
SELECT w2=14434
BUSY TASK ewma=997
DMA IRQ c0=1
DMA IRQ c1=0
DMA IRQ c2=0
DMA IRQ c3=0
SELECT busy=14517
SELECT w0=14441
SELECT w1=14442
SELECT w2=14442
BUSY TASK ewma=997
DMA IRQ c0=1
DMA IRQ c1=0
DMA IRQ c2=0
DMA IRQ c3=0
SELECT busy=14525
SELECT w0=14449
SELECT w1=14450
SELECT w2=14451
BUSY TASK ewma=997
DMA IRQ c0=1
DMA IRQ c1=0
DMA IRQ c2=0
DMA IRQ c3=0
SELECT busy=14533
SELECT w0=14457
SELECT w1=14458
SELECT w2=14459
BUSY TASK ewma=997
DMA IRQ c0=1
DMA IRQ c1=0
DMA IRQ c2=0
DMA IRQ c3=0
SELECT busy=14542
SELECT w0=14466
SELECT w1=14467
SELECT w2=14467
BUSY TASK ewma=997
DMA IRQ c0=1
DMA IRQ c1=0
DMA IRQ c2=0
DMA IRQ c3=0
SELECT busy=14551
SELECT w0=14475
SELECT w1=14476
SELECT w2=14476
BUSY TASK ewma=997
DMA IRQ c0=1
DMA IRQ c1=0
DMA IRQ c2=0
DMA IRQ c3=0
SELECT busy=14559
SELECT w0=14483
SELECT w1=14484
SELECT w2=14484
BUSY TASK ewma=997
DMA IRQ c0=1
DMA IRQ c1=0
DMA IRQ c2=0
DMA IRQ c3=0
SELECT busy=14568
SELECT w0=14492
SELECT w1=14493
SELECT w2=14493
BUSY TASK ewma=997
DMA IRQ c0=1
DMA IRQ c1=0
DMA IRQ c2=0
DMA IRQ c3=0
SELECT busy=14577
SELECT w0=14501
SELECT w1=14502
SELECT w2=14502
BUSY TASK ewma=997
DMA IRQ c0=1
DMA IRQ c1=0
DMA IRQ c2=0
DMA IRQ c3=0
SELECT busy=14592
SELECT w0=14516
SELECT w1=14517
SELECT w2=14517
BUSY TASK ewma=997
DMA IRQ c0=1
DMA IRQ c1=0
DMA IRQ c2=0
DMA IRQ c3=0
SELECT busy=14607
SELECT w0=14532
SELECT w1=14533
SELECT w2=14533
BUSY TASK ewma=997
DMA IRQ c0=1
DMA IRQ c1=0
DMA IRQ c2=0
DMA IRQ c3=0
SELECT busy=14623
SELECT w0=14548
SELECT w1=14549
SELECT w2=14549
BUSY TASK ewma=997
DMA IRQ c0=1
DMA IRQ c1=0
DMA IRQ c2=0
DMA IRQ c3=0
SELECT busy=14636
SELECT w0=14560
SELECT w1=14561
SELECT w2=14561
BUSY TASK ewma=997
DMA IRQ c0=1
DMA IRQ c1=0
DMA IRQ c2=0
DMA IRQ c3=0
SELECT busy=14648
SELECT w0=14572
SELECT w1=14573
SELECT w2=14573
BUSY TASK ewma=997
DMA IRQ c0=1
DMA IRQ c1=0
DMA IRQ c2=0
DMA IRQ c3=0
SELECT busy=14660
SELECT w0=14584
SELECT w1=14585
SELECT w2=14585
BUSY TASK ewma=997
DMA IRQ c0=1
DMA IRQ c1=0
DMA IRQ c2=0
DMA IRQ c3=0
SELECT busy=14673
SELECT w0=14597
SELECT w1=14598
SELECT w2=14598
BUSY TASK ewma=997
DMA IRQ c0=1
DMA IRQ c1=0
DMA IRQ c2=0
DMA IRQ c3=0
SELECT busy=14686
SELECT w0=14611
SELECT w1=14612
SELECT w2=14612
BUSY TASK ewma=997
DMA IRQ c0=1
DMA IRQ c1=0
DMA IRQ c2=0
DMA IRQ c3=0
SELECT busy=14696
SELECT w0=14620
SELECT w1=14621
SELECT w2=14622
BUSY TASK ewma=997
DMA IRQ c0=1
DMA IRQ c1=0
DMA IRQ c2=0
DMA IRQ c3=0
SELECT busy=14705
SELECT w0=14629
SELECT w1=14630
SELECT w2=14630
BUSY TASK ewma=997
IRQ counts: cpu0=58630 cpu1=0 cpu2=0 cpu3=0
SCHED secondaries: calls=0 unexpected=0
SECTEST switches=0 cpu1=0,0 cpu2=0,0 cpu3=0,0
PINGPONG rounds=0 pongs=0
DMA IRQ c0=1
DMA IRQ c1=0
DMA IRQ c2=0
DMA IRQ c3=0
SELECT busy=14716
SELECT w0=14640
SELECT w1=14641
SELECT w2=14642
BUSY TASK ewma=997
DMA IRQ c0=1
DMA IRQ c1=0
DMA IRQ c2=0
DMA IRQ c3=0
SELECT busy=14728
SELECT w0=14652
SELECT w1=14653
SELECT w2=14653
BUSY TASK ewma=997
DMA IRQ c0=1
DMA IRQ c1=0
DMA IRQ c2=0
DMA IRQ c3=0
SELECT busy=14743
SELECT w0=14667
SELECT w1=14668
SELECT w2=14668
BUSY TASK ewma=997
DMA IRQ c0=1
DMA IRQ c1=0
DMA IRQ c2=0
DMA IRQ c3=0
SELECT busy=14759
SELECT w0=14683
SELECT w1=14684
SELECT w2=14684
BUSY TASK ewma=997
DMA IRQ c0=1
DMA IRQ c1=0
DMA IRQ c2=0
DMA IRQ c3=0
SELECT busy=14771
SELECT w0=14695
SELECT w1=14696
SELECT w2=14696
BUSY TASK ewma=997
DMA IRQ c0=1
DMA IRQ c1=0
DMA IRQ c2=0
DMA IRQ c3=0
SELECT busy=14783
SELECT w0=14707
SELECT w1=14709
SELECT w2=14709
BUSY TASK ewma=997
DMA IRQ c0=1
DMA IRQ c1=0
DMA IRQ c2=0
DMA IRQ c3=0
SELECT busy=14799
SELECT w0=14724
SELECT w1=14725
SELECT w2=14725
BUSY TASK ewma=997
DMA IRQ c0=1
DMA IRQ c1=0
DMA IRQ c2=0
DMA IRQ c3=0
SELECT busy=14816
SELECT w0=14740
SELECT w1=14741
SELECT w2=14741
BUSY TASK ewma=997
DMA IRQ c0=1
DMA IRQ c1=0
DMA IRQ c2=0
DMA IRQ c3=0
SELECT busy=14827
SELECT w0=14752
SELECT w1=14753
SELECT w2=14753
BUSY TASK ewma=997
DMA IRQ c0=1
DMA IRQ c1=0
DMA IRQ c2=0
DMA IRQ c3=0
SELECT busy=14838
SELECT w0=14762
SELECT w1=14764
SELECT w2=14764
BUSY TASK ewma=997
DMA IRQ c0=1
DMA IRQ c1=0
DMA IRQ c2=0
DMA IRQ c3=0
SELECT busy=14848
SELECT w0=14772
SELECT w1=14773
SELECT w2=14773
BUSY TASK ewma=997
DMA IRQ c0=1
DMA IRQ c1=0
DMA IRQ c2=0
DMA IRQ c3=0
SELECT busy=14857
SELECT w0=14781
SELECT w1=14782
SELECT w2=14782
BUSY TASK ewma=997
DMA IRQ c0=1
DMA IRQ c1=0
DMA IRQ c2=0
DMA IRQ c3=0
SELECT busy=14866
SELECT w0=14790
SELECT w1=14791
SELECT w2=14791
BUSY TASK ewma=997
DMA IRQ c0=1
DMA IRQ c1=0
DMA IRQ c2=0
DMA IRQ c3=0
SELECT busy=14874
SELECT w0=14798
SELECT w1=14799
SELECT w2=14799
BUSY TASK ewma=997
DMA IRQ c0=1
DMA IRQ c1=0
DMA IRQ c2=0
DMA IRQ c3=0
SELECT busy=14883
SELECT w0=14807
SELECT w1=14808
SELECT w2=14808
BUSY TASK ewma=997
DMA IRQ c0=1
DMA IRQ c1=0
DMA IRQ c2=0
DMA IRQ c3=0
SELECT busy=14892
SELECT w0=14816
SELECT w1=14817
SELECT w2=14817
BUSY TASK ewma=997
DMA IRQ c0=1
DMA IRQ c1=0
DMA IRQ c2=0
DMA IRQ c3=0
SELECT busy=14900
SELECT w0=14824
SELECT w1=14825
SELECT w2=14825
BUSY TASK ewma=997
DMA IRQ c0=1
DMA IRQ c1=0
DMA IRQ c2=0
DMA IRQ c3=0
SELECT busy=14909
SELECT w0=14833
SELECT w1=14834
SELECT w2=14834
BUSY TASK ewma=997
DMA IRQ c0=1
DMA IRQ c1=0
DMA IRQ c2=0
DMA IRQ c3=0
SELECT busy=14917
SELECT w0=14841
SELECT w1=14843
SELECT w2=14843
BUSY TASK ewma=997
DMA IRQ c0=1
DMA IRQ c1=0
DMA IRQ c2=0
DMA IRQ c3=0
SELECT busy=14926
SELECT w0=14850
SELECT w1=14852
SELECT w2=14852
BUSY TASK ewma=997
DMA IRQ c0=1
DMA IRQ c1=0
DMA IRQ c2=0
DMA IRQ c3=0
SELECT busy=14935
SELECT w0=14859
SELECT w1=14861
SELECT w2=14861
BUSY TASK ewma=997
DMA IRQ c0=1
DMA IRQ c1=0
DMA IRQ c2=0
DMA IRQ c3=0
SELECT busy=14944
SELECT w0=14868
SELECT w1=14869
SELECT w2=14870
BUSY TASK ewma=997
DMA IRQ c0=1
DMA IRQ c1=0
DMA IRQ c2=0
DMA IRQ c3=0
SELECT busy=14953
SELECT w0=14877
SELECT w1=14878
SELECT w2=14878
BUSY TASK ewma=997
DMA IRQ c0=1
DMA IRQ c1=0
DMA IRQ c2=0
DMA IRQ c3=0
SELECT busy=14962
SELECT w0=14886
SELECT w1=14887
SELECT w2=14887
BUSY TASK ewma=997
DMA IRQ c0=1
DMA IRQ c1=0
DMA IRQ c2=0
DMA IRQ c3=0
SELECT busy=14970
SELECT w0=14894
SELECT w1=14895
SELECT w2=14896
BUSY TASK ewma=997
DMA IRQ c0=1
DMA IRQ c1=0
DMA IRQ c2=0
DMA IRQ c3=0
SELECT busy=14979
SELECT w0=14903
SELECT w1=14904
SELECT w2=14904
BUSY TASK ewma=997
DMA IRQ c0=1
DMA IRQ c1=0
DMA IRQ c2=0
DMA IRQ c3=0
SELECT busy=14988
SELECT w0=14912
SELECT w1=14913
SELECT w2=14913
BUSY TASK ewma=997
DMA IRQ c0=1
DMA IRQ c1=0
DMA IRQ c2=0
DMA IRQ c3=0
SELECT busy=14997
SELECT w0=14921
SELECT w1=14922
SELECT w2=14922
BUSY TASK ewma=997
DMA IRQ c0=1
DMA IRQ c1=0
DMA IRQ c2=0
DMA IRQ c3=0
SELECT busy=15005
SELECT w0=14929
SELECT w1=14930
SELECT w2=14931
BUSY TASK ewma=997
DMA IRQ c0=1
DMA IRQ c1=0
DMA IRQ c2=0
DMA IRQ c3=0
SELECT busy=15014
SELECT w0=14938
SELECT w1=14939
SELECT w2=14939
BUSY TASK ewma=997
DMA IRQ c0=1
DMA IRQ c1=0
DMA IRQ c2=0
DMA IRQ c3=0
SELECT busy=15023
SELECT w0=14947
SELECT w1=14948
SELECT w2=14948
BUSY TASK ewma=997
DMA IRQ c0=1
DMA IRQ c1=0
DMA IRQ c2=0
DMA IRQ c3=0
SELECT busy=15032
SELECT w0=14956
SELECT w1=14957
SELECT w2=14957
BUSY TASK ewma=997
DMA IRQ c0=1
DMA IRQ c1=0
DMA IRQ c2=0
DMA IRQ c3=0
SELECT busy=15041
SELECT w0=14965
SELECT w1=14966
SELECT w2=14966
BUSY TASK ewma=997
DMA IRQ c0=1
DMA IRQ c1=0
DMA IRQ c2=0
DMA IRQ c3=0
SELECT busy=15049
SELECT w0=14974
SELECT w1=14975
SELECT w2=14975
BUSY TASK ewma=997
DMA IRQ c0=1
DMA IRQ c1=0
DMA IRQ c2=0
DMA IRQ c3=0
SELECT busy=15058
SELECT w0=14982
SELECT w1=14983
SELECT w2=14983
BUSY TASK ewma=997
DMA IRQ c0=1
DMA IRQ c1=0
DMA IRQ c2=0
DMA IRQ c3=0
SELECT busy=15067
SELECT w0=14991
SELECT w1=14992
SELECT w2=14992
BUSY TASK ewma=997
DMA IRQ c0=1
DMA IRQ c1=0
DMA IRQ c2=0
DMA IRQ c3=0
SELECT busy=15076
SELECT w0=15000
SELECT w1=15001
SELECT w2=15001
BUSY TASK ewma=997
DMA IRQ c0=1
DMA IRQ c1=0
DMA IRQ c2=0
DMA IRQ c3=0
SELECT busy=15085
SELECT w0=15009
SELECT w1=15010
SELECT w2=15010
BUSY TASK ewma=997
DMA IRQ c0=1
DMA IRQ c1=0
DMA IRQ c2=0
DMA IRQ c3=0
SELECT busy=15093
SELECT w0=15017
SELECT w1=15019
SELECT w2=15019
BUSY TASK ewma=997
DMA IRQ c0=1
DMA IRQ c1=0
DMA IRQ c2=0
DMA IRQ c3=0
SELECT busy=15102
SELECT w0=15026
SELECT w1=15027
SELECT w2=15027
BUSY TASK ewma=997
DMA IRQ c0=1
DMA IRQ c1=0
DMA IRQ c2=0
DMA IRQ c3=0
SELECT busy=15111
SELECT w0=15035
SELECT w1=15036
SELECT w2=15036
BUSY TASK ewma=997
DMA IRQ c0=1
DMA IRQ c1=0
DMA IRQ c2=0
DMA IRQ c3=0
SELECT busy=15119
SELECT w0=15043
SELECT w1=15044
SELECT w2=15045
BUSY TASK ewma=997
DMA IRQ c0=1
DMA IRQ c1=0
DMA IRQ c2=0
DMA IRQ c3=0
SELECT busy=15129
SELECT w0=15053
SELECT w1=15054
SELECT w2=15054
BUSY TASK ewma=997
DMA IRQ c0=1
DMA IRQ c1=0
DMA IRQ c2=0
DMA IRQ c3=0
SELECT busy=15137
SELECT w0=15061
SELECT w1=15062
SELECT w2=15062
BUSY TASK ewma=997
DMA IRQ c0=1
DMA IRQ c1=0
DMA IRQ c2=0
DMA IRQ c3=0
SELECT busy=15145
SELECT w0=15069
SELECT w1=15070
SELECT w2=15070
BUSY TASK ewma=997
DMA IRQ c0=1
DMA IRQ c1=0
DMA IRQ c2=0
DMA IRQ c3=0
SELECT busy=15153
SELECT w0=15077
SELECT w1=15078
SELECT w2=15079
BUSY TASK ewma=997
DMA IRQ c0=1
DMA IRQ c1=0
DMA IRQ c2=0
DMA IRQ c3=0
SELECT busy=15164
SELECT w0=15088
SELECT w1=15089
SELECT w2=15089
BUSY TASK ewma=997
DMA IRQ c0=1
DMA IRQ c1=0
DMA IRQ c2=0
DMA IRQ c3=0
SELECT busy=15174
SELECT w0=15098
SELECT w1=15099
SELECT w2=15099
BUSY TASK ewma=997
DMA IRQ c0=1
DMA IRQ c1=0
DMA IRQ c2=0
DMA IRQ c3=0
SELECT busy=15183
SELECT w0=15107
SELECT w1=15108
SELECT w2=15108
BUSY TASK ewma=997
DMA IRQ c0=1
DMA IRQ c1=0
DMA IRQ c2=0
DMA IRQ c3=0
SELECT busy=15192
SELECT w0=15116
SELECT w1=15117
SELECT w2=15117
BUSY TASK ewma=997
DMA IRQ c0=1
DMA IRQ c1=0
DMA IRQ c2=0
DMA IRQ c3=0
SELECT busy=15200
SELECT w0=15124
SELECT w1=15125
SELECT w2=15125
BUSY TASK ewma=997
DMA IRQ c0=1
DMA IRQ c1=0
DMA IRQ c2=0
DMA IRQ c3=0
SELECT busy=15208
SELECT w0=15132
SELECT w1=15133
SELECT w2=15133
BUSY TASK ewma=997
DMA IRQ c0=1
DMA IRQ c1=0
DMA IRQ c2=0
DMA IRQ c3=0
SELECT busy=15217
SELECT w0=15141
SELECT w1=15142
SELECT w2=15142
BUSY TASK ewma=997
DMA IRQ c0=1
DMA IRQ c1=0
DMA IRQ c2=0
DMA IRQ c3=0
SELECT busy=15225
SELECT w0=15149
SELECT w1=15151
SELECT w2=15151
BUSY TASK ewma=997
DMA IRQ c0=1
DMA IRQ c1=0
DMA IRQ c2=0
DMA IRQ c3=0
SELECT busy=15234
SELECT w0=15158
SELECT w1=15159
SELECT w2=15159
BUSY TASK ewma=997
DMA IRQ c0=1
DMA IRQ c1=0
DMA IRQ c2=0
DMA IRQ c3=0
SELECT busy=15243
SELECT w0=15167
SELECT w1=15168
SELECT w2=15168
BUSY TASK ewma=997
DMA IRQ c0=1
DMA IRQ c1=0
DMA IRQ c2=0
DMA IRQ c3=0
SELECT busy=15252
SELECT w0=15176
SELECT w1=15177
SELECT w2=15177
BUSY TASK ewma=997
DMA IRQ c0=1
DMA IRQ c1=0
DMA IRQ c2=0
DMA IRQ c3=0
SELECT busy=15261
SELECT w0=15185
SELECT w1=15186
SELECT w2=15186
BUSY TASK ewma=997
DMA IRQ c0=1
DMA IRQ c1=0
DMA IRQ c2=0
DMA IRQ c3=0
SELECT busy=15269
SELECT w0=15193
SELECT w1=15194
SELECT w2=15195
BUSY TASK ewma=997
DMA IRQ c0=1
DMA IRQ c1=0
DMA IRQ c2=0
DMA IRQ c3=0
SELECT busy=15278
SELECT w0=15202
SELECT w1=15203
SELECT w2=15203
BUSY TASK ewma=997
DMA IRQ c0=1
DMA IRQ c1=0
DMA IRQ c2=0
DMA IRQ c3=0
SELECT busy=15287
SELECT w0=15211
SELECT w1=15212
SELECT w2=15212
BUSY TASK ewma=997
DMA IRQ c0=1
DMA IRQ c1=0
DMA IRQ c2=0
DMA IRQ c3=0
SELECT busy=15295
SELECT w0=15219
SELECT w1=15220
SELECT w2=15220
BUSY TASK ewma=997
DMA IRQ c0=1
DMA IRQ c1=0
DMA IRQ c2=0
DMA IRQ c3=0
SELECT busy=15304
SELECT w0=15228
SELECT w1=15229
SELECT w2=15229
BUSY TASK ewma=997
DMA IRQ c0=1
DMA IRQ c1=0
DMA IRQ c2=0
DMA IRQ c3=0
SELECT busy=15312
SELECT w0=15236
SELECT w1=15237
SELECT w2=15237
BUSY TASK ewma=997
IRQ counts: cpu0=61050 cpu1=0 cpu2=0 cpu3=0
SCHED secondaries: calls=0 unexpected=0
SECTEST switches=0 cpu1=0,0 cpu2=0,0 cpu3=0,0
PINGPONG rounds=0 pongs=0
DMA IRQ c0=1
DMA IRQ c1=0
DMA IRQ c2=0
DMA IRQ c3=0
SELECT busy=15321
SELECT w0=15245
SELECT w1=15246
SELECT w2=15246
BUSY TASK ewma=997
DMA IRQ c0=1
DMA IRQ c1=0
DMA IRQ c2=0
DMA IRQ c3=0
SELECT busy=15331
SELECT w0=15255
SELECT w1=15256
SELECT w2=15256
BUSY TASK ewma=997
DMA IRQ c0=1
DMA IRQ c1=0
DMA IRQ c2=0
DMA IRQ c3=0
SELECT busy=15340
SELECT w0=15264
SELECT w1=15266
SELECT w2=15266
BUSY TASK ewma=997
DMA IRQ c0=1
DMA IRQ c1=0
DMA IRQ c2=0
DMA IRQ c3=0
SELECT busy=15351
SELECT w0=15275
SELECT w1=15276
SELECT w2=15276
BUSY TASK ewma=997
DMA IRQ c0=1
DMA IRQ c1=0
DMA IRQ c2=0
DMA IRQ c3=0
SELECT busy=15361
SELECT w0=15285
SELECT w1=15286
SELECT w2=15286
BUSY TASK ewma=997
DMA IRQ c0=1
DMA IRQ c1=0
DMA IRQ c2=0
DMA IRQ c3=0
SELECT busy=15370
SELECT w0=15294
SELECT w1=15295
SELECT w2=15295
BUSY TASK ewma=997
DMA IRQ c0=1
DMA IRQ c1=0
DMA IRQ c2=0
DMA IRQ c3=0
SELECT busy=15378
SELECT w0=15302
SELECT w1=15304
SELECT w2=15304
BUSY TASK ewma=997
DMA IRQ c0=1
DMA IRQ c1=0
DMA IRQ c2=0
DMA IRQ c3=0
SELECT busy=15387
SELECT w0=15311
SELECT w1=15312
SELECT w2=15312
BUSY TASK ewma=997
DMA IRQ c0=1
DMA IRQ c1=0
DMA IRQ c2=0
DMA IRQ c3=0
SELECT busy=15396
SELECT w0=15320
SELECT w1=15321
SELECT w2=15322
BUSY TASK ewma=997
DMA IRQ c0=1
DMA IRQ c1=0
DMA IRQ c2=0
DMA IRQ c3=0
SELECT busy=15405
SELECT w0=15329
SELECT w1=15330
SELECT w2=15330
BUSY TASK ewma=997
DMA IRQ c0=1
DMA IRQ c1=0
DMA IRQ c2=0
DMA IRQ c3=0
SELECT busy=15414
SELECT w0=15338
SELECT w1=15339
SELECT w2=15339
BUSY TASK ewma=997
DMA IRQ c0=1
DMA IRQ c1=0
DMA IRQ c2=0
DMA IRQ c3=0
SELECT busy=15426
SELECT w0=15350
SELECT w1=15352
SELECT w2=15352
BUSY TASK ewma=997
DMA IRQ c0=1
DMA IRQ c1=0
DMA IRQ c2=0
DMA IRQ c3=0
SELECT busy=15439
SELECT w0=15363
SELECT w1=15364
SELECT w2=15364
BUSY TASK ewma=997
DMA IRQ c0=1
DMA IRQ c1=0
DMA IRQ c2=0
DMA IRQ c3=0
SELECT busy=15452
SELECT w0=15377
SELECT w1=15378
SELECT w2=15378
BUSY TASK ewma=997
DMA IRQ c0=1
DMA IRQ c1=0
DMA IRQ c2=0
DMA IRQ c3=0
SELECT busy=15464
SELECT w0=15388
SELECT w1=15389
SELECT w2=15389
BUSY TASK ewma=997
DMA IRQ c0=1
DMA IRQ c1=0
DMA IRQ c2=0
DMA IRQ c3=0
SELECT busy=15473
SELECT w0=15397
SELECT w1=15398
SELECT w2=15398
BUSY TASK ewma=997
DMA IRQ c0=1
DMA IRQ c1=0
DMA IRQ c2=0
DMA IRQ c3=0
SELECT busy=15481
SELECT w0=15405
SELECT w1=15406
SELECT w2=15406
BUSY TASK ewma=997
DMA IRQ c0=1
DMA IRQ c1=0
DMA IRQ c2=0
DMA IRQ c3=0
SELECT busy=15490
SELECT w0=15414
SELECT w1=15415
SELECT w2=15415
BUSY TASK ewma=997
DMA IRQ c0=1
DMA IRQ c1=0
DMA IRQ c2=0
DMA IRQ c3=0
SELECT busy=15498
SELECT w0=15423
SELECT w1=15424
SELECT w2=15424
BUSY TASK ewma=997
DMA IRQ c0=1
DMA IRQ c1=0
DMA IRQ c2=0
DMA IRQ c3=0
SELECT busy=15516
SELECT w0=15440
SELECT w1=15441
SELECT w2=15441
BUSY TASK ewma=997
DMA IRQ c0=1
DMA IRQ c1=0
DMA IRQ c2=0
DMA IRQ c3=0
SELECT busy=15533
SELECT w0=15457
SELECT w1=15458
SELECT w2=15458
BUSY TASK ewma=997
DMA IRQ c0=1
DMA IRQ c1=0
DMA IRQ c2=0
DMA IRQ c3=0
SELECT busy=15549
SELECT w0=15473
SELECT w1=15474
SELECT w2=15474
BUSY TASK ewma=997
DMA IRQ c0=1
DMA IRQ c1=0
DMA IRQ c2=0
DMA IRQ c3=0
SELECT busy=15565
SELECT w0=15489
SELECT w1=15490
SELECT w2=15490
BUSY TASK ewma=997
DMA IRQ c0=1
DMA IRQ c1=0
DMA IRQ c2=0
DMA IRQ c3=0
SELECT busy=15580
SELECT w0=15504
SELECT w1=15505
SELECT w2=15505
BUSY TASK ewma=997
DMA IRQ c0=1
DMA IRQ c1=0
DMA IRQ c2=0
DMA IRQ c3=0
SELECT busy=15596
SELECT w0=15520
SELECT w1=15521
SELECT w2=15521
BUSY TASK ewma=997
DMA IRQ c0=1
DMA IRQ c1=0
DMA IRQ c2=0
DMA IRQ c3=0
SELECT busy=15612
SELECT w0=15536
SELECT w1=15537
SELECT w2=15537
BUSY TASK ewma=997
DMA IRQ c0=1
DMA IRQ c1=0
DMA IRQ c2=0
DMA IRQ c3=0
SELECT busy=15623
SELECT w0=15547
SELECT w1=15548
SELECT w2=15548
BUSY TASK ewma=997
DMA IRQ c0=1
DMA IRQ c1=0
DMA IRQ c2=0
DMA IRQ c3=0
SELECT busy=15631
SELECT w0=15555
SELECT w1=15556
SELECT w2=15556
BUSY TASK ewma=997
DMA IRQ c0=1
DMA IRQ c1=0
DMA IRQ c2=0
DMA IRQ c3=0
SELECT busy=15640
SELECT w0=15564
SELECT w1=15565
SELECT w2=15565
BUSY TASK ewma=997
DMA IRQ c0=1
DMA IRQ c1=0
DMA IRQ c2=0
DMA IRQ c3=0
SELECT busy=15649
SELECT w0=15573
SELECT w1=15574
SELECT w2=15574
BUSY TASK ewma=997
DMA IRQ c0=1
DMA IRQ c1=0
DMA IRQ c2=0
DMA IRQ c3=0
SELECT busy=15657
SELECT w0=15581
SELECT w1=15582
SELECT w2=15582
BUSY TASK ewma=997
DMA IRQ c0=1
DMA IRQ c1=0
DMA IRQ c2=0
DMA IRQ c3=0
SELECT busy=15666
SELECT w0=15590
SELECT w1=15591
SELECT w2=15591
BUSY TASK ewma=997
DMA IRQ c0=1
DMA IRQ c1=0
DMA IRQ c2=0
DMA IRQ c3=0
SELECT busy=15675
SELECT w0=15599
SELECT w1=15600
SELECT w2=15600
BUSY TASK ewma=997
DMA IRQ c0=1
DMA IRQ c1=0
DMA IRQ c2=0
DMA IRQ c3=0
SELECT busy=15684
SELECT w0=15608
SELECT w1=15609
SELECT w2=15609
BUSY TASK ewma=997
DMA IRQ c0=1
DMA IRQ c1=0
DMA IRQ c2=0
DMA IRQ c3=0
SELECT busy=15692
SELECT w0=15616
SELECT w1=15617
SELECT w2=15617
BUSY TASK ewma=997
DMA IRQ c0=1
DMA IRQ c1=0
DMA IRQ c2=0
DMA IRQ c3=0
SELECT busy=15701
SELECT w0=15625
SELECT w1=15626
SELECT w2=15626
BUSY TASK ewma=997
DMA IRQ c0=1
DMA IRQ c1=0
DMA IRQ c2=0
DMA IRQ c3=0
SELECT busy=15711
SELECT w0=15635
SELECT w1=15637
SELECT w2=15637
BUSY TASK ewma=997
DMA IRQ c0=1
DMA IRQ c1=0
DMA IRQ c2=0
DMA IRQ c3=0
SELECT busy=15720
SELECT w0=15644
SELECT w1=15645
SELECT w2=15645
BUSY TASK ewma=997
DMA IRQ c0=1
DMA IRQ c1=0
DMA IRQ c2=0
DMA IRQ c3=0
SELECT busy=15728
SELECT w0=15652
SELECT w1=15653
SELECT w2=15653
BUSY TASK ewma=997
DMA IRQ c0=1
DMA IRQ c1=0
DMA IRQ c2=0
DMA IRQ c3=0
SELECT busy=15737
SELECT w0=15661
SELECT w1=15662
SELECT w2=15662
BUSY TASK ewma=997
DMA IRQ c0=1
DMA IRQ c1=0
DMA IRQ c2=0
DMA IRQ c3=0
SELECT busy=15746
SELECT w0=15670
SELECT w1=15671
SELECT w2=15671
BUSY TASK ewma=997
DMA IRQ c0=1
DMA IRQ c1=0
DMA IRQ c2=0
DMA IRQ c3=0
SELECT busy=15754
SELECT w0=15678
SELECT w1=15679
SELECT w2=15679
BUSY TASK ewma=997
DMA IRQ c0=1
DMA IRQ c1=0
DMA IRQ c2=0
DMA IRQ c3=0
SELECT busy=15763
SELECT w0=15687
SELECT w1=15688
SELECT w2=15688
BUSY TASK ewma=997
DMA IRQ c0=1
DMA IRQ c1=0
DMA IRQ c2=0
DMA IRQ c3=0
SELECT busy=15771
SELECT w0=15695
SELECT w1=15696
SELECT w2=15696
BUSY TASK ewma=997
DMA IRQ c0=1
DMA IRQ c1=0
DMA IRQ c2=0
DMA IRQ c3=0
SELECT busy=15779
SELECT w0=15703
SELECT w1=15704
SELECT w2=15705
BUSY TASK ewma=997
DMA IRQ c0=1
DMA IRQ c1=0
DMA IRQ c2=0
DMA IRQ c3=0
SELECT busy=15788
SELECT w0=15712
SELECT w1=15713
SELECT w2=15713
BUSY TASK ewma=997
DMA IRQ c0=1
DMA IRQ c1=0
DMA IRQ c2=0
DMA IRQ c3=0
SELECT busy=15797
SELECT w0=15721
SELECT w1=15722
SELECT w2=15722
BUSY TASK ewma=997
DMA IRQ c0=1
DMA IRQ c1=0
DMA IRQ c2=0
DMA IRQ c3=0
SELECT busy=15805
SELECT w0=15730
SELECT w1=15731
SELECT w2=15731
BUSY TASK ewma=997
DMA IRQ c0=1
DMA IRQ c1=0
DMA IRQ c2=0
DMA IRQ c3=0
SELECT busy=15814
SELECT w0=15738
SELECT w1=15739
SELECT w2=15739
BUSY TASK ewma=997
DMA IRQ c0=1
DMA IRQ c1=0
DMA IRQ c2=0
DMA IRQ c3=0
SELECT busy=15822
SELECT w0=15746
SELECT w1=15747
SELECT w2=15747
BUSY TASK ewma=997
DMA IRQ c0=1
DMA IRQ c1=0
DMA IRQ c2=0
DMA IRQ c3=0
SELECT busy=15831
SELECT w0=15755
SELECT w1=15756
SELECT w2=15756
BUSY TASK ewma=997
DMA IRQ c0=1
DMA IRQ c1=0
DMA IRQ c2=0
DMA IRQ c3=0
SELECT busy=15839
SELECT w0=15763
SELECT w1=15764
SELECT w2=15764
BUSY TASK ewma=997
DMA IRQ c0=1
DMA IRQ c1=0
DMA IRQ c2=0
DMA IRQ c3=0
SELECT busy=15847
SELECT w0=15771
SELECT w1=15773
SELECT w2=15773
BUSY TASK ewma=997
DMA IRQ c0=1
DMA IRQ c1=0
DMA IRQ c2=0
DMA IRQ c3=0
SELECT busy=15856
SELECT w0=15780
SELECT w1=15781
SELECT w2=15781
BUSY TASK ewma=997
DMA IRQ c0=1
DMA IRQ c1=0
DMA IRQ c2=0
DMA IRQ c3=0
SELECT busy=15864
SELECT w0=15788
SELECT w1=15789
SELECT w2=15789
BUSY TASK ewma=997
DMA IRQ c0=1
DMA IRQ c1=0
DMA IRQ c2=0
DMA IRQ c3=0
SELECT busy=15872
SELECT w0=15797
SELECT w1=15798
SELECT w2=15798
BUSY TASK ewma=997
DMA IRQ c0=1
DMA IRQ c1=0
DMA IRQ c2=0
DMA IRQ c3=0
SELECT busy=15881
SELECT w0=15805
SELECT w1=15806
SELECT w2=15806
BUSY TASK ewma=997
DMA IRQ c0=1
DMA IRQ c1=0
DMA IRQ c2=0
DMA IRQ c3=0
SELECT busy=15889
SELECT w0=15813
SELECT w1=15815
SELECT w2=15815
BUSY TASK ewma=997
DMA IRQ c0=1
DMA IRQ c1=0
DMA IRQ c2=0
DMA IRQ c3=0
SELECT busy=15899
SELECT w0=15823
SELECT w1=15824
SELECT w2=15824
BUSY TASK ewma=997
DMA IRQ c0=1
DMA IRQ c1=0
DMA IRQ c2=0
DMA IRQ c3=0
SELECT busy=15908
SELECT w0=15832
SELECT w1=15833
SELECT w2=15833
BUSY TASK ewma=997
DMA IRQ c0=1
DMA IRQ c1=0
DMA IRQ c2=0
DMA IRQ c3=0
SELECT busy=15916
SELECT w0=15840
SELECT w1=15841
SELECT w2=15841
BUSY TASK ewma=997
DMA IRQ c0=1
DMA IRQ c1=0
DMA IRQ c2=0
DMA IRQ c3=0
SELECT busy=15924
SELECT w0=15848
SELECT w1=15849
SELECT w2=15849
BUSY TASK ewma=997
DMA IRQ c0=1
DMA IRQ c1=0
DMA IRQ c2=0
DMA IRQ c3=0
SELECT busy=15932
SELECT w0=15856
SELECT w1=15857
SELECT w2=15857
BUSY TASK ewma=997
DMA IRQ c0=1
DMA IRQ c1=0
DMA IRQ c2=0
DMA IRQ c3=0
SELECT busy=15940
SELECT w0=15864
SELECT w1=15865
SELECT w2=15865
BUSY TASK ewma=997
IRQ counts: cpu0=63562 cpu1=0 cpu2=0 cpu3=0
SCHED secondaries: calls=0 unexpected=0
SECTEST switches=0 cpu1=0,0 cpu2=0,0 cpu3=0,0
PINGPONG rounds=0 pongs=0
DMA IRQ c0=1
DMA IRQ c1=0
DMA IRQ c2=0
DMA IRQ c3=0
SELECT busy=15949
SELECT w0=15873
SELECT w1=15874
SELECT w2=15874
BUSY TASK ewma=997
DMA IRQ c0=1
DMA IRQ c1=0
DMA IRQ c2=0
DMA IRQ c3=0
SELECT busy=15957
SELECT w0=15881
SELECT w1=15882
SELECT w2=15882
BUSY TASK ewma=997
DMA IRQ c0=1
DMA IRQ c1=0
DMA IRQ c2=0
DMA IRQ c3=0
SELECT busy=15965
SELECT w0=15889
SELECT w1=15890
SELECT w2=15890
BUSY TASK ewma=997
DMA IRQ c0=1
DMA IRQ c1=0
DMA IRQ c2=0
DMA IRQ c3=0
SELECT busy=15973
SELECT w0=15897
SELECT w1=15898
SELECT w2=15899
BUSY TASK ewma=997
DMA IRQ c0=1
DMA IRQ c1=0
DMA IRQ c2=0
DMA IRQ c3=0
SELECT busy=15981
SELECT w0=15906
SELECT w1=15907
SELECT w2=15907
BUSY TASK ewma=997
DMA IRQ c0=1
DMA IRQ c1=0
DMA IRQ c2=0
DMA IRQ c3=0
SELECT busy=15990
SELECT w0=15914
SELECT w1=15915
SELECT w2=15915
BUSY TASK ewma=997
DMA IRQ c0=1
DMA IRQ c1=0
DMA IRQ c2=0
DMA IRQ c3=0
SELECT busy=15999
SELECT w0=15923
SELECT w1=15924
SELECT w2=15925
BUSY TASK ewma=997
DMA IRQ c0=1
DMA IRQ c1=0
DMA IRQ c2=0
DMA IRQ c3=0
SELECT busy=16008
SELECT w0=15932
SELECT w1=15933
SELECT w2=15933
BUSY TASK ewma=997
DMA IRQ c0=1
DMA IRQ c1=0
DMA IRQ c2=0
DMA IRQ c3=0
SELECT busy=16019
SELECT w0=15943
SELECT w1=15945
SELECT w2=15945
BUSY TASK ewma=997
DMA IRQ c0=1
DMA IRQ c1=0
DMA IRQ c2=0
DMA IRQ c3=0
SELECT busy=16031
SELECT w0=15955
SELECT w1=15956
SELECT w2=15956
BUSY TASK ewma=997
DMA IRQ c0=1
DMA IRQ c1=0
DMA IRQ c2=0
DMA IRQ c3=0
SELECT busy=16043
SELECT w0=15968
SELECT w1=15969
SELECT w2=15969
BUSY TASK ewma=997
DMA IRQ c0=1
DMA IRQ c1=0
DMA IRQ c2=0
DMA IRQ c3=0
SELECT busy=16053
SELECT w0=15977
SELECT w1=15978
SELECT w2=15978
BUSY TASK ewma=997
DMA IRQ c0=1
DMA IRQ c1=0
DMA IRQ c2=0
DMA IRQ c3=0
SELECT busy=16061
SELECT w0=15985
SELECT w1=15986
SELECT w2=15986
BUSY TASK ewma=997
DMA IRQ c0=1
DMA IRQ c1=0
DMA IRQ c2=0
DMA IRQ c3=0
SELECT busy=16069
SELECT w0=15993
SELECT w1=15994
SELECT w2=15994
BUSY TASK ewma=997
DMA IRQ c0=1
DMA IRQ c1=0
DMA IRQ c2=0
DMA IRQ c3=0
SELECT busy=16077
SELECT w0=16001
SELECT w1=16002
SELECT w2=16002
BUSY TASK ewma=997
DMA IRQ c0=1
DMA IRQ c1=0
DMA IRQ c2=0
DMA IRQ c3=0
SELECT busy=16085
SELECT w0=16009
SELECT w1=16010
SELECT w2=16010
BUSY TASK ewma=997
DMA IRQ c0=1
DMA IRQ c1=0
DMA IRQ c2=0
DMA IRQ c3=0
SELECT busy=16097
SELECT w0=16021
SELECT w1=16023
SELECT w2=16023
BUSY TASK ewma=997
DMA IRQ c0=1
DMA IRQ c1=0
DMA IRQ c2=0
DMA IRQ c3=0
SELECT busy=16110
SELECT w0=16034
SELECT w1=16035
SELECT w2=16036
BUSY TASK ewma=997
DMA IRQ c0=1
DMA IRQ c1=0
DMA IRQ c2=0
DMA IRQ c3=0
SELECT busy=16122
SELECT w0=16047
SELECT w1=16048
SELECT w2=16048
BUSY TASK ewma=997
DMA IRQ c0=1
DMA IRQ c1=0
DMA IRQ c2=0
DMA IRQ c3=0
SELECT busy=16133
SELECT w0=16057
SELECT w1=16058
SELECT w2=16059
BUSY TASK ewma=997
DMA IRQ c0=1
DMA IRQ c1=0
DMA IRQ c2=0
DMA IRQ c3=0
SELECT busy=16142
SELECT w0=16066
SELECT w1=16067
SELECT w2=16067
BUSY TASK ewma=997
DMA IRQ c0=1
DMA IRQ c1=0
DMA IRQ c2=0
DMA IRQ c3=0
SELECT busy=16151
SELECT w0=16075
SELECT w1=16076
SELECT w2=16076
BUSY TASK ewma=997
DMA IRQ c0=1
DMA IRQ c1=0
DMA IRQ c2=0
DMA IRQ c3=0
SELECT busy=16159
SELECT w0=16084
SELECT w1=16085
SELECT w2=16085
BUSY TASK ewma=997
DMA IRQ c0=1
DMA IRQ c1=0
DMA IRQ c2=0
DMA IRQ c3=0
SELECT busy=16168
SELECT w0=16092
SELECT w1=16093
SELECT w2=16093
BUSY TASK ewma=997
DMA IRQ c0=1
DMA IRQ c1=0
DMA IRQ c2=0
DMA IRQ c3=0
SELECT busy=16177
SELECT w0=16101
SELECT w1=16102
SELECT w2=16102
BUSY TASK ewma=997
DMA IRQ c0=1
DMA IRQ c1=0
DMA IRQ c2=0
DMA IRQ c3=0
SELECT busy=16186
SELECT w0=16110
SELECT w1=16111
SELECT w2=16111
BUSY TASK ewma=997
DMA IRQ c0=1
DMA IRQ c1=0
DMA IRQ c2=0
DMA IRQ c3=0
SELECT busy=16196
SELECT w0=16120
SELECT w1=16121
SELECT w2=16122
BUSY TASK ewma=997
DMA IRQ c0=1
DMA IRQ c1=0
DMA IRQ c2=0
DMA IRQ c3=0
SELECT busy=16212
SELECT w0=16136
SELECT w1=16137
SELECT w2=16137
BUSY TASK ewma=997
DMA IRQ c0=1
DMA IRQ c1=0
DMA IRQ c2=0
DMA IRQ c3=0
SELECT busy=16228
SELECT w0=16152
SELECT w1=16153
SELECT w2=16154
BUSY TASK ewma=997
DMA IRQ c0=1
DMA IRQ c1=0
DMA IRQ c2=0
DMA IRQ c3=0
SELECT busy=16241
SELECT w0=16166
SELECT w1=16167
SELECT w2=16167
BUSY TASK ewma=997
DMA IRQ c0=1
DMA IRQ c1=0
DMA IRQ c2=0
DMA IRQ c3=0
SELECT busy=16250
SELECT w0=16175
SELECT w1=16176
SELECT w2=16176
BUSY TASK ewma=997
DMA IRQ c0=1
DMA IRQ c1=0
DMA IRQ c2=0
DMA IRQ c3=0
SELECT busy=16259
SELECT w0=16183
SELECT w1=16184
SELECT w2=16184
BUSY TASK ewma=997
DMA IRQ c0=1
DMA IRQ c1=0
DMA IRQ c2=0
DMA IRQ c3=0
SELECT busy=16272
SELECT w0=16196
SELECT w1=16197
SELECT w2=16197
BUSY TASK ewma=997
DMA IRQ c0=1
DMA IRQ c1=0
DMA IRQ c2=0
DMA IRQ c3=0
SELECT busy=16288
SELECT w0=16213
SELECT w1=16214
SELECT w2=16214
BUSY TASK ewma=997
DMA IRQ c0=1
DMA IRQ c1=0
DMA IRQ c2=0
DMA IRQ c3=0
SELECT busy=16304
SELECT w0=16228
SELECT w1=16229
SELECT w2=16229
BUSY TASK ewma=997
DMA IRQ c0=1
DMA IRQ c1=0
DMA IRQ c2=0
DMA IRQ c3=0
SELECT busy=16314
SELECT w0=16238
SELECT w1=16240
SELECT w2=16240
BUSY TASK ewma=997
DMA IRQ c0=1
DMA IRQ c1=0
DMA IRQ c2=0
DMA IRQ c3=0
SELECT busy=16324
SELECT w0=16248
SELECT w1=16249
SELECT w2=16249
BUSY TASK ewma=997
DMA IRQ c0=1
DMA IRQ c1=0
DMA IRQ c2=0
DMA IRQ c3=0
SELECT busy=16332
SELECT w0=16257
SELECT w1=16258
SELECT w2=16258
BUSY TASK ewma=997
DMA IRQ c0=1
DMA IRQ c1=0
DMA IRQ c2=0
DMA IRQ c3=0
SELECT busy=16341
SELECT w0=16265
SELECT w1=16266
SELECT w2=16266
BUSY TASK ewma=997
DMA IRQ c0=1
DMA IRQ c1=0
DMA IRQ c2=0
DMA IRQ c3=0
SELECT busy=16349
SELECT w0=16273
SELECT w1=16274
SELECT w2=16274
BUSY TASK ewma=997
DMA IRQ c0=1
DMA IRQ c1=0
DMA IRQ c2=0
DMA IRQ c3=0
SELECT busy=16358
SELECT w0=16282
SELECT w1=16283
SELECT w2=16283
BUSY TASK ewma=997
DMA IRQ c0=1
DMA IRQ c1=0
DMA IRQ c2=0
DMA IRQ c3=0
SELECT busy=16366
SELECT w0=16290
SELECT w1=16291
SELECT w2=16291
BUSY TASK ewma=997
DMA IRQ c0=1
DMA IRQ c1=0
DMA IRQ c2=0
DMA IRQ c3=0
SELECT busy=16377
SELECT w0=16301
SELECT w1=16303
SELECT w2=16303
BUSY TASK ewma=997
DMA IRQ c0=1
DMA IRQ c1=0
DMA IRQ c2=0
DMA IRQ c3=0
SELECT busy=16386
SELECT w0=16310
SELECT w1=16311
SELECT w2=16311
BUSY TASK ewma=997
DMA IRQ c0=1
DMA IRQ c1=0
DMA IRQ c2=0
DMA IRQ c3=0
SELECT busy=16394
SELECT w0=16318
SELECT w1=16319
SELECT w2=16319
BUSY TASK ewma=997
DMA IRQ c0=1
DMA IRQ c1=0
DMA IRQ c2=0
DMA IRQ c3=0
SELECT busy=16403
SELECT w0=16327
SELECT w1=16328
SELECT w2=16328
BUSY TASK ewma=997
DMA IRQ c0=1
DMA IRQ c1=0
DMA IRQ c2=0
DMA IRQ c3=0
SELECT busy=16411
SELECT w0=16335
SELECT w1=16336
SELECT w2=16336
BUSY TASK ewma=997
DMA IRQ c0=1
DMA IRQ c1=0
DMA IRQ c2=0
DMA IRQ c3=0
SELECT busy=16419
SELECT w0=16343
SELECT w1=16344
SELECT w2=16344
BUSY TASK ewma=997
DMA IRQ c0=1
DMA IRQ c1=0
DMA IRQ c2=0
DMA IRQ c3=0
SELECT busy=16427
SELECT w0=16351
SELECT w1=16352
SELECT w2=16352
BUSY TASK ewma=997
DMA IRQ c0=1
DMA IRQ c1=0
DMA IRQ c2=0
DMA IRQ c3=0
SELECT busy=16436
SELECT w0=16360
SELECT w1=16361
SELECT w2=16362
BUSY TASK ewma=997
DMA IRQ c0=1
DMA IRQ c1=0
DMA IRQ c2=0
DMA IRQ c3=0
SELECT busy=16445
SELECT w0=16369
SELECT w1=16370
SELECT w2=16370
BUSY TASK ewma=997
DMA IRQ c0=1
DMA IRQ c1=0
DMA IRQ c2=0
DMA IRQ c3=0
SELECT busy=16453
SELECT w0=16378
SELECT w1=16379
SELECT w2=16379
BUSY TASK ewma=997
DMA IRQ c0=1
DMA IRQ c1=0
DMA IRQ c2=0
DMA IRQ c3=0
SELECT busy=16463
SELECT w0=16387
SELECT w1=16388
SELECT w2=16388
BUSY TASK ewma=997
DMA IRQ c0=1
DMA IRQ c1=0
DMA IRQ c2=0
DMA IRQ c3=0
SELECT busy=16472
SELECT w0=16396
SELECT w1=16397
SELECT w2=16397
BUSY TASK ewma=997
DMA IRQ c0=1
DMA IRQ c1=0
DMA IRQ c2=0
DMA IRQ c3=0
SELECT busy=16480
SELECT w0=16405
SELECT w1=16406
SELECT w2=16406
BUSY TASK ewma=997
DMA IRQ c0=1
DMA IRQ c1=0
DMA IRQ c2=0
DMA IRQ c3=0
SELECT busy=16489
SELECT w0=16413
SELECT w1=16414
SELECT w2=16414
BUSY TASK ewma=997
DMA IRQ c0=1
DMA IRQ c1=0
DMA IRQ c2=0
DMA IRQ c3=0
SELECT busy=16497
SELECT w0=16421
SELECT w1=16422
SELECT w2=16422
BUSY TASK ewma=997
DMA IRQ c0=1
DMA IRQ c1=0
DMA IRQ c2=0
DMA IRQ c3=0
SELECT busy=16506
SELECT w0=16430
SELECT w1=16431
SELECT w2=16431
BUSY TASK ewma=997
DMA IRQ c0=1
DMA IRQ c1=0
DMA IRQ c2=0
DMA IRQ c3=0
SELECT busy=16514
SELECT w0=16439
SELECT w1=16440
SELECT w2=16440
BUSY TASK ewma=997
DMA IRQ c0=1
DMA IRQ c1=0
DMA IRQ c2=0
DMA IRQ c3=0
SELECT busy=16523
SELECT w0=16447
SELECT w1=16448
SELECT w2=16448
BUSY TASK ewma=997
DMA IRQ c0=1
DMA IRQ c1=0
DMA IRQ c2=0
DMA IRQ c3=0
SELECT busy=16531
SELECT w0=16455
SELECT w1=16456
SELECT w2=16456
BUSY TASK ewma=997
DMA IRQ c0=1
DMA IRQ c1=0
DMA IRQ c2=0
DMA IRQ c3=0
SELECT busy=16540
SELECT w0=16464
SELECT w1=16465
SELECT w2=16465
BUSY TASK ewma=997
DMA IRQ c0=1
DMA IRQ c1=0
DMA IRQ c2=0
DMA IRQ c3=0
SELECT busy=16548
SELECT w0=16472
SELECT w1=16473
SELECT w2=16473
BUSY TASK ewma=997
DMA IRQ c0=1
DMA IRQ c1=0
DMA IRQ c2=0
DMA IRQ c3=0
SELECT busy=16556
SELECT w0=16480
SELECT w1=16482
SELECT w2=16482
BUSY TASK ewma=997
IRQ counts: cpu0=66030 cpu1=0 cpu2=0 cpu3=0
SCHED secondaries: calls=0 unexpected=0
SECTEST switches=0 cpu1=0,0 cpu2=0,0 cpu3=0,0
PINGPONG rounds=0 pongs=0
DMA IRQ c0=1
DMA IRQ c1=0
DMA IRQ c2=0
DMA IRQ c3=0
SELECT busy=16566
SELECT w0=16490
SELECT w1=16491
SELECT w2=16491
BUSY TASK ewma=997
DMA IRQ c0=1
DMA IRQ c1=0
DMA IRQ c2=0
DMA IRQ c3=0
SELECT busy=16574
SELECT w0=16498
SELECT w1=16499
SELECT w2=16499
BUSY TASK ewma=997
DMA IRQ c0=1
DMA IRQ c1=0
DMA IRQ c2=0
DMA IRQ c3=0
SELECT busy=16583
SELECT w0=16507
SELECT w1=16508
SELECT w2=16508
BUSY TASK ewma=997
DMA IRQ c0=1
DMA IRQ c1=0
DMA IRQ c2=0
DMA IRQ c3=0
SELECT busy=16591
SELECT w0=16515
SELECT w1=16517
SELECT w2=16517
BUSY TASK ewma=997
DMA IRQ c0=1
DMA IRQ c1=0
DMA IRQ c2=0
DMA IRQ c3=0
SELECT busy=16600
SELECT w0=16524
SELECT w1=16525
SELECT w2=16525
BUSY TASK ewma=997
DMA IRQ c0=1
DMA IRQ c1=0
DMA IRQ c2=0
DMA IRQ c3=0
SELECT busy=16608
SELECT w0=16532
SELECT w1=16533
SELECT w2=16533
BUSY TASK ewma=997
DMA IRQ c0=1
DMA IRQ c1=0
DMA IRQ c2=0
DMA IRQ c3=0
SELECT busy=16617
SELECT w0=16541
SELECT w1=16542
SELECT w2=16542
BUSY TASK ewma=997
DMA IRQ c0=1
DMA IRQ c1=0
DMA IRQ c2=0
DMA IRQ c3=0
SELECT busy=16625
SELECT w0=16549
SELECT w1=16550
SELECT w2=16550
BUSY TASK ewma=997
DMA IRQ c0=1
DMA IRQ c1=0
DMA IRQ c2=0
DMA IRQ c3=0
SELECT busy=16636
SELECT w0=16560
SELECT w1=16561
SELECT w2=16561
BUSY TASK ewma=997
DMA IRQ c0=1
DMA IRQ c1=0
DMA IRQ c2=0
DMA IRQ c3=0
SELECT busy=16645
SELECT w0=16569
SELECT w1=16571
SELECT w2=16571
BUSY TASK ewma=997
DMA IRQ c0=1
DMA IRQ c1=0
DMA IRQ c2=0
DMA IRQ c3=0
SELECT busy=16655
SELECT w0=16579
SELECT w1=16580
SELECT w2=16580
BUSY TASK ewma=997
DMA IRQ c0=1
DMA IRQ c1=0
DMA IRQ c2=0
DMA IRQ c3=0
SELECT busy=16665
SELECT w0=16589
SELECT w1=16590
SELECT w2=16590
BUSY TASK ewma=997
DMA IRQ c0=1
DMA IRQ c1=0
DMA IRQ c2=0
DMA IRQ c3=0
SELECT busy=16675
SELECT w0=16599
SELECT w1=16600
SELECT w2=16600
BUSY TASK ewma=997
DMA IRQ c0=1
DMA IRQ c1=0
DMA IRQ c2=0
DMA IRQ c3=0
SELECT busy=16685
SELECT w0=16609
SELECT w1=16610
SELECT w2=16610
BUSY TASK ewma=997
DMA IRQ c0=1
DMA IRQ c1=0
DMA IRQ c2=0
DMA IRQ c3=0
SELECT busy=16694
SELECT w0=16618
SELECT w1=16619
SELECT w2=16619
BUSY TASK ewma=997
DMA IRQ c0=1
DMA IRQ c1=0
DMA IRQ c2=0
DMA IRQ c3=0
SELECT busy=16702
SELECT w0=16626
SELECT w1=16627
SELECT w2=16627
BUSY TASK ewma=997
DMA IRQ c0=1
DMA IRQ c1=0
DMA IRQ c2=0
DMA IRQ c3=0
SELECT busy=16711
SELECT w0=16635
SELECT w1=16636
SELECT w2=16636
BUSY TASK ewma=997
DMA IRQ c0=1
DMA IRQ c1=0
DMA IRQ c2=0
DMA IRQ c3=0
SELECT busy=16719
SELECT w0=16643
SELECT w1=16644
SELECT w2=16644
BUSY TASK ewma=997
DMA IRQ c0=1
DMA IRQ c1=0
DMA IRQ c2=0
DMA IRQ c3=0
SELECT busy=16729
SELECT w0=16653
SELECT w1=16654
SELECT w2=16654
BUSY TASK ewma=997
DMA IRQ c0=1
DMA IRQ c1=0
DMA IRQ c2=0
DMA IRQ c3=0
SELECT busy=16738
SELECT w0=16662
SELECT w1=16663
SELECT w2=16663
BUSY TASK ewma=997
DMA IRQ c0=1
DMA IRQ c1=0
DMA IRQ c2=0
DMA IRQ c3=0
SELECT busy=16746
SELECT w0=16670
SELECT w1=16671
SELECT w2=16671
BUSY TASK ewma=997
DMA IRQ c0=1
DMA IRQ c1=0
DMA IRQ c2=0
DMA IRQ c3=0
SELECT busy=16754
SELECT w0=16678
SELECT w1=16680
SELECT w2=16680
BUSY TASK ewma=997
DMA IRQ c0=1
DMA IRQ c1=0
DMA IRQ c2=0
DMA IRQ c3=0
SELECT busy=16763
SELECT w0=16687
SELECT w1=16688
SELECT w2=16688
BUSY TASK ewma=997
DMA IRQ c0=1
DMA IRQ c1=0
DMA IRQ c2=0
DMA IRQ c3=0
SELECT busy=16774
SELECT w0=16698
SELECT w1=16699
SELECT w2=16699
BUSY TASK ewma=997
DMA IRQ c0=1
DMA IRQ c1=0
DMA IRQ c2=0
DMA IRQ c3=0
SELECT busy=16787
SELECT w0=16711
SELECT w1=16712
SELECT w2=16712
BUSY TASK ewma=997
DMA IRQ c0=1
DMA IRQ c1=0
DMA IRQ c2=0
DMA IRQ c3=0
SELECT busy=16802
SELECT w0=16726
SELECT w1=16727
SELECT w2=16727
BUSY TASK ewma=997
DMA IRQ c0=1
DMA IRQ c1=0
DMA IRQ c2=0
DMA IRQ c3=0
SELECT busy=16814
SELECT w0=16738
SELECT w1=16739
SELECT w2=16739
BUSY TASK ewma=997
DMA IRQ c0=1
DMA IRQ c1=0
DMA IRQ c2=0
DMA IRQ c3=0
SELECT busy=16822
SELECT w0=16746
SELECT w1=16747
SELECT w2=16747
BUSY TASK ewma=997
DMA IRQ c0=1
DMA IRQ c1=0
DMA IRQ c2=0
DMA IRQ c3=0
SELECT busy=16830
SELECT w0=16754
SELECT w1=16755
SELECT w2=16755
BUSY TASK ewma=997
DMA IRQ c0=1
DMA IRQ c1=0
DMA IRQ c2=0
DMA IRQ c3=0
SELECT busy=16838
SELECT w0=16762
SELECT w1=16763
SELECT w2=16763
BUSY TASK ewma=997
DMA IRQ c0=1
DMA IRQ c1=0
DMA IRQ c2=0
DMA IRQ c3=0
SELECT busy=16849
SELECT w0=16773
SELECT w1=16774
SELECT w2=16774
BUSY TASK ewma=997
DMA IRQ c0=1
DMA IRQ c1=0
DMA IRQ c2=0
DMA IRQ c3=0
SELECT busy=16863
SELECT w0=16787
SELECT w1=16788
SELECT w2=16788
BUSY TASK ewma=997
DMA IRQ c0=1
DMA IRQ c1=0
DMA IRQ c2=0
DMA IRQ c3=0
SELECT busy=16875
SELECT w0=16799
SELECT w1=16800
SELECT w2=16800
BUSY TASK ewma=997
DMA IRQ c0=1
DMA IRQ c1=0
DMA IRQ c2=0
DMA IRQ c3=0
SELECT busy=16886
SELECT w0=16810
SELECT w1=16811
SELECT w2=16811
BUSY TASK ewma=997
DMA IRQ c0=1
DMA IRQ c1=0
DMA IRQ c2=0
DMA IRQ c3=0
SELECT busy=16897
SELECT w0=16821
SELECT w1=16822
SELECT w2=16822
BUSY TASK ewma=997
DMA IRQ c0=1
DMA IRQ c1=0
DMA IRQ c2=0
DMA IRQ c3=0
SELECT busy=16908
SELECT w0=16832
SELECT w1=16833
SELECT w2=16833
BUSY TASK ewma=997
DMA IRQ c0=1
DMA IRQ c1=0
DMA IRQ c2=0
DMA IRQ c3=0
SELECT busy=16919
SELECT w0=16843
SELECT w1=16844
SELECT w2=16844
BUSY TASK ewma=997
DMA IRQ c0=1
DMA IRQ c1=0
DMA IRQ c2=0
DMA IRQ c3=0
SELECT busy=16929
SELECT w0=16853
SELECT w1=16855
SELECT w2=16855
BUSY TASK ewma=997
DMA IRQ c0=1
DMA IRQ c1=0
DMA IRQ c2=0
DMA IRQ c3=0
SELECT busy=16938
SELECT w0=16862
SELECT w1=16863
SELECT w2=16863
BUSY TASK ewma=997
DMA IRQ c0=1
DMA IRQ c1=0
DMA IRQ c2=0
DMA IRQ c3=0
SELECT busy=16947
SELECT w0=16871
SELECT w1=16872
SELECT w2=16872
BUSY TASK ewma=997
DMA IRQ c0=1
DMA IRQ c1=0
DMA IRQ c2=0
DMA IRQ c3=0
SELECT busy=16955
SELECT w0=16879
SELECT w1=16881
SELECT w2=16881
BUSY TASK ewma=997
DMA IRQ c0=1
DMA IRQ c1=0
DMA IRQ c2=0
DMA IRQ c3=0
SELECT busy=16965
SELECT w0=16889
SELECT w1=16891
SELECT w2=16891
BUSY TASK ewma=997
DMA IRQ c0=1
DMA IRQ c1=0
DMA IRQ c2=0
DMA IRQ c3=0
SELECT busy=16974
SELECT w0=16898
SELECT w1=16899
SELECT w2=16899
BUSY TASK ewma=997
DMA IRQ c0=1
DMA IRQ c1=0
DMA IRQ c2=0
DMA IRQ c3=0
SELECT busy=16983
SELECT w0=16907
SELECT w1=16908
SELECT w2=16908
BUSY TASK ewma=997
DMA IRQ c0=1
DMA IRQ c1=0
DMA IRQ c2=0
DMA IRQ c3=0
SELECT busy=16991
SELECT w0=16915
SELECT w1=16917
SELECT w2=16917
BUSY TASK ewma=997
DMA IRQ c0=1
DMA IRQ c1=0
DMA IRQ c2=0
DMA IRQ c3=0
SELECT busy=17000
SELECT w0=16924
SELECT w1=16925
SELECT w2=16925
BUSY TASK ewma=997
DMA IRQ c0=1
DMA IRQ c1=0
DMA IRQ c2=0
DMA IRQ c3=0
SELECT busy=17008
SELECT w0=16932
SELECT w1=16933
SELECT w2=16933
BUSY TASK ewma=997
DMA IRQ c0=1
DMA IRQ c1=0
DMA IRQ c2=0
DMA IRQ c3=0
SELECT busy=17017
SELECT w0=16941
SELECT w1=16942
SELECT w2=16942
BUSY TASK ewma=997
DMA IRQ c0=1
DMA IRQ c1=0
DMA IRQ c2=0
DMA IRQ c3=0
SELECT busy=17025
SELECT w0=16949
SELECT w1=16950
SELECT w2=16950
BUSY TASK ewma=997
DMA IRQ c0=1
DMA IRQ c1=0
DMA IRQ c2=0
DMA IRQ c3=0
SELECT busy=17034
SELECT w0=16958
SELECT w1=16959
SELECT w2=16959
BUSY TASK ewma=997
DMA IRQ c0=1
DMA IRQ c1=0
DMA IRQ c2=0
DMA IRQ c3=0
SELECT busy=17042
SELECT w0=16966
SELECT w1=16967
SELECT w2=16967
BUSY TASK ewma=997
DMA IRQ c0=1
DMA IRQ c1=0
DMA IRQ c2=0
DMA IRQ c3=0
SELECT busy=17051
SELECT w0=16975
SELECT w1=16976
SELECT w2=16976
BUSY TASK ewma=997
DMA IRQ c0=1
DMA IRQ c1=0
DMA IRQ c2=0
DMA IRQ c3=0
SELECT busy=17060
SELECT w0=16984
SELECT w1=16985
SELECT w2=16985
BUSY TASK ewma=997
DMA IRQ c0=1
DMA IRQ c1=0
DMA IRQ c2=0
DMA IRQ c3=0
SELECT busy=17068
SELECT w0=16992
SELECT w1=16994
SELECT w2=16994
BUSY TASK ewma=997
DMA IRQ c0=1
DMA IRQ c1=0
DMA IRQ c2=0
DMA IRQ c3=0
SELECT busy=17077
SELECT w0=17001
SELECT w1=17002
SELECT w2=17002
BUSY TASK ewma=997
DMA IRQ c0=1
DMA IRQ c1=0
DMA IRQ c2=0
DMA IRQ c3=0
SELECT busy=17085
SELECT w0=17009
SELECT w1=17010
SELECT w2=17010
BUSY TASK ewma=997
DMA IRQ c0=1
DMA IRQ c1=0
DMA IRQ c2=0
DMA IRQ c3=0
SELECT busy=17094
SELECT w0=17018
SELECT w1=17019
SELECT w2=17019
BUSY TASK ewma=997
DMA IRQ c0=1
DMA IRQ c1=0
DMA IRQ c2=0
DMA IRQ c3=0
SELECT busy=17102
SELECT w0=17026
SELECT w1=17027
SELECT w2=17027
BUSY TASK ewma=997
DMA IRQ c0=1
DMA IRQ c1=0
DMA IRQ c2=0
DMA IRQ c3=0
SELECT busy=17110
SELECT w0=17035
SELECT w1=17036
SELECT w2=17036
BUSY TASK ewma=997
DMA IRQ c0=1
DMA IRQ c1=0
DMA IRQ c2=0
DMA IRQ c3=0
SELECT busy=17119
SELECT w0=17043
SELECT w1=17044
SELECT w2=17044
BUSY TASK ewma=997
DMA IRQ c0=1
DMA IRQ c1=0
DMA IRQ c2=0
DMA IRQ c3=0
SELECT busy=17127
SELECT w0=17051
SELECT w1=17052
SELECT w2=17052
BUSY TASK ewma=997
DMA IRQ c0=1
DMA IRQ c1=0
DMA IRQ c2=0
DMA IRQ c3=0
SELECT busy=17136
SELECT w0=17060
SELECT w1=17061
SELECT w2=17061
BUSY TASK ewma=997
DMA IRQ c0=1
DMA IRQ c1=0
DMA IRQ c2=0
DMA IRQ c3=0
SELECT busy=17144
SELECT w0=17068
SELECT w1=17069
SELECT w2=17069
BUSY TASK ewma=997
DMA IRQ c0=1
DMA IRQ c1=0
DMA IRQ c2=0
DMA IRQ c3=0
SELECT busy=17152
SELECT w0=17076
SELECT w1=17077
SELECT w2=17077
BUSY TASK ewma=997
IRQ counts: cpu0=68410 cpu1=0 cpu2=0 cpu3=0
SCHED secondaries: calls=0 unexpected=0
SECTEST switches=0 cpu1=0,0 cpu2=0,0 cpu3=0,0
PINGPONG rounds=0 pongs=0
DMA IRQ c0=1
DMA IRQ c1=0
DMA IRQ c2=0
DMA IRQ c3=0
SELECT busy=17161
SELECT w0=17085
SELECT w1=17086
SELECT w2=17086
BUSY TASK ewma=997
DMA IRQ c0=1
DMA IRQ c1=0
DMA IRQ c2=0
DMA IRQ c3=0
SELECT busy=17170
SELECT w0=17094
SELECT w1=17095
SELECT w2=17095
BUSY TASK ewma=997
DMA IRQ c0=1
DMA IRQ c1=0
DMA IRQ c2=0
DMA IRQ c3=0
SELECT busy=17178
SELECT w0=17102
SELECT w1=17103
SELECT w2=17103
BUSY TASK ewma=997
DMA IRQ c0=1
DMA IRQ c1=0
DMA IRQ c2=0
DMA IRQ c3=0
SELECT busy=17186
SELECT w0=17111
SELECT w1=17112
SELECT w2=17112
BUSY TASK ewma=997
DMA IRQ c0=1
DMA IRQ c1=0
DMA IRQ c2=0
DMA IRQ c3=0
SELECT busy=17195
SELECT w0=17119
SELECT w1=17120
SELECT w2=17120
BUSY TASK ewma=997
DMA IRQ c0=1
DMA IRQ c1=0
DMA IRQ c2=0
DMA IRQ c3=0
SELECT busy=17204
SELECT w0=17128
SELECT w1=17129
SELECT w2=17129
BUSY TASK ewma=997
DMA IRQ c0=1
DMA IRQ c1=0
DMA IRQ c2=0
DMA IRQ c3=0
SELECT busy=17212
SELECT w0=17136
SELECT w1=17137
SELECT w2=17137
BUSY TASK ewma=997
DMA IRQ c0=1
DMA IRQ c1=0
DMA IRQ c2=0
DMA IRQ c3=0
SELECT busy=17220
SELECT w0=17144
SELECT w1=17145
SELECT w2=17145
BUSY TASK ewma=997
DMA IRQ c0=1
DMA IRQ c1=0
DMA IRQ c2=0
DMA IRQ c3=0
SELECT busy=17228
SELECT w0=17153
SELECT w1=17154
SELECT w2=17154
BUSY TASK ewma=997
DMA IRQ c0=1
DMA IRQ c1=0
DMA IRQ c2=0
DMA IRQ c3=0
SELECT busy=17237
SELECT w0=17161
SELECT w1=17162
SELECT w2=17162
BUSY TASK ewma=997
DMA IRQ c0=1
DMA IRQ c1=0
DMA IRQ c2=0
DMA IRQ c3=0
SELECT busy=17246
SELECT w0=17170
SELECT w1=17171
SELECT w2=17171
BUSY TASK ewma=997
DMA IRQ c0=1
DMA IRQ c1=0
DMA IRQ c2=0
DMA IRQ c3=0
SELECT busy=17254
SELECT w0=17178
SELECT w1=17179
SELECT w2=17179
BUSY TASK ewma=997
DMA IRQ c0=1
DMA IRQ c1=0
DMA IRQ c2=0
DMA IRQ c3=0
SELECT busy=17263
SELECT w0=17187
SELECT w1=17188
SELECT w2=17188
BUSY TASK ewma=997
DMA IRQ c0=1
DMA IRQ c1=0
DMA IRQ c2=0
DMA IRQ c3=0
SELECT busy=17271
SELECT w0=17195
SELECT w1=17196
SELECT w2=17196
BUSY TASK ewma=997
DMA IRQ c0=1
DMA IRQ c1=0
DMA IRQ c2=0
DMA IRQ c3=0
SELECT busy=17279
SELECT w0=17203
SELECT w1=17205
SELECT w2=17205
BUSY TASK ewma=997
DMA IRQ c0=1
DMA IRQ c1=0
DMA IRQ c2=0
DMA IRQ c3=0
SELECT busy=17288
SELECT w0=17212
SELECT w1=17213
SELECT w2=17213
BUSY TASK ewma=997
DMA IRQ c0=1
DMA IRQ c1=0
DMA IRQ c2=0
DMA IRQ c3=0
SELECT busy=17297
SELECT w0=17221
SELECT w1=17222
SELECT w2=17222
BUSY TASK ewma=997
DMA IRQ c0=1
DMA IRQ c1=0
DMA IRQ c2=0
DMA IRQ c3=0
SELECT busy=17305
SELECT w0=17229
SELECT w1=17230
SELECT w2=17230
BUSY TASK ewma=997
DMA IRQ c0=1
DMA IRQ c1=0
DMA IRQ c2=0
DMA IRQ c3=0
SELECT busy=17313
SELECT w0=17237
SELECT w1=17238
SELECT w2=17238
BUSY TASK ewma=997
DMA IRQ c0=1
DMA IRQ c1=0
DMA IRQ c2=0
DMA IRQ c3=0
SELECT busy=17322
SELECT w0=17246
SELECT w1=17247
SELECT w2=17247
BUSY TASK ewma=997
DMA IRQ c0=1
DMA IRQ c1=0
DMA IRQ c2=0
DMA IRQ c3=0
SELECT busy=17330
SELECT w0=17254
SELECT w1=17255
SELECT w2=17255
BUSY TASK ewma=997
DMA IRQ c0=1
DMA IRQ c1=0
DMA IRQ c2=0
DMA IRQ c3=0
SELECT busy=17339
SELECT w0=17263
SELECT w1=17264
SELECT w2=17264
BUSY TASK ewma=997
DMA IRQ c0=1
DMA IRQ c1=0
DMA IRQ c2=0
DMA IRQ c3=0
SELECT busy=17347
SELECT w0=17271
SELECT w1=17272
SELECT w2=17272
BUSY TASK ewma=997
DMA IRQ c0=1
DMA IRQ c1=0
DMA IRQ c2=0
DMA IRQ c3=0
SELECT busy=17356
SELECT w0=17280
SELECT w1=17281
SELECT w2=17281
BUSY TASK ewma=997
DMA IRQ c0=1
DMA IRQ c1=0
DMA IRQ c2=0
DMA IRQ c3=0
SELECT busy=17364
SELECT w0=17288
SELECT w1=17289
SELECT w2=17289
BUSY TASK ewma=997
DMA IRQ c0=1
DMA IRQ c1=0
DMA IRQ c2=0
DMA IRQ c3=0
SELECT busy=17373
SELECT w0=17297
SELECT w1=17298
SELECT w2=17298
BUSY TASK ewma=997
DMA IRQ c0=1
DMA IRQ c1=0
DMA IRQ c2=0
DMA IRQ c3=0
SELECT busy=17381
SELECT w0=17305
SELECT w1=17306
SELECT w2=17306
BUSY TASK ewma=997
DMA IRQ c0=1
DMA IRQ c1=0
DMA IRQ c2=0
DMA IRQ c3=0
SELECT busy=17389
SELECT w0=17313
SELECT w1=17315
SELECT w2=17315
BUSY TASK ewma=997
DMA IRQ c0=1
DMA IRQ c1=0
DMA IRQ c2=0
DMA IRQ c3=0
SELECT busy=17398
SELECT w0=17322
SELECT w1=17323
SELECT w2=17323
BUSY TASK ewma=997
DMA IRQ c0=1
DMA IRQ c1=0
DMA IRQ c2=0
DMA IRQ c3=0
SELECT busy=17406
SELECT w0=17330
SELECT w1=17331
SELECT w2=17331
BUSY TASK ewma=997
DMA IRQ c0=1
DMA IRQ c1=0
DMA IRQ c2=0
DMA IRQ c3=0
SELECT busy=17414
SELECT w0=17338
SELECT w1=17339
SELECT w2=17339
BUSY TASK ewma=997
DMA IRQ c0=1
DMA IRQ c1=0
DMA IRQ c2=0
DMA IRQ c3=0
SELECT busy=17422
SELECT w0=17346
SELECT w1=17348
SELECT w2=17348
BUSY TASK ewma=997
DMA IRQ c0=1
DMA IRQ c1=0
DMA IRQ c2=0
DMA IRQ c3=0
SELECT busy=17430
SELECT w0=17355
SELECT w1=17356
SELECT w2=17356
BUSY TASK ewma=997
DMA IRQ c0=1
DMA IRQ c1=0
DMA IRQ c2=0
DMA IRQ c3=0
SELECT busy=17439
SELECT w0=17363
SELECT w1=17364
SELECT w2=17364
BUSY TASK ewma=997
DMA IRQ c0=1
DMA IRQ c1=0
DMA IRQ c2=0
DMA IRQ c3=0
SELECT busy=17447
SELECT w0=17371
SELECT w1=17372
SELECT w2=17372
BUSY TASK ewma=997
DMA IRQ c0=1
DMA IRQ c1=0
DMA IRQ c2=0
DMA IRQ c3=0
SELECT busy=17455
SELECT w0=17379
SELECT w1=17380
SELECT w2=17380
BUSY TASK ewma=997
DMA IRQ c0=1
DMA IRQ c1=0
DMA IRQ c2=0
DMA IRQ c3=0
SELECT busy=17462
SELECT w0=17387
SELECT w1=17388
SELECT w2=17388
BUSY TASK ewma=997
DMA IRQ c0=1
DMA IRQ c1=0
DMA IRQ c2=0
DMA IRQ c3=0
SELECT busy=17471
SELECT w0=17395
SELECT w1=17396
SELECT w2=17396
BUSY TASK ewma=997
DMA IRQ c0=1
DMA IRQ c1=0
DMA IRQ c2=0
DMA IRQ c3=0
SELECT busy=17479
SELECT w0=17403
SELECT w1=17404
SELECT w2=17404
BUSY TASK ewma=997
DMA IRQ c0=1
DMA IRQ c1=0
DMA IRQ c2=0
DMA IRQ c3=0
SELECT busy=17487
SELECT w0=17411
SELECT w1=17412
SELECT w2=17412
BUSY TASK ewma=997
DMA IRQ c0=1
DMA IRQ c1=0
DMA IRQ c2=0
DMA IRQ c3=0
SELECT busy=17495
SELECT w0=17419
SELECT w1=17420
SELECT w2=17420
BUSY TASK ewma=997
DMA IRQ c0=1
DMA IRQ c1=0
DMA IRQ c2=0
DMA IRQ c3=0
SELECT busy=17502
SELECT w0=17426
SELECT w1=17428
SELECT w2=17428
BUSY TASK ewma=997
DMA IRQ c0=1
DMA IRQ c1=0
DMA IRQ c2=0
DMA IRQ c3=0
SELECT busy=17511
SELECT w0=17435
SELECT w1=17436
SELECT w2=17436
BUSY TASK ewma=997
DMA IRQ c0=1
DMA IRQ c1=0
DMA IRQ c2=0
DMA IRQ c3=0
SELECT busy=17519
SELECT w0=17443
SELECT w1=17444
SELECT w2=17444
BUSY TASK ewma=997
DMA IRQ c0=1
DMA IRQ c1=0
DMA IRQ c2=0
DMA IRQ c3=0
SELECT busy=17526
SELECT w0=17450
SELECT w1=17452
SELECT w2=17452
BUSY TASK ewma=997
DMA IRQ c0=1
DMA IRQ c1=0
DMA IRQ c2=0
DMA IRQ c3=0
SELECT busy=17535
SELECT w0=17459
SELECT w1=17460
SELECT w2=17460
BUSY TASK ewma=997
DMA IRQ c0=1
DMA IRQ c1=0
DMA IRQ c2=0
DMA IRQ c3=0
SELECT busy=17543
SELECT w0=17467
SELECT w1=17468
SELECT w2=17468
BUSY TASK ewma=997
DMA IRQ c0=1
DMA IRQ c1=0
DMA IRQ c2=0
DMA IRQ c3=0
SELECT busy=17551
SELECT w0=17475
SELECT w1=17476
SELECT w2=17476
BUSY TASK ewma=997
DMA IRQ c0=1
DMA IRQ c1=0
DMA IRQ c2=0
DMA IRQ c3=0
SELECT busy=17559
SELECT w0=17483
SELECT w1=17484
SELECT w2=17484
BUSY TASK ewma=997
DMA IRQ c0=1
DMA IRQ c1=0
DMA IRQ c2=0
DMA IRQ c3=0
SELECT busy=17567
SELECT w0=17492
SELECT w1=17493
SELECT w2=17493
BUSY TASK ewma=997
DMA IRQ c0=1
DMA IRQ c1=0
DMA IRQ c2=0
DMA IRQ c3=0
SELECT busy=17576
SELECT w0=17500
SELECT w1=17501
SELECT w2=17501
BUSY TASK ewma=997
DMA IRQ c0=1
DMA IRQ c1=0
DMA IRQ c2=0
DMA IRQ c3=0
SELECT busy=17584
SELECT w0=17508
SELECT w1=17509
SELECT w2=17509
BUSY TASK ewma=997
DMA IRQ c0=1
DMA IRQ c1=0
DMA IRQ c2=0
DMA IRQ c3=0
SELECT busy=17592
SELECT w0=17516
SELECT w1=17517
SELECT w2=17517
BUSY TASK ewma=997
DMA IRQ c0=1
DMA IRQ c1=0
DMA IRQ c2=0
DMA IRQ c3=0
SELECT busy=17600
SELECT w0=17524
SELECT w1=17525
SELECT w2=17525
BUSY TASK ewma=997
DMA IRQ c0=1
DMA IRQ c1=0
DMA IRQ c2=0
DMA IRQ c3=0
SELECT busy=17608
SELECT w0=17532
SELECT w1=17533
SELECT w2=17533
BUSY TASK ewma=997
DMA IRQ c0=1
DMA IRQ c1=0
DMA IRQ c2=0
DMA IRQ c3=0
SELECT busy=17616
SELECT w0=17540
SELECT w1=17541
SELECT w2=17541
BUSY TASK ewma=997
DMA IRQ c0=1
DMA IRQ c1=0
DMA IRQ c2=0
DMA IRQ c3=0
SELECT busy=17624
SELECT w0=17548
SELECT w1=17549
SELECT w2=17550
BUSY TASK ewma=997
DMA IRQ c0=1
DMA IRQ c1=0
DMA IRQ c2=0
DMA IRQ c3=0
SELECT busy=17632
SELECT w0=17556
SELECT w1=17558
SELECT w2=17558
BUSY TASK ewma=997
DMA IRQ c0=1
DMA IRQ c1=0
DMA IRQ c2=0
DMA IRQ c3=0
SELECT busy=17640
SELECT w0=17564
SELECT w1=17565
SELECT w2=17565
BUSY TASK ewma=997
DMA IRQ c0=1
DMA IRQ c1=0
DMA IRQ c2=0
DMA IRQ c3=0
SELECT busy=17649
SELECT w0=17573
SELECT w1=17574
SELECT w2=17574
BUSY TASK ewma=997
DMA IRQ c0=1
DMA IRQ c1=0
DMA IRQ c2=0
DMA IRQ c3=0
SELECT busy=17657
SELECT w0=17581
SELECT w1=17582
SELECT w2=17582
BUSY TASK ewma=997
DMA IRQ c0=1
DMA IRQ c1=0
DMA IRQ c2=0
DMA IRQ c3=0
SELECT busy=17665
SELECT w0=17589
SELECT w1=17590
SELECT w2=17590
BUSY TASK ewma=997
DMA IRQ c0=1
DMA IRQ c1=0
DMA IRQ c2=0
DMA IRQ c3=0
SELECT busy=17672
SELECT w0=17596
SELECT w1=17597
SELECT w2=17598
BUSY TASK ewma=997
DMA IRQ c0=1
DMA IRQ c1=0
DMA IRQ c2=0
DMA IRQ c3=0
SELECT busy=17680
SELECT w0=17604
SELECT w1=17606
SELECT w2=17606
BUSY TASK ewma=997
IRQ counts: cpu0=70522 cpu1=0 cpu2=0 cpu3=0
SCHED secondaries: calls=0 unexpected=0
SECTEST switches=0 cpu1=0,0 cpu2=0,0 cpu3=0,0
PINGPONG rounds=0 pongs=0
DMA IRQ c0=1
DMA IRQ c1=0
DMA IRQ c2=0
DMA IRQ c3=0
SELECT busy=17689
SELECT w0=17613
SELECT w1=17614
SELECT w2=17615
BUSY TASK ewma=997
DMA IRQ c0=1
DMA IRQ c1=0
DMA IRQ c2=0
DMA IRQ c3=0
SELECT busy=17698
SELECT w0=17622
SELECT w1=17623
SELECT w2=17623
BUSY TASK ewma=997
DMA IRQ c0=1
DMA IRQ c1=0
DMA IRQ c2=0
DMA IRQ c3=0
SELECT busy=17706
SELECT w0=17630
SELECT w1=17631
SELECT w2=17631
BUSY TASK ewma=997
DMA IRQ c0=1
DMA IRQ c1=0
DMA IRQ c2=0
DMA IRQ c3=0
SELECT busy=17714
SELECT w0=17638
SELECT w1=17639
SELECT w2=17639
BUSY TASK ewma=997
DMA IRQ c0=1
DMA IRQ c1=0
DMA IRQ c2=0
DMA IRQ c3=0
SELECT busy=17722
SELECT w0=17646
SELECT w1=17647
SELECT w2=17648
BUSY TASK ewma=997
DMA IRQ c0=1
DMA IRQ c1=0
DMA IRQ c2=0
DMA IRQ c3=0
SELECT busy=17730
SELECT w0=17655
SELECT w1=17656
SELECT w2=17656
BUSY TASK ewma=997
DMA IRQ c0=1
DMA IRQ c1=0
DMA IRQ c2=0
DMA IRQ c3=0
SELECT busy=17739
SELECT w0=17663
SELECT w1=17664
SELECT w2=17664
BUSY TASK ewma=997
DMA IRQ c0=1
DMA IRQ c1=0
DMA IRQ c2=0
DMA IRQ c3=0
SELECT busy=17747
SELECT w0=17671
SELECT w1=17672
SELECT w2=17672
BUSY TASK ewma=997
DMA IRQ c0=1
DMA IRQ c1=0
DMA IRQ c2=0
DMA IRQ c3=0
SELECT busy=17756
SELECT w0=17680
SELECT w1=17681
SELECT w2=17681
BUSY TASK ewma=997
DMA IRQ c0=1
DMA IRQ c1=0
DMA IRQ c2=0
DMA IRQ c3=0
SELECT busy=17764
SELECT w0=17688
SELECT w1=17689
SELECT w2=17689
BUSY TASK ewma=997
DMA IRQ c0=1
DMA IRQ c1=0
DMA IRQ c2=0
DMA IRQ c3=0
SELECT busy=17772
SELECT w0=17696
SELECT w1=17698
SELECT w2=17698
BUSY TASK ewma=997
DMA IRQ c0=1
DMA IRQ c1=0
DMA IRQ c2=0
DMA IRQ c3=0
SELECT busy=17781
SELECT w0=17705
SELECT w1=17706
SELECT w2=17706
BUSY TASK ewma=997
DMA IRQ c0=1
DMA IRQ c1=0
DMA IRQ c2=0
DMA IRQ c3=0
SELECT busy=17789
SELECT w0=17713
SELECT w1=17714
SELECT w2=17714
BUSY TASK ewma=997
DMA IRQ c0=1
DMA IRQ c1=0
DMA IRQ c2=0
DMA IRQ c3=0
SELECT busy=17797
SELECT w0=17722
SELECT w1=17723
SELECT w2=17723
BUSY TASK ewma=997
DMA IRQ c0=1
DMA IRQ c1=0
DMA IRQ c2=0
DMA IRQ c3=0
SELECT busy=17806
SELECT w0=17730
SELECT w1=17731
SELECT w2=17731
BUSY TASK ewma=997
DMA IRQ c0=1
DMA IRQ c1=0
DMA IRQ c2=0
DMA IRQ c3=0
SELECT busy=17814
SELECT w0=17738
SELECT w1=17739
SELECT w2=17739
BUSY TASK ewma=997
DMA IRQ c0=1
DMA IRQ c1=0
DMA IRQ c2=0
DMA IRQ c3=0
SELECT busy=17821
SELECT w0=17745
SELECT w1=17746
SELECT w2=17747
BUSY TASK ewma=997
DMA IRQ c0=1
DMA IRQ c1=0
DMA IRQ c2=0
DMA IRQ c3=0
SELECT busy=17830
SELECT w0=17754
SELECT w1=17755
SELECT w2=17755
BUSY TASK ewma=997
DMA IRQ c0=1
DMA IRQ c1=0
DMA IRQ c2=0
DMA IRQ c3=0
SELECT busy=17839
SELECT w0=17763
SELECT w1=17764
SELECT w2=17764
BUSY TASK ewma=997
DMA IRQ c0=1
DMA IRQ c1=0
DMA IRQ c2=0
DMA IRQ c3=0
SELECT busy=17846
SELECT w0=17770
SELECT w1=17771
SELECT w2=17771
BUSY TASK ewma=997
DMA IRQ c0=1
DMA IRQ c1=0
DMA IRQ c2=0
DMA IRQ c3=0
SELECT busy=17854
SELECT w0=17778
SELECT w1=17779
SELECT w2=17779
BUSY TASK ewma=997
DMA IRQ c0=1
DMA IRQ c1=0
DMA IRQ c2=0
DMA IRQ c3=0
SELECT busy=17861
SELECT w0=17786
SELECT w1=17787
SELECT w2=17787
BUSY TASK ewma=997
DMA IRQ c0=1
DMA IRQ c1=0
DMA IRQ c2=0
DMA IRQ c3=0
SELECT busy=17870
SELECT w0=17794
SELECT w1=17795
SELECT w2=17795
BUSY TASK ewma=997
DMA IRQ c0=1
DMA IRQ c1=0
DMA IRQ c2=0
DMA IRQ c3=0
SELECT busy=17878
SELECT w0=17802
SELECT w1=17803
SELECT w2=17803
BUSY TASK ewma=997
DMA IRQ c0=1
DMA IRQ c1=0
DMA IRQ c2=0
DMA IRQ c3=0
SELECT busy=17886
SELECT w0=17810
SELECT w1=17811
SELECT w2=17811
BUSY TASK ewma=997
DMA IRQ c0=1
DMA IRQ c1=0
DMA IRQ c2=0
DMA IRQ c3=0
SELECT busy=17894
SELECT w0=17818
SELECT w1=17819
SELECT w2=17820
BUSY TASK ewma=997
DMA IRQ c0=1
DMA IRQ c1=0
DMA IRQ c2=0
DMA IRQ c3=0
SELECT busy=17903
SELECT w0=17827
SELECT w1=17828
SELECT w2=17828
BUSY TASK ewma=997
DMA IRQ c0=1
DMA IRQ c1=0
DMA IRQ c2=0
DMA IRQ c3=0
SELECT busy=17911
SELECT w0=17835
SELECT w1=17836
SELECT w2=17836
BUSY TASK ewma=997
DMA IRQ c0=1
DMA IRQ c1=0
DMA IRQ c2=0
DMA IRQ c3=0
SELECT busy=17920
SELECT w0=17844
SELECT w1=17845
SELECT w2=17845
BUSY TASK ewma=997
DMA IRQ c0=1
DMA IRQ c1=0
DMA IRQ c2=0
DMA IRQ c3=0
SELECT busy=17929
SELECT w0=17853
SELECT w1=17854
SELECT w2=17854
BUSY TASK ewma=997
DMA IRQ c0=1
DMA IRQ c1=0
DMA IRQ c2=0
DMA IRQ c3=0
SELECT busy=17937
SELECT w0=17861
SELECT w1=17862
SELECT w2=17862
BUSY TASK ewma=997
DMA IRQ c0=1
DMA IRQ c1=0
DMA IRQ c2=0
DMA IRQ c3=0
SELECT busy=17946
SELECT w0=17870
SELECT w1=17871
SELECT w2=17871
BUSY TASK ewma=997
DMA IRQ c0=1
DMA IRQ c1=0
DMA IRQ c2=0
DMA IRQ c3=0
SELECT busy=17954
SELECT w0=17878
SELECT w1=17879
SELECT w2=17879
BUSY TASK ewma=997
DMA IRQ c0=1
DMA IRQ c1=0
DMA IRQ c2=0
DMA IRQ c3=0
SELECT busy=17962
SELECT w0=17886
SELECT w1=17887
SELECT w2=17887
BUSY TASK ewma=997
DMA IRQ c0=1
DMA IRQ c1=0
DMA IRQ c2=0
DMA IRQ c3=0
SELECT busy=17971
SELECT w0=17895
SELECT w1=17896
SELECT w2=17896
BUSY TASK ewma=997
DMA IRQ c0=1
DMA IRQ c1=0
DMA IRQ c2=0
DMA IRQ c3=0
SELECT busy=17981
SELECT w0=17905
SELECT w1=17906
SELECT w2=17906
BUSY TASK ewma=997
DMA IRQ c0=1
DMA IRQ c1=0
DMA IRQ c2=0
DMA IRQ c3=0
SELECT busy=17990
SELECT w0=17914
SELECT w1=17915
SELECT w2=17915
BUSY TASK ewma=997
DMA IRQ c0=1
DMA IRQ c1=0
DMA IRQ c2=0
DMA IRQ c3=0
SELECT busy=17998
SELECT w0=17922
SELECT w1=17923
SELECT w2=17923
BUSY TASK ewma=997
DMA IRQ c0=1
DMA IRQ c1=0
DMA IRQ c2=0
DMA IRQ c3=0
SELECT busy=18006
SELECT w0=17930
SELECT w1=17932
SELECT w2=17932
BUSY TASK ewma=997
DMA IRQ c0=1
DMA IRQ c1=0
DMA IRQ c2=0
DMA IRQ c3=0
SELECT busy=18015
SELECT w0=17939
SELECT w1=17940
SELECT w2=17940
BUSY TASK ewma=997
DMA IRQ c0=1
DMA IRQ c1=0
DMA IRQ c2=0
DMA IRQ c3=0
SELECT busy=18023
SELECT w0=17948
SELECT w1=17949
SELECT w2=17949
BUSY TASK ewma=997
DMA IRQ c0=1
DMA IRQ c1=0
DMA IRQ c2=0
DMA IRQ c3=0
SELECT busy=18032
SELECT w0=17956
SELECT w1=17957
SELECT w2=17957
BUSY TASK ewma=997
DMA IRQ c0=1
DMA IRQ c1=0
DMA IRQ c2=0
DMA IRQ c3=0
SELECT busy=18040
SELECT w0=17964
SELECT w1=17965
SELECT w2=17965
BUSY TASK ewma=997
DMA IRQ c0=1
DMA IRQ c1=0
DMA IRQ c2=0
DMA IRQ c3=0
SELECT busy=18048
SELECT w0=17972
SELECT w1=17973
SELECT w2=17973
BUSY TASK ewma=997
DMA IRQ c0=1
DMA IRQ c1=0
DMA IRQ c2=0
DMA IRQ c3=0
SELECT busy=18057
SELECT w0=17981
SELECT w1=17982
SELECT w2=17982
BUSY TASK ewma=997
DMA IRQ c0=1
DMA IRQ c1=0
DMA IRQ c2=0
DMA IRQ c3=0
SELECT busy=18065
SELECT w0=17989
SELECT w1=17990
SELECT w2=17990
BUSY TASK ewma=997
DMA IRQ c0=1
DMA IRQ c1=0
DMA IRQ c2=0
DMA IRQ c3=0
SELECT busy=18074
SELECT w0=17998
SELECT w1=17999
SELECT w2=17999
BUSY TASK ewma=997
DMA IRQ c0=1
DMA IRQ c1=0
DMA IRQ c2=0
DMA IRQ c3=0
SELECT busy=18082
SELECT w0=18006
SELECT w1=18007
SELECT w2=18007
BUSY TASK ewma=997
DMA IRQ c0=1
DMA IRQ c1=0
DMA IRQ c2=0
DMA IRQ c3=0
SELECT busy=18091
SELECT w0=18015
SELECT w1=18016
SELECT w2=18016
BUSY TASK ewma=997
DMA IRQ c0=1
DMA IRQ c1=0
DMA IRQ c2=0
DMA IRQ c3=0
SELECT busy=18099
SELECT w0=18023
SELECT w1=18024
SELECT w2=18024
BUSY TASK ewma=997
DMA IRQ c0=1
DMA IRQ c1=0
DMA IRQ c2=0
DMA IRQ c3=0
SELECT busy=18108
SELECT w0=18032
SELECT w1=18033
SELECT w2=18033
BUSY TASK ewma=997
DMA IRQ c0=1
DMA IRQ c1=0
DMA IRQ c2=0
DMA IRQ c3=0
SELECT busy=18116
SELECT w0=18040
SELECT w1=18041
SELECT w2=18041
BUSY TASK ewma=997
DMA IRQ c0=1
DMA IRQ c1=0
DMA IRQ c2=0
DMA IRQ c3=0
SELECT busy=18125
SELECT w0=18049
SELECT w1=18051
SELECT w2=18051
BUSY TASK ewma=997
DMA IRQ c0=1
DMA IRQ c1=0
DMA IRQ c2=0
DMA IRQ c3=0
SELECT busy=18135
SELECT w0=18059
SELECT w1=18060
SELECT w2=18060
BUSY TASK ewma=997
DMA IRQ c0=1
DMA IRQ c1=0
DMA IRQ c2=0
DMA IRQ c3=0
SELECT busy=18143
SELECT w0=18067
SELECT w1=18068
SELECT w2=18068
BUSY TASK ewma=997
DMA IRQ c0=1
DMA IRQ c1=0
DMA IRQ c2=0
DMA IRQ c3=0
SELECT busy=18152
SELECT w0=18076
SELECT w1=18077
SELECT w2=18077
BUSY TASK ewma=997
DMA IRQ c0=1
DMA IRQ c1=0
DMA IRQ c2=0
DMA IRQ c3=0
SELECT busy=18161
SELECT w0=18085
SELECT w1=18087
SELECT w2=18087
BUSY TASK ewma=997
DMA IRQ c0=1
DMA IRQ c1=0
DMA IRQ c2=0
DMA IRQ c3=0
SELECT busy=18170
SELECT w0=18094
SELECT w1=18095
SELECT w2=18095
BUSY TASK ewma=997
DMA IRQ c0=1
DMA IRQ c1=0
DMA IRQ c2=0
DMA IRQ c3=0
SELECT busy=18178
SELECT w0=18102
SELECT w1=18103
SELECT w2=18104
BUSY TASK ewma=997
DMA IRQ c0=1
DMA IRQ c1=0
DMA IRQ c2=0
DMA IRQ c3=0
SELECT busy=18186
SELECT w0=18110
SELECT w1=18111
SELECT w2=18111
BUSY TASK ewma=997
DMA IRQ c0=1
DMA IRQ c1=0
DMA IRQ c2=0
DMA IRQ c3=0
SELECT busy=18195
SELECT w0=18119
SELECT w1=18120
SELECT w2=18120
BUSY TASK ewma=997
DMA IRQ c0=1
DMA IRQ c1=0
DMA IRQ c2=0
DMA IRQ c3=0
SELECT busy=18203
SELECT w0=18127
SELECT w1=18128
SELECT w2=18128
BUSY TASK ewma=997
DMA IRQ c0=1
DMA IRQ c1=0
DMA IRQ c2=0
DMA IRQ c3=0
SELECT busy=18213
SELECT w0=18137
SELECT w1=18138
SELECT w2=18138
BUSY TASK ewma=997
DMA IRQ c0=1
DMA IRQ c1=0
DMA IRQ c2=0
DMA IRQ c3=0
SELECT busy=18230
SELECT w0=18154
SELECT w1=18156
SELECT w2=18156
BUSY TASK ewma=997
IRQ counts: cpu0=72758 cpu1=0 cpu2=0 cpu3=0
SCHED secondaries: calls=0 unexpected=0
SECTEST switches=0 cpu1=0,0 cpu2=0,0 cpu3=0,0
PINGPONG rounds=0 pongs=0
DMA IRQ c0=1
DMA IRQ c1=0
DMA IRQ c2=0
DMA IRQ c3=0
SELECT busy=18249
SELECT w0=18173
SELECT w1=18175
SELECT w2=18175
BUSY TASK ewma=997
DMA IRQ c0=1
DMA IRQ c1=0
DMA IRQ c2=0
DMA IRQ c3=0
SELECT busy=18267
SELECT w0=18191
SELECT w1=18192
SELECT w2=18192
BUSY TASK ewma=997
DMA IRQ c0=1
DMA IRQ c1=0
DMA IRQ c2=0
DMA IRQ c3=0
SELECT busy=18285
SELECT w0=18210
SELECT w1=18211
SELECT w2=18211
BUSY TASK ewma=997
DMA IRQ c0=1
DMA IRQ c1=0
DMA IRQ c2=0
DMA IRQ c3=0
SELECT busy=18302
SELECT w0=18226
SELECT w1=18227
SELECT w2=18227
BUSY TASK ewma=997
DMA IRQ c0=1
DMA IRQ c1=0
DMA IRQ c2=0
DMA IRQ c3=0
SELECT busy=18312
SELECT w0=18236
SELECT w1=18237
SELECT w2=18237
BUSY TASK ewma=997
DMA IRQ c0=1
DMA IRQ c1=0
DMA IRQ c2=0
DMA IRQ c3=0
SELECT busy=18320
SELECT w0=18244
SELECT w1=18245
SELECT w2=18245
BUSY TASK ewma=997
DMA IRQ c0=1
DMA IRQ c1=0
DMA IRQ c2=0
DMA IRQ c3=0
SELECT busy=18329
SELECT w0=18253
SELECT w1=18254
SELECT w2=18254
BUSY TASK ewma=997
DMA IRQ c0=1
DMA IRQ c1=0
DMA IRQ c2=0
DMA IRQ c3=0
SELECT busy=18337
SELECT w0=18261
SELECT w1=18262
SELECT w2=18262
BUSY TASK ewma=997
DMA IRQ c0=1
DMA IRQ c1=0
DMA IRQ c2=0
DMA IRQ c3=0
SELECT busy=18345
SELECT w0=18270
SELECT w1=18271
SELECT w2=18271
BUSY TASK ewma=997
DMA IRQ c0=1
DMA IRQ c1=0
DMA IRQ c2=0
DMA IRQ c3=0
SELECT busy=18354
SELECT w0=18278
SELECT w1=18279
SELECT w2=18279
BUSY TASK ewma=997
DMA IRQ c0=1
DMA IRQ c1=0
DMA IRQ c2=0
DMA IRQ c3=0
SELECT busy=18362
SELECT w0=18286
SELECT w1=18287
SELECT w2=18287
BUSY TASK ewma=997
DMA IRQ c0=1
DMA IRQ c1=0
DMA IRQ c2=0
DMA IRQ c3=0
SELECT busy=18371
SELECT w0=18295
SELECT w1=18296
SELECT w2=18296
BUSY TASK ewma=997
DMA IRQ c0=1
DMA IRQ c1=0
DMA IRQ c2=0
DMA IRQ c3=0
SELECT busy=18379
SELECT w0=18303
SELECT w1=18304
SELECT w2=18304
BUSY TASK ewma=997
DMA IRQ c0=1
DMA IRQ c1=0
DMA IRQ c2=0
DMA IRQ c3=0
SELECT busy=18387
SELECT w0=18312
SELECT w1=18313
SELECT w2=18313
BUSY TASK ewma=997
DMA IRQ c0=1
DMA IRQ c1=0
DMA IRQ c2=0
DMA IRQ c3=0
SELECT busy=18396
SELECT w0=18320
SELECT w1=18321
SELECT w2=18321
BUSY TASK ewma=997
DMA IRQ c0=1
DMA IRQ c1=0
DMA IRQ c2=0
DMA IRQ c3=0
SELECT busy=18405
SELECT w0=18329
SELECT w1=18330
SELECT w2=18330
BUSY TASK ewma=997
DMA IRQ c0=1
DMA IRQ c1=0
DMA IRQ c2=0
DMA IRQ c3=0
SELECT busy=18415
SELECT w0=18339
SELECT w1=18340
SELECT w2=18340
BUSY TASK ewma=997
DMA IRQ c0=1
DMA IRQ c1=0
DMA IRQ c2=0
DMA IRQ c3=0
SELECT busy=18425
SELECT w0=18349
SELECT w1=18350
SELECT w2=18350
BUSY TASK ewma=997
DMA IRQ c0=1
DMA IRQ c1=0
DMA IRQ c2=0
DMA IRQ c3=0
SELECT busy=18436
SELECT w0=18360
SELECT w1=18362
SELECT w2=18362
BUSY TASK ewma=997
DMA IRQ c0=1
DMA IRQ c1=0
DMA IRQ c2=0
DMA IRQ c3=0
SELECT busy=18446
SELECT w0=18370
SELECT w1=18371
SELECT w2=18371
BUSY TASK ewma=997
DMA IRQ c0=1
DMA IRQ c1=0
DMA IRQ c2=0
DMA IRQ c3=0
SELECT busy=18455
SELECT w0=18379
SELECT w1=18380
SELECT w2=18380
BUSY TASK ewma=997
DMA IRQ c0=1
DMA IRQ c1=0
DMA IRQ c2=0
DMA IRQ c3=0
SELECT busy=18463
SELECT w0=18388
SELECT w1=18389
SELECT w2=18389
BUSY TASK ewma=997
DMA IRQ c0=1
DMA IRQ c1=0
DMA IRQ c2=0
DMA IRQ c3=0
SELECT busy=18472
SELECT w0=18396
SELECT w1=18397
SELECT w2=18397
BUSY TASK ewma=997
DMA IRQ c0=1
DMA IRQ c1=0
DMA IRQ c2=0
DMA IRQ c3=0
SELECT busy=18480
SELECT w0=18404
SELECT w1=18405
SELECT w2=18406
BUSY TASK ewma=997
DMA IRQ c0=1
DMA IRQ c1=0
DMA IRQ c2=0
DMA IRQ c3=0
SELECT busy=18489
SELECT w0=18413
SELECT w1=18414
SELECT w2=18414
BUSY TASK ewma=997
DMA IRQ c0=1
DMA IRQ c1=0
DMA IRQ c2=0
DMA IRQ c3=0
SELECT busy=18497
SELECT w0=18421
SELECT w1=18422
SELECT w2=18422
BUSY TASK ewma=997
DMA IRQ c0=1
DMA IRQ c1=0
DMA IRQ c2=0
DMA IRQ c3=0
SELECT busy=18505
SELECT w0=18430
SELECT w1=18431
SELECT w2=18431
BUSY TASK ewma=997
DMA IRQ c0=1
DMA IRQ c1=0
DMA IRQ c2=0
DMA IRQ c3=0
SELECT busy=18514
SELECT w0=18438
SELECT w1=18439
SELECT w2=18439
BUSY TASK ewma=997
DMA IRQ c0=1
DMA IRQ c1=0
DMA IRQ c2=0
DMA IRQ c3=0
SELECT busy=18522
SELECT w0=18446
SELECT w1=18447
SELECT w2=18447
BUSY TASK ewma=997
DMA IRQ c0=1
DMA IRQ c1=0
DMA IRQ c2=0
DMA IRQ c3=0
SELECT busy=18531
SELECT w0=18455
SELECT w1=18456
SELECT w2=18456
BUSY TASK ewma=997
DMA IRQ c0=1
DMA IRQ c1=0
DMA IRQ c2=0
DMA IRQ c3=0
SELECT busy=18539
SELECT w0=18463
SELECT w1=18464
SELECT w2=18464
BUSY TASK ewma=997
DMA IRQ c0=1
DMA IRQ c1=0
DMA IRQ c2=0
DMA IRQ c3=0
SELECT busy=18548
SELECT w0=18472
SELECT w1=18473
SELECT w2=18473
BUSY TASK ewma=997
DMA IRQ c0=1
DMA IRQ c1=0
DMA IRQ c2=0
DMA IRQ c3=0
SELECT busy=18556
SELECT w0=18480
SELECT w1=18481
SELECT w2=18481
BUSY TASK ewma=997
DMA IRQ c0=1
DMA IRQ c1=0
DMA IRQ c2=0
DMA IRQ c3=0
SELECT busy=18564
SELECT w0=18488
SELECT w1=18489
SELECT w2=18489
BUSY TASK ewma=997
DMA IRQ c0=1
DMA IRQ c1=0
DMA IRQ c2=0
DMA IRQ c3=0
SELECT busy=18573
SELECT w0=18497
SELECT w1=18498
SELECT w2=18498
BUSY TASK ewma=997
DMA IRQ c0=1
DMA IRQ c1=0
DMA IRQ c2=0
DMA IRQ c3=0
SELECT busy=18581
SELECT w0=18505
SELECT w1=18506
SELECT w2=18506
BUSY TASK ewma=997
DMA IRQ c0=1
DMA IRQ c1=0
DMA IRQ c2=0
DMA IRQ c3=0
SELECT busy=18590
SELECT w0=18514
SELECT w1=18515
SELECT w2=18515
BUSY TASK ewma=997
DMA IRQ c0=1
DMA IRQ c1=0
DMA IRQ c2=0
DMA IRQ c3=0
SELECT busy=18598
SELECT w0=18522
SELECT w1=18523
SELECT w2=18523
BUSY TASK ewma=997
DMA IRQ c0=1
DMA IRQ c1=0
DMA IRQ c2=0
DMA IRQ c3=0
SELECT busy=18606
SELECT w0=18530
SELECT w1=18531
SELECT w2=18531
BUSY TASK ewma=997
DMA IRQ c0=1
DMA IRQ c1=0
DMA IRQ c2=0
DMA IRQ c3=0
SELECT busy=18614
SELECT w0=18538
SELECT w1=18539
SELECT w2=18540
BUSY TASK ewma=997
DMA IRQ c0=1
DMA IRQ c1=0
DMA IRQ c2=0
DMA IRQ c3=0
SELECT busy=18623
SELECT w0=18547
SELECT w1=18548
SELECT w2=18548
BUSY TASK ewma=997
DMA IRQ c0=1
DMA IRQ c1=0
DMA IRQ c2=0
DMA IRQ c3=0
SELECT busy=18631
SELECT w0=18555
SELECT w1=18556
SELECT w2=18556
BUSY TASK ewma=997
DMA IRQ c0=1
DMA IRQ c1=0
DMA IRQ c2=0
DMA IRQ c3=0
SELECT busy=18639
SELECT w0=18563
SELECT w1=18565
SELECT w2=18565
BUSY TASK ewma=997
DMA IRQ c0=1
DMA IRQ c1=0
DMA IRQ c2=0
DMA IRQ c3=0
SELECT busy=18648
SELECT w0=18572
SELECT w1=18573
SELECT w2=18573
BUSY TASK ewma=997
DMA IRQ c0=1
DMA IRQ c1=0
DMA IRQ c2=0
DMA IRQ c3=0
SELECT busy=18656
SELECT w0=18580
SELECT w1=18581
SELECT w2=18582
BUSY TASK ewma=997
DMA IRQ c0=1
DMA IRQ c1=0
DMA IRQ c2=0
DMA IRQ c3=0
SELECT busy=18665
SELECT w0=18589
SELECT w1=18590
SELECT w2=18590
BUSY TASK ewma=997
DMA IRQ c0=1
DMA IRQ c1=0
DMA IRQ c2=0
DMA IRQ c3=0
SELECT busy=18673
SELECT w0=18597
SELECT w1=18598
SELECT w2=18599
BUSY TASK ewma=997
DMA IRQ c0=1
DMA IRQ c1=0
DMA IRQ c2=0
DMA IRQ c3=0
SELECT busy=18682
SELECT w0=18606
SELECT w1=18607
SELECT w2=18607
BUSY TASK ewma=997
DMA IRQ c0=1
DMA IRQ c1=0
DMA IRQ c2=0
DMA IRQ c3=0
SELECT busy=18690
SELECT w0=18614
SELECT w1=18615
SELECT w2=18615
BUSY TASK ewma=997
DMA IRQ c0=1
DMA IRQ c1=0
DMA IRQ c2=0
DMA IRQ c3=0
SELECT busy=18699
SELECT w0=18623
SELECT w1=18624
SELECT w2=18624
BUSY TASK ewma=997
DMA IRQ c0=1
DMA IRQ c1=0
DMA IRQ c2=0
DMA IRQ c3=0
SELECT busy=18707
SELECT w0=18631
SELECT w1=18632
SELECT w2=18632
BUSY TASK ewma=997
DMA IRQ c0=1
DMA IRQ c1=0
DMA IRQ c2=0
DMA IRQ c3=0
SELECT busy=18716
SELECT w0=18640
SELECT w1=18641
SELECT w2=18641
BUSY TASK ewma=997
DMA IRQ c0=1
DMA IRQ c1=0
DMA IRQ c2=0
DMA IRQ c3=0
SELECT busy=18724
SELECT w0=18648
SELECT w1=18649
SELECT w2=18649
BUSY TASK ewma=997
DMA IRQ c0=1
DMA IRQ c1=0
DMA IRQ c2=0
DMA IRQ c3=0
SELECT busy=18733
SELECT w0=18657
SELECT w1=18658
SELECT w2=18658
BUSY TASK ewma=997
DMA IRQ c0=1
DMA IRQ c1=0
DMA IRQ c2=0
DMA IRQ c3=0
SELECT busy=18741
SELECT w0=18665
SELECT w1=18666
SELECT w2=18666
BUSY TASK ewma=997
DMA IRQ c0=1
DMA IRQ c1=0
DMA IRQ c2=0
DMA IRQ c3=0
SELECT busy=18749
SELECT w0=18674
SELECT w1=18675
SELECT w2=18675
BUSY TASK ewma=997
DMA IRQ c0=1
DMA IRQ c1=0
DMA IRQ c2=0
DMA IRQ c3=0
SELECT busy=18758
SELECT w0=18682
SELECT w1=18683
SELECT w2=18683
BUSY TASK ewma=997
DMA IRQ c0=1
DMA IRQ c1=0
DMA IRQ c2=0
DMA IRQ c3=0
SELECT busy=18766
SELECT w0=18690
SELECT w1=18691
SELECT w2=18691
BUSY TASK ewma=997
DMA IRQ c0=1
DMA IRQ c1=0
DMA IRQ c2=0
DMA IRQ c3=0
SELECT busy=18775
SELECT w0=18699
SELECT w1=18700
SELECT w2=18700
BUSY TASK ewma=997
DMA IRQ c0=1
DMA IRQ c1=0
DMA IRQ c2=0
DMA IRQ c3=0
SELECT busy=18783
SELECT w0=18707
SELECT w1=18708
SELECT w2=18709
BUSY TASK ewma=997
DMA IRQ c0=1
DMA IRQ c1=0
DMA IRQ c2=0
DMA IRQ c3=0
SELECT busy=18792
SELECT w0=18716
SELECT w1=18717
SELECT w2=18717
BUSY TASK ewma=997
DMA IRQ c0=1
DMA IRQ c1=0
DMA IRQ c2=0
DMA IRQ c3=0
SELECT busy=18800
SELECT w0=18725
SELECT w1=18726
SELECT w2=18726
BUSY TASK ewma=997
DMA IRQ c0=1
DMA IRQ c1=0
DMA IRQ c2=0
DMA IRQ c3=0
SELECT busy=18810
SELECT w0=18734
SELECT w1=18735
SELECT w2=18736
BUSY TASK ewma=997
DMA IRQ c0=1
DMA IRQ c1=0
DMA IRQ c2=0
DMA IRQ c3=0
SELECT busy=18821
SELECT w0=18745
SELECT w1=18746
SELECT w2=18747
BUSY TASK ewma=997
IRQ counts: cpu0=75098 cpu1=0 cpu2=0 cpu3=0
SCHED secondaries: calls=0 unexpected=0
SECTEST switches=0 cpu1=0,0 cpu2=0,0 cpu3=0,0
PINGPONG rounds=0 pongs=0
DMA IRQ c0=1
DMA IRQ c1=0
DMA IRQ c2=0
DMA IRQ c3=0
SELECT busy=18833
SELECT w0=18757
SELECT w1=18758
SELECT w2=18759
BUSY TASK ewma=997
DMA IRQ c0=1
DMA IRQ c1=0
DMA IRQ c2=0
DMA IRQ c3=0
SELECT busy=18842
SELECT w0=18766
SELECT w1=18767
SELECT w2=18767
BUSY TASK ewma=997
DMA IRQ c0=1
DMA IRQ c1=0
DMA IRQ c2=0
DMA IRQ c3=0
SELECT busy=18850
SELECT w0=18775
SELECT w1=18776
SELECT w2=18776
BUSY TASK ewma=997
DMA IRQ c0=1
DMA IRQ c1=0
DMA IRQ c2=0
DMA IRQ c3=0
SELECT busy=18862
SELECT w0=18786
SELECT w1=18787
SELECT w2=18787
BUSY TASK ewma=997
DMA IRQ c0=1
DMA IRQ c1=0
DMA IRQ c2=0
DMA IRQ c3=0
SELECT busy=18876
SELECT w0=18800
SELECT w1=18801
SELECT w2=18801
BUSY TASK ewma=997
DMA IRQ c0=1
DMA IRQ c1=0
DMA IRQ c2=0
DMA IRQ c3=0
SELECT busy=18893
SELECT w0=18817
SELECT w1=18819
SELECT w2=18819
BUSY TASK ewma=997
DMA IRQ c0=1
DMA IRQ c1=0
DMA IRQ c2=0
DMA IRQ c3=0
SELECT busy=18909
SELECT w0=18834
SELECT w1=18835
SELECT w2=18835
BUSY TASK ewma=997
DMA IRQ c0=1
DMA IRQ c1=0
DMA IRQ c2=0
DMA IRQ c3=0
SELECT busy=18926
SELECT w0=18850
SELECT w1=18851
SELECT w2=18851
BUSY TASK ewma=997
DMA IRQ c0=1
DMA IRQ c1=0
DMA IRQ c2=0
DMA IRQ c3=0
SELECT busy=18942
SELECT w0=18866
SELECT w1=18867
SELECT w2=18867
BUSY TASK ewma=997
DMA IRQ c0=1
DMA IRQ c1=0
DMA IRQ c2=0
DMA IRQ c3=0
SELECT busy=18954
SELECT w0=18878
SELECT w1=18879
SELECT w2=18879
BUSY TASK ewma=997
DMA IRQ c0=1
DMA IRQ c1=0
DMA IRQ c2=0
DMA IRQ c3=0
SELECT busy=18962
SELECT w0=18886
SELECT w1=18887
SELECT w2=18888
BUSY TASK ewma=997
DMA IRQ c0=1
DMA IRQ c1=0
DMA IRQ c2=0
DMA IRQ c3=0
SELECT busy=18971
SELECT w0=18895
SELECT w1=18896
SELECT w2=18896
BUSY TASK ewma=997
DMA IRQ c0=1
DMA IRQ c1=0
DMA IRQ c2=0
DMA IRQ c3=0
SELECT busy=18979
SELECT w0=18903
SELECT w1=18904
SELECT w2=18904
BUSY TASK ewma=997
DMA IRQ c0=1
DMA IRQ c1=0
DMA IRQ c2=0
DMA IRQ c3=0
SELECT busy=18987
SELECT w0=18912
SELECT w1=18913
SELECT w2=18913
BUSY TASK ewma=997
DMA IRQ c0=1
DMA IRQ c1=0
DMA IRQ c2=0
DMA IRQ c3=0
SELECT busy=18997
SELECT w0=18921
SELECT w1=18923
SELECT w2=18923
BUSY TASK ewma=997
DMA IRQ c0=1
DMA IRQ c1=0
DMA IRQ c2=0
DMA IRQ c3=0
SELECT busy=19009
SELECT w0=18933
SELECT w1=18934
SELECT w2=18934
BUSY TASK ewma=997
DMA IRQ c0=1
DMA IRQ c1=0
DMA IRQ c2=0
DMA IRQ c3=0
SELECT busy=19020
SELECT w0=18944
SELECT w1=18945
SELECT w2=18945
BUSY TASK ewma=997
DMA IRQ c0=1
DMA IRQ c1=0
DMA IRQ c2=0
DMA IRQ c3=0
SELECT busy=19032
SELECT w0=18956
SELECT w1=18957
SELECT w2=18957
BUSY TASK ewma=997
DMA IRQ c0=1
DMA IRQ c1=0
DMA IRQ c2=0
DMA IRQ c3=0
SELECT busy=19044
SELECT w0=18968
SELECT w1=18969
SELECT w2=18969
BUSY TASK ewma=997
DMA IRQ c0=1
DMA IRQ c1=0
DMA IRQ c2=0
DMA IRQ c3=0
SELECT busy=19053
SELECT w0=18977
SELECT w1=18978
SELECT w2=18978
BUSY TASK ewma=997
DMA IRQ c0=1
DMA IRQ c1=0
DMA IRQ c2=0
DMA IRQ c3=0
SELECT busy=19061
SELECT w0=18985
SELECT w1=18986
SELECT w2=18987
BUSY TASK ewma=997
DMA IRQ c0=1
DMA IRQ c1=0
DMA IRQ c2=0
DMA IRQ c3=0
SELECT busy=19070
SELECT w0=18994
SELECT w1=18995
SELECT w2=18995
BUSY TASK ewma=997
DMA IRQ c0=1
DMA IRQ c1=0
DMA IRQ c2=0
DMA IRQ c3=0
SELECT busy=19079
SELECT w0=19003
SELECT w1=19004
SELECT w2=19004
BUSY TASK ewma=997
DMA IRQ c0=1
DMA IRQ c1=0
DMA IRQ c2=0
DMA IRQ c3=0
SELECT busy=19087
SELECT w0=19011
SELECT w1=19012
SELECT w2=19012
BUSY TASK ewma=997
DMA IRQ c0=1
DMA IRQ c1=0
DMA IRQ c2=0
DMA IRQ c3=0
SELECT busy=19096
SELECT w0=19020
SELECT w1=19021
SELECT w2=19021
BUSY TASK ewma=997
DMA IRQ c0=1
DMA IRQ c1=0
DMA IRQ c2=0
DMA IRQ c3=0
SELECT busy=19104
SELECT w0=19028
SELECT w1=19029
SELECT w2=19029
BUSY TASK ewma=997
DMA IRQ c0=1
DMA IRQ c1=0
DMA IRQ c2=0
DMA IRQ c3=0
SELECT busy=19113
SELECT w0=19037
SELECT w1=19038
SELECT w2=19038
BUSY TASK ewma=997
DMA IRQ c0=1
DMA IRQ c1=0
DMA IRQ c2=0
DMA IRQ c3=0
SELECT busy=19121
SELECT w0=19045
SELECT w1=19046
SELECT w2=19046
BUSY TASK ewma=997
DMA IRQ c0=1
DMA IRQ c1=0
DMA IRQ c2=0
DMA IRQ c3=0
SELECT busy=19131
SELECT w0=19055
SELECT w1=19056
SELECT w2=19056
BUSY TASK ewma=997
DMA IRQ c0=1
DMA IRQ c1=0
DMA IRQ c2=0
DMA IRQ c3=0
SELECT busy=19142
SELECT w0=19066
SELECT w1=19067
SELECT w2=19067
BUSY TASK ewma=997
DMA IRQ c0=1
DMA IRQ c1=0
DMA IRQ c2=0
DMA IRQ c3=0
SELECT busy=19152
SELECT w0=19076
SELECT w1=19078
SELECT w2=19078
BUSY TASK ewma=997
DMA IRQ c0=1
DMA IRQ c1=0
DMA IRQ c2=0
DMA IRQ c3=0
SELECT busy=19161
SELECT w0=19085
SELECT w1=19086
SELECT w2=19086
BUSY TASK ewma=997
DMA IRQ c0=1
DMA IRQ c1=0
DMA IRQ c2=0
DMA IRQ c3=0
SELECT busy=19169
SELECT w0=19093
SELECT w1=19094
SELECT w2=19094
BUSY TASK ewma=997
DMA IRQ c0=1
DMA IRQ c1=0
DMA IRQ c2=0
DMA IRQ c3=0
SELECT busy=19178
SELECT w0=19102
SELECT w1=19103
SELECT w2=19103
BUSY TASK ewma=997
DMA IRQ c0=1
DMA IRQ c1=0
DMA IRQ c2=0
DMA IRQ c3=0
SELECT busy=19186
SELECT w0=19110
SELECT w1=19111
SELECT w2=19111
BUSY TASK ewma=997
DMA IRQ c0=1
DMA IRQ c1=0
DMA IRQ c2=0
DMA IRQ c3=0
SELECT busy=19194
SELECT w0=19118
SELECT w1=19119
SELECT w2=19119
BUSY TASK ewma=997
DMA IRQ c0=1
DMA IRQ c1=0
DMA IRQ c2=0
DMA IRQ c3=0
SELECT busy=19203
SELECT w0=19127
SELECT w1=19128
SELECT w2=19128
BUSY TASK ewma=997
DMA IRQ c0=1
DMA IRQ c1=0
DMA IRQ c2=0
DMA IRQ c3=0
SELECT busy=19211
SELECT w0=19135
SELECT w1=19136
SELECT w2=19136
BUSY TASK ewma=997
DMA IRQ c0=1
DMA IRQ c1=0
DMA IRQ c2=0
DMA IRQ c3=0
SELECT busy=19219
SELECT w0=19143
SELECT w1=19144
SELECT w2=19144
BUSY TASK ewma=997
DMA IRQ c0=1
DMA IRQ c1=0
DMA IRQ c2=0
DMA IRQ c3=0
SELECT busy=19228
SELECT w0=19152
SELECT w1=19153
SELECT w2=19153
BUSY TASK ewma=997
DMA IRQ c0=1
DMA IRQ c1=0
DMA IRQ c2=0
DMA IRQ c3=0
SELECT busy=19236
SELECT w0=19160
SELECT w1=19161
SELECT w2=19162
BUSY TASK ewma=997
DMA IRQ c0=1
DMA IRQ c1=0
DMA IRQ c2=0
DMA IRQ c3=0
SELECT busy=19245
SELECT w0=19169
SELECT w1=19170
SELECT w2=19170
BUSY TASK ewma=997
DMA IRQ c0=1
DMA IRQ c1=0
DMA IRQ c2=0
DMA IRQ c3=0
SELECT busy=19253
SELECT w0=19177
SELECT w1=19178
SELECT w2=19179
BUSY TASK ewma=997
DMA IRQ c0=1
DMA IRQ c1=0
DMA IRQ c2=0
DMA IRQ c3=0
SELECT busy=19262
SELECT w0=19186
SELECT w1=19187
SELECT w2=19187
BUSY TASK ewma=997
DMA IRQ c0=1
DMA IRQ c1=0
DMA IRQ c2=0
DMA IRQ c3=0
SELECT busy=19270
SELECT w0=19194
SELECT w1=19195
SELECT w2=19195
BUSY TASK ewma=997
DMA IRQ c0=1
DMA IRQ c1=0
DMA IRQ c2=0
DMA IRQ c3=0
SELECT busy=19279
SELECT w0=19203
SELECT w1=19204
SELECT w2=19204
BUSY TASK ewma=997
DMA IRQ c0=1
DMA IRQ c1=0
DMA IRQ c2=0
DMA IRQ c3=0
SELECT busy=19287
SELECT w0=19211
SELECT w1=19212
SELECT w2=19212
BUSY TASK ewma=997
DMA IRQ c0=1
DMA IRQ c1=0
DMA IRQ c2=0
DMA IRQ c3=0
SELECT busy=19299
SELECT w0=19223
SELECT w1=19224
SELECT w2=19224
BUSY TASK ewma=997
DMA IRQ c0=1
DMA IRQ c1=0
DMA IRQ c2=0
DMA IRQ c3=0
SELECT busy=19316
SELECT w0=19240
SELECT w1=19241
SELECT w2=19242
BUSY TASK ewma=997
DMA IRQ c0=1
DMA IRQ c1=0
DMA IRQ c2=0
DMA IRQ c3=0
SELECT busy=19333
SELECT w0=19257
SELECT w1=19258
SELECT w2=19259
BUSY TASK ewma=997
DMA IRQ c0=1
DMA IRQ c1=0
DMA IRQ c2=0
DMA IRQ c3=0
SELECT busy=19349
SELECT w0=19273
SELECT w1=19274
SELECT w2=19274
BUSY TASK ewma=997
DMA IRQ c0=1
DMA IRQ c1=0
DMA IRQ c2=0
DMA IRQ c3=0
SELECT busy=19358
SELECT w0=19283
SELECT w1=19284
SELECT w2=19284
BUSY TASK ewma=997
DMA IRQ c0=1
DMA IRQ c1=0
DMA IRQ c2=0
DMA IRQ c3=0
SELECT busy=19367
SELECT w0=19291
SELECT w1=19292
SELECT w2=19292
BUSY TASK ewma=997
DMA IRQ c0=1
DMA IRQ c1=0
DMA IRQ c2=0
DMA IRQ c3=0
SELECT busy=19376
SELECT w0=19300
SELECT w1=19301
SELECT w2=19301
BUSY TASK ewma=997
DMA IRQ c0=1
DMA IRQ c1=0
DMA IRQ c2=0
DMA IRQ c3=0
SELECT busy=19384
SELECT w0=19308
SELECT w1=19310
SELECT w2=19310
BUSY TASK ewma=997
DMA IRQ c0=1
DMA IRQ c1=0
DMA IRQ c2=0
DMA IRQ c3=0
SELECT busy=19393
SELECT w0=19317
SELECT w1=19318
SELECT w2=19318
BUSY TASK ewma=997
DMA IRQ c0=1
DMA IRQ c1=0
DMA IRQ c2=0
DMA IRQ c3=0
SELECT busy=19402
SELECT w0=19326
SELECT w1=19327
SELECT w2=19327
BUSY TASK ewma=997
DMA IRQ c0=1
DMA IRQ c1=0
DMA IRQ c2=0
DMA IRQ c3=0
SELECT busy=19410
SELECT w0=19334
SELECT w1=19335
SELECT w2=19335
BUSY TASK ewma=997
DMA IRQ c0=1
DMA IRQ c1=0
DMA IRQ c2=0
DMA IRQ c3=0
SELECT busy=19419
SELECT w0=19343
SELECT w1=19344
SELECT w2=19344
BUSY TASK ewma=997
DMA IRQ c0=1
DMA IRQ c1=0
DMA IRQ c2=0
DMA IRQ c3=0
SELECT busy=19427
SELECT w0=19352
SELECT w1=19353
SELECT w2=19353
BUSY TASK ewma=997
DMA IRQ c0=1
DMA IRQ c1=0
DMA IRQ c2=0
DMA IRQ c3=0
SELECT busy=19436
SELECT w0=19360
SELECT w1=19361
SELECT w2=19361
BUSY TASK ewma=997
DMA IRQ c0=1
DMA IRQ c1=0
DMA IRQ c2=0
DMA IRQ c3=0
SELECT busy=19446
SELECT w0=19370
SELECT w1=19371
SELECT w2=19371
BUSY TASK ewma=997
DMA IRQ c0=1
DMA IRQ c1=0
DMA IRQ c2=0
DMA IRQ c3=0
SELECT busy=19457
SELECT w0=19381
SELECT w1=19382
SELECT w2=19383
BUSY TASK ewma=997
DMA IRQ c0=1
DMA IRQ c1=0
DMA IRQ c2=0
DMA IRQ c3=0
SELECT busy=19470
SELECT w0=19394
SELECT w1=19395
SELECT w2=19395
BUSY TASK ewma=997
IRQ counts: cpu0=77706 cpu1=0 cpu2=0 cpu3=0
SCHED secondaries: calls=0 unexpected=0
SECTEST switches=0 cpu1=0,0 cpu2=0,0 cpu3=0,0
PINGPONG rounds=0 pongs=0
DMA IRQ c0=1
DMA IRQ c1=0
DMA IRQ c2=0
DMA IRQ c3=0
SELECT busy=19485
SELECT w0=19409
SELECT w1=19411
SELECT w2=19411
BUSY TASK ewma=997
DMA IRQ c0=1
DMA IRQ c1=0
DMA IRQ c2=0
DMA IRQ c3=0
SELECT busy=19499
SELECT w0=19423
SELECT w1=19425
SELECT w2=19425
BUSY TASK ewma=997
DMA IRQ c0=1
DMA IRQ c1=0
DMA IRQ c2=0
DMA IRQ c3=0
SELECT busy=19513
SELECT w0=19437
SELECT w1=19438
SELECT w2=19438
BUSY TASK ewma=997
DMA IRQ c0=1
DMA IRQ c1=0
DMA IRQ c2=0
DMA IRQ c3=0
SELECT busy=19526
SELECT w0=19451
SELECT w1=19452
SELECT w2=19452
BUSY TASK ewma=997
DMA IRQ c0=1
DMA IRQ c1=0
DMA IRQ c2=0
DMA IRQ c3=0
SELECT busy=19540
SELECT w0=19464
SELECT w1=19465
SELECT w2=19465
BUSY TASK ewma=997
DMA IRQ c0=1
DMA IRQ c1=0
DMA IRQ c2=0
DMA IRQ c3=0
SELECT busy=19550
SELECT w0=19475
SELECT w1=19476
SELECT w2=19476
BUSY TASK ewma=997
DMA IRQ c0=1
DMA IRQ c1=0
DMA IRQ c2=0
DMA IRQ c3=0
SELECT busy=19559
SELECT w0=19483
SELECT w1=19484
SELECT w2=19484
BUSY TASK ewma=997
DMA IRQ c0=1
DMA IRQ c1=0
DMA IRQ c2=0
DMA IRQ c3=0
SELECT busy=19570
SELECT w0=19494
SELECT w1=19496
SELECT w2=19496
BUSY TASK ewma=997
DMA IRQ c0=1
DMA IRQ c1=0
DMA IRQ c2=0
DMA IRQ c3=0
SELECT busy=19583
SELECT w0=19507
SELECT w1=19508
SELECT w2=19508
BUSY TASK ewma=997
DMA IRQ c0=1
DMA IRQ c1=0
DMA IRQ c2=0
DMA IRQ c3=0
SELECT busy=19597
SELECT w0=19521
SELECT w1=19522
SELECT w2=19522
BUSY TASK ewma=997
DMA IRQ c0=1
DMA IRQ c1=0
DMA IRQ c2=0
DMA IRQ c3=0
SELECT busy=19612
SELECT w0=19536
SELECT w1=19537
SELECT w2=19538
BUSY TASK ewma=997
DMA IRQ c0=1
DMA IRQ c1=0
DMA IRQ c2=0
DMA IRQ c3=0
SELECT busy=19628
SELECT w0=19552
SELECT w1=19553
SELECT w2=19553
BUSY TASK ewma=997
DMA IRQ c0=1
DMA IRQ c1=0
DMA IRQ c2=0
DMA IRQ c3=0
SELECT busy=19642
SELECT w0=19566
SELECT w1=19567
SELECT w2=19567
BUSY TASK ewma=997
DMA IRQ c0=1
DMA IRQ c1=0
DMA IRQ c2=0
DMA IRQ c3=0
SELECT busy=19651
SELECT w0=19575
SELECT w1=19576
SELECT w2=19576
BUSY TASK ewma=997
DMA IRQ c0=1
DMA IRQ c1=0
DMA IRQ c2=0
DMA IRQ c3=0
SELECT busy=19659
SELECT w0=19583
SELECT w1=19585
SELECT w2=19585
BUSY TASK ewma=997
DMA IRQ c0=1
DMA IRQ c1=0
DMA IRQ c2=0
DMA IRQ c3=0
SELECT busy=19668
SELECT w0=19592
SELECT w1=19593
SELECT w2=19593
BUSY TASK ewma=997
DMA IRQ c0=1
DMA IRQ c1=0
DMA IRQ c2=0
DMA IRQ c3=0
SELECT busy=19676
SELECT w0=19600
SELECT w1=19601
SELECT w2=19601
BUSY TASK ewma=997
DMA IRQ c0=1
DMA IRQ c1=0
DMA IRQ c2=0
DMA IRQ c3=0
SELECT busy=19685
SELECT w0=19609
SELECT w1=19610
SELECT w2=19611
BUSY TASK ewma=997
DMA IRQ c0=1
DMA IRQ c1=0
DMA IRQ c2=0
DMA IRQ c3=0
SELECT busy=19696
SELECT w0=19620
SELECT w1=19621
SELECT w2=19621
BUSY TASK ewma=997
DMA IRQ c0=1
DMA IRQ c1=0
DMA IRQ c2=0
DMA IRQ c3=0
SELECT busy=19707
SELECT w0=19631
SELECT w1=19632
SELECT w2=19632
BUSY TASK ewma=997
DMA IRQ c0=1
DMA IRQ c1=0
DMA IRQ c2=0
DMA IRQ c3=0
SELECT busy=19716
SELECT w0=19641
SELECT w1=19642
SELECT w2=19642
BUSY TASK ewma=997
DMA IRQ c0=1
DMA IRQ c1=0
DMA IRQ c2=0
DMA IRQ c3=0
SELECT busy=19726
SELECT w0=19650
SELECT w1=19651
SELECT w2=19651
BUSY TASK ewma=997
DMA IRQ c0=1
DMA IRQ c1=0
DMA IRQ c2=0
DMA IRQ c3=0
SELECT busy=19737
SELECT w0=19661
SELECT w1=19662
SELECT w2=19662
BUSY TASK ewma=997
DMA IRQ c0=1
DMA IRQ c1=0
DMA IRQ c2=0
DMA IRQ c3=0
SELECT busy=19746
SELECT w0=19670
SELECT w1=19671
SELECT w2=19671
BUSY TASK ewma=997
DMA IRQ c0=1
DMA IRQ c1=0
DMA IRQ c2=0
DMA IRQ c3=0
SELECT busy=19755
SELECT w0=19679
SELECT w1=19680
SELECT w2=19680
BUSY TASK ewma=997
DMA IRQ c0=1
DMA IRQ c1=0
DMA IRQ c2=0
DMA IRQ c3=0
SELECT busy=19763
SELECT w0=19687
SELECT w1=19688
SELECT w2=19689
BUSY TASK ewma=997
DMA IRQ c0=1
DMA IRQ c1=0
DMA IRQ c2=0
DMA IRQ c3=0
SELECT busy=19772
SELECT w0=19696
SELECT w1=19697
SELECT w2=19697
BUSY TASK ewma=997
DMA IRQ c0=1
DMA IRQ c1=0
DMA IRQ c2=0
DMA IRQ c3=0
SELECT busy=19781
SELECT w0=19705
SELECT w1=19706
SELECT w2=19706
BUSY TASK ewma=997
DMA IRQ c0=1
DMA IRQ c1=0
DMA IRQ c2=0
DMA IRQ c3=0
SELECT busy=19791
SELECT w0=19715
SELECT w1=19716
SELECT w2=19716
BUSY TASK ewma=997
DMA IRQ c0=1
DMA IRQ c1=0
DMA IRQ c2=0
DMA IRQ c3=0
SELECT busy=19804
SELECT w0=19728
SELECT w1=19729
SELECT w2=19730
BUSY TASK ewma=997
DMA IRQ c0=1
DMA IRQ c1=0
DMA IRQ c2=0
DMA IRQ c3=0
SELECT busy=19821
SELECT w0=19745
SELECT w1=19746
SELECT w2=19746
BUSY TASK ewma=997
DMA IRQ c0=1
DMA IRQ c1=0
DMA IRQ c2=0
DMA IRQ c3=0
SELECT busy=19835
SELECT w0=19759
SELECT w1=19760
SELECT w2=19760
BUSY TASK ewma=997
DMA IRQ c0=1
DMA IRQ c1=0
DMA IRQ c2=0
DMA IRQ c3=0
SELECT busy=19844
SELECT w0=19768
SELECT w1=19769
SELECT w2=19769
BUSY TASK ewma=997
DMA IRQ c0=1
DMA IRQ c1=0
DMA IRQ c2=0
DMA IRQ c3=0
SELECT busy=19852
SELECT w0=19776
SELECT w1=19777
SELECT w2=19777
BUSY TASK ewma=997
DMA IRQ c0=1
DMA IRQ c1=0
DMA IRQ c2=0
DMA IRQ c3=0
SELECT busy=19860
SELECT w0=19784
SELECT w1=19785
SELECT w2=19785
BUSY TASK ewma=997
DMA IRQ c0=1
DMA IRQ c1=0
DMA IRQ c2=0
DMA IRQ c3=0
SELECT busy=19868
SELECT w0=19792
SELECT w1=19793
SELECT w2=19793
BUSY TASK ewma=997
DMA IRQ c0=1
DMA IRQ c1=0
DMA IRQ c2=0
DMA IRQ c3=0
SELECT busy=19876
SELECT w0=19800
SELECT w1=19801
SELECT w2=19801
BUSY TASK ewma=997
DMA IRQ c0=1
DMA IRQ c1=0
DMA IRQ c2=0
DMA IRQ c3=0
SELECT busy=19884
SELECT w0=19808
SELECT w1=19809
SELECT w2=19809
BUSY TASK ewma=997
DMA IRQ c0=1
DMA IRQ c1=0
DMA IRQ c2=0
DMA IRQ c3=0
SELECT busy=19892
SELECT w0=19817
SELECT w1=19818
SELECT w2=19818
BUSY TASK ewma=997
DMA IRQ c0=1
DMA IRQ c1=0
DMA IRQ c2=0
DMA IRQ c3=0
SELECT busy=19900
SELECT w0=19824
SELECT w1=19825
SELECT w2=19825
BUSY TASK ewma=997
DMA IRQ c0=1
DMA IRQ c1=0
DMA IRQ c2=0
DMA IRQ c3=0
SELECT busy=19909
SELECT w0=19833
SELECT w1=19834
SELECT w2=19834
BUSY TASK ewma=997
DMA IRQ c0=1
DMA IRQ c1=0
DMA IRQ c2=0
DMA IRQ c3=0
SELECT busy=19919
SELECT w0=19843
SELECT w1=19844
SELECT w2=19844
BUSY TASK ewma=997
DMA IRQ c0=1
DMA IRQ c1=0
DMA IRQ c2=0
DMA IRQ c3=0
SELECT busy=19933
SELECT w0=19857
SELECT w1=19858
SELECT w2=19858
BUSY TASK ewma=997
DMA IRQ c0=1
DMA IRQ c1=0
DMA IRQ c2=0
DMA IRQ c3=0
SELECT busy=19950
SELECT w0=19874
SELECT w1=19875
SELECT w2=19875
BUSY TASK ewma=997
DMA IRQ c0=1
DMA IRQ c1=0
DMA IRQ c2=0
DMA IRQ c3=0
SELECT busy=19964
SELECT w0=19888
SELECT w1=19889
SELECT w2=19889
BUSY TASK ewma=997
DMA IRQ c0=1
DMA IRQ c1=0
DMA IRQ c2=0
DMA IRQ c3=0
SELECT busy=19973
SELECT w0=19897
SELECT w1=19898
SELECT w2=19899
BUSY TASK ewma=997
DMA IRQ c0=1
DMA IRQ c1=0
DMA IRQ c2=0
DMA IRQ c3=0
SELECT busy=19982
SELECT w0=19906
SELECT w1=19907
SELECT w2=19907
BUSY TASK ewma=997
DMA IRQ c0=1
DMA IRQ c1=0
DMA IRQ c2=0
DMA IRQ c3=0
SELECT busy=19991
SELECT w0=19915
SELECT w1=19916
SELECT w2=19916
BUSY TASK ewma=997
DMA IRQ c0=1
DMA IRQ c1=0
DMA IRQ c2=0
DMA IRQ c3=0
SELECT busy=19999
SELECT w0=19923
SELECT w1=19924
SELECT w2=19925
BUSY TASK ewma=997
DMA IRQ c0=1
DMA IRQ c1=0
DMA IRQ c2=0
DMA IRQ c3=0
SELECT busy=20008
SELECT w0=19932
SELECT w1=19933
SELECT w2=19933
BUSY TASK ewma=997
DMA IRQ c0=1
DMA IRQ c1=0
DMA IRQ c2=0
DMA IRQ c3=0
SELECT busy=20017
SELECT w0=19941
SELECT w1=19942
SELECT w2=19942
BUSY TASK ewma=997
DMA IRQ c0=1
DMA IRQ c1=0
DMA IRQ c2=0
DMA IRQ c3=0
SELECT busy=20025
SELECT w0=19949
SELECT w1=19950
SELECT w2=19950
BUSY TASK ewma=997
DMA IRQ c0=1
DMA IRQ c1=0
DMA IRQ c2=0
DMA IRQ c3=0
SELECT busy=20034
SELECT w0=19958
SELECT w1=19959
SELECT w2=19959
BUSY TASK ewma=997
DMA IRQ c0=1
DMA IRQ c1=0
DMA IRQ c2=0
DMA IRQ c3=0
SELECT busy=20043
SELECT w0=19967
SELECT w1=19968
SELECT w2=19968
BUSY TASK ewma=997
DMA IRQ c0=1
DMA IRQ c1=0
DMA IRQ c2=0
DMA IRQ c3=0
SELECT busy=20051
SELECT w0=19975
SELECT w1=19976
SELECT w2=19976
BUSY TASK ewma=997
DMA IRQ c0=1
DMA IRQ c1=0
DMA IRQ c2=0
DMA IRQ c3=0
SELECT busy=20060
SELECT w0=19984
SELECT w1=19985
SELECT w2=19985
BUSY TASK ewma=997
DMA IRQ c0=1
DMA IRQ c1=0
DMA IRQ c2=0
DMA IRQ c3=0
SELECT busy=20069
SELECT w0=19993
SELECT w1=19994
SELECT w2=19994
BUSY TASK ewma=997
DMA IRQ c0=1
DMA IRQ c1=0
DMA IRQ c2=0
DMA IRQ c3=0
SELECT busy=20077
SELECT w0=20001
SELECT w1=20002
SELECT w2=20002
BUSY TASK ewma=997
DMA IRQ c0=1
DMA IRQ c1=0
DMA IRQ c2=0
DMA IRQ c3=0
SELECT busy=20086
SELECT w0=20010
SELECT w1=20011
SELECT w2=20011
BUSY TASK ewma=997
DMA IRQ c0=1
DMA IRQ c1=0
DMA IRQ c2=0
DMA IRQ c3=0
SELECT busy=20094
SELECT w0=20019
SELECT w1=20020
SELECT w2=20020
BUSY TASK ewma=997
DMA IRQ c0=1
DMA IRQ c1=0
DMA IRQ c2=0
DMA IRQ c3=0
SELECT busy=20103
SELECT w0=20027
SELECT w1=20028
SELECT w2=20028
BUSY TASK ewma=997
DMA IRQ c0=1
DMA IRQ c1=0
DMA IRQ c2=0
DMA IRQ c3=0
SELECT busy=20112
SELECT w0=20036
SELECT w1=20037
SELECT w2=20037
BUSY TASK ewma=997
DMA IRQ c0=1
DMA IRQ c1=0
DMA IRQ c2=0
DMA IRQ c3=0
SELECT busy=20120
SELECT w0=20044
SELECT w1=20045
SELECT w2=20046
BUSY TASK ewma=997
DMA IRQ c0=1
DMA IRQ c1=0
DMA IRQ c2=0
DMA IRQ c3=0
SELECT busy=20129
SELECT w0=20053
SELECT w1=20054
SELECT w2=20054
BUSY TASK ewma=997
IRQ counts: cpu0=80318 cpu1=0 cpu2=0 cpu3=0
SCHED secondaries: calls=0 unexpected=0
SECTEST switches=0 cpu1=0,0 cpu2=0,0 cpu3=0,0
PINGPONG rounds=0 pongs=0
DMA IRQ c0=1
DMA IRQ c1=0
DMA IRQ c2=0
DMA IRQ c3=0
SELECT busy=20138
SELECT w0=20062
SELECT w1=20063
SELECT w2=20064
BUSY TASK ewma=997
DMA IRQ c0=1
DMA IRQ c1=0
DMA IRQ c2=0
DMA IRQ c3=0
SELECT busy=20147
SELECT w0=20071
SELECT w1=20072
SELECT w2=20072
BUSY TASK ewma=997
DMA IRQ c0=1
DMA IRQ c1=0
DMA IRQ c2=0
DMA IRQ c3=0
SELECT busy=20156
SELECT w0=20080
SELECT w1=20081
SELECT w2=20081
BUSY TASK ewma=997
DMA IRQ c0=1
DMA IRQ c1=0
DMA IRQ c2=0
DMA IRQ c3=0
SELECT busy=20164
SELECT w0=20088
SELECT w1=20089
SELECT w2=20089
BUSY TASK ewma=997
DMA IRQ c0=1
DMA IRQ c1=0
DMA IRQ c2=0
DMA IRQ c3=0
SELECT busy=20173
SELECT w0=20097
SELECT w1=20098
SELECT w2=20098
BUSY TASK ewma=997
DMA IRQ c0=1
DMA IRQ c1=0
DMA IRQ c2=0
DMA IRQ c3=0
SELECT busy=20181
SELECT w0=20105
SELECT w1=20106
SELECT w2=20106
BUSY TASK ewma=997
DMA IRQ c0=1
DMA IRQ c1=0
DMA IRQ c2=0
DMA IRQ c3=0
SELECT busy=20189
SELECT w0=20113
SELECT w1=20115
SELECT w2=20115
BUSY TASK ewma=997
DMA IRQ c0=1
DMA IRQ c1=0
DMA IRQ c2=0
DMA IRQ c3=0
SELECT busy=20198
SELECT w0=20122
SELECT w1=20123
SELECT w2=20123
BUSY TASK ewma=997
DMA IRQ c0=1
DMA IRQ c1=0
DMA IRQ c2=0
DMA IRQ c3=0
SELECT busy=20206
SELECT w0=20130
SELECT w1=20131
SELECT w2=20131
BUSY TASK ewma=997
DMA IRQ c0=1
DMA IRQ c1=0
DMA IRQ c2=0
DMA IRQ c3=0
SELECT busy=20214
SELECT w0=20138
SELECT w1=20140
SELECT w2=20140
BUSY TASK ewma=997
DMA IRQ c0=1
DMA IRQ c1=0
DMA IRQ c2=0
DMA IRQ c3=0
SELECT busy=20223
SELECT w0=20147
SELECT w1=20148
SELECT w2=20148
BUSY TASK ewma=997
DMA IRQ c0=1
DMA IRQ c1=0
DMA IRQ c2=0
DMA IRQ c3=0
SELECT busy=20231
SELECT w0=20155
SELECT w1=20156
SELECT w2=20157
BUSY TASK ewma=997
DMA IRQ c0=1
DMA IRQ c1=0
DMA IRQ c2=0
DMA IRQ c3=0
SELECT busy=20240
SELECT w0=20164
SELECT w1=20165
SELECT w2=20165
BUSY TASK ewma=997
DMA IRQ c0=1
DMA IRQ c1=0
DMA IRQ c2=0
DMA IRQ c3=0
SELECT busy=20249
SELECT w0=20173
SELECT w1=20174
SELECT w2=20174
BUSY TASK ewma=997
DMA IRQ c0=1
DMA IRQ c1=0
DMA IRQ c2=0
DMA IRQ c3=0
SELECT busy=20258
SELECT w0=20182
SELECT w1=20183
SELECT w2=20183
BUSY TASK ewma=997
DMA IRQ c0=1
DMA IRQ c1=0
DMA IRQ c2=0
DMA IRQ c3=0
SELECT busy=20266
SELECT w0=20190
SELECT w1=20192
SELECT w2=20192
BUSY TASK ewma=997
DMA IRQ c0=1
DMA IRQ c1=0
DMA IRQ c2=0
DMA IRQ c3=0
SELECT busy=20275
SELECT w0=20199
SELECT w1=20200
SELECT w2=20200
BUSY TASK ewma=997
DMA IRQ c0=1
DMA IRQ c1=0
DMA IRQ c2=0
DMA IRQ c3=0
SELECT busy=20289
SELECT w0=20213
SELECT w1=20214
SELECT w2=20214
BUSY TASK ewma=997
DMA IRQ c0=1
DMA IRQ c1=0
DMA IRQ c2=0
DMA IRQ c3=0
SELECT busy=20306
SELECT w0=20230
SELECT w1=20231
SELECT w2=20231
BUSY TASK ewma=997
DMA IRQ c0=1
DMA IRQ c1=0
DMA IRQ c2=0
DMA IRQ c3=0
SELECT busy=20322
SELECT w0=20246
SELECT w1=20247
SELECT w2=20248
BUSY TASK ewma=997
DMA IRQ c0=1
DMA IRQ c1=0
DMA IRQ c2=0
DMA IRQ c3=0
SELECT busy=20334
SELECT w0=20259
SELECT w1=20260
SELECT w2=20260
BUSY TASK ewma=997
DMA IRQ c0=1
DMA IRQ c1=0
DMA IRQ c2=0
DMA IRQ c3=0
SELECT busy=20344
SELECT w0=20268
SELECT w1=20269
SELECT w2=20269
BUSY TASK ewma=997
DMA IRQ c0=1
DMA IRQ c1=0
DMA IRQ c2=0
DMA IRQ c3=0
SELECT busy=20352
SELECT w0=20276
SELECT w1=20278
SELECT w2=20278
BUSY TASK ewma=997
DMA IRQ c0=1
DMA IRQ c1=0
DMA IRQ c2=0
DMA IRQ c3=0
SELECT busy=20361
SELECT w0=20285
SELECT w1=20286
SELECT w2=20286
BUSY TASK ewma=997
DMA IRQ c0=1
DMA IRQ c1=0
DMA IRQ c2=0
DMA IRQ c3=0
SELECT busy=20372
SELECT w0=20296
SELECT w1=20298
SELECT w2=20298
BUSY TASK ewma=997
DMA IRQ c0=1
DMA IRQ c1=0
DMA IRQ c2=0
DMA IRQ c3=0
SELECT busy=20384
SELECT w0=20308
SELECT w1=20309
SELECT w2=20309
BUSY TASK ewma=997
DMA IRQ c0=1
DMA IRQ c1=0
DMA IRQ c2=0
DMA IRQ c3=0
SELECT busy=20395
SELECT w0=20319
SELECT w1=20320
SELECT w2=20320
BUSY TASK ewma=997
DMA IRQ c0=1
DMA IRQ c1=0
DMA IRQ c2=0
DMA IRQ c3=0
SELECT busy=20406
SELECT w0=20331
SELECT w1=20332
SELECT w2=20332
BUSY TASK ewma=997
DMA IRQ c0=1
DMA IRQ c1=0
DMA IRQ c2=0
DMA IRQ c3=0
SELECT busy=20418
SELECT w0=20342
SELECT w1=20343
SELECT w2=20343
BUSY TASK ewma=997
DMA IRQ c0=1
DMA IRQ c1=0
DMA IRQ c2=0
DMA IRQ c3=0
SELECT busy=20428
SELECT w0=20352
SELECT w1=20353
SELECT w2=20353
BUSY TASK ewma=997
DMA IRQ c0=1
DMA IRQ c1=0
DMA IRQ c2=0
DMA IRQ c3=0
SELECT busy=20436
SELECT w0=20360
SELECT w1=20361
SELECT w2=20361
BUSY TASK ewma=997
DMA IRQ c0=1
DMA IRQ c1=0
DMA IRQ c2=0
DMA IRQ c3=0
SELECT busy=20445
SELECT w0=20369
SELECT w1=20370
SELECT w2=20370
BUSY TASK ewma=997
DMA IRQ c0=1
DMA IRQ c1=0
DMA IRQ c2=0
DMA IRQ c3=0
SELECT busy=20454
SELECT w0=20378
SELECT w1=20379
SELECT w2=20379
BUSY TASK ewma=997
DMA IRQ c0=1
DMA IRQ c1=0
DMA IRQ c2=0
DMA IRQ c3=0
SELECT busy=20462
SELECT w0=20386
SELECT w1=20387
SELECT w2=20387
BUSY TASK ewma=997
DMA IRQ c0=1
DMA IRQ c1=0
DMA IRQ c2=0
DMA IRQ c3=0
SELECT busy=20471
SELECT w0=20395
SELECT w1=20396
SELECT w2=20396
BUSY TASK ewma=997
DMA IRQ c0=1
DMA IRQ c1=0
DMA IRQ c2=0
DMA IRQ c3=0
SELECT busy=20481
SELECT w0=20405
SELECT w1=20406
SELECT w2=20406
BUSY TASK ewma=997
DMA IRQ c0=1
DMA IRQ c1=0
DMA IRQ c2=0
DMA IRQ c3=0
SELECT busy=20493
SELECT w0=20417
SELECT w1=20418
SELECT w2=20418
BUSY TASK ewma=997
DMA IRQ c0=1
DMA IRQ c1=0
DMA IRQ c2=0
DMA IRQ c3=0
SELECT busy=20505
SELECT w0=20429
SELECT w1=20430
SELECT w2=20430
BUSY TASK ewma=997
DMA IRQ c0=1
DMA IRQ c1=0
DMA IRQ c2=0
DMA IRQ c3=0
SELECT busy=20520
SELECT w0=20444
SELECT w1=20445
SELECT w2=20445
BUSY TASK ewma=997
DMA IRQ c0=1
DMA IRQ c1=0
DMA IRQ c2=0
DMA IRQ c3=0
SELECT busy=20533
SELECT w0=20457
SELECT w1=20458
SELECT w2=20458
BUSY TASK ewma=997
DMA IRQ c0=1
DMA IRQ c1=0
DMA IRQ c2=0
DMA IRQ c3=0
SELECT busy=20542
SELECT w0=20466
SELECT w1=20467
SELECT w2=20467
BUSY TASK ewma=997
DMA IRQ c0=1
DMA IRQ c1=0
DMA IRQ c2=0
DMA IRQ c3=0
SELECT busy=20553
SELECT w0=20477
SELECT w1=20478
SELECT w2=20478
BUSY TASK ewma=997
DMA IRQ c0=1
DMA IRQ c1=0
DMA IRQ c2=0
DMA IRQ c3=0
SELECT busy=20567
SELECT w0=20492
SELECT w1=20493
SELECT w2=20493
BUSY TASK ewma=997
DMA IRQ c0=1
DMA IRQ c1=0
DMA IRQ c2=0
DMA IRQ c3=0
SELECT busy=20583
SELECT w0=20507
SELECT w1=20508
SELECT w2=20508
BUSY TASK ewma=997
DMA IRQ c0=1
DMA IRQ c1=0
DMA IRQ c2=0
DMA IRQ c3=0
SELECT busy=20600
SELECT w0=20524
SELECT w1=20525
SELECT w2=20526
BUSY TASK ewma=997
DMA IRQ c0=1
DMA IRQ c1=0
DMA IRQ c2=0
DMA IRQ c3=0
SELECT busy=20615
SELECT w0=20539
SELECT w1=20541
SELECT w2=20541
BUSY TASK ewma=997
DMA IRQ c0=1
DMA IRQ c1=0
DMA IRQ c2=0
DMA IRQ c3=0
SELECT busy=20628
SELECT w0=20552
SELECT w1=20553
SELECT w2=20554
BUSY TASK ewma=997
DMA IRQ c0=1
DMA IRQ c1=0
DMA IRQ c2=0
DMA IRQ c3=0
SELECT busy=20640
SELECT w0=20564
SELECT w1=20565
SELECT w2=20565
BUSY TASK ewma=997
DMA IRQ c0=1
DMA IRQ c1=0
DMA IRQ c2=0
DMA IRQ c3=0
SELECT busy=20652
SELECT w0=20576
SELECT w1=20577
SELECT w2=20577
BUSY TASK ewma=997
DMA IRQ c0=1
DMA IRQ c1=0
DMA IRQ c2=0
DMA IRQ c3=0
SELECT busy=20664
SELECT w0=20588
SELECT w1=20589
SELECT w2=20589
BUSY TASK ewma=997
DMA IRQ c0=1
DMA IRQ c1=0
DMA IRQ c2=0
DMA IRQ c3=0
SELECT busy=20672
SELECT w0=20597
SELECT w1=20598
SELECT w2=20598
BUSY TASK ewma=997
DMA IRQ c0=1
DMA IRQ c1=0
DMA IRQ c2=0
DMA IRQ c3=0
SELECT busy=20681
SELECT w0=20605
SELECT w1=20606
SELECT w2=20606
BUSY TASK ewma=997
DMA IRQ c0=1
DMA IRQ c1=0
DMA IRQ c2=0
DMA IRQ c3=0
SELECT busy=20689
SELECT w0=20613
SELECT w1=20614
SELECT w2=20615
BUSY TASK ewma=997
DMA IRQ c0=1
DMA IRQ c1=0
DMA IRQ c2=0
DMA IRQ c3=0
SELECT busy=20698
SELECT w0=20622
SELECT w1=20623
SELECT w2=20623
BUSY TASK ewma=997
DMA IRQ c0=1
DMA IRQ c1=0
DMA IRQ c2=0
DMA IRQ c3=0
SELECT busy=20707
SELECT w0=20631
SELECT w1=20632
SELECT w2=20632
BUSY TASK ewma=997
DMA IRQ c0=1
DMA IRQ c1=0
DMA IRQ c2=0
DMA IRQ c3=0
SELECT busy=20717
SELECT w0=20641
SELECT w1=20642
SELECT w2=20642
BUSY TASK ewma=997
DMA IRQ c0=1
DMA IRQ c1=0
DMA IRQ c2=0
DMA IRQ c3=0
SELECT busy=20725
SELECT w0=20649
SELECT w1=20651
SELECT w2=20651
BUSY TASK ewma=997
DMA IRQ c0=1
DMA IRQ c1=0
DMA IRQ c2=0
DMA IRQ c3=0
SELECT busy=20734
SELECT w0=20658
SELECT w1=20659
SELECT w2=20659
BUSY TASK ewma=997
DMA IRQ c0=1
DMA IRQ c1=0
DMA IRQ c2=0
DMA IRQ c3=0
SELECT busy=20743
SELECT w0=20667
SELECT w1=20668
SELECT w2=20668
BUSY TASK ewma=997
DMA IRQ c0=1
DMA IRQ c1=0
DMA IRQ c2=0
DMA IRQ c3=0
SELECT busy=20751
SELECT w0=20675
SELECT w1=20677
SELECT w2=20677
BUSY TASK ewma=997
DMA IRQ c0=1
DMA IRQ c1=0
DMA IRQ c2=0
DMA IRQ c3=0
SELECT busy=20760
SELECT w0=20684
SELECT w1=20685
SELECT w2=20685
BUSY TASK ewma=997
DMA IRQ c0=1
DMA IRQ c1=0
DMA IRQ c2=0
DMA IRQ c3=0
SELECT busy=20769
SELECT w0=20693
SELECT w1=20694
SELECT w2=20694
BUSY TASK ewma=997
DMA IRQ c0=1
DMA IRQ c1=0
DMA IRQ c2=0
DMA IRQ c3=0
SELECT busy=20781
SELECT w0=20705
SELECT w1=20706
SELECT w2=20707
BUSY TASK ewma=997
DMA IRQ c0=1
DMA IRQ c1=0
DMA IRQ c2=0
DMA IRQ c3=0
SELECT busy=20795
SELECT w0=20719
SELECT w1=20720
SELECT w2=20720
BUSY TASK ewma=997
IRQ counts: cpu0=82994 cpu1=0 cpu2=0 cpu3=0
SCHED secondaries: calls=0 unexpected=0
SECTEST switches=0 cpu1=0,0 cpu2=0,0 cpu3=0,0
PINGPONG rounds=0 pongs=0
DMA IRQ c0=1
DMA IRQ c1=0
DMA IRQ c2=0
DMA IRQ c3=0
SELECT busy=20807
SELECT w0=20731
SELECT w1=20732
SELECT w2=20732
BUSY TASK ewma=997
DMA IRQ c0=1
DMA IRQ c1=0
DMA IRQ c2=0
DMA IRQ c3=0
SELECT busy=20817
SELECT w0=20741
SELECT w1=20743
SELECT w2=20743
BUSY TASK ewma=997
DMA IRQ c0=1
DMA IRQ c1=0
DMA IRQ c2=0
DMA IRQ c3=0
SELECT busy=20828
SELECT w0=20752
SELECT w1=20753
SELECT w2=20753
BUSY TASK ewma=997
DMA IRQ c0=1
DMA IRQ c1=0
DMA IRQ c2=0
DMA IRQ c3=0
SELECT busy=20839
SELECT w0=20763
SELECT w1=20764
SELECT w2=20764
BUSY TASK ewma=997
DMA IRQ c0=1
DMA IRQ c1=0
DMA IRQ c2=0
DMA IRQ c3=0
SELECT busy=20847
SELECT w0=20771
SELECT w1=20773
SELECT w2=20773
BUSY TASK ewma=997
DMA IRQ c0=1
DMA IRQ c1=0
DMA IRQ c2=0
DMA IRQ c3=0
SELECT busy=20855
SELECT w0=20780
SELECT w1=20781
SELECT w2=20781
BUSY TASK ewma=997
DMA IRQ c0=1
DMA IRQ c1=0
DMA IRQ c2=0
DMA IRQ c3=0
SELECT busy=20868
SELECT w0=20792
SELECT w1=20793
SELECT w2=20793
BUSY TASK ewma=997
DMA IRQ c0=1
DMA IRQ c1=0
DMA IRQ c2=0
DMA IRQ c3=0
SELECT busy=20878
SELECT w0=20802
SELECT w1=20804
SELECT w2=20804
BUSY TASK ewma=997
DMA IRQ c0=1
DMA IRQ c1=0
DMA IRQ c2=0
DMA IRQ c3=0
SELECT busy=20886
SELECT w0=20810
SELECT w1=20811
SELECT w2=20811
BUSY TASK ewma=997
DMA IRQ c0=1
DMA IRQ c1=0
DMA IRQ c2=0
DMA IRQ c3=0
SELECT busy=20894
SELECT w0=20818
SELECT w1=20819
SELECT w2=20820
BUSY TASK ewma=997
DMA IRQ c0=1
DMA IRQ c1=0
DMA IRQ c2=0
DMA IRQ c3=0
SELECT busy=20903
SELECT w0=20827
SELECT w1=20828
SELECT w2=20828
BUSY TASK ewma=997
DMA IRQ c0=1
DMA IRQ c1=0
DMA IRQ c2=0
DMA IRQ c3=0
SELECT busy=20911
SELECT w0=20835
SELECT w1=20836
SELECT w2=20836
BUSY TASK ewma=997
DMA IRQ c0=1
DMA IRQ c1=0
DMA IRQ c2=0
DMA IRQ c3=0
SELECT busy=20919
SELECT w0=20843
SELECT w1=20844
SELECT w2=20844
BUSY TASK ewma=997
DMA IRQ c0=1
DMA IRQ c1=0
DMA IRQ c2=0
DMA IRQ c3=0
SELECT busy=20927
SELECT w0=20851
SELECT w1=20852
SELECT w2=20852
BUSY TASK ewma=997
DMA IRQ c0=1
DMA IRQ c1=0
DMA IRQ c2=0
DMA IRQ c3=0
SELECT busy=20935
SELECT w0=20859
SELECT w1=20860
SELECT w2=20860
BUSY TASK ewma=997
DMA IRQ c0=1
DMA IRQ c1=0
DMA IRQ c2=0
DMA IRQ c3=0
SELECT busy=20950
SELECT w0=20875
SELECT w1=20876
SELECT w2=20876
BUSY TASK ewma=997
DMA IRQ c0=1
DMA IRQ c1=0
DMA IRQ c2=0
DMA IRQ c3=0
SELECT busy=20961
SELECT w0=20885
SELECT w1=20886
SELECT w2=20886
BUSY TASK ewma=997
DMA IRQ c0=1
DMA IRQ c1=0
DMA IRQ c2=0
DMA IRQ c3=0
SELECT busy=20973
SELECT w0=20897
SELECT w1=20898
SELECT w2=20898
BUSY TASK ewma=997
DMA IRQ c0=1
DMA IRQ c1=0
DMA IRQ c2=0
DMA IRQ c3=0
SELECT busy=20984
SELECT w0=20908
SELECT w1=20910
SELECT w2=20910
BUSY TASK ewma=997
DMA IRQ c0=1
DMA IRQ c1=0
DMA IRQ c2=0
DMA IRQ c3=0
SELECT busy=20998
SELECT w0=20922
SELECT w1=20923
SELECT w2=20923
BUSY TASK ewma=997
DMA IRQ c0=1
DMA IRQ c1=0
DMA IRQ c2=0
DMA IRQ c3=0
SELECT busy=21014
SELECT w0=20938
SELECT w1=20939
SELECT w2=20939
BUSY TASK ewma=997
DMA IRQ c0=1
DMA IRQ c1=0
DMA IRQ c2=0
DMA IRQ c3=0
SELECT busy=21031
SELECT w0=20955
SELECT w1=20956
SELECT w2=20956
BUSY TASK ewma=997
DMA IRQ c0=1
DMA IRQ c1=0
DMA IRQ c2=0
DMA IRQ c3=0
SELECT busy=21047
SELECT w0=20971
SELECT w1=20972
SELECT w2=20973
BUSY TASK ewma=997
DMA IRQ c0=1
DMA IRQ c1=0
DMA IRQ c2=0
DMA IRQ c3=0
SELECT busy=21064
SELECT w0=20988
SELECT w1=20989
SELECT w2=20989
BUSY TASK ewma=997
DMA IRQ c0=1
DMA IRQ c1=0
DMA IRQ c2=0
DMA IRQ c3=0
SELECT busy=21080
SELECT w0=21004
SELECT w1=21006
SELECT w2=21006
BUSY TASK ewma=997
DMA IRQ c0=1
DMA IRQ c1=0
DMA IRQ c2=0
DMA IRQ c3=0
SELECT busy=21096
SELECT w0=21020
SELECT w1=21021
SELECT w2=21021
BUSY TASK ewma=997
DMA IRQ c0=1
DMA IRQ c1=0
DMA IRQ c2=0
DMA IRQ c3=0
SELECT busy=21112
SELECT w0=21036
SELECT w1=21037
SELECT w2=21037
BUSY TASK ewma=997
DMA IRQ c0=1
DMA IRQ c1=0
DMA IRQ c2=0
DMA IRQ c3=0
SELECT busy=21122
SELECT w0=21046
SELECT w1=21048
SELECT w2=21048
BUSY TASK ewma=997
DMA IRQ c0=1
DMA IRQ c1=0
DMA IRQ c2=0
DMA IRQ c3=0
SELECT busy=21131
SELECT w0=21055
SELECT w1=21056
SELECT w2=21056
BUSY TASK ewma=997
DMA IRQ c0=1
DMA IRQ c1=0
DMA IRQ c2=0
DMA IRQ c3=0
SELECT busy=21145
SELECT w0=21069
SELECT w1=21070
SELECT w2=21070
BUSY TASK ewma=997
DMA IRQ c0=1
DMA IRQ c1=0
DMA IRQ c2=0
DMA IRQ c3=0
SELECT busy=21161
SELECT w0=21085
SELECT w1=21086
SELECT w2=21087
BUSY TASK ewma=997
DMA IRQ c0=1
DMA IRQ c1=0
DMA IRQ c2=0
DMA IRQ c3=0
SELECT busy=21177
SELECT w0=21101
SELECT w1=21102
SELECT w2=21103
BUSY TASK ewma=997
DMA IRQ c0=1
DMA IRQ c1=0
DMA IRQ c2=0
DMA IRQ c3=0
SELECT busy=21190
SELECT w0=21114
SELECT w1=21115
SELECT w2=21115
qemu-system-aarch64: terminating on signal 15 from pid 193833 (timeout)
