P4 M7: full integration test boot OK
CPU0: MPIDR_EL1=0x0000000080000000
CPU0: psci_cpu_on target=1 rc=0
CPU1: alive, MPIDR_EL1=0x0000000080000001 this_cpu()->cpu_id=1
CPU0: psci_cpu_on target=2 rc=-2
CPU0: psci_cpu_on target=3 rc=-2
CPUs online: 2
DMA IRQ target cpu=0
D2b: worker 0 runs on CPU0
D2b: worker 2 runs on CPU0
D2b: worker 1 runs on CPU1
P4 M7: worker submitted cmd_id=2
P4 M7: worker submitted cmd_id=3
P4 M7: worker submitted cmd_id=1
BUSY TASK ewma=994
DMA IRQ c0=0
DMA IRQ c1=0
DMA IRQ c2=0
DMA IRQ c3=0
SELECT busy=18
SELECT w0=3
SELECT w1=3
SELECT w2=3
BUSY TASK ewma=997
DMA IRQ c0=0
DMA IRQ c1=0
DMA IRQ c2=0
DMA IRQ c3=0
SELECT busy=33
SELECT w0=3
SELECT w1=3
SELECT w2=3
BUSY TASK ewma=997
DMA IRQ c0=0
DMA IRQ c1=0
DMA IRQ c2=0
DMA IRQ c3=0
SELECT busy=42
SELECT w0=3
SELECT w1=3
SELECT w2=3
BUSY TASK ewma=997
DMA IRQ c0=0
DMA IRQ c1=0
DMA IRQ c2=0
DMA IRQ c3=0
SELECT busy=54
SELECT w0=3
SELECT w1=3
SELECT w2=3
BUSY TASK ewma=997
DMA IRQ c0=0
DMA IRQ c1=0
DMA IRQ c2=0
DMA IRQ c3=0
SELECT busy=64
SELECT w0=3
SELECT w1=3
SELECT w2=3
BUSY TASK ewma=997
DMA IRQ c0=0
DMA IRQ c1=0
DMA IRQ c2=0
DMA IRQ c3=0
SELECT busy=74
SELECT w0=3
SELECT w1=3
SELECT w2=3
BUSY TASK ewma=997
DMA IRQ c0=0
DMA IRQ c1=0
DMA IRQ c2=0
DMA IRQ c3=0
SELECT busy=83
SELECT w0=3
SELECT w1=3
SELECT w2=3
BUSY TASK ewma=997
DMA IRQ c0=0
P4 M7: worker DATA OK, cmd_id=1
WORKER ewma=510
P4 M7: worker DATA OK, cmd_id=2
P4 M7: worker DATA OK, cmd_id=3
WORKER ewma=657
WORKER ewma=510
DMA IRQ c1=0
DMA IRQ c2=0
DMA IRQ c3=0
SELECT busy=93
SELECT w0=18
SELECT w1=22
SELECT w2=20
BUSY TASK ewma=997
DMA IRQ c0=2
DMA IRQ c1=0
DMA IRQ c2=0
DMA IRQ c3=0
SELECT busy=101
SELECT w0=26
SELECT w1=29
SELECT w2=29
BUSY TASK ewma=997
DMA IRQ c0=2
DMA IRQ c1=0
DMA IRQ c2=0
DMA IRQ c3=0
SELECT busy=110
SELECT w0=35
SELECT w1=35
SELECT w2=37
BUSY TASK ewma=997
DMA IRQ c0=2
DMA IRQ c1=0
DMA IRQ c2=0
DMA IRQ c3=0
SELECT busy=119
SELECT w0=44
SELECT w1=41
SELECT w2=46
BUSY TASK ewma=997
DMA IRQ c0=2
DMA IRQ c1=0
DMA IRQ c2=0
DMA IRQ c3=0
SELECT busy=130
SELECT w0=55
SELECT w1=49
SELECT w2=57
BUSY TASK ewma=997
DMA IRQ c0=2
DMA IRQ c1=0
DMA IRQ c2=0
DMA IRQ c3=0
SELECT busy=140
SELECT w0=65
SELECT w1=56
SELECT w2=67
BUSY TASK ewma=997
DMA IRQ c0=2
DMA IRQ c1=0
DMA IRQ c2=0
DMA IRQ c3=0
SELECT busy=149
SELECT w0=74
SELECT w1=62
SELECT w2=76
BUSY TASK ewma=997
DMA IRQ c0=2
DMA IRQ c1=0
DMA IRQ c2=0
DMA IRQ c3=0
SELECT busy=157
SELECT w0=82
SELECT w1=68
SELECT w2=84
BUSY TASK ewma=997
DMA IRQ c0=2
DMA IRQ c1=0
DMA IRQ c2=0
DMA IRQ c3=0
SELECT busy=166
SELECT w0=91
SELECT w1=75
SELECT w2=93
BUSY TASK ewma=997
DMA IRQ c0=2
DMA IRQ c1=0
DMA IRQ c2=0
DMA IRQ c3=0
SELECT busy=175
SELECT w0=100
SELECT w1=82
SELECT w2=103
BUSY TASK ewma=997
DMA IRQ c0=2
DMA IRQ c1=0
DMA IRQ c2=0
DMA IRQ c3=0
SELECT busy=184
SELECT w0=109
SELECT w1=88
SELECT w2=112
BUSY TASK ewma=997
DMA IRQ c0=2
DMA IRQ c1=0
DMA IRQ c2=0
DMA IRQ c3=0
SELECT busy=194
SELECT w0=119
SELECT w1=95
SELECT w2=121
BUSY TASK ewma=997
DMA IRQ c0=2
DMA IRQ c1=0
DMA IRQ c2=0
DMA IRQ c3=0
SELECT busy=204
SELECT w0=129
SELECT w1=102
SELECT w2=132
BUSY TASK ewma=997
DMA IRQ c0=2
DMA IRQ c1=0
DMA IRQ c2=0
DMA IRQ c3=0
SELECT busy=215
SELECT w0=140
SELECT w1=110
SELECT w2=142
BUSY TASK ewma=997
DMA IRQ c0=2
DMA IRQ c1=0
DMA IRQ c2=0
DMA IRQ c3=0
SELECT busy=225
SELECT w0=150
SELECT w1=117
SELECT w2=152
BUSY TASK ewma=997
DMA IRQ c0=2
DMA IRQ c1=0
DMA IRQ c2=0
DMA IRQ c3=0
SELECT busy=234
SELECT w0=159
SELECT w1=123
SELECT w2=161
BUSY TASK ewma=997
DMA IRQ c0=2
DMA IRQ c1=0
DMA IRQ c2=0
DMA IRQ c3=0
SELECT busy=243
SELECT w0=168
SELECT w1=130
SELECT w2=170
BUSY TASK ewma=997
DMA IRQ c0=2
DMA IRQ c1=0
DMA IRQ c2=0
DMA IRQ c3=0
SELECT busy=251
SELECT w0=176
SELECT w1=135
SELECT w2=178
BUSY TASK ewma=997
DMA IRQ c0=2
DMA IRQ c1=0
DMA IRQ c2=0
DMA IRQ c3=0
SELECT busy=261
SELECT w0=186
SELECT w1=143
SELECT w2=188
BUSY TASK ewma=997
DMA IRQ c0=2
DMA IRQ c1=0
DMA IRQ c2=0
DMA IRQ c3=0
SELECT busy=272
SELECT w0=197
SELECT w1=150
SELECT w2=199
BUSY TASK ewma=997
DMA IRQ c0=2
DMA IRQ c1=0
DMA IRQ c2=0
DMA IRQ c3=0
SELECT busy=283
SELECT w0=208
SELECT w1=158
SELECT w2=210
BUSY TASK ewma=997
DMA IRQ c0=2
DMA IRQ c1=0
DMA IRQ c2=0
DMA IRQ c3=0
SELECT busy=293
SELECT w0=219
SELECT w1=166
SELECT w2=221
BUSY TASK ewma=997
DMA IRQ c0=2
DMA IRQ c1=0
DMA IRQ c2=0
DMA IRQ c3=0
SELECT busy=305
SELECT w0=230
SELECT w1=175
SELECT w2=233
BUSY TASK ewma=997
DMA IRQ c0=2
DMA IRQ c1=0
DMA IRQ c2=0
DMA IRQ c3=0
SELECT busy=316
SELECT w0=241
SELECT w1=183
SELECT w2=244
BUSY TASK ewma=997
DMA IRQ c0=2
DMA IRQ c1=0
DMA IRQ c2=0
DMA IRQ c3=0
SELECT busy=327
SELECT w0=252
SELECT w1=190
SELECT w2=254
BUSY TASK ewma=997
DMA IRQ c0=2
DMA IRQ c1=0
DMA IRQ c2=0
DMA IRQ c3=0
SELECT busy=338
SELECT w0=263
SELECT w1=198
SELECT w2=265
BUSY TASK ewma=997
DMA IRQ c0=2
DMA IRQ c1=0
DMA IRQ c2=0
DMA IRQ c3=0
SELECT busy=348
SELECT w0=273
SELECT w1=205
SELECT w2=275
BUSY TASK ewma=997
DMA IRQ c0=2
DMA IRQ c1=0
DMA IRQ c2=0
DMA IRQ c3=0
SELECT busy=357
SELECT w0=282
SELECT w1=212
SELECT w2=284
BUSY TASK ewma=997
DMA IRQ c0=2
DMA IRQ c1=0
DMA IRQ c2=0
DMA IRQ c3=0
SELECT busy=365
SELECT w0=290
SELECT w1=218
SELECT w2=292
BUSY TASK ewma=997
DMA IRQ c0=2
DMA IRQ c1=0
DMA IRQ c2=0
DMA IRQ c3=0
SELECT busy=373
SELECT w0=298
SELECT w1=224
SELECT w2=301
BUSY TASK ewma=997
DMA IRQ c0=2
DMA IRQ c1=0
DMA IRQ c2=0
DMA IRQ c3=0
SELECT busy=382
SELECT w0=307
SELECT w1=230
SELECT w2=309
BUSY TASK ewma=997
DMA IRQ c0=2
DMA IRQ c1=0
DMA IRQ c2=0
DMA IRQ c3=0
SELECT busy=390
SELECT w0=315
SELECT w1=236
SELECT w2=317
BUSY TASK ewma=997
DMA IRQ c0=2
DMA IRQ c1=0
DMA IRQ c2=0
DMA IRQ c3=0
SELECT busy=398
SELECT w0=323
SELECT w1=241
SELECT w2=325
BUSY TASK ewma=997
DMA IRQ c0=2
DMA IRQ c1=0
DMA IRQ c2=0
DMA IRQ c3=0
SELECT busy=407
SELECT w0=332
SELECT w1=248
SELECT w2=334
BUSY TASK ewma=997
DMA IRQ c0=2
DMA IRQ c1=0
DMA IRQ c2=0
DMA IRQ c3=0
SELECT busy=415
SELECT w0=340
SELECT w1=254
SELECT w2=343
BUSY TASK ewma=997
DMA IRQ c0=2
DMA IRQ c1=0
DMA IRQ c2=0
DMA IRQ c3=0
SELECT busy=424
SELECT w0=349
SELECT w1=260
SELECT w2=351
BUSY TASK ewma=997
DMA IRQ c0=2
DMA IRQ c1=0
DMA IRQ c2=0
DMA IRQ c3=0
SELECT busy=432
SELECT w0=357
SELECT w1=266
SELECT w2=360
BUSY TASK ewma=997
DMA IRQ c0=2
DMA IRQ c1=0
DMA IRQ c2=0
DMA IRQ c3=0
SELECT busy=440
SELECT w0=365
SELECT w1=272
SELECT w2=368
BUSY TASK ewma=997
DMA IRQ c0=2
DMA IRQ c1=0
DMA IRQ c2=0
DMA IRQ c3=0
SELECT busy=449
SELECT w0=374
SELECT w1=278
SELECT w2=376
BUSY TASK ewma=997
DMA IRQ c0=2
DMA IRQ c1=0
DMA IRQ c2=0
DMA IRQ c3=0
SELECT busy=457
SELECT w0=382
SELECT w1=284
SELECT w2=384
BUSY TASK ewma=997
DMA IRQ c0=2
DMA IRQ c1=0
DMA IRQ c2=0
DMA IRQ c3=0
SELECT busy=466
SELECT w0=391
SELECT w1=290
SELECT w2=393
BUSY TASK ewma=997
DMA IRQ c0=2
DMA IRQ c1=0
DMA IRQ c2=0
DMA IRQ c3=0
SELECT busy=474
SELECT w0=399
SELECT w1=296
SELECT w2=401
BUSY TASK ewma=997
DMA IRQ c0=2
DMA IRQ c1=0
DMA IRQ c2=0
DMA IRQ c3=0
SELECT busy=483
SELECT w0=408
SELECT w1=303
SELECT w2=410
BUSY TASK ewma=997
DMA IRQ c0=2
DMA IRQ c1=0
DMA IRQ c2=0
DMA IRQ c3=0
SELECT busy=493
SELECT w0=418
SELECT w1=310
SELECT w2=420
BUSY TASK ewma=997
DMA IRQ c0=2
DMA IRQ c1=0
DMA IRQ c2=0
DMA IRQ c3=0
SELECT busy=503
SELECT w0=428
SELECT w1=317
SELECT w2=430
BUSY TASK ewma=997
DMA IRQ c0=2
DMA IRQ c1=0
DMA IRQ c2=0
DMA IRQ c3=0
SELECT busy=513
SELECT w0=438
SELECT w1=324
SELECT w2=440
BUSY TASK ewma=997
DMA IRQ c0=2
DMA IRQ c1=0
DMA IRQ c2=0
DMA IRQ c3=0
SELECT busy=523
SELECT w0=449
SELECT w1=332
SELECT w2=451
BUSY TASK ewma=997
DMA IRQ c0=2
DMA IRQ c1=0
DMA IRQ c2=0
DMA IRQ c3=0
SELECT busy=534
SELECT w0=459
SELECT w1=339
SELECT w2=461
BUSY TASK ewma=997
DMA IRQ c0=2
DMA IRQ c1=0
DMA IRQ c2=0
DMA IRQ c3=0
SELECT busy=544
SELECT w0=470
SELECT w1=347
SELECT w2=472
BUSY TASK ewma=997
DMA IRQ c0=2
DMA IRQ c1=0
DMA IRQ c2=0
DMA IRQ c3=0
SELECT busy=558
SELECT w0=483
SELECT w1=357
SELECT w2=485
BUSY TASK ewma=997
DMA IRQ c0=2
DMA IRQ c1=0
DMA IRQ c2=0
DMA IRQ c3=0
SELECT busy=569
SELECT w0=494
SELECT w1=364
SELECT w2=496
BUSY TASK ewma=997
DMA IRQ c0=2
DMA IRQ c1=0
DMA IRQ c2=0
DMA IRQ c3=0
SELECT busy=580
SELECT w0=505
SELECT w1=372
SELECT w2=507
BUSY TASK ewma=997
DMA IRQ c0=2
DMA IRQ c1=0
DMA IRQ c2=0
DMA IRQ c3=0
SELECT busy=591
SELECT w0=517
SELECT w1=381
SELECT w2=519
BUSY TASK ewma=997
DMA IRQ c0=2
DMA IRQ c1=0
DMA IRQ c2=0
DMA IRQ c3=0
SELECT busy=603
SELECT w0=528
SELECT w1=389
SELECT w2=530
BUSY TASK ewma=997
DMA IRQ c0=2
DMA IRQ c1=0
DMA IRQ c2=0
DMA IRQ c3=0
SELECT busy=613
SELECT w0=539
SELECT w1=397
SELECT w2=541
BUSY TASK ewma=997
DMA IRQ c0=2
DMA IRQ c1=0
DMA IRQ c2=0
DMA IRQ c3=0
SELECT busy=624
SELECT w0=549
SELECT w1=404
SELECT w2=551
BUSY TASK ewma=997
IRQ counts: cpu0=1748 cpu1=1677 cpu2=0 cpu3=0
SCHED secondaries: calls=1677 unexpected=0
SECTEST switches=1663 cpu1=35761329,35868966 cpu2=0,0 cpu3=0,0
PINGPONG rounds=0 pongs=0
DMA IRQ c0=2
DMA IRQ c1=0
DMA IRQ c2=0
DMA IRQ c3=0
SELECT busy=634
SELECT w0=560
SELECT w1=412
SELECT w2=562
BUSY TASK ewma=997
DMA IRQ c0=2
DMA IRQ c1=0
DMA IRQ c2=0
DMA IRQ c3=0
SELECT busy=643
SELECT w0=568
SELECT w1=417
SELECT w2=570
BUSY TASK ewma=997
DMA IRQ c0=2
DMA IRQ c1=0
DMA IRQ c2=0
DMA IRQ c3=0
SELECT busy=651
SELECT w0=576
SELECT w1=423
SELECT w2=578
BUSY TASK ewma=997
DMA IRQ c0=2
DMA IRQ c1=0
DMA IRQ c2=0
DMA IRQ c3=0
SELECT busy=659
SELECT w0=584
SELECT w1=429
SELECT w2=586
BUSY TASK ewma=997
DMA IRQ c0=2
DMA IRQ c1=0
DMA IRQ c2=0
DMA IRQ c3=0
SELECT busy=668
SELECT w0=593
SELECT w1=436
SELECT w2=595
BUSY TASK ewma=997
DMA IRQ c0=2
DMA IRQ c1=0
DMA IRQ c2=0
DMA IRQ c3=0
SELECT busy=677
SELECT w0=602
SELECT w1=443
SELECT w2=604
BUSY TASK ewma=997
DMA IRQ c0=2
DMA IRQ c1=0
DMA IRQ c2=0
DMA IRQ c3=0
SELECT busy=688
SELECT w0=613
SELECT w1=451
SELECT w2=615
BUSY TASK ewma=997
DMA IRQ c0=2
DMA IRQ c1=0
DMA IRQ c2=0
DMA IRQ c3=0
SELECT busy=699
SELECT w0=624
SELECT w1=459
SELECT w2=626
BUSY TASK ewma=997
DMA IRQ c0=2
DMA IRQ c1=0
DMA IRQ c2=0
DMA IRQ c3=0
SELECT busy=708
SELECT w0=633
SELECT w1=465
SELECT w2=635
BUSY TASK ewma=997
DMA IRQ c0=2
DMA IRQ c1=0
DMA IRQ c2=0
DMA IRQ c3=0
SELECT busy=716
SELECT w0=641
SELECT w1=471
SELECT w2=643
BUSY TASK ewma=997
DMA IRQ c0=2
DMA IRQ c1=0
DMA IRQ c2=0
DMA IRQ c3=0
SELECT busy=724
SELECT w0=649
SELECT w1=477
SELECT w2=651
BUSY TASK ewma=997
DMA IRQ c0=2
DMA IRQ c1=0
DMA IRQ c2=0
DMA IRQ c3=0
SELECT busy=733
SELECT w0=658
SELECT w1=483
SELECT w2=660
BUSY TASK ewma=997
DMA IRQ c0=2
DMA IRQ c1=0
DMA IRQ c2=0
DMA IRQ c3=0
SELECT busy=741
SELECT w0=666
SELECT w1=489
SELECT w2=668
BUSY TASK ewma=997
DMA IRQ c0=2
DMA IRQ c1=0
DMA IRQ c2=0
DMA IRQ c3=0
SELECT busy=749
SELECT w0=674
SELECT w1=495
SELECT w2=676
BUSY TASK ewma=997
DMA IRQ c0=2
DMA IRQ c1=0
DMA IRQ c2=0
DMA IRQ c3=0
SELECT busy=758
SELECT w0=683
SELECT w1=501
SELECT w2=685
BUSY TASK ewma=997
DMA IRQ c0=2
DMA IRQ c1=0
DMA IRQ c2=0
DMA IRQ c3=0
SELECT busy=766
SELECT w0=691
SELECT w1=508
SELECT w2=694
BUSY TASK ewma=997
DMA IRQ c0=2
DMA IRQ c1=0
DMA IRQ c2=0
DMA IRQ c3=0
SELECT busy=775
SELECT w0=700
SELECT w1=513
SELECT w2=702
BUSY TASK ewma=997
DMA IRQ c0=2
DMA IRQ c1=0
DMA IRQ c2=0
DMA IRQ c3=0
SELECT busy=783
SELECT w0=708
SELECT w1=519
SELECT w2=710
BUSY TASK ewma=997
DMA IRQ c0=2
DMA IRQ c1=0
DMA IRQ c2=0
DMA IRQ c3=0
SELECT busy=793
SELECT w0=718
SELECT w1=527
SELECT w2=720
BUSY TASK ewma=997
DMA IRQ c0=2
DMA IRQ c1=0
DMA IRQ c2=0
DMA IRQ c3=0
SELECT busy=803
SELECT w0=728
SELECT w1=534
SELECT w2=730
BUSY TASK ewma=997
DMA IRQ c0=2
DMA IRQ c1=0
DMA IRQ c2=0
DMA IRQ c3=0
SELECT busy=812
SELECT w0=737
SELECT w1=541
SELECT w2=740
BUSY TASK ewma=997
DMA IRQ c0=2
DMA IRQ c1=0
DMA IRQ c2=0
DMA IRQ c3=0
SELECT busy=822
SELECT w0=747
SELECT w1=547
SELECT w2=749
BUSY TASK ewma=997
DMA IRQ c0=2
DMA IRQ c1=0
DMA IRQ c2=0
DMA IRQ c3=0
SELECT busy=832
SELECT w0=758
SELECT w1=555
SELECT w2=760
BUSY TASK ewma=997
DMA IRQ c0=2
DMA IRQ c1=0
DMA IRQ c2=0
DMA IRQ c3=0
SELECT busy=843
SELECT w0=768
SELECT w1=562
SELECT w2=770
BUSY TASK ewma=997
DMA IRQ c0=2
DMA IRQ c1=0
DMA IRQ c2=0
DMA IRQ c3=0
SELECT busy=853
SELECT w0=778
SELECT w1=569
SELECT w2=780
BUSY TASK ewma=997
DMA IRQ c0=2
DMA IRQ c1=0
DMA IRQ c2=0
DMA IRQ c3=0
SELECT busy=863
SELECT w0=788
SELECT w1=577
SELECT w2=790
BUSY TASK ewma=997
DMA IRQ c0=2
DMA IRQ c1=0
DMA IRQ c2=0
DMA IRQ c3=0
SELECT busy=872
SELECT w0=797
SELECT w1=583
SELECT w2=799
BUSY TASK ewma=997
DMA IRQ c0=2
DMA IRQ c1=0
DMA IRQ c2=0
DMA IRQ c3=0
SELECT busy=881
SELECT w0=806
SELECT w1=590
SELECT w2=808
BUSY TASK ewma=997
DMA IRQ c0=2
DMA IRQ c1=0
DMA IRQ c2=0
DMA IRQ c3=0
SELECT busy=890
SELECT w0=815
SELECT w1=596
SELECT w2=817
BUSY TASK ewma=997
DMA IRQ c0=2
DMA IRQ c1=0
DMA IRQ c2=0
DMA IRQ c3=0
SELECT busy=899
SELECT w0=825
SELECT w1=603
SELECT w2=827
BUSY TASK ewma=997
DMA IRQ c0=2
DMA IRQ c1=0
DMA IRQ c2=0
DMA IRQ c3=0
SELECT busy=909
SELECT w0=834
SELECT w1=610
SELECT w2=836
BUSY TASK ewma=997
DMA IRQ c0=2
DMA IRQ c1=0
DMA IRQ c2=0
DMA IRQ c3=0
SELECT busy=917
SELECT w0=842
SELECT w1=615
SELECT w2=844
BUSY TASK ewma=997
DMA IRQ c0=2
DMA IRQ c1=0
DMA IRQ c2=0
DMA IRQ c3=0
SELECT busy=925
SELECT w0=850
SELECT w1=622
SELECT w2=853
BUSY TASK ewma=997
DMA IRQ c0=2
DMA IRQ c1=0
DMA IRQ c2=0
DMA IRQ c3=0
SELECT busy=934
SELECT w0=859
SELECT w1=627
SELECT w2=861
BUSY TASK ewma=997
DMA IRQ c0=2
DMA IRQ c1=0
DMA IRQ c2=0
DMA IRQ c3=0
SELECT busy=942
SELECT w0=867
SELECT w1=633
SELECT w2=869
BUSY TASK ewma=997
DMA IRQ c0=2
DMA IRQ c1=0
DMA IRQ c2=0
DMA IRQ c3=0
SELECT busy=950
SELECT w0=875
SELECT w1=639
SELECT w2=877
BUSY TASK ewma=997
DMA IRQ c0=2
DMA IRQ c1=0
DMA IRQ c2=0
DMA IRQ c3=0
SELECT busy=958
SELECT w0=883
SELECT w1=645
SELECT w2=885
BUSY TASK ewma=997
DMA IRQ c0=2
DMA IRQ c1=0
DMA IRQ c2=0
DMA IRQ c3=0
SELECT busy=967
SELECT w0=892
SELECT w1=651
SELECT w2=894
BUSY TASK ewma=997
DMA IRQ c0=2
DMA IRQ c1=0
DMA IRQ c2=0
DMA IRQ c3=0
SELECT busy=975
SELECT w0=900
SELECT w1=657
SELECT w2=902
BUSY TASK ewma=997
DMA IRQ c0=2
DMA IRQ c1=0
DMA IRQ c2=0
DMA IRQ c3=0
SELECT busy=983
SELECT w0=908
SELECT w1=663
SELECT w2=910
BUSY TASK ewma=997
DMA IRQ c0=2
DMA IRQ c1=0
DMA IRQ c2=0
DMA IRQ c3=0
SELECT busy=992
SELECT w0=917
SELECT w1=669
SELECT w2=919
BUSY TASK ewma=997
DMA IRQ c0=2
DMA IRQ c1=0
DMA IRQ c2=0
DMA IRQ c3=0
SELECT busy=1000
SELECT w0=925
SELECT w1=675
SELECT w2=927
BUSY TASK ewma=997
DMA IRQ c0=2
DMA IRQ c1=0
DMA IRQ c2=0
DMA IRQ c3=0
SELECT busy=1008
SELECT w0=933
SELECT w1=681
SELECT w2=936
BUSY TASK ewma=997
DMA IRQ c0=2
DMA IRQ c1=0
DMA IRQ c2=0
DMA IRQ c3=0
SELECT busy=1016
SELECT w0=941
SELECT w1=687
SELECT w2=944
BUSY TASK ewma=997
DMA IRQ c0=2
DMA IRQ c1=0
DMA IRQ c2=0
DMA IRQ c3=0
SELECT busy=1025
SELECT w0=950
SELECT w1=693
SELECT w2=952
BUSY TASK ewma=997
DMA IRQ c0=2
DMA IRQ c1=0
DMA IRQ c2=0
DMA IRQ c3=0
SELECT busy=1033
SELECT w0=958
SELECT w1=698
SELECT w2=960
BUSY TASK ewma=997
DMA IRQ c0=2
DMA IRQ c1=0
DMA IRQ c2=0
DMA IRQ c3=0
SELECT busy=1041
SELECT w0=967
SELECT w1=705
SELECT w2=969
BUSY TASK ewma=997
DMA IRQ c0=2
DMA IRQ c1=0
DMA IRQ c2=0
DMA IRQ c3=0
SELECT busy=1050
SELECT w0=975
SELECT w1=710
SELECT w2=977
BUSY TASK ewma=997
DMA IRQ c0=2
DMA IRQ c1=0
DMA IRQ c2=0
DMA IRQ c3=0
SELECT busy=1058
SELECT w0=983
SELECT w1=716
SELECT w2=985
BUSY TASK ewma=997
DMA IRQ c0=2
DMA IRQ c1=0
DMA IRQ c2=0
DMA IRQ c3=0
SELECT busy=1066
SELECT w0=992
SELECT w1=722
SELECT w2=994
BUSY TASK ewma=997
DMA IRQ c0=2
DMA IRQ c1=0
DMA IRQ c2=0
DMA IRQ c3=0
SELECT busy=1075
SELECT w0=1000
SELECT w1=728
SELECT w2=1002
BUSY TASK ewma=997
DMA IRQ c0=2
DMA IRQ c1=0
DMA IRQ c2=0
DMA IRQ c3=0
SELECT busy=1083
SELECT w0=1008
SELECT w1=734
SELECT w2=1010
BUSY TASK ewma=997
DMA IRQ c0=2
DMA IRQ c1=0
DMA IRQ c2=0
DMA IRQ c3=0
SELECT busy=1092
SELECT w0=1017
SELECT w1=740
SELECT w2=1019
BUSY TASK ewma=997
DMA IRQ c0=2
DMA IRQ c1=0
DMA IRQ c2=0
DMA IRQ c3=0
SELECT busy=1100
SELECT w0=1025
SELECT w1=746
SELECT w2=1027
BUSY TASK ewma=997
DMA IRQ c0=2
DMA IRQ c1=0
DMA IRQ c2=0
DMA IRQ c3=0
SELECT busy=1108
SELECT w0=1034
SELECT w1=753
SELECT w2=1036
BUSY TASK ewma=997
DMA IRQ c0=2
DMA IRQ c1=0
DMA IRQ c2=0
DMA IRQ c3=0
SELECT busy=1117
SELECT w0=1042
SELECT w1=758
SELECT w2=1044
BUSY TASK ewma=997
DMA IRQ c0=2
DMA IRQ c1=0
DMA IRQ c2=0
DMA IRQ c3=0
SELECT busy=1125
SELECT w0=1050
SELECT w1=764
SELECT w2=1052
BUSY TASK ewma=997
DMA IRQ c0=2
DMA IRQ c1=0
DMA IRQ c2=0
DMA IRQ c3=0
SELECT busy=1133
SELECT w0=1058
SELECT w1=770
SELECT w2=1060
BUSY TASK ewma=997
DMA IRQ c0=2
DMA IRQ c1=0
DMA IRQ c2=0
DMA IRQ c3=0
SELECT busy=1142
SELECT w0=1067
SELECT w1=776
SELECT w2=1069
BUSY TASK ewma=997
DMA IRQ c0=2
DMA IRQ c1=0
DMA IRQ c2=0
DMA IRQ c3=0
SELECT busy=1150
SELECT w0=1075
SELECT w1=782
SELECT w2=1077
BUSY TASK ewma=997
DMA IRQ c0=2
DMA IRQ c1=0
DMA IRQ c2=0
DMA IRQ c3=0
SELECT busy=1160
SELECT w0=1085
SELECT w1=790
SELECT w2=1088
BUSY TASK ewma=997
DMA IRQ c0=2
DMA IRQ c1=0
DMA IRQ c2=0
DMA IRQ c3=0
SELECT busy=1171
SELECT w0=1096
SELECT w1=797
SELECT w2=1098
BUSY TASK ewma=997
DMA IRQ c0=2
DMA IRQ c1=0
DMA IRQ c2=0
DMA IRQ c3=0
SELECT busy=1180
SELECT w0=1105
SELECT w1=804
SELECT w2=1107
BUSY TASK ewma=997
DMA IRQ c0=2
DMA IRQ c1=0
DMA IRQ c2=0
DMA IRQ c3=0
SELECT busy=1188
SELECT w0=1113
SELECT w1=810
SELECT w2=1115
BUSY TASK ewma=997
IRQ counts: cpu0=3437 cpu1=3297 cpu2=0 cpu3=0
SCHED secondaries: calls=3297 unexpected=0
SECTEST switches=3282 cpu1=73453574,73452371 cpu2=0,0 cpu3=0,0
PINGPONG rounds=0 pongs=0
DMA IRQ c0=2
DMA IRQ c1=0
DMA IRQ c2=0
DMA IRQ c3=0
SELECT busy=1197
SELECT w0=1122
SELECT w1=816
SELECT w2=1124
BUSY TASK ewma=997
DMA IRQ c0=2
DMA IRQ c1=0
DMA IRQ c2=0
DMA IRQ c3=0
SELECT busy=1206
SELECT w0=1131
SELECT w1=823
SELECT w2=1133
BUSY TASK ewma=997
DMA IRQ c0=2
DMA IRQ c1=0
DMA IRQ c2=0
DMA IRQ c3=0
SELECT busy=1214
SELECT w0=1139
SELECT w1=828
SELECT w2=1141
BUSY TASK ewma=997
DMA IRQ c0=2
DMA IRQ c1=0
DMA IRQ c2=0
DMA IRQ c3=0
SELECT busy=1222
SELECT w0=1147
SELECT w1=834
SELECT w2=1149
BUSY TASK ewma=997
DMA IRQ c0=2
DMA IRQ c1=0
DMA IRQ c2=0
DMA IRQ c3=0
SELECT busy=1230
SELECT w0=1155
SELECT w1=840
SELECT w2=1157
BUSY TASK ewma=997
DMA IRQ c0=2
DMA IRQ c1=0
DMA IRQ c2=0
DMA IRQ c3=0
SELECT busy=1238
SELECT w0=1163
SELECT w1=846
SELECT w2=1166
BUSY TASK ewma=997
DMA IRQ c0=2
DMA IRQ c1=0
DMA IRQ c2=0
DMA IRQ c3=0
SELECT busy=1247
SELECT w0=1172
SELECT w1=852
SELECT w2=1174
BUSY TASK ewma=997
DMA IRQ c0=2
DMA IRQ c1=0
DMA IRQ c2=0
DMA IRQ c3=0
SELECT busy=1254
SELECT w0=1179
SELECT w1=857
SELECT w2=1181
BUSY TASK ewma=997
DMA IRQ c0=2
DMA IRQ c1=0
DMA IRQ c2=0
DMA IRQ c3=0
SELECT busy=1262
SELECT w0=1187
SELECT w1=863
SELECT w2=1189
BUSY TASK ewma=997
DMA IRQ c0=2
DMA IRQ c1=0
DMA IRQ c2=0
DMA IRQ c3=0
SELECT busy=1270
SELECT w0=1195
SELECT w1=869
SELECT w2=1197
BUSY TASK ewma=997
DMA IRQ c0=2
DMA IRQ c1=0
DMA IRQ c2=0
DMA IRQ c3=0
SELECT busy=1278
SELECT w0=1204
SELECT w1=875
SELECT w2=1206
BUSY TASK ewma=997
DMA IRQ c0=2
DMA IRQ c1=0
DMA IRQ c2=0
DMA IRQ c3=0
SELECT busy=1289
SELECT w0=1214
SELECT w1=883
SELECT w2=1216
BUSY TASK ewma=997
DMA IRQ c0=2
DMA IRQ c1=0
DMA IRQ c2=0
DMA IRQ c3=0
SELECT busy=1305
SELECT w0=1230
SELECT w1=894
SELECT w2=1232
BUSY TASK ewma=997
DMA IRQ c0=2
DMA IRQ c1=0
DMA IRQ c2=0
DMA IRQ c3=0
SELECT busy=1320
SELECT w0=1245
SELECT w1=905
SELECT w2=1248
BUSY TASK ewma=997
DMA IRQ c0=2
DMA IRQ c1=0
DMA IRQ c2=0
DMA IRQ c3=0
SELECT busy=1337
SELECT w0=1263
SELECT w1=918
SELECT w2=1265
BUSY TASK ewma=997
DMA IRQ c0=2
DMA IRQ c1=0
DMA IRQ c2=0
DMA IRQ c3=0
SELECT busy=1358
SELECT w0=1284
SELECT w1=933
SELECT w2=1286
BUSY TASK ewma=997
DMA IRQ c0=2
DMA IRQ c1=0
DMA IRQ c2=0
DMA IRQ c3=0
SELECT busy=1374
SELECT w0=1299
SELECT w1=944
SELECT w2=1302
BUSY TASK ewma=997
DMA IRQ c0=2
DMA IRQ c1=0
DMA IRQ c2=0
DMA IRQ c3=0
SELECT busy=1389
SELECT w0=1315
SELECT w1=955
SELECT w2=1317
BUSY TASK ewma=997
DMA IRQ c0=2
DMA IRQ c1=0
DMA IRQ c2=0
DMA IRQ c3=0
SELECT busy=1407
SELECT w0=1332
SELECT w1=967
SELECT w2=1334
BUSY TASK ewma=997
DMA IRQ c0=2
DMA IRQ c1=0
DMA IRQ c2=0
DMA IRQ c3=0
SELECT busy=1422
SELECT w0=1347
SELECT w1=979
SELECT w2=1350
BUSY TASK ewma=997
DMA IRQ c0=2
DMA IRQ c1=0
DMA IRQ c2=0
DMA IRQ c3=0
SELECT busy=1436
SELECT w0=1361
SELECT w1=988
SELECT w2=1363
BUSY TASK ewma=997
DMA IRQ c0=2
DMA IRQ c1=0
DMA IRQ c2=0
DMA IRQ c3=0
SELECT busy=1453
SELECT w0=1378
SELECT w1=1000
SELECT w2=1380
BUSY TASK ewma=997
DMA IRQ c0=2
DMA IRQ c1=0
DMA IRQ c2=0
DMA IRQ c3=0
SELECT busy=1468
SELECT w0=1393
SELECT w1=1011
SELECT w2=1395
BUSY TASK ewma=997
DMA IRQ c0=2
DMA IRQ c1=0
DMA IRQ c2=0
DMA IRQ c3=0
SELECT busy=1479
SELECT w0=1404
SELECT w1=1019
SELECT w2=1406
BUSY TASK ewma=997
DMA IRQ c0=2
DMA IRQ c1=0
DMA IRQ c2=0
DMA IRQ c3=0
SELECT busy=1489
SELECT w0=1414
SELECT w1=1027
SELECT w2=1417
BUSY TASK ewma=997
DMA IRQ c0=2
DMA IRQ c1=0
DMA IRQ c2=0
DMA IRQ c3=0
SELECT busy=1500
SELECT w0=1425
SELECT w1=1034
SELECT w2=1427
BUSY TASK ewma=997
DMA IRQ c0=2
DMA IRQ c1=0
DMA IRQ c2=0
DMA IRQ c3=0
SELECT busy=1510
SELECT w0=1435
SELECT w1=1042
SELECT w2=1438
BUSY TASK ewma=997
DMA IRQ c0=2
DMA IRQ c1=0
DMA IRQ c2=0
DMA IRQ c3=0
SELECT busy=1519
SELECT w0=1445
SELECT w1=1049
SELECT w2=1447
BUSY TASK ewma=997
DMA IRQ c0=2
DMA IRQ c1=0
DMA IRQ c2=0
DMA IRQ c3=0
SELECT busy=1529
SELECT w0=1454
SELECT w1=1055
SELECT w2=1456
BUSY TASK ewma=997
DMA IRQ c0=2
DMA IRQ c1=0
DMA IRQ c2=0
DMA IRQ c3=0
SELECT busy=1538
SELECT w0=1463
SELECT w1=1062
SELECT w2=1465
BUSY TASK ewma=997
DMA IRQ c0=2
DMA IRQ c1=0
DMA IRQ c2=0
DMA IRQ c3=0
SELECT busy=1546
SELECT w0=1471
SELECT w1=1068
SELECT w2=1474
BUSY TASK ewma=997
DMA IRQ c0=2
DMA IRQ c1=0
DMA IRQ c2=0
DMA IRQ c3=0
SELECT busy=1555
SELECT w0=1480
SELECT w1=1074
SELECT w2=1483
BUSY TASK ewma=997
DMA IRQ c0=2
DMA IRQ c1=0
DMA IRQ c2=0
DMA IRQ c3=0
SELECT busy=1564
SELECT w0=1489
SELECT w1=1080
SELECT w2=1491
BUSY TASK ewma=997
DMA IRQ c0=2
DMA IRQ c1=0
DMA IRQ c2=0
DMA IRQ c3=0
SELECT busy=1573
SELECT w0=1498
SELECT w1=1087
SELECT w2=1500
BUSY TASK ewma=997
DMA IRQ c0=2
DMA IRQ c1=0
DMA IRQ c2=0
DMA IRQ c3=0
SELECT busy=1582
SELECT w0=1507
SELECT w1=1093
SELECT w2=1509
BUSY TASK ewma=997
DMA IRQ c0=2
DMA IRQ c1=0
DMA IRQ c2=0
DMA IRQ c3=0
SELECT busy=1592
SELECT w0=1517
SELECT w1=1100
SELECT w2=1519
BUSY TASK ewma=997
DMA IRQ c0=2
DMA IRQ c1=0
DMA IRQ c2=0
DMA IRQ c3=0
SELECT busy=1602
SELECT w0=1527
SELECT w1=1107
SELECT w2=1529
BUSY TASK ewma=997
DMA IRQ c0=2
DMA IRQ c1=0
DMA IRQ c2=0
DMA IRQ c3=0
SELECT busy=1611
SELECT w0=1536
SELECT w1=1114
SELECT w2=1539
BUSY TASK ewma=997
DMA IRQ c0=2
DMA IRQ c1=0
DMA IRQ c2=0
DMA IRQ c3=0
SELECT busy=1620
SELECT w0=1546
SELECT w1=1121
SELECT w2=1548
BUSY TASK ewma=997
DMA IRQ c0=2
DMA IRQ c1=0
DMA IRQ c2=0
DMA IRQ c3=0
SELECT busy=1629
SELECT w0=1554
SELECT w1=1128
SELECT w2=1557
BUSY TASK ewma=997
DMA IRQ c0=2
DMA IRQ c1=0
DMA IRQ c2=0
DMA IRQ c3=0
SELECT busy=1639
SELECT w0=1564
SELECT w1=1134
SELECT w2=1566
BUSY TASK ewma=997
DMA IRQ c0=2
DMA IRQ c1=0
DMA IRQ c2=0
DMA IRQ c3=0
SELECT busy=1648
SELECT w0=1573
SELECT w1=1141
SELECT w2=1575
BUSY TASK ewma=997
DMA IRQ c0=2
DMA IRQ c1=0
DMA IRQ c2=0
DMA IRQ c3=0
SELECT busy=1656
SELECT w0=1581
SELECT w1=1147
SELECT w2=1583
BUSY TASK ewma=997
DMA IRQ c0=2
DMA IRQ c1=0
DMA IRQ c2=0
DMA IRQ c3=0
SELECT busy=1665
SELECT w0=1590
SELECT w1=1153
SELECT w2=1592
BUSY TASK ewma=997
DMA IRQ c0=2
DMA IRQ c1=0
DMA IRQ c2=0
DMA IRQ c3=0
SELECT busy=1674
SELECT w0=1599
SELECT w1=1160
SELECT w2=1601
BUSY TASK ewma=997
DMA IRQ c0=2
DMA IRQ c1=0
DMA IRQ c2=0
DMA IRQ c3=0
SELECT busy=1682
SELECT w0=1607
SELECT w1=1165
SELECT w2=1609
BUSY TASK ewma=997
DMA IRQ c0=2
DMA IRQ c1=0
DMA IRQ c2=0
DMA IRQ c3=0
SELECT busy=1690
SELECT w0=1615
SELECT w1=1171
SELECT w2=1618
BUSY TASK ewma=997
DMA IRQ c0=2
DMA IRQ c1=0
DMA IRQ c2=0
DMA IRQ c3=0
SELECT busy=1699
SELECT w0=1624
SELECT w1=1178
SELECT w2=1626
BUSY TASK ewma=997
DMA IRQ c0=2
DMA IRQ c1=0
DMA IRQ c2=0
DMA IRQ c3=0
SELECT busy=1707
SELECT w0=1632
SELECT w1=1184
SELECT w2=1634
BUSY TASK ewma=997
DMA IRQ c0=2
DMA IRQ c1=0
DMA IRQ c2=0
DMA IRQ c3=0
SELECT busy=1715
SELECT w0=1640
SELECT w1=1189
SELECT w2=1642
BUSY TASK ewma=997
DMA IRQ c0=2
DMA IRQ c1=0
DMA IRQ c2=0
DMA IRQ c3=0
SELECT busy=1723
SELECT w0=1648
SELECT w1=1195
SELECT w2=1651
BUSY TASK ewma=997
DMA IRQ c0=2
DMA IRQ c1=0
DMA IRQ c2=0
DMA IRQ c3=0
SELECT busy=1732
SELECT w0=1657
SELECT w1=1201
SELECT w2=1659
BUSY TASK ewma=997
DMA IRQ c0=2
DMA IRQ c1=0
DMA IRQ c2=0
DMA IRQ c3=0
SELECT busy=1740
SELECT w0=1665
SELECT w1=1207
SELECT w2=1667
BUSY TASK ewma=997
DMA IRQ c0=2
DMA IRQ c1=0
DMA IRQ c2=0
DMA IRQ c3=0
SELECT busy=1748
SELECT w0=1673
SELECT w1=1213
SELECT w2=1675
BUSY TASK ewma=997
DMA IRQ c0=2
DMA IRQ c1=0
DMA IRQ c2=0
DMA IRQ c3=0
SELECT busy=1756
SELECT w0=1681
SELECT w1=1218
SELECT w2=1683
BUSY TASK ewma=997
DMA IRQ c0=2
DMA IRQ c1=0
DMA IRQ c2=0
DMA IRQ c3=0
SELECT busy=1764
SELECT w0=1690
SELECT w1=1225
SELECT w2=1692
BUSY TASK ewma=997
DMA IRQ c0=2
DMA IRQ c1=0
DMA IRQ c2=0
DMA IRQ c3=0
SELECT busy=1773
SELECT w0=1698
SELECT w1=1231
SELECT w2=1700
BUSY TASK ewma=997
DMA IRQ c0=2
DMA IRQ c1=0
DMA IRQ c2=0
DMA IRQ c3=0
SELECT busy=1781
SELECT w0=1706
SELECT w1=1237
SELECT w2=1708
BUSY TASK ewma=997
DMA IRQ c0=2
DMA IRQ c1=0
DMA IRQ c2=0
DMA IRQ c3=0
SELECT busy=1789
SELECT w0=1714
SELECT w1=1242
SELECT w2=1716
BUSY TASK ewma=997
DMA IRQ c0=2
DMA IRQ c1=0
DMA IRQ c2=0
DMA IRQ c3=0
SELECT busy=1798
SELECT w0=1723
SELECT w1=1249
SELECT w2=1725
BUSY TASK ewma=997
DMA IRQ c0=2
DMA IRQ c1=0
DMA IRQ c2=0
DMA IRQ c3=0
SELECT busy=1806
SELECT w0=1731
SELECT w1=1254
SELECT w2=1733
BUSY TASK ewma=997
DMA IRQ c0=2
DMA IRQ c1=0
DMA IRQ c2=0
DMA IRQ c3=0
SELECT busy=1814
SELECT w0=1739
SELECT w1=1261
SELECT w2=1742
BUSY TASK ewma=997
DMA IRQ c0=2
DMA IRQ c1=0
DMA IRQ c2=0
DMA IRQ c3=0
SELECT busy=1823
SELECT w0=1748
SELECT w1=1267
SELECT w2=1750
BUSY TASK ewma=997
DMA IRQ c0=2
DMA IRQ c1=0
DMA IRQ c2=0
DMA IRQ c3=0
SELECT busy=1831
SELECT w0=1757
SELECT w1=1273
SELECT w2=1759
BUSY TASK ewma=997
IRQ counts: cpu0=5369 cpu1=5151 cpu2=0 cpu3=0
SCHED secondaries: calls=5151 unexpected=0
SECTEST switches=5138 cpu1=111516620,111647627 cpu2=0,0 cpu3=0,0
PINGPONG rounds=0 pongs=0
DMA IRQ c0=2
DMA IRQ c1=0
DMA IRQ c2=0
DMA IRQ c3=0
SELECT busy=1841
SELECT w0=1767
SELECT w1=1280
SELECT w2=1769
BUSY TASK ewma=997
DMA IRQ c0=2
DMA IRQ c1=0
DMA IRQ c2=0
DMA IRQ c3=0
SELECT busy=1853
SELECT w0=1778
SELECT w1=1288
SELECT w2=1780
BUSY TASK ewma=997
DMA IRQ c0=2
DMA IRQ c1=0
DMA IRQ c2=0
DMA IRQ c3=0
SELECT busy=1863
SELECT w0=1788
SELECT w1=1296
SELECT w2=1791
BUSY TASK ewma=997
DMA IRQ c0=2
DMA IRQ c1=0
DMA IRQ c2=0
DMA IRQ c3=0
SELECT busy=1873
SELECT w0=1798
SELECT w1=1303
SELECT w2=1800
BUSY TASK ewma=997
DMA IRQ c0=2
DMA IRQ c1=0
DMA IRQ c2=0
DMA IRQ c3=0
SELECT busy=1882
SELECT w0=1807
SELECT w1=1309
SELECT w2=1809
BUSY TASK ewma=997
DMA IRQ c0=2
DMA IRQ c1=0
DMA IRQ c2=0
DMA IRQ c3=0
SELECT busy=1890
SELECT w0=1815
SELECT w1=1315
SELECT w2=1817
BUSY TASK ewma=997
DMA IRQ c0=2
DMA IRQ c1=0
DMA IRQ c2=0
DMA IRQ c3=0
SELECT busy=1899
SELECT w0=1824
SELECT w1=1322
SELECT w2=1826
BUSY TASK ewma=997
DMA IRQ c0=2
DMA IRQ c1=0
DMA IRQ c2=0
DMA IRQ c3=0
SELECT busy=1908
SELECT w0=1833
SELECT w1=1329
SELECT w2=1836
BUSY TASK ewma=997
DMA IRQ c0=2
DMA IRQ c1=0
DMA IRQ c2=0
DMA IRQ c3=0
SELECT busy=1919
SELECT w0=1844
SELECT w1=1336
SELECT w2=1846
BUSY TASK ewma=997
DMA IRQ c0=2
DMA IRQ c1=0
DMA IRQ c2=0
DMA IRQ c3=0
SELECT busy=1929
SELECT w0=1854
SELECT w1=1343
SELECT w2=1856
BUSY TASK ewma=997
DMA IRQ c0=2
DMA IRQ c1=0
DMA IRQ c2=0
DMA IRQ c3=0
SELECT busy=1939
SELECT w0=1864
SELECT w1=1351
SELECT w2=1866
BUSY TASK ewma=997
DMA IRQ c0=2
DMA IRQ c1=0
DMA IRQ c2=0
DMA IRQ c3=0
SELECT busy=1948
SELECT w0=1873
SELECT w1=1357
SELECT w2=1875
BUSY TASK ewma=997
DMA IRQ c0=2
DMA IRQ c1=0
DMA IRQ c2=0
DMA IRQ c3=0
SELECT busy=1957
SELECT w0=1882
SELECT w1=1364
SELECT w2=1885
BUSY TASK ewma=997
DMA IRQ c0=2
DMA IRQ c1=0
DMA IRQ c2=0
DMA IRQ c3=0
SELECT busy=1968
SELECT w0=1893
SELECT w1=1371
SELECT w2=1895
BUSY TASK ewma=997
DMA IRQ c0=2
DMA IRQ c1=0
DMA IRQ c2=0
DMA IRQ c3=0
SELECT busy=1978
SELECT w0=1903
SELECT w1=1379
SELECT w2=1905
BUSY TASK ewma=997
DMA IRQ c0=2
DMA IRQ c1=0
DMA IRQ c2=0
DMA IRQ c3=0
SELECT busy=1988
SELECT w0=1913
SELECT w1=1386
SELECT w2=1915
BUSY TASK ewma=997
DMA IRQ c0=2
DMA IRQ c1=0
DMA IRQ c2=0
DMA IRQ c3=0
SELECT busy=1997
SELECT w0=1922
SELECT w1=1393
SELECT w2=1924
BUSY TASK ewma=997
DMA IRQ c0=2
DMA IRQ c1=0
DMA IRQ c2=0
DMA IRQ c3=0
SELECT busy=2006
SELECT w0=1931
SELECT w1=1399
SELECT w2=1933
BUSY TASK ewma=997
DMA IRQ c0=2
DMA IRQ c1=0
DMA IRQ c2=0
DMA IRQ c3=0
SELECT busy=2015
SELECT w0=1940
SELECT w1=1405
SELECT w2=1942
BUSY TASK ewma=997
DMA IRQ c0=2
DMA IRQ c1=0
DMA IRQ c2=0
DMA IRQ c3=0
SELECT busy=2024
SELECT w0=1949
SELECT w1=1412
SELECT w2=1951
BUSY TASK ewma=997
DMA IRQ c0=2
DMA IRQ c1=0
DMA IRQ c2=0
DMA IRQ c3=0
SELECT busy=2032
SELECT w0=1957
SELECT w1=1419
SELECT w2=1960
BUSY TASK ewma=997
DMA IRQ c0=2
DMA IRQ c1=0
DMA IRQ c2=0
DMA IRQ c3=0
SELECT busy=2041
SELECT w0=1966
SELECT w1=1425
SELECT w2=1968
BUSY TASK ewma=997
DMA IRQ c0=2
DMA IRQ c1=0
DMA IRQ c2=0
DMA IRQ c3=0
SELECT busy=2049
SELECT w0=1974
SELECT w1=1430
SELECT w2=1976
BUSY TASK ewma=997
DMA IRQ c0=2
DMA IRQ c1=0
DMA IRQ c2=0
DMA IRQ c3=0
SELECT busy=2057
SELECT w0=1982
SELECT w1=1437
SELECT w2=1985
BUSY TASK ewma=997
DMA IRQ c0=2
DMA IRQ c1=0
DMA IRQ c2=0
DMA IRQ c3=0
SELECT busy=2066
SELECT w0=1991
SELECT w1=1443
SELECT w2=1993
BUSY TASK ewma=997
DMA IRQ c0=2
DMA IRQ c1=0
DMA IRQ c2=0
DMA IRQ c3=0
SELECT busy=2074
SELECT w0=1999
SELECT w1=1448
SELECT w2=2001
BUSY TASK ewma=997
DMA IRQ c0=2
DMA IRQ c1=0
DMA IRQ c2=0
DMA IRQ c3=0
SELECT busy=2083
SELECT w0=2008
SELECT w1=1455
SELECT w2=2010
BUSY TASK ewma=997
DMA IRQ c0=2
DMA IRQ c1=0
DMA IRQ c2=0
DMA IRQ c3=0
SELECT busy=2091
SELECT w0=2016
SELECT w1=1461
SELECT w2=2018
BUSY TASK ewma=997
DMA IRQ c0=2
DMA IRQ c1=0
DMA IRQ c2=0
DMA IRQ c3=0
SELECT busy=2099
SELECT w0=2025
SELECT w1=1467
SELECT w2=2027
BUSY TASK ewma=997
DMA IRQ c0=2
DMA IRQ c1=0
DMA IRQ c2=0
DMA IRQ c3=0
SELECT busy=2108
SELECT w0=2033
SELECT w1=1473
SELECT w2=2035
BUSY TASK ewma=997
DMA IRQ c0=2
DMA IRQ c1=0
DMA IRQ c2=0
DMA IRQ c3=0
SELECT busy=2116
SELECT w0=2041
SELECT w1=1479
SELECT w2=2043
BUSY TASK ewma=997
DMA IRQ c0=2
DMA IRQ c1=0
DMA IRQ c2=0
DMA IRQ c3=0
SELECT busy=2124
SELECT w0=2050
SELECT w1=1485
SELECT w2=2052
BUSY TASK ewma=997
DMA IRQ c0=2
DMA IRQ c1=0
DMA IRQ c2=0
DMA IRQ c3=0
SELECT busy=2133
SELECT w0=2058
SELECT w1=1491
SELECT w2=2060
BUSY TASK ewma=997
DMA IRQ c0=2
DMA IRQ c1=0
DMA IRQ c2=0
DMA IRQ c3=0
SELECT busy=2141
SELECT w0=2066
SELECT w1=1496
SELECT w2=2068
BUSY TASK ewma=997
DMA IRQ c0=2
DMA IRQ c1=0
DMA IRQ c2=0
DMA IRQ c3=0
SELECT busy=2150
SELECT w0=2075
SELECT w1=1503
SELECT w2=2077
BUSY TASK ewma=997
DMA IRQ c0=2
DMA IRQ c1=0
DMA IRQ c2=0
DMA IRQ c3=0
SELECT busy=2158
SELECT w0=2083
SELECT w1=1509
SELECT w2=2085
BUSY TASK ewma=997
DMA IRQ c0=2
DMA IRQ c1=0
DMA IRQ c2=0
DMA IRQ c3=0
SELECT busy=2167
SELECT w0=2092
SELECT w1=1515
SELECT w2=2094
BUSY TASK ewma=997
DMA IRQ c0=2
DMA IRQ c1=0
DMA IRQ c2=0
DMA IRQ c3=0
SELECT busy=2175
SELECT w0=2100
SELECT w1=1521
SELECT w2=2102
BUSY TASK ewma=997
DMA IRQ c0=2
DMA IRQ c1=0
DMA IRQ c2=0
DMA IRQ c3=0
SELECT busy=2184
SELECT w0=2109
SELECT w1=1527
SELECT w2=2111
BUSY TASK ewma=997
DMA IRQ c0=2
DMA IRQ c1=0
DMA IRQ c2=0
DMA IRQ c3=0
SELECT busy=2193
SELECT w0=2118
SELECT w1=1534
SELECT w2=2120
BUSY TASK ewma=997
DMA IRQ c0=2
DMA IRQ c1=0
DMA IRQ c2=0
DMA IRQ c3=0
SELECT busy=2202
SELECT w0=2127
SELECT w1=1541
SELECT w2=2129
BUSY TASK ewma=997
DMA IRQ c0=2
DMA IRQ c1=0
DMA IRQ c2=0
DMA IRQ c3=0
SELECT busy=2211
SELECT w0=2136
SELECT w1=1547
SELECT w2=2138
BUSY TASK ewma=997
DMA IRQ c0=2
DMA IRQ c1=0
DMA IRQ c2=0
DMA IRQ c3=0
SELECT busy=2221
SELECT w0=2146
SELECT w1=1555
SELECT w2=2148
BUSY TASK ewma=997
DMA IRQ c0=2
DMA IRQ c1=0
DMA IRQ c2=0
DMA IRQ c3=0
SELECT busy=2230
SELECT w0=2155
SELECT w1=1562
SELECT w2=2157
BUSY TASK ewma=997
DMA IRQ c0=2
DMA IRQ c1=0
DMA IRQ c2=0
DMA IRQ c3=0
SELECT busy=2239
SELECT w0=2164
SELECT w1=1569
SELECT w2=2167
BUSY TASK ewma=997
DMA IRQ c0=2
DMA IRQ c1=0
DMA IRQ c2=0
DMA IRQ c3=0
SELECT busy=2248
SELECT w0=2173
SELECT w1=1575
SELECT w2=2176
BUSY TASK ewma=997
DMA IRQ c0=2
DMA IRQ c1=0
DMA IRQ c2=0
DMA IRQ c3=0
SELECT busy=2257
SELECT w0=2182
SELECT w1=1581
SELECT w2=2185
BUSY TASK ewma=997
DMA IRQ c0=2
DMA IRQ c1=0
DMA IRQ c2=0
DMA IRQ c3=0
SELECT busy=2266
SELECT w0=2191
SELECT w1=1587
SELECT w2=2193
BUSY TASK ewma=997
DMA IRQ c0=2
DMA IRQ c1=0
DMA IRQ c2=0
DMA IRQ c3=0
SELECT busy=2275
SELECT w0=2200
SELECT w1=1594
SELECT w2=2202
BUSY TASK ewma=997
DMA IRQ c0=2
DMA IRQ c1=0
DMA IRQ c2=0
DMA IRQ c3=0
SELECT busy=2283
SELECT w0=2208
SELECT w1=1600
SELECT w2=2211
BUSY TASK ewma=997
DMA IRQ c0=2
DMA IRQ c1=0
DMA IRQ c2=0
DMA IRQ c3=0
SELECT busy=2292
SELECT w0=2217
SELECT w1=1606
SELECT w2=2220
BUSY TASK ewma=997
DMA IRQ c0=2
DMA IRQ c1=0
DMA IRQ c2=0
DMA IRQ c3=0
SELECT busy=2302
SELECT w0=2227
SELECT w1=1613
SELECT w2=2229
BUSY TASK ewma=997
DMA IRQ c0=2
DMA IRQ c1=0
DMA IRQ c2=0
DMA IRQ c3=0
SELECT busy=2312
SELECT w0=2237
SELECT w1=1620
SELECT w2=2239
BUSY TASK ewma=997
DMA IRQ c0=2
DMA IRQ c1=0
DMA IRQ c2=0
DMA IRQ c3=0
SELECT busy=2322
SELECT w0=2247
SELECT w1=1627
SELECT w2=2249
BUSY TASK ewma=997
DMA IRQ c0=2
DMA IRQ c1=0
DMA IRQ c2=0
DMA IRQ c3=0
SELECT busy=2333
SELECT w0=2258
SELECT w1=1635
SELECT w2=2260
BUSY TASK ewma=997
DMA IRQ c0=2
DMA IRQ c1=0
DMA IRQ c2=0
DMA IRQ c3=0
SELECT busy=2344
SELECT w0=2269
SELECT w1=1643
SELECT w2=2271
BUSY TASK ewma=997
DMA IRQ c0=2
DMA IRQ c1=0
DMA IRQ c2=0
DMA IRQ c3=0
SELECT busy=2354
SELECT w0=2280
SELECT w1=1651
SELECT w2=2282
BUSY TASK ewma=997
DMA IRQ c0=2
DMA IRQ c1=0
DMA IRQ c2=0
DMA IRQ c3=0
SELECT busy=2364
SELECT w0=2289
SELECT w1=1657
SELECT w2=2291
BUSY TASK ewma=997
DMA IRQ c0=2
DMA IRQ c1=0
DMA IRQ c2=0
DMA IRQ c3=0
SELECT busy=2373
SELECT w0=2298
SELECT w1=1664
SELECT w2=2300
BUSY TASK ewma=997
DMA IRQ c0=2
DMA IRQ c1=0
DMA IRQ c2=0
DMA IRQ c3=0
SELECT busy=2382
SELECT w0=2307
SELECT w1=1670
SELECT w2=2309
BUSY TASK ewma=997
DMA IRQ c0=2
DMA IRQ c1=0
DMA IRQ c2=0
DMA IRQ c3=0
SELECT busy=2390
SELECT w0=2316
SELECT w1=1677
SELECT w2=2318
BUSY TASK ewma=997
DMA IRQ c0=2
DMA IRQ c1=0
DMA IRQ c2=0
DMA IRQ c3=0
SELECT busy=2399
SELECT w0=2324
SELECT w1=1683
SELECT w2=2326
BUSY TASK ewma=997
DMA IRQ c0=2
DMA IRQ c1=0
DMA IRQ c2=0
DMA IRQ c3=0
SELECT busy=2407
SELECT w0=2332
SELECT w1=1688
SELECT w2=2334
BUSY TASK ewma=997
DMA IRQ c0=2
DMA IRQ c1=0
DMA IRQ c2=0
DMA IRQ c3=0
SELECT busy=2416
SELECT w0=2341
SELECT w1=1695
SELECT w2=2343
BUSY TASK ewma=997
IRQ counts: cpu0=7121 cpu1=6840 cpu2=0 cpu3=0
SCHED secondaries: calls=6840 unexpected=0
SECTEST switches=6825 cpu1=150818117,149564133 cpu2=0,0 cpu3=0,0
PINGPONG rounds=0 pongs=0
DMA IRQ c0=2
DMA IRQ c1=0
DMA IRQ c2=0
DMA IRQ c3=0
SELECT busy=2426
SELECT w0=2351
SELECT w1=1702
SELECT w2=2353
BUSY TASK ewma=997
DMA IRQ c0=2
DMA IRQ c1=0
DMA IRQ c2=0
DMA IRQ c3=0
SELECT busy=2434
SELECT w0=2359
SELECT w1=1708
SELECT w2=2361
BUSY TASK ewma=997
DMA IRQ c0=2
DMA IRQ c1=0
DMA IRQ c2=0
DMA IRQ c3=0
SELECT busy=2442
SELECT w0=2367
SELECT w1=1714
SELECT w2=2370
BUSY TASK ewma=997
DMA IRQ c0=2
DMA IRQ c1=0
DMA IRQ c2=0
DMA IRQ c3=0
SELECT busy=2451
SELECT w0=2376
SELECT w1=1720
SELECT w2=2378
BUSY TASK ewma=997
DMA IRQ c0=2
DMA IRQ c1=0
DMA IRQ c2=0
DMA IRQ c3=0
SELECT busy=2459
SELECT w0=2384
SELECT w1=1725
SELECT w2=2386
BUSY TASK ewma=997
DMA IRQ c0=2
DMA IRQ c1=0
DMA IRQ c2=0
DMA IRQ c3=0
SELECT busy=2467
SELECT w0=2393
SELECT w1=1732
SELECT w2=2395
BUSY TASK ewma=997
DMA IRQ c0=2
DMA IRQ c1=0
DMA IRQ c2=0
DMA IRQ c3=0
SELECT busy=2476
SELECT w0=2401
SELECT w1=1737
SELECT w2=2403
BUSY TASK ewma=997
DMA IRQ c0=2
DMA IRQ c1=0
DMA IRQ c2=0
DMA IRQ c3=0
SELECT busy=2484
SELECT w0=2410
SELECT w1=1744
SELECT w2=2412
BUSY TASK ewma=997
DMA IRQ c0=2
DMA IRQ c1=0
DMA IRQ c2=0
DMA IRQ c3=0
SELECT busy=2493
SELECT w0=2418
SELECT w1=1750
SELECT w2=2420
BUSY TASK ewma=997
DMA IRQ c0=2
DMA IRQ c1=0
DMA IRQ c2=0
DMA IRQ c3=0
SELECT busy=2501
SELECT w0=2426
SELECT w1=1755
SELECT w2=2428
BUSY TASK ewma=997
DMA IRQ c0=2
DMA IRQ c1=0
DMA IRQ c2=0
DMA IRQ c3=0
SELECT busy=2510
SELECT w0=2435
SELECT w1=1762
SELECT w2=2437
BUSY TASK ewma=997
DMA IRQ c0=2
DMA IRQ c1=0
DMA IRQ c2=0
DMA IRQ c3=0
SELECT busy=2519
SELECT w0=2445
SELECT w1=1769
SELECT w2=2447
BUSY TASK ewma=997
DMA IRQ c0=2
DMA IRQ c1=0
DMA IRQ c2=0
DMA IRQ c3=0
SELECT busy=2527
SELECT w0=2452
SELECT w1=1775
SELECT w2=2455
BUSY TASK ewma=997
DMA IRQ c0=2
DMA IRQ c1=0
DMA IRQ c2=0
DMA IRQ c3=0
SELECT busy=2536
SELECT w0=2461
SELECT w1=1780
SELECT w2=2463
BUSY TASK ewma=997
DMA IRQ c0=2
DMA IRQ c1=0
DMA IRQ c2=0
DMA IRQ c3=0
SELECT busy=2544
SELECT w0=2469
SELECT w1=1786
SELECT w2=2471
BUSY TASK ewma=997
DMA IRQ c0=2
DMA IRQ c1=0
DMA IRQ c2=0
DMA IRQ c3=0
SELECT busy=2552
SELECT w0=2477
SELECT w1=1792
SELECT w2=2479
BUSY TASK ewma=997
DMA IRQ c0=2
DMA IRQ c1=0
DMA IRQ c2=0
DMA IRQ c3=0
SELECT busy=2561
SELECT w0=2486
SELECT w1=1798
SELECT w2=2488
BUSY TASK ewma=997
DMA IRQ c0=2
DMA IRQ c1=0
DMA IRQ c2=0
DMA IRQ c3=0
SELECT busy=2569
SELECT w0=2494
SELECT w1=1804
SELECT w2=2496
BUSY TASK ewma=997
DMA IRQ c0=2
DMA IRQ c1=0
DMA IRQ c2=0
DMA IRQ c3=0
SELECT busy=2577
SELECT w0=2502
SELECT w1=1810
SELECT w2=2504
BUSY TASK ewma=997
DMA IRQ c0=2
DMA IRQ c1=0
DMA IRQ c2=0
DMA IRQ c3=0
SELECT busy=2586
SELECT w0=2511
SELECT w1=1816
SELECT w2=2513
BUSY TASK ewma=997
DMA IRQ c0=2
DMA IRQ c1=0
DMA IRQ c2=0
DMA IRQ c3=0
SELECT busy=2594
SELECT w0=2519
SELECT w1=1822
SELECT w2=2521
BUSY TASK ewma=997
DMA IRQ c0=2
DMA IRQ c1=0
DMA IRQ c2=0
DMA IRQ c3=0
SELECT busy=2602
SELECT w0=2527
SELECT w1=1828
SELECT w2=2529
BUSY TASK ewma=997
DMA IRQ c0=2
DMA IRQ c1=0
DMA IRQ c2=0
DMA IRQ c3=0
SELECT busy=2610
SELECT w0=2536
SELECT w1=1834
SELECT w2=2538
BUSY TASK ewma=997
DMA IRQ c0=2
DMA IRQ c1=0
DMA IRQ c2=0
DMA IRQ c3=0
SELECT busy=2619
SELECT w0=2544
SELECT w1=1841
SELECT w2=2547
BUSY TASK ewma=997
DMA IRQ c0=2
DMA IRQ c1=0
DMA IRQ c2=0
DMA IRQ c3=0
SELECT busy=2630
SELECT w0=2555
SELECT w1=1848
SELECT w2=2557
BUSY TASK ewma=997
DMA IRQ c0=2
DMA IRQ c1=0
DMA IRQ c2=0
DMA IRQ c3=0
SELECT busy=2641
SELECT w0=2566
SELECT w1=1855
SELECT w2=2568
BUSY TASK ewma=997
DMA IRQ c0=2
DMA IRQ c1=0
DMA IRQ c2=0
DMA IRQ c3=0
SELECT busy=2651
SELECT w0=2576
SELECT w1=1863
SELECT w2=2578
BUSY TASK ewma=997
DMA IRQ c0=2
DMA IRQ c1=0
DMA IRQ c2=0
DMA IRQ c3=0
SELECT busy=2661
SELECT w0=2586
SELECT w1=1870
SELECT w2=2588
BUSY TASK ewma=997
DMA IRQ c0=2
DMA IRQ c1=0
DMA IRQ c2=0
DMA IRQ c3=0
SELECT busy=2670
SELECT w0=2596
SELECT w1=1877
SELECT w2=2598
BUSY TASK ewma=997
DMA IRQ c0=2
DMA IRQ c1=0
DMA IRQ c2=0
DMA IRQ c3=0
SELECT busy=2679
SELECT w0=2604
SELECT w1=1883
SELECT w2=2607
BUSY TASK ewma=997
DMA IRQ c0=2
DMA IRQ c1=0
DMA IRQ c2=0
DMA IRQ c3=0
SELECT busy=2690
SELECT w0=2615
SELECT w1=1891
SELECT w2=2617
BUSY TASK ewma=997
DMA IRQ c0=2
DMA IRQ c1=0
DMA IRQ c2=0
DMA IRQ c3=0
SELECT busy=2700
SELECT w0=2625
SELECT w1=1898
SELECT w2=2628
BUSY TASK ewma=997
DMA IRQ c0=2
DMA IRQ c1=0
DMA IRQ c2=0
DMA IRQ c3=0
SELECT busy=2710
SELECT w0=2635
SELECT w1=1905
SELECT w2=2638
BUSY TASK ewma=997
DMA IRQ c0=2
DMA IRQ c1=0
DMA IRQ c2=0
DMA IRQ c3=0
SELECT busy=2720
SELECT w0=2645
SELECT w1=1912
SELECT w2=2647
BUSY TASK ewma=997
DMA IRQ c0=2
DMA IRQ c1=0
DMA IRQ c2=0
DMA IRQ c3=0
SELECT busy=2728
SELECT w0=2653
SELECT w1=1918
SELECT w2=2656
BUSY TASK ewma=997
DMA IRQ c0=2
DMA IRQ c1=0
DMA IRQ c2=0
DMA IRQ c3=0
SELECT busy=2737
SELECT w0=2662
SELECT w1=1924
SELECT w2=2664
BUSY TASK ewma=997
DMA IRQ c0=2
DMA IRQ c1=0
DMA IRQ c2=0
DMA IRQ c3=0
SELECT busy=2745
SELECT w0=2670
SELECT w1=1930
SELECT w2=2672
BUSY TASK ewma=997
DMA IRQ c0=2
DMA IRQ c1=0
DMA IRQ c2=0
DMA IRQ c3=0
SELECT busy=2753
SELECT w0=2678
SELECT w1=1936
SELECT w2=2680
BUSY TASK ewma=997
DMA IRQ c0=2
DMA IRQ c1=0
DMA IRQ c2=0
DMA IRQ c3=0
SELECT busy=2761
SELECT w0=2686
SELECT w1=1942
SELECT w2=2689
BUSY TASK ewma=997
DMA IRQ c0=2
DMA IRQ c1=0
DMA IRQ c2=0
DMA IRQ c3=0
SELECT busy=2769
SELECT w0=2695
SELECT w1=1948
SELECT w2=2697
BUSY TASK ewma=997
DMA IRQ c0=2
DMA IRQ c1=0
DMA IRQ c2=0
DMA IRQ c3=0
SELECT busy=2778
SELECT w0=2703
SELECT w1=1954
SELECT w2=2705
BUSY TASK ewma=997
DMA IRQ c0=2
DMA IRQ c1=0
DMA IRQ c2=0
DMA IRQ c3=0
SELECT busy=2787
SELECT w0=2712
SELECT w1=1960
SELECT w2=2714
BUSY TASK ewma=997
DMA IRQ c0=2
DMA IRQ c1=0
DMA IRQ c2=0
DMA IRQ c3=0
SELECT busy=2795
SELECT w0=2720
SELECT w1=1966
SELECT w2=2722
BUSY TASK ewma=997
DMA IRQ c0=2
DMA IRQ c1=0
DMA IRQ c2=0
DMA IRQ c3=0
SELECT busy=2803
SELECT w0=2728
SELECT w1=1972
SELECT w2=2730
BUSY TASK ewma=997
DMA IRQ c0=2
DMA IRQ c1=0
DMA IRQ c2=0
DMA IRQ c3=0
SELECT busy=2811
SELECT w0=2736
SELECT w1=1978
SELECT w2=2738
BUSY TASK ewma=997
DMA IRQ c0=2
DMA IRQ c1=0
DMA IRQ c2=0
DMA IRQ c3=0
SELECT busy=2819
SELECT w0=2745
SELECT w1=1984
SELECT w2=2747
BUSY TASK ewma=997
DMA IRQ c0=2
DMA IRQ c1=0
DMA IRQ c2=0
DMA IRQ c3=0
SELECT busy=2828
SELECT w0=2753
SELECT w1=1990
SELECT w2=2755
BUSY TASK ewma=997
DMA IRQ c0=2
DMA IRQ c1=0
DMA IRQ c2=0
DMA IRQ c3=0
SELECT busy=2838
SELECT w0=2763
SELECT w1=1997
SELECT w2=2765
BUSY TASK ewma=997
DMA IRQ c0=2
DMA IRQ c1=0
DMA IRQ c2=0
DMA IRQ c3=0
SELECT busy=2846
SELECT w0=2771
SELECT w1=2003
SELECT w2=2773
BUSY TASK ewma=997
DMA IRQ c0=2
DMA IRQ c1=0
DMA IRQ c2=0
DMA IRQ c3=0
SELECT busy=2854
SELECT w0=2779
SELECT w1=2009
SELECT w2=2781
BUSY TASK ewma=997
DMA IRQ c0=2
DMA IRQ c1=0
DMA IRQ c2=0
DMA IRQ c3=0
SELECT busy=2862
SELECT w0=2787
SELECT w1=2014
SELECT w2=2789
BUSY TASK ewma=997
DMA IRQ c0=2
DMA IRQ c1=0
DMA IRQ c2=0
DMA IRQ c3=0
SELECT busy=2871
SELECT w0=2796
SELECT w1=2021
SELECT w2=2798
BUSY TASK ewma=997
DMA IRQ c0=2
DMA IRQ c1=0
DMA IRQ c2=0
DMA IRQ c3=0
SELECT busy=2879
SELECT w0=2804
SELECT w1=2026
SELECT w2=2806
BUSY TASK ewma=997
DMA IRQ c0=2
DMA IRQ c1=0
DMA IRQ c2=0
DMA IRQ c3=0
SELECT busy=2887
SELECT w0=2813
SELECT w1=2033
SELECT w2=2815
BUSY TASK ewma=997
DMA IRQ c0=2
DMA IRQ c1=0
DMA IRQ c2=0
DMA IRQ c3=0
SELECT busy=2896
SELECT w0=2821
SELECT w1=2039
SELECT w2=2823
BUSY TASK ewma=997
DMA IRQ c0=2
DMA IRQ c1=0
DMA IRQ c2=0
DMA IRQ c3=0
SELECT busy=2904
SELECT w0=2829
SELECT w1=2044
SELECT w2=2831
BUSY TASK ewma=997
DMA IRQ c0=2
DMA IRQ c1=0
DMA IRQ c2=0
DMA IRQ c3=0
SELECT busy=2912
SELECT w0=2837
SELECT w1=2051
SELECT w2=2840
BUSY TASK ewma=997
DMA IRQ c0=2
DMA IRQ c1=0
DMA IRQ c2=0
DMA IRQ c3=0
SELECT busy=2921
SELECT w0=2846
SELECT w1=2057
SELECT w2=2848
BUSY TASK ewma=997
DMA IRQ c0=2
DMA IRQ c1=0
DMA IRQ c2=0
DMA IRQ c3=0
SELECT busy=2929
SELECT w0=2854
SELECT w1=2063
SELECT w2=2856
BUSY TASK ewma=997
DMA IRQ c0=2
DMA IRQ c1=0
DMA IRQ c2=0
DMA IRQ c3=0
SELECT busy=2938
SELECT w0=2863
SELECT w1=2069
SELECT w2=2865
BUSY TASK ewma=997
DMA IRQ c0=2
DMA IRQ c1=0
DMA IRQ c2=0
DMA IRQ c3=0
SELECT busy=2946
SELECT w0=2871
SELECT w1=2075
SELECT w2=2873
BUSY TASK ewma=997
DMA IRQ c0=2
DMA IRQ c1=0
DMA IRQ c2=0
DMA IRQ c3=0
SELECT busy=2954
SELECT w0=2879
SELECT w1=2080
SELECT w2=2881
BUSY TASK ewma=997
DMA IRQ c0=2
DMA IRQ c1=0
DMA IRQ c2=0
DMA IRQ c3=0
SELECT busy=2962
SELECT w0=2887
SELECT w1=2086
SELECT w2=2890
BUSY TASK ewma=997
DMA IRQ c0=2
DMA IRQ c1=0
DMA IRQ c2=0
DMA IRQ c3=0
SELECT busy=2971
SELECT w0=2896
SELECT w1=2092
SELECT w2=2898
BUSY TASK ewma=997
IRQ counts: cpu0=8786 cpu1=8428 cpu2=0 cpu3=0
SCHED secondaries: calls=8428 unexpected=0
SECTEST switches=8413 cpu1=187058166,185655986 cpu2=0,0 cpu3=0,0
PINGPONG rounds=0 pongs=0
DMA IRQ c0=2
DMA IRQ c1=0
DMA IRQ c2=0
DMA IRQ c3=0
SELECT busy=2980
SELECT w0=2905
SELECT w1=2099
SELECT w2=2907
BUSY TASK ewma=997
DMA IRQ c0=2
DMA IRQ c1=0
DMA IRQ c2=0
DMA IRQ c3=0
SELECT busy=2988
SELECT w0=2913
SELECT w1=2105
SELECT w2=2915
BUSY TASK ewma=997
DMA IRQ c0=2
DMA IRQ c1=0
DMA IRQ c2=0
DMA IRQ c3=0
SELECT busy=2996
SELECT w0=2921
SELECT w1=2110
SELECT w2=2923
BUSY TASK ewma=997
DMA IRQ c0=2
DMA IRQ c1=0
DMA IRQ c2=0
DMA IRQ c3=0
SELECT busy=3005
SELECT w0=2930
SELECT w1=2117
SELECT w2=2932
BUSY TASK ewma=997
DMA IRQ c0=2
DMA IRQ c1=0
DMA IRQ c2=0
DMA IRQ c3=0
SELECT busy=3013
SELECT w0=2938
SELECT w1=2122
SELECT w2=2940
BUSY TASK ewma=997
DMA IRQ c0=2
DMA IRQ c1=0
DMA IRQ c2=0
DMA IRQ c3=0
SELECT busy=3021
SELECT w0=2946
SELECT w1=2129
SELECT w2=2949
BUSY TASK ewma=997
DMA IRQ c0=2
DMA IRQ c1=0
DMA IRQ c2=0
DMA IRQ c3=0
SELECT busy=3030
SELECT w0=2955
SELECT w1=2134
SELECT w2=2957
BUSY TASK ewma=997
DMA IRQ c0=2
DMA IRQ c1=0
DMA IRQ c2=0
DMA IRQ c3=0
SELECT busy=3038
SELECT w0=2963
SELECT w1=2140
SELECT w2=2965
BUSY TASK ewma=997
DMA IRQ c0=2
DMA IRQ c1=0
DMA IRQ c2=0
DMA IRQ c3=0
SELECT busy=3047
SELECT w0=2972
SELECT w1=2147
SELECT w2=2974
BUSY TASK ewma=997
DMA IRQ c0=2
DMA IRQ c1=0
DMA IRQ c2=0
DMA IRQ c3=0
SELECT busy=3055
SELECT w0=2980
SELECT w1=2152
SELECT w2=2982
BUSY TASK ewma=997
DMA IRQ c0=2
DMA IRQ c1=0
DMA IRQ c2=0
DMA IRQ c3=0
SELECT busy=3063
SELECT w0=2988
SELECT w1=2159
SELECT w2=2991
BUSY TASK ewma=997
DMA IRQ c0=2
DMA IRQ c1=0
DMA IRQ c2=0
DMA IRQ c3=0
SELECT busy=3072
SELECT w0=2997
SELECT w1=2164
SELECT w2=2999
BUSY TASK ewma=997
DMA IRQ c0=2
DMA IRQ c1=0
DMA IRQ c2=0
DMA IRQ c3=0
SELECT busy=3079
SELECT w0=3005
SELECT w1=2170
SELECT w2=3007
BUSY TASK ewma=997
DMA IRQ c0=2
DMA IRQ c1=0
DMA IRQ c2=0
DMA IRQ c3=0
SELECT busy=3088
SELECT w0=3013
SELECT w1=2176
SELECT w2=3015
BUSY TASK ewma=997
DMA IRQ c0=2
DMA IRQ c1=0
DMA IRQ c2=0
DMA IRQ c3=0
SELECT busy=3096
SELECT w0=3021
SELECT w1=2182
SELECT w2=3023
BUSY TASK ewma=997
DMA IRQ c0=2
DMA IRQ c1=0
DMA IRQ c2=0
DMA IRQ c3=0
SELECT busy=3105
SELECT w0=3030
SELECT w1=2188
SELECT w2=3032
BUSY TASK ewma=997
DMA IRQ c0=2
DMA IRQ c1=0
DMA IRQ c2=0
DMA IRQ c3=0
SELECT busy=3113
SELECT w0=3038
SELECT w1=2194
SELECT w2=3040
BUSY TASK ewma=997
DMA IRQ c0=2
DMA IRQ c1=0
DMA IRQ c2=0
DMA IRQ c3=0
SELECT busy=3122
SELECT w0=3047
SELECT w1=2200
SELECT w2=3049
BUSY TASK ewma=997
DMA IRQ c0=2
DMA IRQ c1=0
DMA IRQ c2=0
DMA IRQ c3=0
SELECT busy=3130
SELECT w0=3055
SELECT w1=2206
SELECT w2=3057
BUSY TASK ewma=997
DMA IRQ c0=2
DMA IRQ c1=0
DMA IRQ c2=0
DMA IRQ c3=0
SELECT busy=3138
SELECT w0=3063
SELECT w1=2212
SELECT w2=3066
BUSY TASK ewma=997
DMA IRQ c0=2
DMA IRQ c1=0
DMA IRQ c2=0
DMA IRQ c3=0
SELECT busy=3147
SELECT w0=3072
SELECT w1=2218
SELECT w2=3074
BUSY TASK ewma=997
DMA IRQ c0=2
DMA IRQ c1=0
DMA IRQ c2=0
DMA IRQ c3=0
SELECT busy=3155
SELECT w0=3080
SELECT w1=2224
SELECT w2=3082
BUSY TASK ewma=997
DMA IRQ c0=2
DMA IRQ c1=0
DMA IRQ c2=0
DMA IRQ c3=0
SELECT busy=3163
SELECT w0=3088
SELECT w1=2230
SELECT w2=3091
BUSY TASK ewma=997
DMA IRQ c0=2
DMA IRQ c1=0
DMA IRQ c2=0
DMA IRQ c3=0
SELECT busy=3172
SELECT w0=3097
SELECT w1=2236
SELECT w2=3099
BUSY TASK ewma=997
DMA IRQ c0=2
DMA IRQ c1=0
DMA IRQ c2=0
DMA IRQ c3=0
SELECT busy=3180
SELECT w0=3105
SELECT w1=2242
SELECT w2=3107
BUSY TASK ewma=997
DMA IRQ c0=2
DMA IRQ c1=0
DMA IRQ c2=0
DMA IRQ c3=0
SELECT busy=3188
SELECT w0=3113
SELECT w1=2248
SELECT w2=3115
BUSY TASK ewma=997
DMA IRQ c0=2
DMA IRQ c1=0
DMA IRQ c2=0
DMA IRQ c3=0
SELECT busy=3197
SELECT w0=3122
SELECT w1=2254
SELECT w2=3124
BUSY TASK ewma=997
DMA IRQ c0=2
DMA IRQ c1=0
DMA IRQ c2=0
DMA IRQ c3=0
SELECT busy=3205
SELECT w0=3130
SELECT w1=2260
SELECT w2=3132
BUSY TASK ewma=997
DMA IRQ c0=2
DMA IRQ c1=0
DMA IRQ c2=0
DMA IRQ c3=0
SELECT busy=3213
SELECT w0=3138
SELECT w1=2265
SELECT w2=3140
BUSY TASK ewma=997
DMA IRQ c0=2
DMA IRQ c1=0
DMA IRQ c2=0
DMA IRQ c3=0
SELECT busy=3221
SELECT w0=3146
SELECT w1=2272
SELECT w2=3149
BUSY TASK ewma=997
DMA IRQ c0=2
DMA IRQ c1=0
DMA IRQ c2=0
DMA IRQ c3=0
SELECT busy=3230
SELECT w0=3155
SELECT w1=2277
SELECT w2=3157
BUSY TASK ewma=997
DMA IRQ c0=2
DMA IRQ c1=0
DMA IRQ c2=0
DMA IRQ c3=0
SELECT busy=3238
SELECT w0=3163
SELECT w1=2283
SELECT w2=3165
BUSY TASK ewma=997
DMA IRQ c0=2
DMA IRQ c1=0
DMA IRQ c2=0
DMA IRQ c3=0
SELECT busy=3247
SELECT w0=3172
SELECT w1=2289
SELECT w2=3174
BUSY TASK ewma=997
DMA IRQ c0=2
DMA IRQ c1=0
DMA IRQ c2=0
DMA IRQ c3=0
SELECT busy=3255
SELECT w0=3180
SELECT w1=2295
SELECT w2=3182
BUSY TASK ewma=997
DMA IRQ c0=2
DMA IRQ c1=0
DMA IRQ c2=0
DMA IRQ c3=0
SELECT busy=3263
SELECT w0=3189
SELECT w1=2302
SELECT w2=3191
BUSY TASK ewma=997
DMA IRQ c0=2
DMA IRQ c1=0
DMA IRQ c2=0
DMA IRQ c3=0
SELECT busy=3272
SELECT w0=3197
SELECT w1=2308
SELECT w2=3199
BUSY TASK ewma=997
DMA IRQ c0=2
DMA IRQ c1=0
DMA IRQ c2=0
DMA IRQ c3=0
SELECT busy=3280
SELECT w0=3205
SELECT w1=2313
SELECT w2=3208
BUSY TASK ewma=997
DMA IRQ c0=2
DMA IRQ c1=0
DMA IRQ c2=0
DMA IRQ c3=0
SELECT busy=3289
SELECT w0=3214
SELECT w1=2320
SELECT w2=3216
BUSY TASK ewma=997
DMA IRQ c0=2
DMA IRQ c1=0
DMA IRQ c2=0
DMA IRQ c3=0
SELECT busy=3297
SELECT w0=3222
SELECT w1=2326
SELECT w2=3224
BUSY TASK ewma=997
DMA IRQ c0=2
DMA IRQ c1=0
DMA IRQ c2=0
DMA IRQ c3=0
SELECT busy=3306
SELECT w0=3231
SELECT w1=2332
SELECT w2=3233
BUSY TASK ewma=997
DMA IRQ c0=2
DMA IRQ c1=0
DMA IRQ c2=0
DMA IRQ c3=0
SELECT busy=3314
SELECT w0=3239
SELECT w1=2338
SELECT w2=3241
BUSY TASK ewma=997
DMA IRQ c0=2
DMA IRQ c1=0
DMA IRQ c2=0
DMA IRQ c3=0
SELECT busy=3322
SELECT w0=3247
SELECT w1=2343
SELECT w2=3249
BUSY TASK ewma=997
DMA IRQ c0=2
DMA IRQ c1=0
DMA IRQ c2=0
DMA IRQ c3=0
SELECT busy=3331
SELECT w0=3256
SELECT w1=2350
SELECT w2=3258
BUSY TASK ewma=997
DMA IRQ c0=2
DMA IRQ c1=0
DMA IRQ c2=0
DMA IRQ c3=0
SELECT busy=3339
SELECT w0=3264
SELECT w1=2356
SELECT w2=3266
BUSY TASK ewma=997
DMA IRQ c0=2
DMA IRQ c1=0
DMA IRQ c2=0
DMA IRQ c3=0
SELECT busy=3348
SELECT w0=3273
SELECT w1=2362
SELECT w2=3275
BUSY TASK ewma=997
DMA IRQ c0=2
DMA IRQ c1=0
DMA IRQ c2=0
DMA IRQ c3=0
SELECT busy=3356
SELECT w0=3281
SELECT w1=2368
SELECT w2=3283
BUSY TASK ewma=997
DMA IRQ c0=2
DMA IRQ c1=0
DMA IRQ c2=0
DMA IRQ c3=0
SELECT busy=3364
SELECT w0=3290
SELECT w1=2374
SELECT w2=3292
BUSY TASK ewma=997
DMA IRQ c0=2
DMA IRQ c1=0
DMA IRQ c2=0
DMA IRQ c3=0
SELECT busy=3373
SELECT w0=3298
SELECT w1=2380
SELECT w2=3300
BUSY TASK ewma=997
DMA IRQ c0=2
DMA IRQ c1=0
DMA IRQ c2=0
DMA IRQ c3=0
SELECT busy=3381
SELECT w0=3306
SELECT w1=2386
SELECT w2=3308
BUSY TASK ewma=997
DMA IRQ c0=2
DMA IRQ c1=0
DMA IRQ c2=0
DMA IRQ c3=0
SELECT busy=3390
SELECT w0=3315
SELECT w1=2392
SELECT w2=3317
BUSY TASK ewma=997
DMA IRQ c0=2
DMA IRQ c1=0
DMA IRQ c2=0
DMA IRQ c3=0
SELECT busy=3398
SELECT w0=3323
SELECT w1=2398
SELECT w2=3325
BUSY TASK ewma=997
DMA IRQ c0=2
DMA IRQ c1=0
DMA IRQ c2=0
DMA IRQ c3=0
SELECT busy=3406
SELECT w0=3332
SELECT w1=2404
SELECT w2=3334
BUSY TASK ewma=997
DMA IRQ c0=2
DMA IRQ c1=0
DMA IRQ c2=0
DMA IRQ c3=0
SELECT busy=3415
SELECT w0=3340
SELECT w1=2410
SELECT w2=3342
BUSY TASK ewma=997
DMA IRQ c0=2
DMA IRQ c1=0
DMA IRQ c2=0
DMA IRQ c3=0
SELECT busy=3423
SELECT w0=3348
SELECT w1=2416
SELECT w2=3350
BUSY TASK ewma=997
DMA IRQ c0=2
DMA IRQ c1=0
DMA IRQ c2=0
DMA IRQ c3=0
SELECT busy=3432
SELECT w0=3357
SELECT w1=2422
SELECT w2=3359
BUSY TASK ewma=997
DMA IRQ c0=2
DMA IRQ c1=0
DMA IRQ c2=0
DMA IRQ c3=0
SELECT busy=3440
SELECT w0=3365
SELECT w1=2428
SELECT w2=3367
BUSY TASK ewma=997
DMA IRQ c0=2
DMA IRQ c1=0
DMA IRQ c2=0
DMA IRQ c3=0
SELECT busy=3448
SELECT w0=3373
SELECT w1=2434
SELECT w2=3375
BUSY TASK ewma=997
DMA IRQ c0=2
DMA IRQ c1=0
DMA IRQ c2=0
DMA IRQ c3=0
SELECT busy=3457
SELECT w0=3382
SELECT w1=2440
SELECT w2=3384
BUSY TASK ewma=997
DMA IRQ c0=2
DMA IRQ c1=0
DMA IRQ c2=0
DMA IRQ c3=0
SELECT busy=3465
SELECT w0=3390
SELECT w1=2446
SELECT w2=3392
BUSY TASK ewma=997
DMA IRQ c0=2
DMA IRQ c1=0
DMA IRQ c2=0
DMA IRQ c3=0
SELECT busy=3473
SELECT w0=3398
SELECT w1=2452
SELECT w2=3400
BUSY TASK ewma=997
DMA IRQ c0=2
DMA IRQ c1=0
DMA IRQ c2=0
DMA IRQ c3=0
SELECT busy=3482
SELECT w0=3407
SELECT w1=2458
SELECT w2=3409
BUSY TASK ewma=997
DMA IRQ c0=2
DMA IRQ c1=0
DMA IRQ c2=0
DMA IRQ c3=0
SELECT busy=3490
SELECT w0=3415
SELECT w1=2464
SELECT w2=3417
BUSY TASK ewma=997
DMA IRQ c0=2
DMA IRQ c1=0
DMA IRQ c2=0
DMA IRQ c3=0
SELECT busy=3498
SELECT w0=3423
SELECT w1=2470
SELECT w2=3425
BUSY TASK ewma=997
DMA IRQ c0=2
DMA IRQ c1=0
DMA IRQ c2=0
DMA IRQ c3=0
SELECT busy=3506
SELECT w0=3431
SELECT w1=2476
SELECT w2=3434
BUSY TASK ewma=997
IRQ counts: cpu0=10391 cpu1=9960 cpu2=0 cpu3=0
SCHED secondaries: calls=9960 unexpected=0
SECTEST switches=9947 cpu1=225149593,223685661 cpu2=0,0 cpu3=0,0
PINGPONG rounds=0 pongs=0
DMA IRQ c0=2
DMA IRQ c1=0
DMA IRQ c2=0
DMA IRQ c3=0
SELECT busy=3515
SELECT w0=3440
SELECT w1=2482
SELECT w2=3442
BUSY TASK ewma=997
DMA IRQ c0=2
DMA IRQ c1=0
DMA IRQ c2=0
DMA IRQ c3=0
SELECT busy=3524
SELECT w0=3449
SELECT w1=2488
SELECT w2=3451
BUSY TASK ewma=997
DMA IRQ c0=2
DMA IRQ c1=0
DMA IRQ c2=0
DMA IRQ c3=0
SELECT busy=3532
SELECT w0=3457
SELECT w1=2494
SELECT w2=3459
BUSY TASK ewma=997
DMA IRQ c0=2
DMA IRQ c1=0
DMA IRQ c2=0
DMA IRQ c3=0
SELECT busy=3540
SELECT w0=3465
SELECT w1=2500
SELECT w2=3467
BUSY TASK ewma=997
DMA IRQ c0=2
DMA IRQ c1=0
DMA IRQ c2=0
DMA IRQ c3=0
SELECT busy=3549
SELECT w0=3474
SELECT w1=2506
SELECT w2=3476
BUSY TASK ewma=997
DMA IRQ c0=2
DMA IRQ c1=0
DMA IRQ c2=0
DMA IRQ c3=0
SELECT busy=3557
SELECT w0=3482
SELECT w1=2512
SELECT w2=3484
BUSY TASK ewma=997
DMA IRQ c0=2
DMA IRQ c1=0
DMA IRQ c2=0
DMA IRQ c3=0
SELECT busy=3566
SELECT w0=3491
SELECT w1=2518
SELECT w2=3493
BUSY TASK ewma=997
DMA IRQ c0=2
DMA IRQ c1=0
DMA IRQ c2=0
DMA IRQ c3=0
SELECT busy=3574
SELECT w0=3499
SELECT w1=2524
SELECT w2=3501
BUSY TASK ewma=997
DMA IRQ c0=2
DMA IRQ c1=0
DMA IRQ c2=0
DMA IRQ c3=0
SELECT busy=3584
SELECT w0=3509
SELECT w1=2531
SELECT w2=3511
BUSY TASK ewma=997
DMA IRQ c0=2
DMA IRQ c1=0
DMA IRQ c2=0
DMA IRQ c3=0
SELECT busy=3592
SELECT w0=3517
SELECT w1=2537
SELECT w2=3520
BUSY TASK ewma=997
DMA IRQ c0=2
DMA IRQ c1=0
DMA IRQ c2=0
DMA IRQ c3=0
SELECT busy=3601
SELECT w0=3526
SELECT w1=2543
SELECT w2=3528
BUSY TASK ewma=997
DMA IRQ c0=2
DMA IRQ c1=0
DMA IRQ c2=0
DMA IRQ c3=0
SELECT busy=3609
SELECT w0=3534
SELECT w1=2549
SELECT w2=3536
BUSY TASK ewma=997
DMA IRQ c0=2
DMA IRQ c1=0
DMA IRQ c2=0
DMA IRQ c3=0
SELECT busy=3617
SELECT w0=3542
SELECT w1=2555
SELECT w2=3545
BUSY TASK ewma=997
DMA IRQ c0=2
DMA IRQ c1=0
DMA IRQ c2=0
DMA IRQ c3=0
SELECT busy=3626
SELECT w0=3551
SELECT w1=2561
SELECT w2=3553
BUSY TASK ewma=997
DMA IRQ c0=2
DMA IRQ c1=0
DMA IRQ c2=0
DMA IRQ c3=0
SELECT busy=3634
SELECT w0=3559
SELECT w1=2567
SELECT w2=3561
BUSY TASK ewma=997
DMA IRQ c0=2
DMA IRQ c1=0
DMA IRQ c2=0
DMA IRQ c3=0
SELECT busy=3643
SELECT w0=3568
SELECT w1=2573
SELECT w2=3570
BUSY TASK ewma=997
DMA IRQ c0=2
DMA IRQ c1=0
DMA IRQ c2=0
DMA IRQ c3=0
SELECT busy=3651
SELECT w0=3576
SELECT w1=2579
SELECT w2=3578
BUSY TASK ewma=997
DMA IRQ c0=2
DMA IRQ c1=0
DMA IRQ c2=0
DMA IRQ c3=0
SELECT busy=3659
SELECT w0=3584
SELECT w1=2585
SELECT w2=3586
BUSY TASK ewma=997
DMA IRQ c0=2
DMA IRQ c1=0
DMA IRQ c2=0
DMA IRQ c3=0
SELECT busy=3668
SELECT w0=3593
SELECT w1=2591
SELECT w2=3595
BUSY TASK ewma=997
DMA IRQ c0=2
DMA IRQ c1=0
DMA IRQ c2=0
DMA IRQ c3=0
SELECT busy=3676
SELECT w0=3601
SELECT w1=2597
SELECT w2=3603
BUSY TASK ewma=997
DMA IRQ c0=2
DMA IRQ c1=0
DMA IRQ c2=0
DMA IRQ c3=0
SELECT busy=3684
SELECT w0=3609
SELECT w1=2603
SELECT w2=3612
BUSY TASK ewma=997
DMA IRQ c0=2
DMA IRQ c1=0
DMA IRQ c2=0
DMA IRQ c3=0
SELECT busy=3693
SELECT w0=3618
SELECT w1=2609
SELECT w2=3620
BUSY TASK ewma=997
DMA IRQ c0=2
DMA IRQ c1=0
DMA IRQ c2=0
DMA IRQ c3=0
SELECT busy=3701
SELECT w0=3626
SELECT w1=2615
SELECT w2=3628
BUSY TASK ewma=997
DMA IRQ c0=2
DMA IRQ c1=0
DMA IRQ c2=0
DMA IRQ c3=0
SELECT busy=3709
SELECT w0=3635
SELECT w1=2621
SELECT w2=3637
BUSY TASK ewma=997
DMA IRQ c0=2
DMA IRQ c1=0
DMA IRQ c2=0
DMA IRQ c3=0
SELECT busy=3718
SELECT w0=3643
SELECT w1=2627
SELECT w2=3645
BUSY TASK ewma=997
DMA IRQ c0=2
DMA IRQ c1=0
DMA IRQ c2=0
DMA IRQ c3=0
SELECT busy=3726
SELECT w0=3651
SELECT w1=2633
SELECT w2=3653
BUSY TASK ewma=997
DMA IRQ c0=2
DMA IRQ c1=0
DMA IRQ c2=0
DMA IRQ c3=0
SELECT busy=3734
SELECT w0=3659
SELECT w1=2639
SELECT w2=3661
BUSY TASK ewma=997
DMA IRQ c0=2
DMA IRQ c1=0
DMA IRQ c2=0
DMA IRQ c3=0
SELECT busy=3742
SELECT w0=3668
SELECT w1=2645
SELECT w2=3670
BUSY TASK ewma=997
DMA IRQ c0=2
DMA IRQ c1=0
DMA IRQ c2=0
DMA IRQ c3=0
SELECT busy=3751
SELECT w0=3676
SELECT w1=2651
SELECT w2=3678
BUSY TASK ewma=997
DMA IRQ c0=2
DMA IRQ c1=0
DMA IRQ c2=0
DMA IRQ c3=0
SELECT busy=3759
SELECT w0=3684
SELECT w1=2657
SELECT w2=3686
BUSY TASK ewma=997
DMA IRQ c0=2
DMA IRQ c1=0
DMA IRQ c2=0
DMA IRQ c3=0
SELECT busy=3767
SELECT w0=3692
SELECT w1=2663
SELECT w2=3694
BUSY TASK ewma=997
DMA IRQ c0=2
DMA IRQ c1=0
DMA IRQ c2=0
DMA IRQ c3=0
SELECT busy=3776
SELECT w0=3701
SELECT w1=2669
SELECT w2=3703
BUSY TASK ewma=997
DMA IRQ c0=2
DMA IRQ c1=0
DMA IRQ c2=0
DMA IRQ c3=0
SELECT busy=3784
SELECT w0=3709
SELECT w1=2675
SELECT w2=3711
BUSY TASK ewma=997
DMA IRQ c0=2
DMA IRQ c1=0
DMA IRQ c2=0
DMA IRQ c3=0
SELECT busy=3792
SELECT w0=3717
SELECT w1=2681
SELECT w2=3719
BUSY TASK ewma=997
DMA IRQ c0=2
DMA IRQ c1=0
DMA IRQ c2=0
DMA IRQ c3=0
SELECT busy=3801
SELECT w0=3726
SELECT w1=2687
SELECT w2=3728
BUSY TASK ewma=997
DMA IRQ c0=2
DMA IRQ c1=0
DMA IRQ c2=0
DMA IRQ c3=0
SELECT busy=3809
SELECT w0=3734
SELECT w1=2693
SELECT w2=3736
BUSY TASK ewma=997
DMA IRQ c0=2
DMA IRQ c1=0
DMA IRQ c2=0
DMA IRQ c3=0
SELECT busy=3817
SELECT w0=3742
SELECT w1=2698
SELECT w2=3744
BUSY TASK ewma=997
DMA IRQ c0=2
DMA IRQ c1=0
DMA IRQ c2=0
DMA IRQ c3=0
SELECT busy=3825
SELECT w0=3750
SELECT w1=2705
SELECT w2=3753
BUSY TASK ewma=997
DMA IRQ c0=2
DMA IRQ c1=0
DMA IRQ c2=0
DMA IRQ c3=0
SELECT busy=3834
SELECT w0=3759
SELECT w1=2710
SELECT w2=3761
BUSY TASK ewma=997
DMA IRQ c0=2
DMA IRQ c1=0
DMA IRQ c2=0
DMA IRQ c3=0
SELECT busy=3842
SELECT w0=3767
SELECT w1=2716
SELECT w2=3769
BUSY TASK ewma=997
DMA IRQ c0=2
DMA IRQ c1=0
DMA IRQ c2=0
DMA IRQ c3=0
SELECT busy=3850
SELECT w0=3775
SELECT w1=2722
SELECT w2=3778
BUSY TASK ewma=997
DMA IRQ c0=2
DMA IRQ c1=0
DMA IRQ c2=0
DMA IRQ c3=0
SELECT busy=3859
SELECT w0=3784
SELECT w1=2728
SELECT w2=3786
BUSY TASK ewma=997
DMA IRQ c0=2
DMA IRQ c1=0
DMA IRQ c2=0
DMA IRQ c3=0
SELECT busy=3867
SELECT w0=3792
SELECT w1=2734
SELECT w2=3794
BUSY TASK ewma=997
DMA IRQ c0=2
DMA IRQ c1=0
DMA IRQ c2=0
DMA IRQ c3=0
SELECT busy=3875
SELECT w0=3801
SELECT w1=2740
SELECT w2=3803
BUSY TASK ewma=997
DMA IRQ c0=2
DMA IRQ c1=0
DMA IRQ c2=0
DMA IRQ c3=0
SELECT busy=3884
SELECT w0=3809
SELECT w1=2746
SELECT w2=3811
BUSY TASK ewma=997
DMA IRQ c0=2
DMA IRQ c1=0
DMA IRQ c2=0
DMA IRQ c3=0
SELECT busy=3892
SELECT w0=3817
SELECT w1=2752
SELECT w2=3820
BUSY TASK ewma=997
DMA IRQ c0=2
DMA IRQ c1=0
DMA IRQ c2=0
DMA IRQ c3=0
SELECT busy=3901
SELECT w0=3826
SELECT w1=2758
SELECT w2=3828
BUSY TASK ewma=997
DMA IRQ c0=2
DMA IRQ c1=0
DMA IRQ c2=0
DMA IRQ c3=0
SELECT busy=3909
SELECT w0=3834
SELECT w1=2764
SELECT w2=3836
BUSY TASK ewma=997
DMA IRQ c0=2
DMA IRQ c1=0
DMA IRQ c2=0
DMA IRQ c3=0
SELECT busy=3917
SELECT w0=3842
SELECT w1=2770
SELECT w2=3845
BUSY TASK ewma=997
DMA IRQ c0=2
DMA IRQ c1=0
DMA IRQ c2=0
DMA IRQ c3=0
SELECT busy=3926
SELECT w0=3851
SELECT w1=2776
SELECT w2=3853
BUSY TASK ewma=997
DMA IRQ c0=2
DMA IRQ c1=0
DMA IRQ c2=0
DMA IRQ c3=0
SELECT busy=3934
SELECT w0=3859
SELECT w1=2782
SELECT w2=3861
BUSY TASK ewma=997
DMA IRQ c0=2
DMA IRQ c1=0
DMA IRQ c2=0
DMA IRQ c3=0
SELECT busy=3942
SELECT w0=3867
SELECT w1=2788
SELECT w2=3869
BUSY TASK ewma=997
DMA IRQ c0=2
DMA IRQ c1=0
DMA IRQ c2=0
DMA IRQ c3=0
SELECT busy=3951
SELECT w0=3876
SELECT w1=2794
SELECT w2=3878
BUSY TASK ewma=997
DMA IRQ c0=2
DMA IRQ c1=0
DMA IRQ c2=0
DMA IRQ c3=0
SELECT busy=3959
SELECT w0=3884
SELECT w1=2800
SELECT w2=3886
BUSY TASK ewma=997
DMA IRQ c0=2
DMA IRQ c1=0
DMA IRQ c2=0
DMA IRQ c3=0
SELECT busy=3968
SELECT w0=3893
SELECT w1=2806
SELECT w2=3895
BUSY TASK ewma=997
DMA IRQ c0=2
DMA IRQ c1=0
DMA IRQ c2=0
DMA IRQ c3=0
SELECT busy=3976
SELECT w0=3901
SELECT w1=2812
SELECT w2=3903
BUSY TASK ewma=997
DMA IRQ c0=2
DMA IRQ c1=0
DMA IRQ c2=0
DMA IRQ c3=0
SELECT busy=3984
SELECT w0=3909
SELECT w1=2818
SELECT w2=3911
BUSY TASK ewma=997
DMA IRQ c0=2
DMA IRQ c1=0
DMA IRQ c2=0
DMA IRQ c3=0
SELECT busy=3993
SELECT w0=3918
SELECT w1=2824
SELECT w2=3920
BUSY TASK ewma=997
DMA IRQ c0=2
DMA IRQ c1=0
DMA IRQ c2=0
DMA IRQ c3=0
SELECT busy=4001
SELECT w0=3926
SELECT w1=2830
SELECT w2=3928
BUSY TASK ewma=997
DMA IRQ c0=2
DMA IRQ c1=0
DMA IRQ c2=0
DMA IRQ c3=0
SELECT busy=4009
SELECT w0=3934
SELECT w1=2836
SELECT w2=3937
BUSY TASK ewma=997
DMA IRQ c0=2
DMA IRQ c1=0
DMA IRQ c2=0
DMA IRQ c3=0
SELECT busy=4018
SELECT w0=3943
SELECT w1=2842
SELECT w2=3945
BUSY TASK ewma=997
DMA IRQ c0=2
DMA IRQ c1=0
DMA IRQ c2=0
DMA IRQ c3=0
SELECT busy=4026
SELECT w0=3951
SELECT w1=2848
SELECT w2=3954
BUSY TASK ewma=997
DMA IRQ c0=2
DMA IRQ c1=0
DMA IRQ c2=0
DMA IRQ c3=0
SELECT busy=4034
SELECT w0=3959
SELECT w1=2854
SELECT w2=3962
BUSY TASK ewma=997
DMA IRQ c0=2
DMA IRQ c1=0
DMA IRQ c2=0
DMA IRQ c3=0
SELECT busy=4043
SELECT w0=3968
SELECT w1=2860
SELECT w2=3970
BUSY TASK ewma=997
IRQ counts: cpu0=12002 cpu1=11499 cpu2=0 cpu3=0
SCHED secondaries: calls=11499 unexpected=0
SECTEST switches=11484 cpu1=261995200,260389157 cpu2=0,0 cpu3=0,0
PINGPONG rounds=0 pongs=0
DMA IRQ c0=2
DMA IRQ c1=0
DMA IRQ c2=0
DMA IRQ c3=0
SELECT busy=4052
SELECT w0=3977
SELECT w1=2867
SELECT w2=3979
BUSY TASK ewma=997
DMA IRQ c0=2
DMA IRQ c1=0
DMA IRQ c2=0
DMA IRQ c3=0
SELECT busy=4060
SELECT w0=3985
SELECT w1=2872
SELECT w2=3987
BUSY TASK ewma=997
DMA IRQ c0=2
DMA IRQ c1=0
DMA IRQ c2=0
DMA IRQ c3=0
SELECT busy=4068
SELECT w0=3994
SELECT w1=2879
SELECT w2=3996
BUSY TASK ewma=997
DMA IRQ c0=2
DMA IRQ c1=0
DMA IRQ c2=0
DMA IRQ c3=0
SELECT busy=4077
SELECT w0=4002
SELECT w1=2885
SELECT w2=4004
BUSY TASK ewma=997
DMA IRQ c0=2
DMA IRQ c1=0
DMA IRQ c2=0
DMA IRQ c3=0
SELECT busy=4085
SELECT w0=4010
SELECT w1=2890
SELECT w2=4012
BUSY TASK ewma=997
DMA IRQ c0=2
DMA IRQ c1=0
DMA IRQ c2=0
DMA IRQ c3=0
SELECT busy=4094
SELECT w0=4019
SELECT w1=2897
SELECT w2=4021
BUSY TASK ewma=997
DMA IRQ c0=2
DMA IRQ c1=0
DMA IRQ c2=0
DMA IRQ c3=0
SELECT busy=4102
SELECT w0=4027
SELECT w1=2903
SELECT w2=4029
BUSY TASK ewma=997
DMA IRQ c0=2
DMA IRQ c1=0
DMA IRQ c2=0
DMA IRQ c3=0
SELECT busy=4110
SELECT w0=4035
SELECT w1=2908
SELECT w2=4037
BUSY TASK ewma=997
DMA IRQ c0=2
DMA IRQ c1=0
DMA IRQ c2=0
DMA IRQ c3=0
SELECT busy=4119
SELECT w0=4044
SELECT w1=2915
SELECT w2=4046
BUSY TASK ewma=997
DMA IRQ c0=2
DMA IRQ c1=0
DMA IRQ c2=0
DMA IRQ c3=0
SELECT busy=4127
SELECT w0=4052
SELECT w1=2921
SELECT w2=4054
BUSY TASK ewma=997
DMA IRQ c0=2
DMA IRQ c1=0
DMA IRQ c2=0
DMA IRQ c3=0
SELECT busy=4135
SELECT w0=4060
SELECT w1=2926
SELECT w2=4062
BUSY TASK ewma=997
DMA IRQ c0=2
DMA IRQ c1=0
DMA IRQ c2=0
DMA IRQ c3=0
SELECT busy=4143
SELECT w0=4068
SELECT w1=2932
SELECT w2=4070
BUSY TASK ewma=997
DMA IRQ c0=2
DMA IRQ c1=0
DMA IRQ c2=0
DMA IRQ c3=0
SELECT busy=4151
SELECT w0=4076
SELECT w1=2938
SELECT w2=4079
BUSY TASK ewma=997
DMA IRQ c0=2
DMA IRQ c1=0
DMA IRQ c2=0
DMA IRQ c3=0
SELECT busy=4159
SELECT w0=4084
SELECT w1=2944
SELECT w2=4087
BUSY TASK ewma=997
DMA IRQ c0=2
DMA IRQ c1=0
DMA IRQ c2=0
DMA IRQ c3=0
SELECT busy=4168
SELECT w0=4093
SELECT w1=2950
SELECT w2=4095
BUSY TASK ewma=997
DMA IRQ c0=2
DMA IRQ c1=0
DMA IRQ c2=0
DMA IRQ c3=0
SELECT busy=4176
SELECT w0=4101
SELECT w1=2956
SELECT w2=4103
BUSY TASK ewma=997
DMA IRQ c0=2
DMA IRQ c1=0
DMA IRQ c2=0
DMA IRQ c3=0
SELECT busy=4184
SELECT w0=4110
SELECT w1=2962
SELECT w2=4112
BUSY TASK ewma=997
DMA IRQ c0=2
DMA IRQ c1=0
DMA IRQ c2=0
DMA IRQ c3=0
SELECT busy=4193
SELECT w0=4118
SELECT w1=2968
SELECT w2=4120
BUSY TASK ewma=997
DMA IRQ c0=2
DMA IRQ c1=0
DMA IRQ c2=0
DMA IRQ c3=0
SELECT busy=4201
SELECT w0=4126
SELECT w1=2974
SELECT w2=4128
BUSY TASK ewma=997
DMA IRQ c0=2
DMA IRQ c1=0
DMA IRQ c2=0
DMA IRQ c3=0
SELECT busy=4209
SELECT w0=4135
SELECT w1=2980
SELECT w2=4137
BUSY TASK ewma=997
DMA IRQ c0=2
DMA IRQ c1=0
DMA IRQ c2=0
DMA IRQ c3=0
SELECT busy=4218
SELECT w0=4143
SELECT w1=2986
SELECT w2=4145
BUSY TASK ewma=997
DMA IRQ c0=2
DMA IRQ c1=0
DMA IRQ c2=0
DMA IRQ c3=0
SELECT busy=4226
SELECT w0=4151
SELECT w1=2992
SELECT w2=4154
BUSY TASK ewma=997
DMA IRQ c0=2
DMA IRQ c1=0
DMA IRQ c2=0
DMA IRQ c3=0
SELECT busy=4235
SELECT w0=4160
SELECT w1=2998
SELECT w2=4162
BUSY TASK ewma=997
DMA IRQ c0=2
DMA IRQ c1=0
DMA IRQ c2=0
DMA IRQ c3=0
SELECT busy=4243
SELECT w0=4168
SELECT w1=3004
SELECT w2=4170
BUSY TASK ewma=997
DMA IRQ c0=2
DMA IRQ c1=0
DMA IRQ c2=0
DMA IRQ c3=0
SELECT busy=4251
SELECT w0=4176
SELECT w1=3009
SELECT w2=4178
BUSY TASK ewma=997
DMA IRQ c0=2
DMA IRQ c1=0
DMA IRQ c2=0
DMA IRQ c3=0
SELECT busy=4260
SELECT w0=4185
SELECT w1=3016
SELECT w2=4187
BUSY TASK ewma=997
DMA IRQ c0=2
DMA IRQ c1=0
DMA IRQ c2=0
DMA IRQ c3=0
SELECT busy=4268
SELECT w0=4193
SELECT w1=3021
SELECT w2=4195
BUSY TASK ewma=997
DMA IRQ c0=2
DMA IRQ c1=0
DMA IRQ c2=0
DMA IRQ c3=0
SELECT busy=4276
SELECT w0=4202
SELECT w1=3028
SELECT w2=4204
BUSY TASK ewma=997
DMA IRQ c0=2
DMA IRQ c1=0
DMA IRQ c2=0
DMA IRQ c3=0
SELECT busy=4285
SELECT w0=4210
SELECT w1=3033
SELECT w2=4212
BUSY TASK ewma=997
DMA IRQ c0=2
DMA IRQ c1=0
DMA IRQ c2=0
DMA IRQ c3=0
SELECT busy=4293
SELECT w0=4218
SELECT w1=3039
SELECT w2=4220
BUSY TASK ewma=997
DMA IRQ c0=2
DMA IRQ c1=0
DMA IRQ c2=0
DMA IRQ c3=0
SELECT busy=4302
SELECT w0=4227
SELECT w1=3046
SELECT w2=4229
BUSY TASK ewma=997
DMA IRQ c0=2
DMA IRQ c1=0
DMA IRQ c2=0
DMA IRQ c3=0
SELECT busy=4310
SELECT w0=4235
SELECT w1=3051
SELECT w2=4237
BUSY TASK ewma=997
DMA IRQ c0=2
DMA IRQ c1=0
DMA IRQ c2=0
DMA IRQ c3=0
SELECT busy=4318
SELECT w0=4243
SELECT w1=3057
SELECT w2=4245
BUSY TASK ewma=997
DMA IRQ c0=2
DMA IRQ c1=0
DMA IRQ c2=0
DMA IRQ c3=0
SELECT busy=4326
SELECT w0=4252
SELECT w1=3064
SELECT w2=4254
BUSY TASK ewma=997
DMA IRQ c0=2
DMA IRQ c1=0
DMA IRQ c2=0
DMA IRQ c3=0
SELECT busy=4335
SELECT w0=4260
SELECT w1=3069
SELECT w2=4262
BUSY TASK ewma=997
DMA IRQ c0=2
DMA IRQ c1=0
DMA IRQ c2=0
DMA IRQ c3=0
SELECT busy=4343
SELECT w0=4268
SELECT w1=3075
SELECT w2=4270
BUSY TASK ewma=997
DMA IRQ c0=2
DMA IRQ c1=0
DMA IRQ c2=0
DMA IRQ c3=0
SELECT busy=4351
SELECT w0=4277
SELECT w1=3082
SELECT w2=4279
BUSY TASK ewma=997
DMA IRQ c0=2
DMA IRQ c1=0
DMA IRQ c2=0
DMA IRQ c3=0
SELECT busy=4360
SELECT w0=4285
SELECT w1=3087
SELECT w2=4287
BUSY TASK ewma=997
DMA IRQ c0=2
DMA IRQ c1=0
DMA IRQ c2=0
DMA IRQ c3=0
SELECT busy=4368
SELECT w0=4293
SELECT w1=3093
SELECT w2=4295
BUSY TASK ewma=997
DMA IRQ c0=2
DMA IRQ c1=0
DMA IRQ c2=0
DMA IRQ c3=0
SELECT busy=4376
SELECT w0=4301
SELECT w1=3099
SELECT w2=4304
BUSY TASK ewma=997
DMA IRQ c0=2
DMA IRQ c1=0
DMA IRQ c2=0
DMA IRQ c3=0
SELECT busy=4385
SELECT w0=4310
SELECT w1=3105
SELECT w2=4312
BUSY TASK ewma=997
DMA IRQ c0=2
DMA IRQ c1=0
DMA IRQ c2=0
DMA IRQ c3=0
SELECT busy=4393
SELECT w0=4318
SELECT w1=3111
SELECT w2=4320
BUSY TASK ewma=997
DMA IRQ c0=2
DMA IRQ c1=0
DMA IRQ c2=0
DMA IRQ c3=0
SELECT busy=4401
SELECT w0=4326
SELECT w1=3117
SELECT w2=4328
BUSY TASK ewma=997
DMA IRQ c0=2
DMA IRQ c1=0
DMA IRQ c2=0
DMA IRQ c3=0
SELECT busy=4410
SELECT w0=4335
SELECT w1=3123
SELECT w2=4337
BUSY TASK ewma=997
DMA IRQ c0=2
DMA IRQ c1=0
DMA IRQ c2=0
DMA IRQ c3=0
SELECT busy=4418
SELECT w0=4343
SELECT w1=3129
SELECT w2=4345
BUSY TASK ewma=997
DMA IRQ c0=2
DMA IRQ c1=0
DMA IRQ c2=0
DMA IRQ c3=0
SELECT busy=4426
SELECT w0=4351
SELECT w1=3135
SELECT w2=4353
BUSY TASK ewma=997
DMA IRQ c0=2
DMA IRQ c1=0
DMA IRQ c2=0
DMA IRQ c3=0
SELECT busy=4434
SELECT w0=4359
SELECT w1=3141
SELECT w2=4362
BUSY TASK ewma=997
DMA IRQ c0=2
DMA IRQ c1=0
DMA IRQ c2=0
DMA IRQ c3=0
SELECT busy=4443
SELECT w0=4368
SELECT w1=3147
SELECT w2=4370
BUSY TASK ewma=997
DMA IRQ c0=2
DMA IRQ c1=0
DMA IRQ c2=0
DMA IRQ c3=0
SELECT busy=4451
SELECT w0=4376
SELECT w1=3153
SELECT w2=4378
BUSY TASK ewma=997
DMA IRQ c0=2
DMA IRQ c1=0
DMA IRQ c2=0
DMA IRQ c3=0
SELECT busy=4459
SELECT w0=4384
SELECT w1=3159
SELECT w2=4386
BUSY TASK ewma=997
DMA IRQ c0=2
DMA IRQ c1=0
DMA IRQ c2=0
DMA IRQ c3=0
SELECT busy=4468
SELECT w0=4393
SELECT w1=3165
SELECT w2=4395
BUSY TASK ewma=997
DMA IRQ c0=2
DMA IRQ c1=0
DMA IRQ c2=0
DMA IRQ c3=0
SELECT busy=4476
SELECT w0=4401
SELECT w1=3171
SELECT w2=4403
BUSY TASK ewma=997
DMA IRQ c0=2
DMA IRQ c1=0
DMA IRQ c2=0
DMA IRQ c3=0
SELECT busy=4484
SELECT w0=4409
SELECT w1=3177
SELECT w2=4412
BUSY TASK ewma=997
DMA IRQ c0=2
DMA IRQ c1=0
DMA IRQ c2=0
DMA IRQ c3=0
SELECT busy=4493
SELECT w0=4418
SELECT w1=3183
SELECT w2=4420
BUSY TASK ewma=997
DMA IRQ c0=2
DMA IRQ c1=0
DMA IRQ c2=0
DMA IRQ c3=0
SELECT busy=4501
SELECT w0=4426
SELECT w1=3189
SELECT w2=4428
BUSY TASK ewma=997
DMA IRQ c0=2
DMA IRQ c1=0
DMA IRQ c2=0
DMA IRQ c3=0
SELECT busy=4509
SELECT w0=4434
SELECT w1=3194
SELECT w2=4437
BUSY TASK ewma=997
DMA IRQ c0=2
DMA IRQ c1=0
DMA IRQ c2=0
DMA IRQ c3=0
SELECT busy=4518
SELECT w0=4443
SELECT w1=3201
SELECT w2=4445
BUSY TASK ewma=997
DMA IRQ c0=2
DMA IRQ c1=0
DMA IRQ c2=0
DMA IRQ c3=0
SELECT busy=4526
SELECT w0=4451
SELECT w1=3207
SELECT w2=4453
BUSY TASK ewma=997
DMA IRQ c0=2
DMA IRQ c1=0
DMA IRQ c2=0
DMA IRQ c3=0
SELECT busy=4534
SELECT w0=4460
SELECT w1=3213
SELECT w2=4462
BUSY TASK ewma=997
DMA IRQ c0=2
DMA IRQ c1=0
DMA IRQ c2=0
DMA IRQ c3=0
SELECT busy=4543
SELECT w0=4468
SELECT w1=3219
SELECT w2=4470
BUSY TASK ewma=997
DMA IRQ c0=2
DMA IRQ c1=0
DMA IRQ c2=0
DMA IRQ c3=0
SELECT busy=4551
SELECT w0=4476
SELECT w1=3225
SELECT w2=4478
BUSY TASK ewma=997
DMA IRQ c0=2
DMA IRQ c1=0
DMA IRQ c2=0
DMA IRQ c3=0
SELECT busy=4559
SELECT w0=4484
SELECT w1=3230
SELECT w2=4486
BUSY TASK ewma=997
DMA IRQ c0=2
DMA IRQ c1=0
DMA IRQ c2=0
DMA IRQ c3=0
SELECT busy=4568
SELECT w0=4493
SELECT w1=3237
SELECT w2=4495
BUSY TASK ewma=997
DMA IRQ c0=2
DMA IRQ c1=0
DMA IRQ c2=0
DMA IRQ c3=0
SELECT busy=4576
SELECT w0=4501
SELECT w1=3243
SELECT w2=4503
BUSY TASK ewma=997
IRQ counts: cpu0=13601 cpu1=13029 cpu2=0 cpu3=0
SCHED secondaries: calls=13029 unexpected=0
SECTEST switches=13016 cpu1=299650783,298208985 cpu2=0,0 cpu3=0,0
PINGPONG rounds=0 pongs=0
DMA IRQ c0=2
DMA IRQ c1=0
DMA IRQ c2=0
DMA IRQ c3=0
SELECT busy=4585
SELECT w0=4510
SELECT w1=3249
SELECT w2=4513
BUSY TASK ewma=997
DMA IRQ c0=2
DMA IRQ c1=0
DMA IRQ c2=0
DMA IRQ c3=0
SELECT busy=4594
SELECT w0=4519
SELECT w1=3256
SELECT w2=4521
BUSY TASK ewma=997
DMA IRQ c0=2
DMA IRQ c1=0
DMA IRQ c2=0
DMA IRQ c3=0
SELECT busy=4601
SELECT w0=4526
SELECT w1=3261
SELECT w2=4529
BUSY TASK ewma=997
DMA IRQ c0=2
DMA IRQ c1=0
DMA IRQ c2=0
DMA IRQ c3=0
SELECT busy=4610
SELECT w0=4535
SELECT w1=3267
SELECT w2=4537
BUSY TASK ewma=997
DMA IRQ c0=2
DMA IRQ c1=0
DMA IRQ c2=0
DMA IRQ c3=0
SELECT busy=4618
SELECT w0=4543
SELECT w1=3273
SELECT w2=4545
BUSY TASK ewma=997
DMA IRQ c0=2
DMA IRQ c1=0
DMA IRQ c2=0
DMA IRQ c3=0
SELECT busy=4626
SELECT w0=4551
SELECT w1=3279
SELECT w2=4553
BUSY TASK ewma=997
DMA IRQ c0=2
DMA IRQ c1=0
DMA IRQ c2=0
DMA IRQ c3=0
SELECT busy=4635
SELECT w0=4560
SELECT w1=3285
SELECT w2=4562
BUSY TASK ewma=997
DMA IRQ c0=2
DMA IRQ c1=0
DMA IRQ c2=0
DMA IRQ c3=0
SELECT busy=4643
SELECT w0=4568
SELECT w1=3291
SELECT w2=4570
BUSY TASK ewma=997
DMA IRQ c0=2
DMA IRQ c1=0
DMA IRQ c2=0
DMA IRQ c3=0
SELECT busy=4651
SELECT w0=4577
SELECT w1=3297
SELECT w2=4579
BUSY TASK ewma=997
DMA IRQ c0=2
DMA IRQ c1=0
DMA IRQ c2=0
DMA IRQ c3=0
SELECT busy=4659
SELECT w0=4584
SELECT w1=3302
SELECT w2=4587
BUSY TASK ewma=997
DMA IRQ c0=2
DMA IRQ c1=0
DMA IRQ c2=0
DMA IRQ c3=0
SELECT busy=4668
SELECT w0=4593
SELECT w1=3309
SELECT w2=4595
BUSY TASK ewma=997
DMA IRQ c0=2
DMA IRQ c1=0
DMA IRQ c2=0
DMA IRQ c3=0
SELECT busy=4676
SELECT w0=4601
SELECT w1=3315
SELECT w2=4603
BUSY TASK ewma=997
DMA IRQ c0=2
DMA IRQ c1=0
DMA IRQ c2=0
DMA IRQ c3=0
SELECT busy=4684
SELECT w0=4609
SELECT w1=3320
SELECT w2=4612
BUSY TASK ewma=997
DMA IRQ c0=2
DMA IRQ c1=0
DMA IRQ c2=0
DMA IRQ c3=0
SELECT busy=4693
SELECT w0=4618
SELECT w1=3327
SELECT w2=4620
BUSY TASK ewma=997
DMA IRQ c0=2
DMA IRQ c1=0
DMA IRQ c2=0
DMA IRQ c3=0
SELECT busy=4701
SELECT w0=4626
SELECT w1=3333
SELECT w2=4628
BUSY TASK ewma=997
DMA IRQ c0=2
DMA IRQ c1=0
DMA IRQ c2=0
DMA IRQ c3=0
SELECT busy=4709
SELECT w0=4635
SELECT w1=3339
SELECT w2=4637
BUSY TASK ewma=997
DMA IRQ c0=2
DMA IRQ c1=0
DMA IRQ c2=0
DMA IRQ c3=0
SELECT busy=4718
SELECT w0=4643
SELECT w1=3345
SELECT w2=4645
BUSY TASK ewma=997
DMA IRQ c0=2
DMA IRQ c1=0
DMA IRQ c2=0
DMA IRQ c3=0
SELECT busy=4726
SELECT w0=4651
SELECT w1=3350
SELECT w2=4653
BUSY TASK ewma=997
DMA IRQ c0=2
DMA IRQ c1=0
DMA IRQ c2=0
DMA IRQ c3=0
SELECT busy=4734
SELECT w0=4659
SELECT w1=3356
SELECT w2=4661
BUSY TASK ewma=997
DMA IRQ c0=2
DMA IRQ c1=0
DMA IRQ c2=0
DMA IRQ c3=0
SELECT busy=4742
SELECT w0=4667
SELECT w1=3362
SELECT w2=4669
BUSY TASK ewma=997
DMA IRQ c0=2
DMA IRQ c1=0
DMA IRQ c2=0
DMA IRQ c3=0
SELECT busy=4750
SELECT w0=4675
SELECT w1=3368
SELECT w2=4678
BUSY TASK ewma=997
DMA IRQ c0=2
DMA IRQ c1=0
DMA IRQ c2=0
DMA IRQ c3=0
SELECT busy=4759
SELECT w0=4684
SELECT w1=3374
SELECT w2=4686
BUSY TASK ewma=997
DMA IRQ c0=2
DMA IRQ c1=0
DMA IRQ c2=0
DMA IRQ c3=0
SELECT busy=4767
SELECT w0=4692
SELECT w1=3380
SELECT w2=4694
BUSY TASK ewma=997
DMA IRQ c0=2
DMA IRQ c1=0
DMA IRQ c2=0
DMA IRQ c3=0
SELECT busy=4776
SELECT w0=4701
SELECT w1=3386
SELECT w2=4703
BUSY TASK ewma=997
DMA IRQ c0=2
DMA IRQ c1=0
DMA IRQ c2=0
DMA IRQ c3=0
SELECT busy=4783
SELECT w0=4708
SELECT w1=3392
SELECT w2=4711
BUSY TASK ewma=997
DMA IRQ c0=2
DMA IRQ c1=0
DMA IRQ c2=0
DMA IRQ c3=0
SELECT busy=4792
SELECT w0=4717
SELECT w1=3398
SELECT w2=4719
BUSY TASK ewma=997
DMA IRQ c0=2
DMA IRQ c1=0
DMA IRQ c2=0
DMA IRQ c3=0
SELECT busy=4800
SELECT w0=4725
SELECT w1=3404
SELECT w2=4727
BUSY TASK ewma=997
DMA IRQ c0=2
DMA IRQ c1=0
DMA IRQ c2=0
DMA IRQ c3=0
SELECT busy=4808
SELECT w0=4734
SELECT w1=3410
SELECT w2=4736
BUSY TASK ewma=997
DMA IRQ c0=2
DMA IRQ c1=0
DMA IRQ c2=0
DMA IRQ c3=0
SELECT busy=4817
SELECT w0=4742
SELECT w1=3416
SELECT w2=4744
BUSY TASK ewma=997
DMA IRQ c0=2
DMA IRQ c1=0
DMA IRQ c2=0
DMA IRQ c3=0
SELECT busy=4825
SELECT w0=4750
SELECT w1=3422
SELECT w2=4752
BUSY TASK ewma=997
DMA IRQ c0=2
DMA IRQ c1=0
DMA IRQ c2=0
DMA IRQ c3=0
SELECT busy=4833
SELECT w0=4758
SELECT w1=3428
SELECT w2=4760
BUSY TASK ewma=997
DMA IRQ c0=2
DMA IRQ c1=0
DMA IRQ c2=0
DMA IRQ c3=0
SELECT busy=4841
SELECT w0=4766
SELECT w1=3434
SELECT w2=4769
BUSY TASK ewma=997
DMA IRQ c0=2
DMA IRQ c1=0
DMA IRQ c2=0
DMA IRQ c3=0
SELECT busy=4850
SELECT w0=4775
SELECT w1=3440
SELECT w2=4777
BUSY TASK ewma=997
DMA IRQ c0=2
DMA IRQ c1=0
DMA IRQ c2=0
DMA IRQ c3=0
SELECT busy=4858
SELECT w0=4783
SELECT w1=3446
SELECT w2=4785
BUSY TASK ewma=997
DMA IRQ c0=2
DMA IRQ c1=0
DMA IRQ c2=0
DMA IRQ c3=0
SELECT busy=4866
SELECT w0=4792
SELECT w1=3452
SELECT w2=4794
BUSY TASK ewma=997
DMA IRQ c0=2
DMA IRQ c1=0
DMA IRQ c2=0
DMA IRQ c3=0
SELECT busy=4875
SELECT w0=4800
SELECT w1=3458
SELECT w2=4802
BUSY TASK ewma=997
DMA IRQ c0=2
DMA IRQ c1=0
DMA IRQ c2=0
DMA IRQ c3=0
SELECT busy=4883
SELECT w0=4808
SELECT w1=3464
SELECT w2=4810
BUSY TASK ewma=997
DMA IRQ c0=2
DMA IRQ c1=0
DMA IRQ c2=0
DMA IRQ c3=0
SELECT busy=4892
SELECT w0=4817
SELECT w1=3471
SELECT w2=4819
BUSY TASK ewma=997
DMA IRQ c0=2
DMA IRQ c1=0
DMA IRQ c2=0
DMA IRQ c3=0
SELECT busy=4900
SELECT w0=4825
SELECT w1=3477
SELECT w2=4827
BUSY TASK ewma=997
DMA IRQ c0=2
DMA IRQ c1=0
DMA IRQ c2=0
DMA IRQ c3=0
SELECT busy=4908
SELECT w0=4834
SELECT w1=3483
SELECT w2=4836
BUSY TASK ewma=997
DMA IRQ c0=2
DMA IRQ c1=0
DMA IRQ c2=0
DMA IRQ c3=0
SELECT busy=4917
SELECT w0=4842
SELECT w1=3489
SELECT w2=4844
BUSY TASK ewma=997
DMA IRQ c0=2
DMA IRQ c1=0
DMA IRQ c2=0
DMA IRQ c3=0
SELECT busy=4926
SELECT w0=4851
SELECT w1=3495
SELECT w2=4853
BUSY TASK ewma=997
DMA IRQ c0=2
DMA IRQ c1=0
DMA IRQ c2=0
DMA IRQ c3=0
SELECT busy=4934
SELECT w0=4859
SELECT w1=3501
SELECT w2=4861
BUSY TASK ewma=997
DMA IRQ c0=2
DMA IRQ c1=0
DMA IRQ c2=0
DMA IRQ c3=0
SELECT busy=4943
SELECT w0=4868
SELECT w1=3508
SELECT w2=4870
BUSY TASK ewma=997
DMA IRQ c0=2
DMA IRQ c1=0
DMA IRQ c2=0
DMA IRQ c3=0
SELECT busy=4951
SELECT w0=4876
SELECT w1=3514
SELECT w2=4879
BUSY TASK ewma=997
DMA IRQ c0=2
DMA IRQ c1=0
DMA IRQ c2=0
DMA IRQ c3=0
SELECT busy=4960
SELECT w0=4885
SELECT w1=3520
SELECT w2=4887
BUSY TASK ewma=997
DMA IRQ c0=2
DMA IRQ c1=0
DMA IRQ c2=0
DMA IRQ c3=0
SELECT busy=4969
SELECT w0=4894
SELECT w1=3526
SELECT w2=4896
BUSY TASK ewma=997
DMA IRQ c0=2
DMA IRQ c1=0
DMA IRQ c2=0
DMA IRQ c3=0
SELECT busy=4977
SELECT w0=4902
SELECT w1=3532
SELECT w2=4905
BUSY TASK ewma=997
DMA IRQ c0=2
DMA IRQ c1=0
DMA IRQ c2=0
DMA IRQ c3=0
SELECT busy=4988
SELECT w0=4913
SELECT w1=3540
SELECT w2=4916
BUSY TASK ewma=997
DMA IRQ c0=2
DMA IRQ c1=0
DMA IRQ c2=0
DMA IRQ c3=0
SELECT busy=4997
SELECT w0=4922
SELECT w1=3547
SELECT w2=4925
BUSY TASK ewma=997
DMA IRQ c0=2
DMA IRQ c1=0
DMA IRQ c2=0
DMA IRQ c3=0
SELECT busy=5007
SELECT w0=4932
SELECT w1=3554
SELECT w2=4934
BUSY TASK ewma=997
DMA IRQ c0=2
DMA IRQ c1=0
DMA IRQ c2=0
DMA IRQ c3=0
SELECT busy=5018
SELECT w0=4943
SELECT w1=3562
SELECT w2=4945
BUSY TASK ewma=997
DMA IRQ c0=2
DMA IRQ c1=0
DMA IRQ c2=0
DMA IRQ c3=0
SELECT busy=5029
SELECT w0=4954
SELECT w1=3570
SELECT w2=4956
BUSY TASK ewma=997
DMA IRQ c0=2
DMA IRQ c1=0
DMA IRQ c2=0
DMA IRQ c3=0
SELECT busy=5038
SELECT w0=4963
SELECT w1=3576
SELECT w2=4965
BUSY TASK ewma=997
DMA IRQ c0=2
DMA IRQ c1=0
DMA IRQ c2=0
DMA IRQ c3=0
SELECT busy=5047
SELECT w0=4972
SELECT w1=3583
SELECT w2=4974
BUSY TASK ewma=997
DMA IRQ c0=2
DMA IRQ c1=0
DMA IRQ c2=0
DMA IRQ c3=0
SELECT busy=5056
SELECT w0=4981
SELECT w1=3589
SELECT w2=4983
BUSY TASK ewma=997
DMA IRQ c0=2
DMA IRQ c1=0
DMA IRQ c2=0
DMA IRQ c3=0
SELECT busy=5064
SELECT w0=4989
SELECT w1=3595
SELECT w2=4992
BUSY TASK ewma=997
DMA IRQ c0=2
DMA IRQ c1=0
DMA IRQ c2=0
DMA IRQ c3=0
SELECT busy=5073
SELECT w0=4998
SELECT w1=3601
SELECT w2=5000
BUSY TASK ewma=997
DMA IRQ c0=2
DMA IRQ c1=0
DMA IRQ c2=0
DMA IRQ c3=0
SELECT busy=5082
SELECT w0=5007
SELECT w1=3607
SELECT w2=5009
BUSY TASK ewma=997
DMA IRQ c0=2
DMA IRQ c1=0
DMA IRQ c2=0
DMA IRQ c3=0
SELECT busy=5090
SELECT w0=5015
SELECT w1=3613
SELECT w2=5017
BUSY TASK ewma=997
DMA IRQ c0=2
DMA IRQ c1=0
DMA IRQ c2=0
DMA IRQ c3=0
SELECT busy=5099
SELECT w0=5024
SELECT w1=3620
SELECT w2=5026
BUSY TASK ewma=997
DMA IRQ c0=2
DMA IRQ c1=0
DMA IRQ c2=0
DMA IRQ c3=0
SELECT busy=5107
SELECT w0=5032
SELECT w1=3626
SELECT w2=5034
BUSY TASK ewma=997
DMA IRQ c0=2
DMA IRQ c1=0
DMA IRQ c2=0
DMA IRQ c3=0
SELECT busy=5116
SELECT w0=5041
SELECT w1=3632
SELECT w2=5043
BUSY TASK ewma=997
DMA IRQ c0=2
DMA IRQ c1=0
DMA IRQ c2=0
DMA IRQ c3=0
SELECT busy=5125
SELECT w0=5050
SELECT w1=3639
SELECT w2=5052
BUSY TASK ewma=997
IRQ counts: cpu0=15251 cpu1=14615 cpu2=0 cpu3=0
SCHED secondaries: calls=14616 unexpected=0
SECTEST switches=14601 cpu1=337955461,336485115 cpu2=0,0 cpu3=0,0
PINGPONG rounds=0 pongs=0
DMA IRQ c0=2
DMA IRQ c1=0
DMA IRQ c2=0
DMA IRQ c3=0
SELECT busy=5135
SELECT w0=5060
SELECT w1=3646
SELECT w2=5062
BUSY TASK ewma=997
DMA IRQ c0=2
DMA IRQ c1=0
DMA IRQ c2=0
DMA IRQ c3=0
SELECT busy=5146
SELECT w0=5071
SELECT w1=3654
SELECT w2=5073
BUSY TASK ewma=997
DMA IRQ c0=2
DMA IRQ c1=0
DMA IRQ c2=0
DMA IRQ c3=0
SELECT busy=5156
SELECT w0=5081
SELECT w1=3661
SELECT w2=5084
BUSY TASK ewma=997
DMA IRQ c0=2
DMA IRQ c1=0
DMA IRQ c2=0
DMA IRQ c3=0
SELECT busy=5165
SELECT w0=5091
SELECT w1=3668
SELECT w2=5093
BUSY TASK ewma=997
DMA IRQ c0=2
DMA IRQ c1=0
DMA IRQ c2=0
DMA IRQ c3=0
SELECT busy=5174
SELECT w0=5099
SELECT w1=3674
SELECT w2=5101
BUSY TASK ewma=997
DMA IRQ c0=2
DMA IRQ c1=0
DMA IRQ c2=0
DMA IRQ c3=0
SELECT busy=5183
SELECT w0=5108
SELECT w1=3680
SELECT w2=5110
BUSY TASK ewma=997
DMA IRQ c0=2
DMA IRQ c1=0
DMA IRQ c2=0
DMA IRQ c3=0
SELECT busy=5192
SELECT w0=5117
SELECT w1=3687
SELECT w2=5119
BUSY TASK ewma=997
DMA IRQ c0=2
DMA IRQ c1=0
DMA IRQ c2=0
DMA IRQ c3=0
SELECT busy=5200
SELECT w0=5125
SELECT w1=3693
SELECT w2=5128
BUSY TASK ewma=997
DMA IRQ c0=2
DMA IRQ c1=0
DMA IRQ c2=0
DMA IRQ c3=0
SELECT busy=5209
SELECT w0=5134
SELECT w1=3699
SELECT w2=5136
BUSY TASK ewma=997
DMA IRQ c0=2
DMA IRQ c1=0
DMA IRQ c2=0
DMA IRQ c3=0
SELECT busy=5217
SELECT w0=5142
SELECT w1=3705
SELECT w2=5144
BUSY TASK ewma=997
DMA IRQ c0=2
DMA IRQ c1=0
DMA IRQ c2=0
DMA IRQ c3=0
SELECT busy=5225
SELECT w0=5150
SELECT w1=3711
SELECT w2=5153
BUSY TASK ewma=997
DMA IRQ c0=2
DMA IRQ c1=0
DMA IRQ c2=0
DMA IRQ c3=0
SELECT busy=5234
SELECT w0=5159
SELECT w1=3717
SELECT w2=5161
BUSY TASK ewma=997
DMA IRQ c0=2
DMA IRQ c1=0
DMA IRQ c2=0
DMA IRQ c3=0
SELECT busy=5242
SELECT w0=5167
SELECT w1=3723
SELECT w2=5169
BUSY TASK ewma=997
DMA IRQ c0=2
DMA IRQ c1=0
DMA IRQ c2=0
DMA IRQ c3=0
SELECT busy=5251
SELECT w0=5176
SELECT w1=3729
SELECT w2=5178
BUSY TASK ewma=997
DMA IRQ c0=2
DMA IRQ c1=0
DMA IRQ c2=0
DMA IRQ c3=0
SELECT busy=5259
SELECT w0=5185
SELECT w1=3736
SELECT w2=5187
BUSY TASK ewma=997
DMA IRQ c0=2
DMA IRQ c1=0
DMA IRQ c2=0
DMA IRQ c3=0
SELECT busy=5270
SELECT w0=5195
SELECT w1=3743
SELECT w2=5197
BUSY TASK ewma=997
DMA IRQ c0=2
DMA IRQ c1=0
DMA IRQ c2=0
DMA IRQ c3=0
SELECT busy=5279
SELECT w0=5204
SELECT w1=3749
SELECT w2=5207
BUSY TASK ewma=997
DMA IRQ c0=2
DMA IRQ c1=0
DMA IRQ c2=0
DMA IRQ c3=0
SELECT busy=5289
SELECT w0=5214
SELECT w1=3756
SELECT w2=5216
BUSY TASK ewma=997
DMA IRQ c0=2
DMA IRQ c1=0
DMA IRQ c2=0
DMA IRQ c3=0
SELECT busy=5298
SELECT w0=5223
SELECT w1=3763
SELECT w2=5225
BUSY TASK ewma=997
DMA IRQ c0=2
DMA IRQ c1=0
DMA IRQ c2=0
DMA IRQ c3=0
SELECT busy=5307
SELECT w0=5232
SELECT w1=3769
SELECT w2=5234
BUSY TASK ewma=997
DMA IRQ c0=2
DMA IRQ c1=0
DMA IRQ c2=0
DMA IRQ c3=0
SELECT busy=5316
SELECT w0=5241
SELECT w1=3776
SELECT w2=5243
BUSY TASK ewma=997
DMA IRQ c0=2
DMA IRQ c1=0
DMA IRQ c2=0
DMA IRQ c3=0
SELECT busy=5324
SELECT w0=5249
SELECT w1=3782
SELECT w2=5252
BUSY TASK ewma=997
DMA IRQ c0=2
DMA IRQ c1=0
DMA IRQ c2=0
DMA IRQ c3=0
SELECT busy=5333
SELECT w0=5258
SELECT w1=3788
SELECT w2=5260
BUSY TASK ewma=997
DMA IRQ c0=2
DMA IRQ c1=0
DMA IRQ c2=0
DMA IRQ c3=0
SELECT busy=5342
SELECT w0=5267
SELECT w1=3795
SELECT w2=5269
BUSY TASK ewma=997
DMA IRQ c0=2
DMA IRQ c1=0
DMA IRQ c2=0
DMA IRQ c3=0
SELECT busy=5351
SELECT w0=5276
SELECT w1=3801
SELECT w2=5278
BUSY TASK ewma=997
DMA IRQ c0=2
DMA IRQ c1=0
DMA IRQ c2=0
DMA IRQ c3=0
SELECT busy=5359
SELECT w0=5284
SELECT w1=3807
SELECT w2=5286
BUSY TASK ewma=997
DMA IRQ c0=2
DMA IRQ c1=0
DMA IRQ c2=0
DMA IRQ c3=0
SELECT busy=5368
SELECT w0=5293
SELECT w1=3813
SELECT w2=5295
BUSY TASK ewma=997
DMA IRQ c0=2
DMA IRQ c1=0
DMA IRQ c2=0
DMA IRQ c3=0
SELECT busy=5376
SELECT w0=5301
SELECT w1=3819
SELECT w2=5303
BUSY TASK ewma=997
DMA IRQ c0=2
DMA IRQ c1=0
DMA IRQ c2=0
DMA IRQ c3=0
SELECT busy=5384
SELECT w0=5309
SELECT w1=3825
SELECT w2=5312
BUSY TASK ewma=997
DMA IRQ c0=2
DMA IRQ c1=0
DMA IRQ c2=0
DMA IRQ c3=0
SELECT busy=5393
SELECT w0=5318
SELECT w1=3831
SELECT w2=5320
BUSY TASK ewma=997
DMA IRQ c0=2
DMA IRQ c1=0
DMA IRQ c2=0
DMA IRQ c3=0
SELECT busy=5401
SELECT w0=5326
SELECT w1=3837
SELECT w2=5328
BUSY TASK ewma=997
DMA IRQ c0=2
DMA IRQ c1=0
DMA IRQ c2=0
DMA IRQ c3=0
SELECT busy=5409
SELECT w0=5335
SELECT w1=3843
SELECT w2=5337
BUSY TASK ewma=997
DMA IRQ c0=2
DMA IRQ c1=0
DMA IRQ c2=0
DMA IRQ c3=0
SELECT busy=5418
SELECT w0=5343
SELECT w1=3849
SELECT w2=5345
BUSY TASK ewma=997
DMA IRQ c0=2
DMA IRQ c1=0
DMA IRQ c2=0
DMA IRQ c3=0
SELECT busy=5426
SELECT w0=5351
SELECT w1=3855
SELECT w2=5354
BUSY TASK ewma=997
DMA IRQ c0=2
DMA IRQ c1=0
DMA IRQ c2=0
DMA IRQ c3=0
SELECT busy=5435
SELECT w0=5360
SELECT w1=3861
SELECT w2=5362
BUSY TASK ewma=997
DMA IRQ c0=2
DMA IRQ c1=0
DMA IRQ c2=0
DMA IRQ c3=0
SELECT busy=5443
SELECT w0=5368
SELECT w1=3867
SELECT w2=5370
BUSY TASK ewma=997
DMA IRQ c0=2
DMA IRQ c1=0
DMA IRQ c2=0
DMA IRQ c3=0
SELECT busy=5452
SELECT w0=5377
SELECT w1=3873
SELECT w2=5379
BUSY TASK ewma=997
DMA IRQ c0=2
DMA IRQ c1=0
DMA IRQ c2=0
DMA IRQ c3=0
SELECT busy=5460
SELECT w0=5385
SELECT w1=3879
SELECT w2=5387
BUSY TASK ewma=997
DMA IRQ c0=2
DMA IRQ c1=0
DMA IRQ c2=0
DMA IRQ c3=0
SELECT busy=5468
SELECT w0=5393
SELECT w1=3885
SELECT w2=5396
BUSY TASK ewma=997
DMA IRQ c0=2
DMA IRQ c1=0
DMA IRQ c2=0
DMA IRQ c3=0
SELECT busy=5477
SELECT w0=5402
SELECT w1=3891
SELECT w2=5404
BUSY TASK ewma=997
DMA IRQ c0=2
DMA IRQ c1=0
DMA IRQ c2=0
DMA IRQ c3=0
SELECT busy=5484
SELECT w0=5409
SELECT w1=3897
SELECT w2=5412
BUSY TASK ewma=997
DMA IRQ c0=2
DMA IRQ c1=0
DMA IRQ c2=0
DMA IRQ c3=0
SELECT busy=5493
SELECT w0=5418
SELECT w1=3903
SELECT w2=5420
BUSY TASK ewma=997
DMA IRQ c0=2
DMA IRQ c1=0
DMA IRQ c2=0
DMA IRQ c3=0
SELECT busy=5501
SELECT w0=5426
SELECT w1=3909
SELECT w2=5428
BUSY TASK ewma=997
DMA IRQ c0=2
DMA IRQ c1=0
DMA IRQ c2=0
DMA IRQ c3=0
SELECT busy=5509
SELECT w0=5434
SELECT w1=3915
SELECT w2=5437
BUSY TASK ewma=997
DMA IRQ c0=2
DMA IRQ c1=0
DMA IRQ c2=0
DMA IRQ c3=0
SELECT busy=5518
SELECT w0=5443
SELECT w1=3921
SELECT w2=5445
BUSY TASK ewma=997
DMA IRQ c0=2
DMA IRQ c1=0
DMA IRQ c2=0
DMA IRQ c3=0
SELECT busy=5526
SELECT w0=5451
SELECT w1=3927
SELECT w2=5453
BUSY TASK ewma=997
DMA IRQ c0=2
DMA IRQ c1=0
DMA IRQ c2=0
DMA IRQ c3=0
SELECT busy=5535
SELECT w0=5460
SELECT w1=3933
SELECT w2=5462
BUSY TASK ewma=997
DMA IRQ c0=2
DMA IRQ c1=0
DMA IRQ c2=0
DMA IRQ c3=0
SELECT busy=5543
SELECT w0=5468
SELECT w1=3939
SELECT w2=5470
BUSY TASK ewma=997
DMA IRQ c0=2
DMA IRQ c1=0
DMA IRQ c2=0
DMA IRQ c3=0
SELECT busy=5551
SELECT w0=5476
SELECT w1=3945
SELECT w2=5479
BUSY TASK ewma=997
DMA IRQ c0=2
DMA IRQ c1=0
DMA IRQ c2=0
DMA IRQ c3=0
SELECT busy=5560
SELECT w0=5485
SELECT w1=3951
SELECT w2=5487
BUSY TASK ewma=997
DMA IRQ c0=2
DMA IRQ c1=0
DMA IRQ c2=0
DMA IRQ c3=0
SELECT busy=5568
SELECT w0=5493
SELECT w1=3957
SELECT w2=5495
BUSY TASK ewma=997
DMA IRQ c0=2
DMA IRQ c1=0
DMA IRQ c2=0
DMA IRQ c3=0
SELECT busy=5576
SELECT w0=5502
SELECT w1=3963
SELECT w2=5504
BUSY TASK ewma=997
DMA IRQ c0=2
DMA IRQ c1=0
DMA IRQ c2=0
DMA IRQ c3=0
SELECT busy=5585
SELECT w0=5510
SELECT w1=3969
SELECT w2=5512
BUSY TASK ewma=997
DMA IRQ c0=2
DMA IRQ c1=0
DMA IRQ c2=0
DMA IRQ c3=0
SELECT busy=5593
SELECT w0=5518
SELECT w1=3975
SELECT w2=5520
BUSY TASK ewma=997
DMA IRQ c0=2
DMA IRQ c1=0
DMA IRQ c2=0
DMA IRQ c3=0
SELECT busy=5601
SELECT w0=5526
SELECT w1=3981
SELECT w2=5528
BUSY TASK ewma=997
DMA IRQ c0=2
DMA IRQ c1=0
DMA IRQ c2=0
DMA IRQ c3=0
SELECT busy=5610
SELECT w0=5535
SELECT w1=3987
SELECT w2=5537
BUSY TASK ewma=997
DMA IRQ c0=2
DMA IRQ c1=0
DMA IRQ c2=0
DMA IRQ c3=0
SELECT busy=5618
SELECT w0=5543
SELECT w1=3993
SELECT w2=5545
BUSY TASK ewma=997
DMA IRQ c0=2
DMA IRQ c1=0
DMA IRQ c2=0
DMA IRQ c3=0
SELECT busy=5627
SELECT w0=5552
SELECT w1=3999
SELECT w2=5554
BUSY TASK ewma=997
DMA IRQ c0=2
DMA IRQ c1=0
DMA IRQ c2=0
DMA IRQ c3=0
SELECT busy=5635
SELECT w0=5560
SELECT w1=4005
SELECT w2=5563
BUSY TASK ewma=997
DMA IRQ c0=2
DMA IRQ c1=0
DMA IRQ c2=0
DMA IRQ c3=0
SELECT busy=5644
SELECT w0=5569
SELECT w1=4011
SELECT w2=5571
BUSY TASK ewma=997
DMA IRQ c0=2
DMA IRQ c1=0
DMA IRQ c2=0
DMA IRQ c3=0
SELECT busy=5657
SELECT w0=5583
SELECT w1=4021
SELECT w2=5585
BUSY TASK ewma=997
DMA IRQ c0=2
DMA IRQ c1=0
DMA IRQ c2=0
DMA IRQ c3=0
SELECT busy=5674
SELECT w0=5599
SELECT w1=4033
SELECT w2=5601
BUSY TASK ewma=997
DMA IRQ c0=2
DMA IRQ c1=0
DMA IRQ c2=0
DMA IRQ c3=0
SELECT busy=5690
SELECT w0=5615
SELECT w1=4044
SELECT w2=5617
BUSY TASK ewma=997
DMA IRQ c0=2
DMA IRQ c1=0
DMA IRQ c2=0
DMA IRQ c3=0
SELECT busy=5705
SELECT w0=5630
SELECT w1=4055
SELECT w2=5632
BUSY TASK ewma=997
IRQ counts: cpu0=16994 cpu1=16284 cpu2=0 cpu3=0
SCHED secondaries: calls=16284 unexpected=0
SECTEST switches=16269 cpu1=376007814,374442553 cpu2=0,0 cpu3=0,0
PINGPONG rounds=0 pongs=0
DMA IRQ c0=2
DMA IRQ c1=0
DMA IRQ c2=0
DMA IRQ c3=0
SELECT busy=5716
SELECT w0=5641
SELECT w1=4063
SELECT w2=5643
BUSY TASK ewma=997
DMA IRQ c0=2
DMA IRQ c1=0
DMA IRQ c2=0
DMA IRQ c3=0
SELECT busy=5724
SELECT w0=5650
SELECT w1=4069
SELECT w2=5652
BUSY TASK ewma=997
DMA IRQ c0=2
DMA IRQ c1=0
DMA IRQ c2=0
DMA IRQ c3=0
SELECT busy=5733
SELECT w0=5658
SELECT w1=4075
SELECT w2=5661
BUSY TASK ewma=997
DMA IRQ c0=2
DMA IRQ c1=0
DMA IRQ c2=0
DMA IRQ c3=0
SELECT busy=5750
SELECT w0=5675
SELECT w1=4087
SELECT w2=5677
BUSY TASK ewma=997
DMA IRQ c0=2
DMA IRQ c1=0
DMA IRQ c2=0
DMA IRQ c3=0
SELECT busy=5765
SELECT w0=5691
SELECT w1=4099
SELECT w2=5693
BUSY TASK ewma=997
DMA IRQ c0=2
DMA IRQ c1=0
DMA IRQ c2=0
DMA IRQ c3=0
SELECT busy=5782
SELECT w0=5707
SELECT w1=4110
SELECT w2=5709
BUSY TASK ewma=997
DMA IRQ c0=2
DMA IRQ c1=0
DMA IRQ c2=0
DMA IRQ c3=0
SELECT busy=5797
SELECT w0=5722
SELECT w1=4121
SELECT w2=5724
BUSY TASK ewma=997
DMA IRQ c0=2
DMA IRQ c1=0
DMA IRQ c2=0
DMA IRQ c3=0
SELECT busy=5809
SELECT w0=5734
SELECT w1=4130
SELECT w2=5736
BUSY TASK ewma=997
DMA IRQ c0=2
DMA IRQ c1=0
DMA IRQ c2=0
DMA IRQ c3=0
SELECT busy=5817
SELECT w0=5742
SELECT w1=4136
SELECT w2=5745
BUSY TASK ewma=997
DMA IRQ c0=2
DMA IRQ c1=0
DMA IRQ c2=0
DMA IRQ c3=0
SELECT busy=5826
SELECT w0=5751
SELECT w1=4142
SELECT w2=5753
BUSY TASK ewma=997
DMA IRQ c0=2
DMA IRQ c1=0
DMA IRQ c2=0
DMA IRQ c3=0
SELECT busy=5834
SELECT w0=5760
SELECT w1=4148
SELECT w2=5762
BUSY TASK ewma=997
DMA IRQ c0=2
DMA IRQ c1=0
DMA IRQ c2=0
DMA IRQ c3=0
SELECT busy=5843
SELECT w0=5768
SELECT w1=4154
SELECT w2=5770
BUSY TASK ewma=997
DMA IRQ c0=2
DMA IRQ c1=0
DMA IRQ c2=0
DMA IRQ c3=0
SELECT busy=5852
SELECT w0=5777
SELECT w1=4160
SELECT w2=5779
BUSY TASK ewma=997
DMA IRQ c0=2
DMA IRQ c1=0
DMA IRQ c2=0
DMA IRQ c3=0
SELECT busy=5860
SELECT w0=5785
SELECT w1=4166
SELECT w2=5788
BUSY TASK ewma=997
DMA IRQ c0=2
DMA IRQ c1=0
DMA IRQ c2=0
DMA IRQ c3=0
SELECT busy=5869
SELECT w0=5794
SELECT w1=4173
SELECT w2=5796
BUSY TASK ewma=997
DMA IRQ c0=2
DMA IRQ c1=0
DMA IRQ c2=0
DMA IRQ c3=0
SELECT busy=5878
SELECT w0=5803
SELECT w1=4179
SELECT w2=5805
BUSY TASK ewma=997
DMA IRQ c0=2
DMA IRQ c1=0
DMA IRQ c2=0
DMA IRQ c3=0
SELECT busy=5886
SELECT w0=5811
SELECT w1=4185
SELECT w2=5813
BUSY TASK ewma=997
DMA IRQ c0=2
DMA IRQ c1=0
DMA IRQ c2=0
DMA IRQ c3=0
SELECT busy=5895
SELECT w0=5820
SELECT w1=4191
SELECT w2=5822
BUSY TASK ewma=997
DMA IRQ c0=2
DMA IRQ c1=0
DMA IRQ c2=0
DMA IRQ c3=0
SELECT busy=5903
SELECT w0=5828
SELECT w1=4197
SELECT w2=5830
BUSY TASK ewma=997
DMA IRQ c0=2
DMA IRQ c1=0
DMA IRQ c2=0
DMA IRQ c3=0
SELECT busy=5912
SELECT w0=5837
SELECT w1=4204
SELECT w2=5839
BUSY TASK ewma=997
DMA IRQ c0=2
DMA IRQ c1=0
DMA IRQ c2=0
DMA IRQ c3=0
SELECT busy=5922
SELECT w0=5847
SELECT w1=4211
SELECT w2=5849
BUSY TASK ewma=997
DMA IRQ c0=2
DMA IRQ c1=0
DMA IRQ c2=0
DMA IRQ c3=0
SELECT busy=5934
SELECT w0=5859
SELECT w1=4220
SELECT w2=5861
BUSY TASK ewma=997
DMA IRQ c0=2
DMA IRQ c1=0
DMA IRQ c2=0
DMA IRQ c3=0
SELECT busy=5946
SELECT w0=5871
SELECT w1=4228
SELECT w2=5873
BUSY TASK ewma=997
DMA IRQ c0=2
DMA IRQ c1=0
DMA IRQ c2=0
DMA IRQ c3=0
SELECT busy=5956
SELECT w0=5881
SELECT w1=4235
SELECT w2=5883
BUSY TASK ewma=997
DMA IRQ c0=2
DMA IRQ c1=0
DMA IRQ c2=0
DMA IRQ c3=0
SELECT busy=5966
SELECT w0=5891
SELECT w1=4242
SELECT w2=5893
BUSY TASK ewma=997
DMA IRQ c0=2
DMA IRQ c1=0
DMA IRQ c2=0
DMA IRQ c3=0
SELECT busy=5974
SELECT w0=5900
SELECT w1=4249
SELECT w2=5902
BUSY TASK ewma=997
DMA IRQ c0=2
DMA IRQ c1=0
DMA IRQ c2=0
DMA IRQ c3=0
SELECT busy=5983
SELECT w0=5908
SELECT w1=4255
SELECT w2=5910
BUSY TASK ewma=997
DMA IRQ c0=2
DMA IRQ c1=0
DMA IRQ c2=0
DMA IRQ c3=0
SELECT busy=5992
SELECT w0=5917
SELECT w1=4261
SELECT w2=5919
BUSY TASK ewma=997
DMA IRQ c0=2
DMA IRQ c1=0
DMA IRQ c2=0
DMA IRQ c3=0
SELECT busy=6000
SELECT w0=5925
SELECT w1=4267
SELECT w2=5928
BUSY TASK ewma=997
DMA IRQ c0=2
DMA IRQ c1=0
DMA IRQ c2=0
DMA IRQ c3=0
SELECT busy=6009
SELECT w0=5934
SELECT w1=4274
SELECT w2=5936
BUSY TASK ewma=997
DMA IRQ c0=2
DMA IRQ c1=0
DMA IRQ c2=0
DMA IRQ c3=0
SELECT busy=6018
SELECT w0=5943
SELECT w1=4280
SELECT w2=5945
BUSY TASK ewma=997
DMA IRQ c0=2
DMA IRQ c1=0
DMA IRQ c2=0
DMA IRQ c3=0
SELECT busy=6027
SELECT w0=5952
SELECT w1=4286
SELECT w2=5954
BUSY TASK ewma=997
DMA IRQ c0=2
DMA IRQ c1=0
DMA IRQ c2=0
DMA IRQ c3=0
SELECT busy=6035
SELECT w0=5961
SELECT w1=4293
SELECT w2=5963
BUSY TASK ewma=997
DMA IRQ c0=2
DMA IRQ c1=0
DMA IRQ c2=0
DMA IRQ c3=0
SELECT busy=6044
SELECT w0=5969
SELECT w1=4299
SELECT w2=5971
BUSY TASK ewma=997
DMA IRQ c0=2
DMA IRQ c1=0
DMA IRQ c2=0
DMA IRQ c3=0
SELECT busy=6055
SELECT w0=5980
SELECT w1=4307
SELECT w2=5983
BUSY TASK ewma=997
DMA IRQ c0=2
DMA IRQ c1=0
DMA IRQ c2=0
DMA IRQ c3=0
SELECT busy=6066
SELECT w0=5991
SELECT w1=4315
SELECT w2=5994
BUSY TASK ewma=997
DMA IRQ c0=2
DMA IRQ c1=0
DMA IRQ c2=0
DMA IRQ c3=0
SELECT busy=6077
SELECT w0=6002
SELECT w1=4322
SELECT w2=6004
BUSY TASK ewma=997
DMA IRQ c0=2
DMA IRQ c1=0
DMA IRQ c2=0
DMA IRQ c3=0
SELECT busy=6086
SELECT w0=6011
SELECT w1=4329
SELECT w2=6013
BUSY TASK ewma=997
DMA IRQ c0=2
DMA IRQ c1=0
DMA IRQ c2=0
DMA IRQ c3=0
SELECT busy=6096
SELECT w0=6021
SELECT w1=4336
SELECT w2=6023
BUSY TASK ewma=997
DMA IRQ c0=2
DMA IRQ c1=0
DMA IRQ c2=0
DMA IRQ c3=0
SELECT busy=6105
SELECT w0=6030
SELECT w1=4343
SELECT w2=6032
BUSY TASK ewma=997
DMA IRQ c0=2
DMA IRQ c1=0
DMA IRQ c2=0
DMA IRQ c3=0
SELECT busy=6114
SELECT w0=6039
SELECT w1=4349
SELECT w2=6041
BUSY TASK ewma=997
DMA IRQ c0=2
DMA IRQ c1=0
DMA IRQ c2=0
DMA IRQ c3=0
SELECT busy=6123
SELECT w0=6048
SELECT w1=4356
SELECT w2=6050
BUSY TASK ewma=997
DMA IRQ c0=2
DMA IRQ c1=0
DMA IRQ c2=0
DMA IRQ c3=0
SELECT busy=6133
SELECT w0=6058
SELECT w1=4363
SELECT w2=6060
BUSY TASK ewma=997
DMA IRQ c0=2
DMA IRQ c1=0
DMA IRQ c2=0
DMA IRQ c3=0
SELECT busy=6141
SELECT w0=6067
SELECT w1=4369
SELECT w2=6069
BUSY TASK ewma=997
DMA IRQ c0=2
DMA IRQ c1=0
DMA IRQ c2=0
DMA IRQ c3=0
SELECT busy=6150
SELECT w0=6075
SELECT w1=4375
SELECT w2=6077
BUSY TASK ewma=997
DMA IRQ c0=2
DMA IRQ c1=0
DMA IRQ c2=0
DMA IRQ c3=0
SELECT busy=6165
SELECT w0=6090
SELECT w1=4386
SELECT w2=6092
BUSY TASK ewma=997
DMA IRQ c0=2
DMA IRQ c1=0
DMA IRQ c2=0
DMA IRQ c3=0
SELECT busy=6181
SELECT w0=6106
SELECT w1=4397
SELECT w2=6108
BUSY TASK ewma=997
DMA IRQ c0=2
DMA IRQ c1=0
DMA IRQ c2=0
DMA IRQ c3=0
SELECT busy=6197
SELECT w0=6122
SELECT w1=4409
SELECT w2=6124
BUSY TASK ewma=997
DMA IRQ c0=2
DMA IRQ c1=0
DMA IRQ c2=0
DMA IRQ c3=0
SELECT busy=6212
SELECT w0=6137
SELECT w1=4419
SELECT w2=6139
BUSY TASK ewma=997
DMA IRQ c0=2
DMA IRQ c1=0
DMA IRQ c2=0
DMA IRQ c3=0
SELECT busy=6222
SELECT w0=6148
SELECT w1=4427
SELECT w2=6150
BUSY TASK ewma=997
DMA IRQ c0=2
DMA IRQ c1=0
DMA IRQ c2=0
DMA IRQ c3=0
SELECT busy=6231
SELECT w0=6156
SELECT w1=4433
SELECT w2=6158
BUSY TASK ewma=997
DMA IRQ c0=2
DMA IRQ c1=0
DMA IRQ c2=0
DMA IRQ c3=0
SELECT busy=6240
SELECT w0=6165
SELECT w1=4440
SELECT w2=6167
BUSY TASK ewma=997
DMA IRQ c0=2
DMA IRQ c1=0
DMA IRQ c2=0
DMA IRQ c3=0
SELECT busy=6249
SELECT w0=6174
SELECT w1=4446
SELECT w2=6176
BUSY TASK ewma=997
DMA IRQ c0=2
DMA IRQ c1=0
DMA IRQ c2=0
DMA IRQ c3=0
SELECT busy=6259
SELECT w0=6184
SELECT w1=4454
SELECT w2=6187
BUSY TASK ewma=997
DMA IRQ c0=2
DMA IRQ c1=0
DMA IRQ c2=0
DMA IRQ c3=0
SELECT busy=6270
SELECT w0=6196
SELECT w1=4462
SELECT w2=6198
BUSY TASK ewma=997
DMA IRQ c0=2
DMA IRQ c1=0
DMA IRQ c2=0
DMA IRQ c3=0
SELECT busy=6281
SELECT w0=6207
SELECT w1=4469
SELECT w2=6209
BUSY TASK ewma=997
DMA IRQ c0=2
DMA IRQ c1=0
DMA IRQ c2=0
DMA IRQ c3=0
SELECT busy=6292
SELECT w0=6217
SELECT w1=4476
SELECT w2=6219
BUSY TASK ewma=997
DMA IRQ c0=2
DMA IRQ c1=0
DMA IRQ c2=0
DMA IRQ c3=0
SELECT busy=6302
SELECT w0=6227
SELECT w1=4484
SELECT w2=6230
BUSY TASK ewma=997
DMA IRQ c0=2
DMA IRQ c1=0
DMA IRQ c2=0
DMA IRQ c3=0
SELECT busy=6315
SELECT w0=6241
SELECT w1=4494
SELECT w2=6243
BUSY TASK ewma=997
DMA IRQ c0=2
DMA IRQ c1=0
DMA IRQ c2=0
DMA IRQ c3=0
SELECT busy=6327
SELECT w0=6252
SELECT w1=4502
SELECT w2=6254
BUSY TASK ewma=997
DMA IRQ c0=2
DMA IRQ c1=0
DMA IRQ c2=0
DMA IRQ c3=0
SELECT busy=6337
SELECT w0=6262
SELECT w1=4510
SELECT w2=6265
BUSY TASK ewma=997
DMA IRQ c0=2
DMA IRQ c1=0
DMA IRQ c2=0
DMA IRQ c3=0
SELECT busy=6347
SELECT w0=6272
SELECT w1=4516
SELECT w2=6274
BUSY TASK ewma=997
DMA IRQ c0=2
DMA IRQ c1=0
DMA IRQ c2=0
DMA IRQ c3=0
SELECT busy=6356
SELECT w0=6281
SELECT w1=4523
SELECT w2=6283
BUSY TASK ewma=997
DMA IRQ c0=2
DMA IRQ c1=0
DMA IRQ c2=0
DMA IRQ c3=0
SELECT busy=6365
SELECT w0=6290
SELECT w1=4529
SELECT w2=6292
BUSY TASK ewma=997
IRQ counts: cpu0=18971 cpu1=18178 cpu2=0 cpu3=0
SCHED secondaries: calls=18178 unexpected=0
SECTEST switches=18164 cpu1=414192994,412926456 cpu2=0,0 cpu3=0,0
PINGPONG rounds=0 pongs=0
DMA IRQ c0=2
DMA IRQ c1=0
DMA IRQ c2=0
DMA IRQ c3=0
SELECT busy=6375
SELECT w0=6300
SELECT w1=4536
SELECT w2=6302
BUSY TASK ewma=997
DMA IRQ c0=2
DMA IRQ c1=0
DMA IRQ c2=0
DMA IRQ c3=0
SELECT busy=6384
SELECT w0=6309
SELECT w1=4543
SELECT w2=6311
BUSY TASK ewma=997
DMA IRQ c0=2
DMA IRQ c1=0
DMA IRQ c2=0
DMA IRQ c3=0
SELECT busy=6392
SELECT w0=6317
SELECT w1=4549
SELECT w2=6320
BUSY TASK ewma=997
DMA IRQ c0=2
DMA IRQ c1=0
DMA IRQ c2=0
DMA IRQ c3=0
SELECT busy=6401
SELECT w0=6326
SELECT w1=4555
SELECT w2=6328
BUSY TASK ewma=997
DMA IRQ c0=2
DMA IRQ c1=0
DMA IRQ c2=0
DMA IRQ c3=0
SELECT busy=6409
SELECT w0=6334
SELECT w1=4561
SELECT w2=6336
BUSY TASK ewma=997
DMA IRQ c0=2
DMA IRQ c1=0
DMA IRQ c2=0
DMA IRQ c3=0
SELECT busy=6418
SELECT w0=6343
SELECT w1=4567
SELECT w2=6345
BUSY TASK ewma=997
DMA IRQ c0=2
DMA IRQ c1=0
DMA IRQ c2=0
DMA IRQ c3=0
SELECT busy=6427
SELECT w0=6352
SELECT w1=4574
SELECT w2=6355
BUSY TASK ewma=997
DMA IRQ c0=2
DMA IRQ c1=0
DMA IRQ c2=0
DMA IRQ c3=0
SELECT busy=6438
SELECT w0=6363
SELECT w1=4582
SELECT w2=6365
BUSY TASK ewma=997
DMA IRQ c0=2
DMA IRQ c1=0
DMA IRQ c2=0
DMA IRQ c3=0
SELECT busy=6449
SELECT w0=6374
SELECT w1=4590
SELECT w2=6376
BUSY TASK ewma=997
DMA IRQ c0=2
DMA IRQ c1=0
DMA IRQ c2=0
DMA IRQ c3=0
SELECT busy=6458
SELECT w0=6383
SELECT w1=4596
SELECT w2=6385
BUSY TASK ewma=997
DMA IRQ c0=2
DMA IRQ c1=0
DMA IRQ c2=0
DMA IRQ c3=0
SELECT busy=6467
SELECT w0=6392
SELECT w1=4603
SELECT w2=6395
BUSY TASK ewma=997
DMA IRQ c0=2
DMA IRQ c1=0
DMA IRQ c2=0
DMA IRQ c3=0
SELECT busy=6476
SELECT w0=6401
SELECT w1=4609
SELECT w2=6404
BUSY TASK ewma=997
DMA IRQ c0=2
DMA IRQ c1=0
DMA IRQ c2=0
DMA IRQ c3=0
SELECT busy=6485
SELECT w0=6410
SELECT w1=4616
SELECT w2=6412
BUSY TASK ewma=997
DMA IRQ c0=2
DMA IRQ c1=0
DMA IRQ c2=0
DMA IRQ c3=0
SELECT busy=6494
SELECT w0=6419
SELECT w1=4622
SELECT w2=6421
BUSY TASK ewma=997
DMA IRQ c0=2
DMA IRQ c1=0
DMA IRQ c2=0
DMA IRQ c3=0
SELECT busy=6504
SELECT w0=6429
SELECT w1=4629
SELECT w2=6431
BUSY TASK ewma=997
DMA IRQ c0=2
DMA IRQ c1=0
DMA IRQ c2=0
DMA IRQ c3=0
SELECT busy=6512
SELECT w0=6437
SELECT w1=4635
SELECT w2=6440
BUSY TASK ewma=997
DMA IRQ c0=2
DMA IRQ c1=0
DMA IRQ c2=0
DMA IRQ c3=0
SELECT busy=6521
SELECT w0=6446
SELECT w1=4641
SELECT w2=6448
BUSY TASK ewma=997
DMA IRQ c0=2
DMA IRQ c1=0
DMA IRQ c2=0
DMA IRQ c3=0
SELECT busy=6530
SELECT w0=6455
SELECT w1=4648
SELECT w2=6457
BUSY TASK ewma=997
DMA IRQ c0=2
DMA IRQ c1=0
DMA IRQ c2=0
DMA IRQ c3=0
SELECT busy=6538
SELECT w0=6463
SELECT w1=4653
SELECT w2=6465
BUSY TASK ewma=997
DMA IRQ c0=2
DMA IRQ c1=0
DMA IRQ c2=0
DMA IRQ c3=0
SELECT busy=6547
SELECT w0=6472
SELECT w1=4660
SELECT w2=6474
BUSY TASK ewma=997
DMA IRQ c0=2
DMA IRQ c1=0
DMA IRQ c2=0
DMA IRQ c3=0
SELECT busy=6557
SELECT w0=6482
SELECT w1=4667
SELECT w2=6484
BUSY TASK ewma=997
DMA IRQ c0=2
DMA IRQ c1=0
DMA IRQ c2=0
DMA IRQ c3=0
SELECT busy=6575
SELECT w0=6500
SELECT w1=4680
SELECT w2=6502
BUSY TASK ewma=997
DMA IRQ c0=2
DMA IRQ c1=0
DMA IRQ c2=0
DMA IRQ c3=0
SELECT busy=6591
SELECT w0=6516
SELECT w1=4692
SELECT w2=6519
BUSY TASK ewma=997
DMA IRQ c0=2
DMA IRQ c1=0
DMA IRQ c2=0
DMA IRQ c3=0
SELECT busy=6609
SELECT w0=6534
SELECT w1=4705
SELECT w2=6536
BUSY TASK ewma=997
DMA IRQ c0=2
DMA IRQ c1=0
DMA IRQ c2=0
DMA IRQ c3=0
SELECT busy=6625
SELECT w0=6550
SELECT w1=4717
SELECT w2=6553
BUSY TASK ewma=997
DMA IRQ c0=2
DMA IRQ c1=0
DMA IRQ c2=0
DMA IRQ c3=0
SELECT busy=6637
SELECT w0=6562
SELECT w1=4725
SELECT w2=6564
BUSY TASK ewma=997
DMA IRQ c0=2
DMA IRQ c1=0
DMA IRQ c2=0
DMA IRQ c3=0
SELECT busy=6645
SELECT w0=6570
SELECT w1=4731
SELECT w2=6573
BUSY TASK ewma=997
DMA IRQ c0=2
DMA IRQ c1=0
DMA IRQ c2=0
DMA IRQ c3=0
SELECT busy=6654
SELECT w0=6579
SELECT w1=4737
SELECT w2=6581
BUSY TASK ewma=997
DMA IRQ c0=2
DMA IRQ c1=0
DMA IRQ c2=0
DMA IRQ c3=0
SELECT busy=6663
SELECT w0=6588
SELECT w1=4744
SELECT w2=6590
BUSY TASK ewma=997
DMA IRQ c0=2
DMA IRQ c1=0
DMA IRQ c2=0
DMA IRQ c3=0
SELECT busy=6671
SELECT w0=6596
SELECT w1=4749
SELECT w2=6598
BUSY TASK ewma=997
DMA IRQ c0=2
DMA IRQ c1=0
DMA IRQ c2=0
DMA IRQ c3=0
SELECT busy=6680
SELECT w0=6605
SELECT w1=4756
SELECT w2=6607
BUSY TASK ewma=997
DMA IRQ c0=2
DMA IRQ c1=0
DMA IRQ c2=0
DMA IRQ c3=0
SELECT busy=6690
SELECT w0=6615
SELECT w1=4763
SELECT w2=6617
BUSY TASK ewma=997
DMA IRQ c0=2
DMA IRQ c1=0
DMA IRQ c2=0
DMA IRQ c3=0
SELECT busy=6701
SELECT w0=6626
SELECT w1=4771
SELECT w2=6628
BUSY TASK ewma=997
DMA IRQ c0=2
DMA IRQ c1=0
DMA IRQ c2=0
DMA IRQ c3=0
SELECT busy=6712
SELECT w0=6638
SELECT w1=4780
SELECT w2=6640
BUSY TASK ewma=997
DMA IRQ c0=2
DMA IRQ c1=0
DMA IRQ c2=0
DMA IRQ c3=0
SELECT busy=6722
SELECT w0=6647
SELECT w1=4786
SELECT w2=6649
BUSY TASK ewma=997
DMA IRQ c0=2
DMA IRQ c1=0
DMA IRQ c2=0
DMA IRQ c3=0
SELECT busy=6731
SELECT w0=6656
SELECT w1=4793
SELECT w2=6658
BUSY TASK ewma=997
DMA IRQ c0=2
DMA IRQ c1=0
DMA IRQ c2=0
DMA IRQ c3=0
SELECT busy=6739
SELECT w0=6665
SELECT w1=4799
SELECT w2=6667
BUSY TASK ewma=997
DMA IRQ c0=2
DMA IRQ c1=0
DMA IRQ c2=0
DMA IRQ c3=0
SELECT busy=6748
SELECT w0=6674
SELECT w1=4806
SELECT w2=6676
BUSY TASK ewma=997
DMA IRQ c0=2
DMA IRQ c1=0
DMA IRQ c2=0
DMA IRQ c3=0
SELECT busy=6757
SELECT w0=6682
SELECT w1=4812
SELECT w2=6684
BUSY TASK ewma=997
DMA IRQ c0=2
DMA IRQ c1=0
DMA IRQ c2=0
DMA IRQ c3=0
SELECT busy=6766
SELECT w0=6691
SELECT w1=4818
SELECT w2=6693
BUSY TASK ewma=997
DMA IRQ c0=2
DMA IRQ c1=0
DMA IRQ c2=0
DMA IRQ c3=0
SELECT busy=6775
SELECT w0=6700
SELECT w1=4824
SELECT w2=6702
BUSY TASK ewma=997
DMA IRQ c0=2
DMA IRQ c1=0
DMA IRQ c2=0
DMA IRQ c3=0
SELECT busy=6783
SELECT w0=6708
SELECT w1=4830
SELECT w2=6710
BUSY TASK ewma=997
DMA IRQ c0=2
DMA IRQ c1=0
DMA IRQ c2=0
DMA IRQ c3=0
SELECT busy=6791
SELECT w0=6716
SELECT w1=4836
SELECT w2=6718
BUSY TASK ewma=997
DMA IRQ c0=2
DMA IRQ c1=0
DMA IRQ c2=0
DMA IRQ c3=0
SELECT busy=6799
SELECT w0=6725
SELECT w1=4842
SELECT w2=6727
BUSY TASK ewma=997
DMA IRQ c0=2
DMA IRQ c1=0
DMA IRQ c2=0
DMA IRQ c3=0
SELECT busy=6808
SELECT w0=6733
SELECT w1=4848
SELECT w2=6735
BUSY TASK ewma=997
DMA IRQ c0=2
DMA IRQ c1=0
DMA IRQ c2=0
DMA IRQ c3=0
SELECT busy=6816
SELECT w0=6741
SELECT w1=4854
SELECT w2=6743
BUSY TASK ewma=997
DMA IRQ c0=2
DMA IRQ c1=0
DMA IRQ c2=0
DMA IRQ c3=0
SELECT busy=6824
SELECT w0=6750
SELECT w1=4861
SELECT w2=6752
BUSY TASK ewma=997
DMA IRQ c0=2
DMA IRQ c1=0
DMA IRQ c2=0
DMA IRQ c3=0
SELECT busy=6833
SELECT w0=6758
SELECT w1=4867
SELECT w2=6760
BUSY TASK ewma=997
DMA IRQ c0=2
DMA IRQ c1=0
DMA IRQ c2=0
DMA IRQ c3=0
SELECT busy=6841
SELECT w0=6766
SELECT w1=4872
SELECT w2=6768
BUSY TASK ewma=997
DMA IRQ c0=2
DMA IRQ c1=0
DMA IRQ c2=0
DMA IRQ c3=0
SELECT busy=6849
SELECT w0=6774
SELECT w1=4878
SELECT w2=6776
BUSY TASK ewma=997
DMA IRQ c0=2
DMA IRQ c1=0
DMA IRQ c2=0
DMA IRQ c3=0
SELECT busy=6857
SELECT w0=6783
SELECT w1=4884
SELECT w2=6785
BUSY TASK ewma=997
DMA IRQ c0=2
DMA IRQ c1=0
DMA IRQ c2=0
DMA IRQ c3=0
SELECT busy=6866
SELECT w0=6791
SELECT w1=4890
SELECT w2=6793
BUSY TASK ewma=997
DMA IRQ c0=2
DMA IRQ c1=0
DMA IRQ c2=0
DMA IRQ c3=0
SELECT busy=6874
SELECT w0=6799
SELECT w1=4897
SELECT w2=6802
BUSY TASK ewma=997
DMA IRQ c0=2
DMA IRQ c1=0
DMA IRQ c2=0
DMA IRQ c3=0
SELECT busy=6883
SELECT w0=6808
SELECT w1=4902
SELECT w2=6810
BUSY TASK ewma=997
DMA IRQ c0=2
DMA IRQ c1=0
DMA IRQ c2=0
DMA IRQ c3=0
SELECT busy=6891
SELECT w0=6817
SELECT w1=4909
SELECT w2=6819
BUSY TASK ewma=997
DMA IRQ c0=2
DMA IRQ c1=0
DMA IRQ c2=0
DMA IRQ c3=0
SELECT busy=6900
SELECT w0=6825
SELECT w1=4915
SELECT w2=6827
BUSY TASK ewma=997
DMA IRQ c0=2
DMA IRQ c1=0
DMA IRQ c2=0
DMA IRQ c3=0
SELECT busy=6909
SELECT w0=6834
SELECT w1=4921
SELECT w2=6837
BUSY TASK ewma=997
DMA IRQ c0=2
DMA IRQ c1=0
DMA IRQ c2=0
DMA IRQ c3=0
SELECT busy=6918
SELECT w0=6843
SELECT w1=4927
SELECT w2=6845
BUSY TASK ewma=997
DMA IRQ c0=2
DMA IRQ c1=0
DMA IRQ c2=0
DMA IRQ c3=0
SELECT busy=6929
SELECT w0=6854
SELECT w1=4935
SELECT w2=6856
BUSY TASK ewma=997
DMA IRQ c0=2
DMA IRQ c1=0
DMA IRQ c2=0
DMA IRQ c3=0
SELECT busy=6946
SELECT w0=6871
SELECT w1=4948
SELECT w2=6874
BUSY TASK ewma=997
DMA IRQ c0=2
DMA IRQ c1=0
DMA IRQ c2=0
DMA IRQ c3=0
SELECT busy=6958
SELECT w0=6883
SELECT w1=4956
SELECT w2=6885
BUSY TASK ewma=997
DMA IRQ c0=2
DMA IRQ c1=0
DMA IRQ c2=0
DMA IRQ c3=0
SELECT busy=6971
SELECT w0=6896
SELECT w1=4966
SELECT w2=6898
BUSY TASK ewma=997
DMA IRQ c0=2
DMA IRQ c1=0
DMA IRQ c2=0
DMA IRQ c3=0
SELECT busy=6985
SELECT w0=6910
SELECT w1=4976
SELECT w2=6912
BUSY TASK ewma=997
DMA IRQ c0=2
DMA IRQ c1=0
DMA IRQ c2=0
DMA IRQ c3=0
SELECT busy=6996
SELECT w0=6921
SELECT w1=4984
SELECT w2=6924
BUSY TASK ewma=997
IRQ counts: cpu0=20867 cpu1=20000 cpu2=0 cpu3=0
SCHED secondaries: calls=20000 unexpected=0
SECTEST switches=19985 cpu1=453030387,451949523 cpu2=0,0 cpu3=0,0
PINGPONG rounds=0 pongs=0
DMA IRQ c0=2
DMA IRQ c1=0
DMA IRQ c2=0
DMA IRQ c3=0
SELECT busy=7007
SELECT w0=6932
SELECT w1=4992
SELECT w2=6934
BUSY TASK ewma=997
DMA IRQ c0=2
DMA IRQ c1=0
DMA IRQ c2=0
DMA IRQ c3=0
SELECT busy=7017
SELECT w0=6942
SELECT w1=4999
SELECT w2=6944
BUSY TASK ewma=997
DMA IRQ c0=2
DMA IRQ c1=0
DMA IRQ c2=0
DMA IRQ c3=0
SELECT busy=7027
SELECT w0=6952
SELECT w1=5006
SELECT w2=6954
BUSY TASK ewma=997
DMA IRQ c0=2
DMA IRQ c1=0
DMA IRQ c2=0
DMA IRQ c3=0
SELECT busy=7038
SELECT w0=6963
SELECT w1=5014
SELECT w2=6965
BUSY TASK ewma=997
DMA IRQ c0=2
DMA IRQ c1=0
DMA IRQ c2=0
DMA IRQ c3=0
SELECT busy=7050
SELECT w0=6975
SELECT w1=5023
SELECT w2=6977
BUSY TASK ewma=997
DMA IRQ c0=2
DMA IRQ c1=0
DMA IRQ c2=0
DMA IRQ c3=0
SELECT busy=7059
SELECT w0=6984
SELECT w1=5029
SELECT w2=6987
BUSY TASK ewma=997
DMA IRQ c0=2
DMA IRQ c1=0
DMA IRQ c2=0
DMA IRQ c3=0
SELECT busy=7068
SELECT w0=6993
SELECT w1=5035
SELECT w2=6995
BUSY TASK ewma=997
DMA IRQ c0=2
DMA IRQ c1=0
DMA IRQ c2=0
DMA IRQ c3=0
SELECT busy=7077
SELECT w0=7003
SELECT w1=5043
SELECT w2=7005
BUSY TASK ewma=997
DMA IRQ c0=2
DMA IRQ c1=0
DMA IRQ c2=0
DMA IRQ c3=0
SELECT busy=7085
SELECT w0=7011
SELECT w1=5048
SELECT w2=7013
BUSY TASK ewma=997
DMA IRQ c0=2
DMA IRQ c1=0
DMA IRQ c2=0
DMA IRQ c3=0
SELECT busy=7094
SELECT w0=7019
SELECT w1=5054
SELECT w2=7021
BUSY TASK ewma=997
DMA IRQ c0=2
DMA IRQ c1=0
DMA IRQ c2=0
DMA IRQ c3=0
SELECT busy=7102
SELECT w0=7027
SELECT w1=5060
SELECT w2=7029
BUSY TASK ewma=997
DMA IRQ c0=2
DMA IRQ c1=0
DMA IRQ c2=0
DMA IRQ c3=0
SELECT busy=7111
SELECT w0=7036
SELECT w1=5066
SELECT w2=7038
BUSY TASK ewma=997
DMA IRQ c0=2
DMA IRQ c1=0
DMA IRQ c2=0
DMA IRQ c3=0
SELECT busy=7119
SELECT w0=7044
SELECT w1=5072
SELECT w2=7046
BUSY TASK ewma=997
DMA IRQ c0=2
DMA IRQ c1=0
DMA IRQ c2=0
DMA IRQ c3=0
SELECT busy=7128
SELECT w0=7053
SELECT w1=5078
SELECT w2=7055
BUSY TASK ewma=997
DMA IRQ c0=2
DMA IRQ c1=0
DMA IRQ c2=0
DMA IRQ c3=0
SELECT busy=7146
SELECT w0=7071
SELECT w1=5091
SELECT w2=7073
BUSY TASK ewma=997
DMA IRQ c0=2
DMA IRQ c1=0
DMA IRQ c2=0
DMA IRQ c3=0
SELECT busy=7162
SELECT w0=7087
SELECT w1=5103
SELECT w2=7089
BUSY TASK ewma=997
DMA IRQ c0=2
DMA IRQ c1=0
DMA IRQ c2=0
DMA IRQ c3=0
SELECT busy=7176
SELECT w0=7101
SELECT w1=5114
SELECT w2=7104
BUSY TASK ewma=997
DMA IRQ c0=2
DMA IRQ c1=0
DMA IRQ c2=0
DMA IRQ c3=0
SELECT busy=7186
SELECT w0=7111
SELECT w1=5121
SELECT w2=7113
BUSY TASK ewma=997
DMA IRQ c0=2
DMA IRQ c1=0
DMA IRQ c2=0
DMA IRQ c3=0
SELECT busy=7195
SELECT w0=7120
SELECT w1=5127
SELECT w2=7122
BUSY TASK ewma=997
DMA IRQ c0=2
DMA IRQ c1=0
DMA IRQ c2=0
DMA IRQ c3=0
SELECT busy=7203
SELECT w0=7128
SELECT w1=5133
SELECT w2=7130
BUSY TASK ewma=997
DMA IRQ c0=2
DMA IRQ c1=0
DMA IRQ c2=0
DMA IRQ c3=0
SELECT busy=7214
SELECT w0=7139
SELECT w1=5141
SELECT w2=7142
BUSY TASK ewma=997
DMA IRQ c0=2
DMA IRQ c1=0
DMA IRQ c2=0
DMA IRQ c3=0
SELECT busy=7225
SELECT w0=7150
SELECT w1=5149
SELECT w2=7153
BUSY TASK ewma=997
DMA IRQ c0=2
DMA IRQ c1=0
DMA IRQ c2=0
DMA IRQ c3=0
SELECT busy=7235
SELECT w0=7160
SELECT w1=5156
SELECT w2=7162
BUSY TASK ewma=997
DMA IRQ c0=2
DMA IRQ c1=0
DMA IRQ c2=0
DMA IRQ c3=0
SELECT busy=7245
SELECT w0=7170
SELECT w1=5163
SELECT w2=7172
BUSY TASK ewma=997
DMA IRQ c0=2
DMA IRQ c1=0
DMA IRQ c2=0
DMA IRQ c3=0
SELECT busy=7255
SELECT w0=7180
SELECT w1=5170
SELECT w2=7182
BUSY TASK ewma=997
DMA IRQ c0=2
DMA IRQ c1=0
DMA IRQ c2=0
DMA IRQ c3=0
SELECT busy=7267
SELECT w0=7192
SELECT w1=5178
SELECT w2=7194
BUSY TASK ewma=997
DMA IRQ c0=2
DMA IRQ c1=0
DMA IRQ c2=0
DMA IRQ c3=0
SELECT busy=7278
SELECT w0=7203
SELECT w1=5186
SELECT w2=7205
BUSY TASK ewma=997
DMA IRQ c0=2
DMA IRQ c1=0
DMA IRQ c2=0
DMA IRQ c3=0
SELECT busy=7286
SELECT w0=7211
SELECT w1=5192
SELECT w2=7213
BUSY TASK ewma=997
DMA IRQ c0=2
DMA IRQ c1=0
DMA IRQ c2=0
DMA IRQ c3=0
SELECT busy=7295
SELECT w0=7220
SELECT w1=5199
SELECT w2=7222
BUSY TASK ewma=997
DMA IRQ c0=2
DMA IRQ c1=0
DMA IRQ c2=0
DMA IRQ c3=0
SELECT busy=7303
SELECT w0=7228
SELECT w1=5204
SELECT w2=7230
BUSY TASK ewma=997
DMA IRQ c0=2
DMA IRQ c1=0
DMA IRQ c2=0
DMA IRQ c3=0
SELECT busy=7312
SELECT w0=7237
SELECT w1=5211
SELECT w2=7239
BUSY TASK ewma=997
DMA IRQ c0=2
DMA IRQ c1=0
DMA IRQ c2=0
DMA IRQ c3=0
SELECT busy=7320
SELECT w0=7245
SELECT w1=5217
SELECT w2=7248
BUSY TASK ewma=997
DMA IRQ c0=2
DMA IRQ c1=0
DMA IRQ c2=0
DMA IRQ c3=0
SELECT busy=7329
SELECT w0=7254
SELECT w1=5223
SELECT w2=7256
BUSY TASK ewma=997
DMA IRQ c0=2
DMA IRQ c1=0
DMA IRQ c2=0
DMA IRQ c3=0
SELECT busy=7338
SELECT w0=7263
SELECT w1=5230
SELECT w2=7265
BUSY TASK ewma=997
DMA IRQ c0=2
DMA IRQ c1=0
DMA IRQ c2=0
DMA IRQ c3=0
SELECT busy=7346
SELECT w0=7272
SELECT w1=5236
SELECT w2=7274
BUSY TASK ewma=997
DMA IRQ c0=2
DMA IRQ c1=0
DMA IRQ c2=0
DMA IRQ c3=0
SELECT busy=7355
SELECT w0=7280
SELECT w1=5242
SELECT w2=7282
BUSY TASK ewma=997
DMA IRQ c0=2
DMA IRQ c1=0
DMA IRQ c2=0
DMA IRQ c3=0
SELECT busy=7364
SELECT w0=7289
SELECT w1=5248
SELECT w2=7291
BUSY TASK ewma=997
DMA IRQ c0=2
DMA IRQ c1=0
DMA IRQ c2=0
DMA IRQ c3=0
SELECT busy=7372
SELECT w0=7297
SELECT w1=5254
SELECT w2=7300
BUSY TASK ewma=997
DMA IRQ c0=2
DMA IRQ c1=0
DMA IRQ c2=0
DMA IRQ c3=0
SELECT busy=7381
SELECT w0=7306
SELECT w1=5260
SELECT w2=7308
BUSY TASK ewma=997
DMA IRQ c0=2
DMA IRQ c1=0
DMA IRQ c2=0
DMA IRQ c3=0
SELECT busy=7390
SELECT w0=7315
SELECT w1=5267
SELECT w2=7317
BUSY TASK ewma=997
DMA IRQ c0=2
DMA IRQ c1=0
DMA IRQ c2=0
DMA IRQ c3=0
SELECT busy=7398
SELECT w0=7323
SELECT w1=5273
SELECT w2=7326
BUSY TASK ewma=997
DMA IRQ c0=2
DMA IRQ c1=0
DMA IRQ c2=0
DMA IRQ c3=0
SELECT busy=7407
SELECT w0=7332
SELECT w1=5279
SELECT w2=7334
BUSY TASK ewma=997
DMA IRQ c0=2
DMA IRQ c1=0
DMA IRQ c2=0
DMA IRQ c3=0
SELECT busy=7416
SELECT w0=7341
SELECT w1=5286
SELECT w2=7343
BUSY TASK ewma=997
DMA IRQ c0=2
DMA IRQ c1=0
DMA IRQ c2=0
DMA IRQ c3=0
SELECT busy=7424
SELECT w0=7349
SELECT w1=5292
SELECT w2=7352
BUSY TASK ewma=997
DMA IRQ c0=2
DMA IRQ c1=0
DMA IRQ c2=0
DMA IRQ c3=0
SELECT busy=7433
SELECT w0=7358
SELECT w1=5298
SELECT w2=7360
BUSY TASK ewma=997
DMA IRQ c0=2
DMA IRQ c1=0
DMA IRQ c2=0
DMA IRQ c3=0
SELECT busy=7442
SELECT w0=7367
SELECT w1=5304
SELECT w2=7369
BUSY TASK ewma=997
DMA IRQ c0=2
DMA IRQ c1=0
DMA IRQ c2=0
DMA IRQ c3=0
SELECT busy=7451
SELECT w0=7376
SELECT w1=5311
SELECT w2=7378
BUSY TASK ewma=997
DMA IRQ c0=2
DMA IRQ c1=0
DMA IRQ c2=0
DMA IRQ c3=0
SELECT busy=7459
SELECT w0=7384
SELECT w1=5317
SELECT w2=7386
BUSY TASK ewma=997
DMA IRQ c0=2
DMA IRQ c1=0
DMA IRQ c2=0
DMA IRQ c3=0
SELECT busy=7468
SELECT w0=7393
SELECT w1=5323
SELECT w2=7395
BUSY TASK ewma=997
DMA IRQ c0=2
DMA IRQ c1=0
DMA IRQ c2=0
DMA IRQ c3=0
SELECT busy=7476
SELECT w0=7401
SELECT w1=5329
SELECT w2=7403
BUSY TASK ewma=997
DMA IRQ c0=2
DMA IRQ c1=0
DMA IRQ c2=0
DMA IRQ c3=0
SELECT busy=7484
SELECT w0=7409
SELECT w1=5335
SELECT w2=7411
BUSY TASK ewma=997
DMA IRQ c0=2
DMA IRQ c1=0
DMA IRQ c2=0
DMA IRQ c3=0
SELECT busy=7493
SELECT w0=7418
SELECT w1=5341
SELECT w2=7420
BUSY TASK ewma=997
DMA IRQ c0=2
DMA IRQ c1=0
DMA IRQ c2=0
DMA IRQ c3=0
SELECT busy=7501
SELECT w0=7426
SELECT w1=5347
SELECT w2=7428
BUSY TASK ewma=997
DMA IRQ c0=2
DMA IRQ c1=0
DMA IRQ c2=0
DMA IRQ c3=0
SELECT busy=7509
SELECT w0=7434
SELECT w1=5353
SELECT w2=7437
BUSY TASK ewma=997
DMA IRQ c0=2
DMA IRQ c1=0
DMA IRQ c2=0
DMA IRQ c3=0
SELECT busy=7518
SELECT w0=7443
SELECT w1=5359
SELECT w2=7445
BUSY TASK ewma=997
DMA IRQ c0=2
DMA IRQ c1=0
DMA IRQ c2=0
DMA IRQ c3=0
SELECT busy=7529
SELECT w0=7454
SELECT w1=5367
SELECT w2=7456
BUSY TASK ewma=997
DMA IRQ c0=2
DMA IRQ c1=0
DMA IRQ c2=0
DMA IRQ c3=0
SELECT busy=7540
SELECT w0=7465
SELECT w1=5375
SELECT w2=7468
BUSY TASK ewma=997
DMA IRQ c0=2
DMA IRQ c1=0
DMA IRQ c2=0
DMA IRQ c3=0
SELECT busy=7551
SELECT w0=7476
SELECT w1=5383
SELECT w2=7478
BUSY TASK ewma=997
DMA IRQ c0=2
DMA IRQ c1=0
DMA IRQ c2=0
DMA IRQ c3=0
SELECT busy=7561
SELECT w0=7486
SELECT w1=5390
SELECT w2=7488
BUSY TASK ewma=997
DMA IRQ c0=2
DMA IRQ c1=0
DMA IRQ c2=0
DMA IRQ c3=0
SELECT busy=7571
SELECT w0=7496
SELECT w1=5397
SELECT w2=7498
BUSY TASK ewma=997
DMA IRQ c0=2
DMA IRQ c1=0
DMA IRQ c2=0
DMA IRQ c3=0
SELECT busy=7582
SELECT w0=7507
SELECT w1=5405
SELECT w2=7510
BUSY TASK ewma=997
DMA IRQ c0=2
DMA IRQ c1=0
DMA IRQ c2=0
DMA IRQ c3=0
SELECT busy=7594
SELECT w0=7519
SELECT w1=5414
SELECT w2=7521
BUSY TASK ewma=997
DMA IRQ c0=2
DMA IRQ c1=0
DMA IRQ c2=0
DMA IRQ c3=0
SELECT busy=7609
SELECT w0=7534
SELECT w1=5425
SELECT w2=7536
BUSY TASK ewma=997
DMA IRQ c0=2
DMA IRQ c1=0
DMA IRQ c2=0
DMA IRQ c3=0
SELECT busy=7624
SELECT w0=7550
SELECT w1=5436
SELECT w2=7552
BUSY TASK ewma=997
IRQ counts: cpu0=22769 cpu1=21823 cpu2=0 cpu3=0
SCHED secondaries: calls=21823 unexpected=0
SECTEST switches=21811 cpu1=493230749,489960428 cpu2=0,0 cpu3=0,0
PINGPONG rounds=0 pongs=0
DMA IRQ c0=2
DMA IRQ c1=0
DMA IRQ c2=0
DMA IRQ c3=0
SELECT busy=7642
SELECT w0=7567
SELECT w1=5448
SELECT w2=7569
BUSY TASK ewma=997
DMA IRQ c0=2
DMA IRQ c1=0
DMA IRQ c2=0
DMA IRQ c3=0
SELECT busy=7658
SELECT w0=7583
SELECT w1=5460
SELECT w2=7586
BUSY TASK ewma=997
DMA IRQ c0=2
DMA IRQ c1=0
DMA IRQ c2=0
DMA IRQ c3=0
SELECT busy=7674
SELECT w0=7599
SELECT w1=5471
SELECT w2=7602
BUSY TASK ewma=997
DMA IRQ c0=2
DMA IRQ c1=0
DMA IRQ c2=0
DMA IRQ c3=0
SELECT busy=7687
SELECT w0=7612
SELECT w1=5480
SELECT w2=7614
BUSY TASK ewma=997
DMA IRQ c0=2
DMA IRQ c1=0
DMA IRQ c2=0
DMA IRQ c3=0
SELECT busy=7695
SELECT w0=7620
SELECT w1=5486
SELECT w2=7622
BUSY TASK ewma=997
DMA IRQ c0=2
DMA IRQ c1=0
DMA IRQ c2=0
DMA IRQ c3=0
SELECT busy=7703
SELECT w0=7628
SELECT w1=5492
SELECT w2=7630
BUSY TASK ewma=997
DMA IRQ c0=2
DMA IRQ c1=0
DMA IRQ c2=0
DMA IRQ c3=0
SELECT busy=7711
SELECT w0=7637
SELECT w1=5498
SELECT w2=7639
BUSY TASK ewma=997
DMA IRQ c0=2
DMA IRQ c1=0
DMA IRQ c2=0
DMA IRQ c3=0
SELECT busy=7720
SELECT w0=7645
SELECT w1=5504
SELECT w2=7647
BUSY TASK ewma=997
DMA IRQ c0=2
DMA IRQ c1=0
DMA IRQ c2=0
DMA IRQ c3=0
SELECT busy=7730
SELECT w0=7655
SELECT w1=5511
SELECT w2=7657
BUSY TASK ewma=997
DMA IRQ c0=2
DMA IRQ c1=0
DMA IRQ c2=0
DMA IRQ c3=0
SELECT busy=7739
SELECT w0=7665
SELECT w1=5518
SELECT w2=7667
BUSY TASK ewma=997
DMA IRQ c0=2
DMA IRQ c1=0
DMA IRQ c2=0
DMA IRQ c3=0
SELECT busy=7751
SELECT w0=7676
SELECT w1=5526
SELECT w2=7678
BUSY TASK ewma=997
DMA IRQ c0=2
DMA IRQ c1=0
DMA IRQ c2=0
DMA IRQ c3=0
SELECT busy=7762
SELECT w0=7687
SELECT w1=5534
SELECT w2=7689
BUSY TASK ewma=997
DMA IRQ c0=2
DMA IRQ c1=0
DMA IRQ c2=0
DMA IRQ c3=0
SELECT busy=7772
SELECT w0=7697
SELECT w1=5542
SELECT w2=7699
BUSY TASK ewma=997
DMA IRQ c0=2
DMA IRQ c1=0
DMA IRQ c2=0
DMA IRQ c3=0
SELECT busy=7781
SELECT w0=7706
SELECT w1=5548
SELECT w2=7708
BUSY TASK ewma=997
DMA IRQ c0=2
DMA IRQ c1=0
DMA IRQ c2=0
DMA IRQ c3=0
SELECT busy=7789
SELECT w0=7714
SELECT w1=5554
SELECT w2=7716
BUSY TASK ewma=997
DMA IRQ c0=2
DMA IRQ c1=0
DMA IRQ c2=0
DMA IRQ c3=0
SELECT busy=7798
SELECT w0=7723
SELECT w1=5560
SELECT w2=7725
BUSY TASK ewma=997
DMA IRQ c0=2
DMA IRQ c1=0
DMA IRQ c2=0
DMA IRQ c3=0
SELECT busy=7807
SELECT w0=7732
SELECT w1=5567
SELECT w2=7734
BUSY TASK ewma=997
DMA IRQ c0=2
DMA IRQ c1=0
DMA IRQ c2=0
DMA IRQ c3=0
SELECT busy=7815
SELECT w0=7740
SELECT w1=5573
SELECT w2=7742
BUSY TASK ewma=997
DMA IRQ c0=2
DMA IRQ c1=0
DMA IRQ c2=0
DMA IRQ c3=0
SELECT busy=7824
SELECT w0=7749
SELECT w1=5579
SELECT w2=7751
BUSY TASK ewma=997
DMA IRQ c0=2
DMA IRQ c1=0
DMA IRQ c2=0
DMA IRQ c3=0
SELECT busy=7832
SELECT w0=7757
SELECT w1=5585
SELECT w2=7759
BUSY TASK ewma=997
DMA IRQ c0=2
DMA IRQ c1=0
DMA IRQ c2=0
DMA IRQ c3=0
SELECT busy=7841
SELECT w0=7766
SELECT w1=5591
SELECT w2=7768
BUSY TASK ewma=997
DMA IRQ c0=2
DMA IRQ c1=0
DMA IRQ c2=0
DMA IRQ c3=0
SELECT busy=7849
SELECT w0=7774
SELECT w1=5598
SELECT w2=7777
BUSY TASK ewma=997
DMA IRQ c0=2
DMA IRQ c1=0
DMA IRQ c2=0
DMA IRQ c3=0
SELECT busy=7858
SELECT w0=7783
SELECT w1=5604
SELECT w2=7786
BUSY TASK ewma=997
DMA IRQ c0=2
DMA IRQ c1=0
DMA IRQ c2=0
DMA IRQ c3=0
SELECT busy=7869
SELECT w0=7794
SELECT w1=5612
SELECT w2=7796
BUSY TASK ewma=997
DMA IRQ c0=2
DMA IRQ c1=0
DMA IRQ c2=0
DMA IRQ c3=0
SELECT busy=7879
SELECT w0=7804
SELECT w1=5619
SELECT w2=7806
BUSY TASK ewma=997
DMA IRQ c0=2
DMA IRQ c1=0
DMA IRQ c2=0
DMA IRQ c3=0
SELECT busy=7888
SELECT w0=7813
SELECT w1=5625
SELECT w2=7815
BUSY TASK ewma=997
DMA IRQ c0=2
DMA IRQ c1=0
DMA IRQ c2=0
DMA IRQ c3=0
SELECT busy=7897
SELECT w0=7822
SELECT w1=5632
SELECT w2=7824
BUSY TASK ewma=997
DMA IRQ c0=2
DMA IRQ c1=0
DMA IRQ c2=0
DMA IRQ c3=0
SELECT busy=7906
SELECT w0=7831
SELECT w1=5638
SELECT w2=7833
BUSY TASK ewma=997
DMA IRQ c0=2
DMA IRQ c1=0
DMA IRQ c2=0
DMA IRQ c3=0
SELECT busy=7915
SELECT w0=7840
SELECT w1=5645
SELECT w2=7842
BUSY TASK ewma=997
DMA IRQ c0=2
DMA IRQ c1=0
DMA IRQ c2=0
DMA IRQ c3=0
SELECT busy=7924
SELECT w0=7849
SELECT w1=5652
SELECT w2=7852
BUSY TASK ewma=997
DMA IRQ c0=2
DMA IRQ c1=0
DMA IRQ c2=0
DMA IRQ c3=0
SELECT busy=7933
SELECT w0=7858
SELECT w1=5659
SELECT w2=7861
BUSY TASK ewma=997
DMA IRQ c0=2
DMA IRQ c1=0
DMA IRQ c2=0
DMA IRQ c3=0
SELECT busy=7942
SELECT w0=7867
SELECT w1=5665
SELECT w2=7870
BUSY TASK ewma=997
DMA IRQ c0=2
DMA IRQ c1=0
DMA IRQ c2=0
DMA IRQ c3=0
SELECT busy=7951
SELECT w0=7877
SELECT w1=5672
SELECT w2=7879
BUSY TASK ewma=997
DMA IRQ c0=2
DMA IRQ c1=0
DMA IRQ c2=0
DMA IRQ c3=0
SELECT busy=7960
SELECT w0=7885
SELECT w1=5677
SELECT w2=7887
BUSY TASK ewma=997
DMA IRQ c0=2
DMA IRQ c1=0
DMA IRQ c2=0
DMA IRQ c3=0
SELECT busy=7969
SELECT w0=7894
SELECT w1=5684
SELECT w2=7896
BUSY TASK ewma=997
DMA IRQ c0=2
DMA IRQ c1=0
DMA IRQ c2=0
DMA IRQ c3=0
SELECT busy=7977
SELECT w0=7902
SELECT w1=5690
SELECT w2=7904
BUSY TASK ewma=997
DMA IRQ c0=2
DMA IRQ c1=0
DMA IRQ c2=0
DMA IRQ c3=0
SELECT busy=7986
SELECT w0=7911
SELECT w1=5696
SELECT w2=7913
BUSY TASK ewma=997
DMA IRQ c0=2
DMA IRQ c1=0
DMA IRQ c2=0
DMA IRQ c3=0
SELECT busy=7997
SELECT w0=7922
SELECT w1=5704
SELECT w2=7924
BUSY TASK ewma=997
DMA IRQ c0=2
DMA IRQ c1=0
DMA IRQ c2=0
DMA IRQ c3=0
SELECT busy=8007
SELECT w0=7933
SELECT w1=5712
SELECT w2=7935
BUSY TASK ewma=997
DMA IRQ c0=2
DMA IRQ c1=0
DMA IRQ c2=0
DMA IRQ c3=0
SELECT busy=8017
SELECT w0=7942
SELECT w1=5718
SELECT w2=7944
BUSY TASK ewma=997
DMA IRQ c0=2
DMA IRQ c1=0
DMA IRQ c2=0
DMA IRQ c3=0
SELECT busy=8026
SELECT w0=7951
SELECT w1=5725
SELECT w2=7954
BUSY TASK ewma=997
DMA IRQ c0=2
DMA IRQ c1=0
DMA IRQ c2=0
DMA IRQ c3=0
SELECT busy=8036
SELECT w0=7961
SELECT w1=5732
SELECT w2=7963
BUSY TASK ewma=997
DMA IRQ c0=2
DMA IRQ c1=0
DMA IRQ c2=0
DMA IRQ c3=0
SELECT busy=8045
SELECT w0=7970
SELECT w1=5738
SELECT w2=7972
BUSY TASK ewma=997
DMA IRQ c0=2
DMA IRQ c1=0
DMA IRQ c2=0
DMA IRQ c3=0
SELECT busy=8055
SELECT w0=7980
SELECT w1=5746
SELECT w2=7982
BUSY TASK ewma=997
DMA IRQ c0=2
DMA IRQ c1=0
DMA IRQ c2=0
DMA IRQ c3=0
SELECT busy=8064
SELECT w0=7989
SELECT w1=5753
SELECT w2=7992
BUSY TASK ewma=997
DMA IRQ c0=2
DMA IRQ c1=0
DMA IRQ c2=0
DMA IRQ c3=0
SELECT busy=8073
SELECT w0=7998
SELECT w1=5759
SELECT w2=8000
BUSY TASK ewma=997
DMA IRQ c0=2
DMA IRQ c1=0
DMA IRQ c2=0
DMA IRQ c3=0
SELECT busy=8082
SELECT w0=8007
SELECT w1=5765
SELECT w2=8009
BUSY TASK ewma=997
DMA IRQ c0=2
DMA IRQ c1=0
DMA IRQ c2=0
DMA IRQ c3=0
SELECT busy=8090
SELECT w0=8015
SELECT w1=5771
SELECT w2=8018
BUSY TASK ewma=997
DMA IRQ c0=2
DMA IRQ c1=0
DMA IRQ c2=0
DMA IRQ c3=0
SELECT busy=8099
SELECT w0=8024
SELECT w1=5777
SELECT w2=8026
BUSY TASK ewma=997
DMA IRQ c0=2
DMA IRQ c1=0
DMA IRQ c2=0
DMA IRQ c3=0
SELECT busy=8108
SELECT w0=8033
SELECT w1=5784
SELECT w2=8035
BUSY TASK ewma=997
DMA IRQ c0=2
DMA IRQ c1=0
DMA IRQ c2=0
DMA IRQ c3=0
SELECT busy=8116
SELECT w0=8041
SELECT w1=5790
SELECT w2=8043
BUSY TASK ewma=997
DMA IRQ c0=2
DMA IRQ c1=0
DMA IRQ c2=0
DMA IRQ c3=0
SELECT busy=8127
SELECT w0=8052
SELECT w1=5797
SELECT w2=8054
BUSY TASK ewma=997
DMA IRQ c0=2
DMA IRQ c1=0
DMA IRQ c2=0
DMA IRQ c3=0
SELECT busy=8137
SELECT w0=8063
SELECT w1=5805
SELECT w2=8065
BUSY TASK ewma=997
DMA IRQ c0=2
DMA IRQ c1=0
DMA IRQ c2=0
DMA IRQ c3=0
SELECT busy=8147
SELECT w0=8072
SELECT w1=5812
SELECT w2=8074
BUSY TASK ewma=997
DMA IRQ c0=2
DMA IRQ c1=0
DMA IRQ c2=0
DMA IRQ c3=0
SELECT busy=8157
SELECT w0=8082
SELECT w1=5819
SELECT w2=8084
BUSY TASK ewma=997
DMA IRQ c0=2
DMA IRQ c1=0
DMA IRQ c2=0
DMA IRQ c3=0
SELECT busy=8166
SELECT w0=8091
SELECT w1=5826
SELECT w2=8094
BUSY TASK ewma=997
DMA IRQ c0=2
DMA IRQ c1=0
DMA IRQ c2=0
DMA IRQ c3=0
SELECT busy=8176
SELECT w0=8101
SELECT w1=5833
SELECT w2=8103
BUSY TASK ewma=997
DMA IRQ c0=2
DMA IRQ c1=0
DMA IRQ c2=0
DMA IRQ c3=0
SELECT busy=8185
SELECT w0=8110
SELECT w1=5839
SELECT w2=8113
BUSY TASK ewma=997
DMA IRQ c0=2
DMA IRQ c1=0
DMA IRQ c2=0
DMA IRQ c3=0
SELECT busy=8195
SELECT w0=8120
SELECT w1=5846
SELECT w2=8122
BUSY TASK ewma=997
DMA IRQ c0=2
DMA IRQ c1=0
DMA IRQ c2=0
DMA IRQ c3=0
SELECT busy=8204
SELECT w0=8130
SELECT w1=5854
SELECT w2=8132
BUSY TASK ewma=997
DMA IRQ c0=2
DMA IRQ c1=0
DMA IRQ c2=0
DMA IRQ c3=0
SELECT busy=8214
SELECT w0=8139
SELECT w1=5860
SELECT w2=8141
BUSY TASK ewma=997
DMA IRQ c0=2
DMA IRQ c1=0
DMA IRQ c2=0
DMA IRQ c3=0
SELECT busy=8222
SELECT w0=8148
SELECT w1=5867
SELECT w2=8150
BUSY TASK ewma=997
DMA IRQ c0=2
DMA IRQ c1=0
DMA IRQ c2=0
DMA IRQ c3=0
SELECT busy=8231
SELECT w0=8156
SELECT w1=5872
SELECT w2=8158
BUSY TASK ewma=997
DMA IRQ c0=2
DMA IRQ c1=0
DMA IRQ c2=0
DMA IRQ c3=0
SELECT busy=8240
SELECT w0=8165
SELECT w1=5879
SELECT w2=8167
BUSY TASK ewma=997
IRQ counts: cpu0=24596 cpu1=23579 cpu2=0 cpu3=0
SCHED secondaries: calls=23580 unexpected=0
SECTEST switches=23565 cpu1=531470934,528316091 cpu2=0,0 cpu3=0,0
PINGPONG rounds=0 pongs=0
DMA IRQ c0=2
DMA IRQ c1=0
DMA IRQ c2=0
DMA IRQ c3=0
SELECT busy=8251
SELECT w0=8176
SELECT w1=5887
SELECT w2=8178
BUSY TASK ewma=997
DMA IRQ c0=2
DMA IRQ c1=0
DMA IRQ c2=0
DMA IRQ c3=0
SELECT busy=8261
SELECT w0=8186
SELECT w1=5894
SELECT w2=8188
BUSY TASK ewma=997
DMA IRQ c0=2
DMA IRQ c1=0
DMA IRQ c2=0
DMA IRQ c3=0
SELECT busy=8270
SELECT w0=8195
SELECT w1=5901
SELECT w2=8197
BUSY TASK ewma=997
DMA IRQ c0=2
DMA IRQ c1=0
DMA IRQ c2=0
DMA IRQ c3=0
SELECT busy=8278
SELECT w0=8204
SELECT w1=5907
SELECT w2=8206
BUSY TASK ewma=997
DMA IRQ c0=2
DMA IRQ c1=0
DMA IRQ c2=0
DMA IRQ c3=0
SELECT busy=8287
SELECT w0=8212
SELECT w1=5913
SELECT w2=8214
BUSY TASK ewma=997
DMA IRQ c0=2
DMA IRQ c1=0
DMA IRQ c2=0
DMA IRQ c3=0
SELECT busy=8295
SELECT w0=8220
SELECT w1=5919
SELECT w2=8222
BUSY TASK ewma=997
DMA IRQ c0=2
DMA IRQ c1=0
DMA IRQ c2=0
DMA IRQ c3=0
SELECT busy=8304
SELECT w0=8229
SELECT w1=5925
SELECT w2=8231
BUSY TASK ewma=997
DMA IRQ c0=2
DMA IRQ c1=0
DMA IRQ c2=0
DMA IRQ c3=0
SELECT busy=8312
SELECT w0=8237
SELECT w1=5931
SELECT w2=8240
BUSY TASK ewma=997
DMA IRQ c0=2
DMA IRQ c1=0
DMA IRQ c2=0
DMA IRQ c3=0
SELECT busy=8321
SELECT w0=8246
SELECT w1=5937
SELECT w2=8248
BUSY TASK ewma=997
DMA IRQ c0=2
DMA IRQ c1=0
DMA IRQ c2=0
DMA IRQ c3=0
SELECT busy=8329
SELECT w0=8255
SELECT w1=5944
SELECT w2=8257
BUSY TASK ewma=997
DMA IRQ c0=2
DMA IRQ c1=0
DMA IRQ c2=0
DMA IRQ c3=0
SELECT busy=8338
SELECT w0=8263
SELECT w1=5950
SELECT w2=8265
BUSY TASK ewma=997
DMA IRQ c0=2
DMA IRQ c1=0
DMA IRQ c2=0
DMA IRQ c3=0
SELECT busy=8347
SELECT w0=8272
SELECT w1=5956
SELECT w2=8274
BUSY TASK ewma=997
DMA IRQ c0=2
DMA IRQ c1=0
DMA IRQ c2=0
DMA IRQ c3=0
SELECT busy=8355
SELECT w0=8280
SELECT w1=5962
SELECT w2=8282
BUSY TASK ewma=997
DMA IRQ c0=2
DMA IRQ c1=0
DMA IRQ c2=0
DMA IRQ c3=0
SELECT busy=8364
SELECT w0=8289
SELECT w1=5968
SELECT w2=8291
BUSY TASK ewma=997
DMA IRQ c0=2
DMA IRQ c1=0
DMA IRQ c2=0
DMA IRQ c3=0
SELECT busy=8372
SELECT w0=8297
SELECT w1=5974
SELECT w2=8299
BUSY TASK ewma=997
DMA IRQ c0=2
DMA IRQ c1=0
DMA IRQ c2=0
DMA IRQ c3=0
SELECT busy=8381
SELECT w0=8306
SELECT w1=5981
SELECT w2=8308
BUSY TASK ewma=997
DMA IRQ c0=2
DMA IRQ c1=0
DMA IRQ c2=0
DMA IRQ c3=0
SELECT busy=8389
SELECT w0=8314
SELECT w1=5986
SELECT w2=8316
BUSY TASK ewma=997
DMA IRQ c0=2
DMA IRQ c1=0
DMA IRQ c2=0
DMA IRQ c3=0
SELECT busy=8398
SELECT w0=8323
SELECT w1=5993
SELECT w2=8325
BUSY TASK ewma=997
DMA IRQ c0=2
DMA IRQ c1=0
DMA IRQ c2=0
DMA IRQ c3=0
SELECT busy=8406
SELECT w0=8331
SELECT w1=5999
SELECT w2=8333
BUSY TASK ewma=997
DMA IRQ c0=2
DMA IRQ c1=0
DMA IRQ c2=0
DMA IRQ c3=0
SELECT busy=8415
SELECT w0=8340
SELECT w1=6005
SELECT w2=8342
BUSY TASK ewma=997
DMA IRQ c0=2
DMA IRQ c1=0
DMA IRQ c2=0
DMA IRQ c3=0
SELECT busy=8424
SELECT w0=8349
SELECT w1=6012
SELECT w2=8351
BUSY TASK ewma=997
DMA IRQ c0=2
DMA IRQ c1=0
DMA IRQ c2=0
DMA IRQ c3=0
SELECT busy=8432
SELECT w0=8357
SELECT w1=6017
SELECT w2=8359
BUSY TASK ewma=997
DMA IRQ c0=2
DMA IRQ c1=0
DMA IRQ c2=0
DMA IRQ c3=0
SELECT busy=8441
SELECT w0=8366
SELECT w1=6024
SELECT w2=8368
BUSY TASK ewma=997
DMA IRQ c0=2
DMA IRQ c1=0
DMA IRQ c2=0
DMA IRQ c3=0
SELECT busy=8449
SELECT w0=8374
SELECT w1=6030
SELECT w2=8377
BUSY TASK ewma=997
DMA IRQ c0=2
DMA IRQ c1=0
DMA IRQ c2=0
DMA IRQ c3=0
SELECT busy=8458
SELECT w0=8383
SELECT w1=6036
SELECT w2=8385
BUSY TASK ewma=997
DMA IRQ c0=2
DMA IRQ c1=0
DMA IRQ c2=0
DMA IRQ c3=0
SELECT busy=8467
SELECT w0=8392
SELECT w1=6042
SELECT w2=8394
BUSY TASK ewma=997
DMA IRQ c0=2
DMA IRQ c1=0
DMA IRQ c2=0
DMA IRQ c3=0
SELECT busy=8475
SELECT w0=8400
SELECT w1=6048
SELECT w2=8402
BUSY TASK ewma=997
DMA IRQ c0=2
DMA IRQ c1=0
DMA IRQ c2=0
DMA IRQ c3=0
SELECT busy=8484
SELECT w0=8409
SELECT w1=6055
SELECT w2=8411
BUSY TASK ewma=997
DMA IRQ c0=2
DMA IRQ c1=0
DMA IRQ c2=0
DMA IRQ c3=0
SELECT busy=8492
SELECT w0=8417
SELECT w1=6060
SELECT w2=8419
BUSY TASK ewma=997
DMA IRQ c0=2
DMA IRQ c1=0
DMA IRQ c2=0
DMA IRQ c3=0
SELECT busy=8501
SELECT w0=8426
SELECT w1=6067
SELECT w2=8428
BUSY TASK ewma=997
DMA IRQ c0=2
DMA IRQ c1=0
DMA IRQ c2=0
DMA IRQ c3=0
SELECT busy=8509
SELECT w0=8434
SELECT w1=6073
SELECT w2=8437
BUSY TASK ewma=997
DMA IRQ c0=2
DMA IRQ c1=0
DMA IRQ c2=0
DMA IRQ c3=0
SELECT busy=8520
SELECT w0=8445
SELECT w1=6081
SELECT w2=8447
BUSY TASK ewma=997
DMA IRQ c0=2
DMA IRQ c1=0
DMA IRQ c2=0
DMA IRQ c3=0
SELECT busy=8531
SELECT w0=8456
SELECT w1=6089
SELECT w2=8459
BUSY TASK ewma=997
DMA IRQ c0=2
DMA IRQ c1=0
DMA IRQ c2=0
DMA IRQ c3=0
SELECT busy=8545
SELECT w0=8470
SELECT w1=6099
SELECT w2=8472
BUSY TASK ewma=997
DMA IRQ c0=2
DMA IRQ c1=0
DMA IRQ c2=0
DMA IRQ c3=0
SELECT busy=8560
SELECT w0=8485
SELECT w1=6109
SELECT w2=8487
BUSY TASK ewma=997
DMA IRQ c0=2
DMA IRQ c1=0
DMA IRQ c2=0
DMA IRQ c3=0
SELECT busy=8571
SELECT w0=8496
SELECT w1=6117
SELECT w2=8498
BUSY TASK ewma=997
DMA IRQ c0=2
DMA IRQ c1=0
DMA IRQ c2=0
DMA IRQ c3=0
SELECT busy=8580
SELECT w0=8505
SELECT w1=6124
SELECT w2=8507
BUSY TASK ewma=997
DMA IRQ c0=2
DMA IRQ c1=0
DMA IRQ c2=0
DMA IRQ c3=0
SELECT busy=8588
SELECT w0=8513
SELECT w1=6130
SELECT w2=8515
BUSY TASK ewma=997
DMA IRQ c0=2
DMA IRQ c1=0
DMA IRQ c2=0
DMA IRQ c3=0
SELECT busy=8597
SELECT w0=8522
SELECT w1=6136
SELECT w2=8524
BUSY TASK ewma=997
DMA IRQ c0=2
DMA IRQ c1=0
DMA IRQ c2=0
DMA IRQ c3=0
SELECT busy=8605
SELECT w0=8530
SELECT w1=6142
SELECT w2=8533
BUSY TASK ewma=997
DMA IRQ c0=2
DMA IRQ c1=0
DMA IRQ c2=0
DMA IRQ c3=0
SELECT busy=8614
SELECT w0=8539
SELECT w1=6148
SELECT w2=8541
BUSY TASK ewma=997
DMA IRQ c0=2
DMA IRQ c1=0
DMA IRQ c2=0
DMA IRQ c3=0
SELECT busy=8622
SELECT w0=8548
SELECT w1=6155
SELECT w2=8550
BUSY TASK ewma=997
DMA IRQ c0=2
DMA IRQ c1=0
DMA IRQ c2=0
DMA IRQ c3=0
SELECT busy=8631
SELECT w0=8556
SELECT w1=6161
SELECT w2=8558
BUSY TASK ewma=997
DMA IRQ c0=2
DMA IRQ c1=0
DMA IRQ c2=0
DMA IRQ c3=0
SELECT busy=8639
SELECT w0=8565
SELECT w1=6167
SELECT w2=8567
BUSY TASK ewma=997
DMA IRQ c0=2
DMA IRQ c1=0
DMA IRQ c2=0
DMA IRQ c3=0
SELECT busy=8648
SELECT w0=8573
SELECT w1=6173
SELECT w2=8575
BUSY TASK ewma=997
DMA IRQ c0=2
DMA IRQ c1=0
DMA IRQ c2=0
DMA IRQ c3=0
SELECT busy=8657
SELECT w0=8582
SELECT w1=6179
SELECT w2=8584
BUSY TASK ewma=997
DMA IRQ c0=2
DMA IRQ c1=0
DMA IRQ c2=0
DMA IRQ c3=0
SELECT busy=8665
SELECT w0=8590
SELECT w1=6185
SELECT w2=8592
BUSY TASK ewma=997
DMA IRQ c0=2
DMA IRQ c1=0
DMA IRQ c2=0
DMA IRQ c3=0
SELECT busy=8673
SELECT w0=8598
SELECT w1=6191
SELECT w2=8600
BUSY TASK ewma=997
DMA IRQ c0=2
DMA IRQ c1=0
DMA IRQ c2=0
DMA IRQ c3=0
SELECT busy=8682
SELECT w0=8607
SELECT w1=6197
SELECT w2=8609
BUSY TASK ewma=997
DMA IRQ c0=2
DMA IRQ c1=0
DMA IRQ c2=0
DMA IRQ c3=0
SELECT busy=8690
SELECT w0=8615
SELECT w1=6203
SELECT w2=8617
BUSY TASK ewma=997
DMA IRQ c0=2
DMA IRQ c1=0
DMA IRQ c2=0
DMA IRQ c3=0
SELECT busy=8698
SELECT w0=8624
SELECT w1=6210
SELECT w2=8626
BUSY TASK ewma=997
DMA IRQ c0=2
DMA IRQ c1=0
DMA IRQ c2=0
DMA IRQ c3=0
SELECT busy=8707
SELECT w0=8632
SELECT w1=6215
SELECT w2=8634
BUSY TASK ewma=997
DMA IRQ c0=2
DMA IRQ c1=0
DMA IRQ c2=0
DMA IRQ c3=0
SELECT busy=8715
SELECT w0=8640
SELECT w1=6221
SELECT w2=8642
BUSY TASK ewma=997
DMA IRQ c0=2
DMA IRQ c1=0
DMA IRQ c2=0
DMA IRQ c3=0
SELECT busy=8724
SELECT w0=8649
SELECT w1=6227
SELECT w2=8651
BUSY TASK ewma=997
DMA IRQ c0=2
DMA IRQ c1=0
DMA IRQ c2=0
DMA IRQ c3=0
SELECT busy=8732
SELECT w0=8657
SELECT w1=6233
SELECT w2=8659
BUSY TASK ewma=997
DMA IRQ c0=2
DMA IRQ c1=0
DMA IRQ c2=0
DMA IRQ c3=0
SELECT busy=8741
SELECT w0=8666
SELECT w1=6240
SELECT w2=8668
BUSY TASK ewma=997
DMA IRQ c0=2
DMA IRQ c1=0
DMA IRQ c2=0
DMA IRQ c3=0
SELECT busy=8749
SELECT w0=8674
SELECT w1=6245
SELECT w2=8676
BUSY TASK ewma=997
DMA IRQ c0=2
DMA IRQ c1=0
DMA IRQ c2=0
DMA IRQ c3=0
SELECT busy=8757
SELECT w0=8682
SELECT w1=6251
SELECT w2=8685
BUSY TASK ewma=997
DMA IRQ c0=2
DMA IRQ c1=0
DMA IRQ c2=0
DMA IRQ c3=0
SELECT busy=8766
SELECT w0=8691
SELECT w1=6258
SELECT w2=8693
BUSY TASK ewma=997
DMA IRQ c0=2
DMA IRQ c1=0
DMA IRQ c2=0
DMA IRQ c3=0
SELECT busy=8774
SELECT w0=8700
SELECT w1=6264
SELECT w2=8702
BUSY TASK ewma=997
DMA IRQ c0=2
DMA IRQ c1=0
DMA IRQ c2=0
DMA IRQ c3=0
SELECT busy=8783
SELECT w0=8708
SELECT w1=6270
SELECT w2=8710
BUSY TASK ewma=997
DMA IRQ c0=2
DMA IRQ c1=0
DMA IRQ c2=0
DMA IRQ c3=0
SELECT busy=8791
SELECT w0=8716
SELECT w1=6276
SELECT w2=8718
BUSY TASK ewma=997
DMA IRQ c0=2
DMA IRQ c1=0
DMA IRQ c2=0
DMA IRQ c3=0
SELECT busy=8800
SELECT w0=8725
SELECT w1=6282
SELECT w2=8727
BUSY TASK ewma=997
DMA IRQ c0=2
DMA IRQ c1=0
DMA IRQ c2=0
DMA IRQ c3=0
SELECT busy=8808
SELECT w0=8733
SELECT w1=6288
SELECT w2=8735
BUSY TASK ewma=997
IRQ counts: cpu0=26297 cpu1=25213 cpu2=0 cpu3=0
SCHED secondaries: calls=25213 unexpected=0
SECTEST switches=25198 cpu1=569389075,566346530 cpu2=0,0 cpu3=0,0
PINGPONG rounds=0 pongs=0
DMA IRQ c0=2
DMA IRQ c1=0
DMA IRQ c2=0
DMA IRQ c3=0
SELECT busy=8818
SELECT w0=8743
SELECT w1=6295
SELECT w2=8745
BUSY TASK ewma=997
DMA IRQ c0=2
DMA IRQ c1=0
DMA IRQ c2=0
DMA IRQ c3=0
SELECT busy=8830
SELECT w0=8755
SELECT w1=6304
SELECT w2=8757
BUSY TASK ewma=997
DMA IRQ c0=2
DMA IRQ c1=0
DMA IRQ c2=0
DMA IRQ c3=0
SELECT busy=8838
SELECT w0=8763
SELECT w1=6310
SELECT w2=8765
BUSY TASK ewma=997
DMA IRQ c0=2
DMA IRQ c1=0
DMA IRQ c2=0
DMA IRQ c3=0
SELECT busy=8846
SELECT w0=8772
SELECT w1=6316
SELECT w2=8774
BUSY TASK ewma=997
DMA IRQ c0=2
DMA IRQ c1=0
DMA IRQ c2=0
DMA IRQ c3=0
SELECT busy=8855
SELECT w0=8780
SELECT w1=6322
SELECT w2=8782
BUSY TASK ewma=997
DMA IRQ c0=2
DMA IRQ c1=0
DMA IRQ c2=0
DMA IRQ c3=0
SELECT busy=8863
SELECT w0=8788
SELECT w1=6328
SELECT w2=8790
BUSY TASK ewma=997
DMA IRQ c0=2
DMA IRQ c1=0
DMA IRQ c2=0
DMA IRQ c3=0
SELECT busy=8871
SELECT w0=8796
SELECT w1=6334
SELECT w2=8799
BUSY TASK ewma=997
DMA IRQ c0=2
DMA IRQ c1=0
DMA IRQ c2=0
DMA IRQ c3=0
SELECT busy=8879
SELECT w0=8804
SELECT w1=6340
SELECT w2=8806
BUSY TASK ewma=997
DMA IRQ c0=2
DMA IRQ c1=0
DMA IRQ c2=0
DMA IRQ c3=0
SELECT busy=8887
SELECT w0=8812
SELECT w1=6345
SELECT w2=8814
BUSY TASK ewma=997
DMA IRQ c0=2
DMA IRQ c1=0
DMA IRQ c2=0
DMA IRQ c3=0
SELECT busy=8895
SELECT w0=8821
SELECT w1=6352
SELECT w2=8823
BUSY TASK ewma=997
DMA IRQ c0=2
DMA IRQ c1=0
DMA IRQ c2=0
DMA IRQ c3=0
SELECT busy=8904
SELECT w0=8829
SELECT w1=6357
SELECT w2=8831
BUSY TASK ewma=997
DMA IRQ c0=2
DMA IRQ c1=0
DMA IRQ c2=0
DMA IRQ c3=0
SELECT busy=8912
SELECT w0=8837
SELECT w1=6363
SELECT w2=8839
BUSY TASK ewma=997
DMA IRQ c0=2
DMA IRQ c1=0
DMA IRQ c2=0
DMA IRQ c3=0
SELECT busy=8920
SELECT w0=8845
SELECT w1=6369
SELECT w2=8847
BUSY TASK ewma=997
DMA IRQ c0=2
DMA IRQ c1=0
DMA IRQ c2=0
DMA IRQ c3=0
SELECT busy=8928
SELECT w0=8853
SELECT w1=6375
SELECT w2=8855
BUSY TASK ewma=997
DMA IRQ c0=2
DMA IRQ c1=0
DMA IRQ c2=0
DMA IRQ c3=0
SELECT busy=8936
SELECT w0=8861
SELECT w1=6381
SELECT w2=8863
BUSY TASK ewma=997
DMA IRQ c0=2
DMA IRQ c1=0
DMA IRQ c2=0
DMA IRQ c3=0
SELECT busy=8944
SELECT w0=8869
SELECT w1=6387
SELECT w2=8872
BUSY TASK ewma=997
DMA IRQ c0=2
DMA IRQ c1=0
DMA IRQ c2=0
DMA IRQ c3=0
SELECT busy=8953
SELECT w0=8878
SELECT w1=6393
SELECT w2=8880
BUSY TASK ewma=997
DMA IRQ c0=2
DMA IRQ c1=0
DMA IRQ c2=0
DMA IRQ c3=0
SELECT busy=8961
SELECT w0=8886
SELECT w1=6398
SELECT w2=8888
BUSY TASK ewma=997
DMA IRQ c0=2
DMA IRQ c1=0
DMA IRQ c2=0
DMA IRQ c3=0
SELECT busy=8969
SELECT w0=8894
SELECT w1=6404
SELECT w2=8896
BUSY TASK ewma=997
DMA IRQ c0=2
DMA IRQ c1=0
DMA IRQ c2=0
DMA IRQ c3=0
SELECT busy=8977
SELECT w0=8902
SELECT w1=6410
SELECT w2=8905
BUSY TASK ewma=997
DMA IRQ c0=2
DMA IRQ c1=0
DMA IRQ c2=0
DMA IRQ c3=0
SELECT busy=8985
SELECT w0=8910
SELECT w1=6416
SELECT w2=8912
BUSY TASK ewma=997
DMA IRQ c0=2
DMA IRQ c1=0
DMA IRQ c2=0
DMA IRQ c3=0
SELECT busy=8993
SELECT w0=8918
SELECT w1=6422
SELECT w2=8920
BUSY TASK ewma=997
DMA IRQ c0=2
DMA IRQ c1=0
DMA IRQ c2=0
DMA IRQ c3=0
SELECT busy=9002
SELECT w0=8927
SELECT w1=6428
SELECT w2=8929
BUSY TASK ewma=997
DMA IRQ c0=2
DMA IRQ c1=0
DMA IRQ c2=0
DMA IRQ c3=0
SELECT busy=9010
SELECT w0=8935
SELECT w1=6434
SELECT w2=8937
BUSY TASK ewma=997
DMA IRQ c0=2
DMA IRQ c1=0
DMA IRQ c2=0
DMA IRQ c3=0
SELECT busy=9019
SELECT w0=8944
SELECT w1=6440
SELECT w2=8946
BUSY TASK ewma=997
DMA IRQ c0=2
DMA IRQ c1=0
DMA IRQ c2=0
DMA IRQ c3=0
SELECT busy=9027
SELECT w0=8952
SELECT w1=6446
SELECT w2=8955
BUSY TASK ewma=997
DMA IRQ c0=2
DMA IRQ c1=0
DMA IRQ c2=0
DMA IRQ c3=0
SELECT busy=9035
SELECT w0=8960
SELECT w1=6452
SELECT w2=8962
BUSY TASK ewma=997
DMA IRQ c0=2
DMA IRQ c1=0
DMA IRQ c2=0
DMA IRQ c3=0
SELECT busy=9043
SELECT w0=8969
SELECT w1=6458
SELECT w2=8971
BUSY TASK ewma=997
DMA IRQ c0=2
DMA IRQ c1=0
DMA IRQ c2=0
DMA IRQ c3=0
SELECT busy=9053
SELECT w0=8978
SELECT w1=6466
SELECT w2=8981
BUSY TASK ewma=997
DMA IRQ c0=2
DMA IRQ c1=0
DMA IRQ c2=0
DMA IRQ c3=0
SELECT busy=9064
SELECT w0=8989
SELECT w1=6474
SELECT w2=8992
BUSY TASK ewma=997
DMA IRQ c0=2
DMA IRQ c1=0
DMA IRQ c2=0
DMA IRQ c3=0
SELECT busy=9079
SELECT w0=9004
SELECT w1=6484
SELECT w2=9006
BUSY TASK ewma=997
DMA IRQ c0=2
DMA IRQ c1=0
DMA IRQ c2=0
DMA IRQ c3=0
SELECT busy=9095
SELECT w0=9020
SELECT w1=6496
SELECT w2=9022
BUSY TASK ewma=997
DMA IRQ c0=2
DMA IRQ c1=0
DMA IRQ c2=0
DMA IRQ c3=0
SELECT busy=9114
SELECT w0=9039
SELECT w1=6509
SELECT w2=9041
BUSY TASK ewma=997
DMA IRQ c0=2
DMA IRQ c1=0
DMA IRQ c2=0
DMA IRQ c3=0
SELECT busy=9125
SELECT w0=9050
SELECT w1=6517
SELECT w2=9052
BUSY TASK ewma=997
DMA IRQ c0=2
DMA IRQ c1=0
DMA IRQ c2=0
DMA IRQ c3=0
SELECT busy=9133
SELECT w0=9058
SELECT w1=6523
SELECT w2=9061
BUSY TASK ewma=997
DMA IRQ c0=2
DMA IRQ c1=0
DMA IRQ c2=0
DMA IRQ c3=0
SELECT busy=9142
SELECT w0=9067
SELECT w1=6529
SELECT w2=9069
BUSY TASK ewma=997
DMA IRQ c0=2
DMA IRQ c1=0
DMA IRQ c2=0
DMA IRQ c3=0
SELECT busy=9152
SELECT w0=9077
SELECT w1=6537
SELECT w2=9079
BUSY TASK ewma=997
DMA IRQ c0=2
DMA IRQ c1=0
DMA IRQ c2=0
DMA IRQ c3=0
SELECT busy=9167
SELECT w0=9092
SELECT w1=6547
SELECT w2=9095
BUSY TASK ewma=997
DMA IRQ c0=2
DMA IRQ c1=0
DMA IRQ c2=0
DMA IRQ c3=0
SELECT busy=9182
SELECT w0=9107
SELECT w1=6558
SELECT w2=9110
BUSY TASK ewma=997
DMA IRQ c0=2
DMA IRQ c1=0
DMA IRQ c2=0
DMA IRQ c3=0
SELECT busy=9197
SELECT w0=9123
SELECT w1=6570
SELECT w2=9125
BUSY TASK ewma=997
DMA IRQ c0=2
DMA IRQ c1=0
DMA IRQ c2=0
DMA IRQ c3=0
SELECT busy=9213
SELECT w0=9138
SELECT w1=6581
SELECT w2=9140
BUSY TASK ewma=997
DMA IRQ c0=2
DMA IRQ c1=0
DMA IRQ c2=0
DMA IRQ c3=0
SELECT busy=9228
SELECT w0=9153
SELECT w1=6591
SELECT w2=9155
BUSY TASK ewma=997
DMA IRQ c0=2
DMA IRQ c1=0
DMA IRQ c2=0
DMA IRQ c3=0
SELECT busy=9242
SELECT w0=9167
SELECT w1=6602
SELECT w2=9169
BUSY TASK ewma=997
DMA IRQ c0=2
DMA IRQ c1=0
DMA IRQ c2=0
DMA IRQ c3=0
SELECT busy=9251
SELECT w0=9176
SELECT w1=6608
SELECT w2=9178
BUSY TASK ewma=997
DMA IRQ c0=2
DMA IRQ c1=0
DMA IRQ c2=0
DMA IRQ c3=0
SELECT busy=9259
SELECT w0=9184
SELECT w1=6614
SELECT w2=9186
BUSY TASK ewma=997
DMA IRQ c0=2
DMA IRQ c1=0
DMA IRQ c2=0
DMA IRQ c3=0
SELECT busy=9267
SELECT w0=9192
SELECT w1=6621
SELECT w2=9195
BUSY TASK ewma=997
DMA IRQ c0=2
DMA IRQ c1=0
DMA IRQ c2=0
DMA IRQ c3=0
SELECT busy=9276
SELECT w0=9201
SELECT w1=6627
SELECT w2=9203
BUSY TASK ewma=997
DMA IRQ c0=2
DMA IRQ c1=0
DMA IRQ c2=0
DMA IRQ c3=0
SELECT busy=9284
SELECT w0=9209
SELECT w1=6633
SELECT w2=9211
BUSY TASK ewma=997
DMA IRQ c0=2
DMA IRQ c1=0
DMA IRQ c2=0
DMA IRQ c3=0
SELECT busy=9292
SELECT w0=9218
SELECT w1=6640
SELECT w2=9220
BUSY TASK ewma=997
DMA IRQ c0=2
DMA IRQ c1=0
DMA IRQ c2=0
DMA IRQ c3=0
SELECT busy=9301
SELECT w0=9226
SELECT w1=6646
SELECT w2=9228
BUSY TASK ewma=997
DMA IRQ c0=2
DMA IRQ c1=0
DMA IRQ c2=0
DMA IRQ c3=0
SELECT busy=9309
SELECT w0=9234
SELECT w1=6652
SELECT w2=9236
BUSY TASK ewma=997
DMA IRQ c0=2
DMA IRQ c1=0
DMA IRQ c2=0
DMA IRQ c3=0
SELECT busy=9318
SELECT w0=9243
SELECT w1=6658
SELECT w2=9245
BUSY TASK ewma=997
DMA IRQ c0=2
DMA IRQ c1=0
DMA IRQ c2=0
DMA IRQ c3=0
SELECT busy=9326
SELECT w0=9251
SELECT w1=6665
SELECT w2=9253
BUSY TASK ewma=997
DMA IRQ c0=2
DMA IRQ c1=0
DMA IRQ c2=0
DMA IRQ c3=0
SELECT busy=9334
SELECT w0=9260
SELECT w1=6671
SELECT w2=9262
BUSY TASK ewma=997
DMA IRQ c0=2
DMA IRQ c1=0
DMA IRQ c2=0
DMA IRQ c3=0
SELECT busy=9343
SELECT w0=9268
SELECT w1=6677
SELECT w2=9270
BUSY TASK ewma=997
DMA IRQ c0=2
DMA IRQ c1=0
DMA IRQ c2=0
DMA IRQ c3=0
SELECT busy=9351
SELECT w0=9276
SELECT w1=6683
SELECT w2=9279
BUSY TASK ewma=997
DMA IRQ c0=2
DMA IRQ c1=0
DMA IRQ c2=0
DMA IRQ c3=0
SELECT busy=9360
SELECT w0=9285
SELECT w1=6690
SELECT w2=9287
BUSY TASK ewma=997
DMA IRQ c0=2
DMA IRQ c1=0
DMA IRQ c2=0
DMA IRQ c3=0
SELECT busy=9371
SELECT w0=9296
SELECT w1=6698
SELECT w2=9299
BUSY TASK ewma=997
DMA IRQ c0=2
DMA IRQ c1=0
DMA IRQ c2=0
DMA IRQ c3=0
SELECT busy=9387
SELECT w0=9312
SELECT w1=6710
SELECT w2=9314
BUSY TASK ewma=997
DMA IRQ c0=2
DMA IRQ c1=0
DMA IRQ c2=0
DMA IRQ c3=0
SELECT busy=9402
SELECT w0=9327
SELECT w1=6720
SELECT w2=9329
BUSY TASK ewma=997
DMA IRQ c0=2
DMA IRQ c1=0
DMA IRQ c2=0
DMA IRQ c3=0
SELECT busy=9415
SELECT w0=9341
SELECT w1=6730
SELECT w2=9343
BUSY TASK ewma=997
DMA IRQ c0=2
DMA IRQ c1=0
DMA IRQ c2=0
DMA IRQ c3=0
SELECT busy=9430
SELECT w0=9355
SELECT w1=6740
SELECT w2=9357
BUSY TASK ewma=997
DMA IRQ c0=2
DMA IRQ c1=0
DMA IRQ c2=0
DMA IRQ c3=0
SELECT busy=9444
SELECT w0=9369
SELECT w1=6750
SELECT w2=9371
BUSY TASK ewma=997
DMA IRQ c0=2
DMA IRQ c1=0
DMA IRQ c2=0
DMA IRQ c3=0
SELECT busy=9455
SELECT w0=9380
SELECT w1=6758
SELECT w2=9382
BUSY TASK ewma=997
IRQ counts: cpu0=28244 cpu1=27097 cpu2=0 cpu3=0
SCHED secondaries: calls=27097 unexpected=0
SECTEST switches=27084 cpu1=606828358,603795307 cpu2=0,0 cpu3=0,0
PINGPONG rounds=0 pongs=0
DMA IRQ c0=2
DMA IRQ c1=0
DMA IRQ c2=0
DMA IRQ c3=0
SELECT busy=9466
SELECT w0=9392
SELECT w1=6767
SELECT w2=9394
BUSY TASK ewma=997
DMA IRQ c0=2
DMA IRQ c1=0
DMA IRQ c2=0
DMA IRQ c3=0
SELECT busy=9476
SELECT w0=9401
SELECT w1=6773
SELECT w2=9403
BUSY TASK ewma=997
DMA IRQ c0=2
DMA IRQ c1=0
DMA IRQ c2=0
DMA IRQ c3=0
SELECT busy=9484
SELECT w0=9409
SELECT w1=6779
SELECT w2=9411
BUSY TASK ewma=997
DMA IRQ c0=2
DMA IRQ c1=0
DMA IRQ c2=0
DMA IRQ c3=0
SELECT busy=9492
SELECT w0=9417
SELECT w1=6785
SELECT w2=9419
BUSY TASK ewma=997
DMA IRQ c0=2
DMA IRQ c1=0
DMA IRQ c2=0
DMA IRQ c3=0
SELECT busy=9501
SELECT w0=9426
SELECT w1=6791
SELECT w2=9428
BUSY TASK ewma=997
DMA IRQ c0=2
DMA IRQ c1=0
DMA IRQ c2=0
DMA IRQ c3=0
SELECT busy=9509
SELECT w0=9434
SELECT w1=6797
SELECT w2=9436
BUSY TASK ewma=997
DMA IRQ c0=2
DMA IRQ c1=0
DMA IRQ c2=0
DMA IRQ c3=0
SELECT busy=9517
SELECT w0=9442
SELECT w1=6803
SELECT w2=9444
BUSY TASK ewma=997
DMA IRQ c0=2
DMA IRQ c1=0
DMA IRQ c2=0
DMA IRQ c3=0
SELECT busy=9525
SELECT w0=9451
SELECT w1=6809
SELECT w2=9453
BUSY TASK ewma=997
DMA IRQ c0=2
DMA IRQ c1=0
DMA IRQ c2=0
DMA IRQ c3=0
SELECT busy=9534
SELECT w0=9459
SELECT w1=6815
SELECT w2=9461
BUSY TASK ewma=997
DMA IRQ c0=2
DMA IRQ c1=0
DMA IRQ c2=0
DMA IRQ c3=0
SELECT busy=9542
SELECT w0=9467
SELECT w1=6820
SELECT w2=9469
BUSY TASK ewma=997
DMA IRQ c0=2
DMA IRQ c1=0
DMA IRQ c2=0
DMA IRQ c3=0
SELECT busy=9550
SELECT w0=9476
SELECT w1=6827
SELECT w2=9478
BUSY TASK ewma=997
DMA IRQ c0=2
DMA IRQ c1=0
DMA IRQ c2=0
DMA IRQ c3=0
SELECT busy=9559
SELECT w0=9484
SELECT w1=6833
SELECT w2=9487
BUSY TASK ewma=997
DMA IRQ c0=2
DMA IRQ c1=0
DMA IRQ c2=0
DMA IRQ c3=0
SELECT busy=9568
SELECT w0=9493
SELECT w1=6839
SELECT w2=9495
BUSY TASK ewma=997
DMA IRQ c0=2
DMA IRQ c1=0
DMA IRQ c2=0
DMA IRQ c3=0
SELECT busy=9577
SELECT w0=9502
SELECT w1=6846
SELECT w2=9504
BUSY TASK ewma=997
DMA IRQ c0=2
DMA IRQ c1=0
DMA IRQ c2=0
DMA IRQ c3=0
SELECT busy=9586
SELECT w0=9512
SELECT w1=6853
SELECT w2=9514
BUSY TASK ewma=997
DMA IRQ c0=2
DMA IRQ c1=0
DMA IRQ c2=0
DMA IRQ c3=0
SELECT busy=9597
SELECT w0=9522
SELECT w1=6860
SELECT w2=9524
BUSY TASK ewma=997
DMA IRQ c0=2
DMA IRQ c1=0
DMA IRQ c2=0
DMA IRQ c3=0
SELECT busy=9608
SELECT w0=9533
SELECT w1=6869
SELECT w2=9536
BUSY TASK ewma=997
DMA IRQ c0=2
DMA IRQ c1=0
DMA IRQ c2=0
DMA IRQ c3=0
SELECT busy=9618
SELECT w0=9543
SELECT w1=6875
SELECT w2=9545
BUSY TASK ewma=997
DMA IRQ c0=2
DMA IRQ c1=0
DMA IRQ c2=0
DMA IRQ c3=0
SELECT busy=9626
SELECT w0=9551
SELECT w1=6881
SELECT w2=9553
BUSY TASK ewma=997
DMA IRQ c0=2
DMA IRQ c1=0
DMA IRQ c2=0
DMA IRQ c3=0
SELECT busy=9634
SELECT w0=9559
SELECT w1=6887
SELECT w2=9562
BUSY TASK ewma=997
DMA IRQ c0=2
DMA IRQ c1=0
DMA IRQ c2=0
DMA IRQ c3=0
SELECT busy=9643
SELECT w0=9568
SELECT w1=6893
SELECT w2=9570
BUSY TASK ewma=997
DMA IRQ c0=2
DMA IRQ c1=0
DMA IRQ c2=0
DMA IRQ c3=0
SELECT busy=9651
SELECT w0=9576
SELECT w1=6899
SELECT w2=9578
BUSY TASK ewma=997
DMA IRQ c0=2
DMA IRQ c1=0
DMA IRQ c2=0
DMA IRQ c3=0
SELECT busy=9660
SELECT w0=9585
SELECT w1=6905
SELECT w2=9587
BUSY TASK ewma=997
DMA IRQ c0=2
DMA IRQ c1=0
DMA IRQ c2=0
DMA IRQ c3=0
SELECT busy=9668
SELECT w0=9593
SELECT w1=6911
SELECT w2=9596
BUSY TASK ewma=997
DMA IRQ c0=2
DMA IRQ c1=0
DMA IRQ c2=0
DMA IRQ c3=0
SELECT busy=9679
SELECT w0=9604
SELECT w1=6919
SELECT w2=9606
BUSY TASK ewma=997
DMA IRQ c0=2
DMA IRQ c1=0
DMA IRQ c2=0
DMA IRQ c3=0
SELECT busy=9691
SELECT w0=9616
SELECT w1=6927
SELECT w2=9618
BUSY TASK ewma=997
DMA IRQ c0=2
DMA IRQ c1=0
DMA IRQ c2=0
DMA IRQ c3=0
SELECT busy=9700
SELECT w0=9625
SELECT w1=6934
SELECT w2=9627
BUSY TASK ewma=997
DMA IRQ c0=2
DMA IRQ c1=0
DMA IRQ c2=0
DMA IRQ c3=0
SELECT busy=9709
SELECT w0=9634
SELECT w1=6940
SELECT w2=9636
BUSY TASK ewma=997
DMA IRQ c0=2
DMA IRQ c1=0
DMA IRQ c2=0
DMA IRQ c3=0
SELECT busy=9717
SELECT w0=9642
SELECT w1=6946
SELECT w2=9644
BUSY TASK ewma=997
DMA IRQ c0=2
DMA IRQ c1=0
DMA IRQ c2=0
DMA IRQ c3=0
SELECT busy=9725
SELECT w0=9650
SELECT w1=6952
SELECT w2=9653
BUSY TASK ewma=997
DMA IRQ c0=2
DMA IRQ c1=0
DMA IRQ c2=0
DMA IRQ c3=0
SELECT busy=9734
SELECT w0=9659
SELECT w1=6958
SELECT w2=9661
BUSY TASK ewma=997
DMA IRQ c0=2
DMA IRQ c1=0
DMA IRQ c2=0
DMA IRQ c3=0
SELECT busy=9742
SELECT w0=9667
SELECT w1=6964
SELECT w2=9669
BUSY TASK ewma=997
DMA IRQ c0=2
DMA IRQ c1=0
DMA IRQ c2=0
DMA IRQ c3=0
SELECT busy=9751
SELECT w0=9676
SELECT w1=6970
SELECT w2=9678
BUSY TASK ewma=997
DMA IRQ c0=2
DMA IRQ c1=0
DMA IRQ c2=0
DMA IRQ c3=0
SELECT busy=9761
SELECT w0=9686
SELECT w1=6978
SELECT w2=9688
BUSY TASK ewma=997
DMA IRQ c0=2
DMA IRQ c1=0
DMA IRQ c2=0
DMA IRQ c3=0
SELECT busy=9771
SELECT w0=9696
SELECT w1=6985
SELECT w2=9698
BUSY TASK ewma=997
DMA IRQ c0=2
DMA IRQ c1=0
DMA IRQ c2=0
DMA IRQ c3=0
SELECT busy=9780
SELECT w0=9705
SELECT w1=6991
SELECT w2=9708
BUSY TASK ewma=997
DMA IRQ c0=2
DMA IRQ c1=0
DMA IRQ c2=0
DMA IRQ c3=0
SELECT busy=9789
SELECT w0=9715
SELECT w1=6998
SELECT w2=9717
BUSY TASK ewma=997
DMA IRQ c0=2
DMA IRQ c1=0
DMA IRQ c2=0
DMA IRQ c3=0
SELECT busy=9800
SELECT w0=9725
SELECT w1=7006
SELECT w2=9728
BUSY TASK ewma=997
DMA IRQ c0=2
DMA IRQ c1=0
DMA IRQ c2=0
DMA IRQ c3=0
SELECT busy=9810
SELECT w0=9735
SELECT w1=7013
SELECT w2=9737
BUSY TASK ewma=997
DMA IRQ c0=2
DMA IRQ c1=0
DMA IRQ c2=0
DMA IRQ c3=0
SELECT busy=9820
SELECT w0=9745
SELECT w1=7020
SELECT w2=9747
BUSY TASK ewma=997
DMA IRQ c0=2
DMA IRQ c1=0
DMA IRQ c2=0
DMA IRQ c3=0
SELECT busy=9828
SELECT w0=9754
SELECT w1=7026
SELECT w2=9756
BUSY TASK ewma=997
DMA IRQ c0=2
DMA IRQ c1=0
DMA IRQ c2=0
DMA IRQ c3=0
SELECT busy=9837
SELECT w0=9762
SELECT w1=7032
SELECT w2=9764
BUSY TASK ewma=997
DMA IRQ c0=2
DMA IRQ c1=0
DMA IRQ c2=0
DMA IRQ c3=0
SELECT busy=9845
SELECT w0=9770
SELECT w1=7038
SELECT w2=9772
BUSY TASK ewma=997
DMA IRQ c0=2
DMA IRQ c1=0
DMA IRQ c2=0
DMA IRQ c3=0
SELECT busy=9853
SELECT w0=9778
SELECT w1=7044
SELECT w2=9780
BUSY TASK ewma=997
DMA IRQ c0=2
DMA IRQ c1=0
DMA IRQ c2=0
DMA IRQ c3=0
SELECT busy=9861
SELECT w0=9786
SELECT w1=7050
SELECT w2=9788
BUSY TASK ewma=997
DMA IRQ c0=2
DMA IRQ c1=0
DMA IRQ c2=0
DMA IRQ c3=0
SELECT busy=9869
SELECT w0=9794
SELECT w1=7056
SELECT w2=9797
BUSY TASK ewma=997
DMA IRQ c0=2
DMA IRQ c1=0
DMA IRQ c2=0
DMA IRQ c3=0
SELECT busy=9878
SELECT w0=9803
SELECT w1=7062
SELECT w2=9805
BUSY TASK ewma=997
DMA IRQ c0=2
DMA IRQ c1=0
DMA IRQ c2=0
DMA IRQ c3=0
SELECT busy=9894
SELECT w0=9819
SELECT w1=7074
SELECT w2=9822
BUSY TASK ewma=997
DMA IRQ c0=2
DMA IRQ c1=0
DMA IRQ c2=0
DMA IRQ c3=0
SELECT busy=9908
SELECT w0=9834
SELECT w1=7084
SELECT w2=9836
BUSY TASK ewma=997
DMA IRQ c0=2
DMA IRQ c1=0
DMA IRQ c2=0
DMA IRQ c3=0
SELECT busy=9921
SELECT w0=9846
SELECT w1=7093
SELECT w2=9849
BUSY TASK ewma=997
DMA IRQ c0=2
DMA IRQ c1=0
DMA IRQ c2=0
DMA IRQ c3=0
SELECT busy=9932
SELECT w0=9857
SELECT w1=7101
SELECT w2=9860
BUSY TASK ewma=997
DMA IRQ c0=2
DMA IRQ c1=0
DMA IRQ c2=0
DMA IRQ c3=0
SELECT busy=9943
SELECT w0=9868
SELECT w1=7108
SELECT w2=9871
BUSY TASK ewma=997
DMA IRQ c0=2
DMA IRQ c1=0
DMA IRQ c2=0
DMA IRQ c3=0
SELECT busy=9954
SELECT w0=9879
SELECT w1=7116
SELECT w2=9881
BUSY TASK ewma=997
DMA IRQ c0=2
DMA IRQ c1=0
DMA IRQ c2=0
DMA IRQ c3=0
SELECT busy=9964
SELECT w0=9890
SELECT w1=7123
SELECT w2=9892
BUSY TASK ewma=997
DMA IRQ c0=2
DMA IRQ c1=0
DMA IRQ c2=0
DMA IRQ c3=0
SELECT busy=9975
SELECT w0=9900
SELECT w1=7131
SELECT w2=9903
BUSY TASK ewma=997
DMA IRQ c0=2
DMA IRQ c1=0
DMA IRQ c2=0
DMA IRQ c3=0
SELECT busy=9986
SELECT w0=9911
SELECT w1=7139
SELECT w2=9913
BUSY TASK ewma=997
DMA IRQ c0=2
DMA IRQ c1=0
DMA IRQ c2=0
DMA IRQ c3=0
SELECT busy=9996
SELECT w0=9921
SELECT w1=7146
SELECT w2=9924
BUSY TASK ewma=997
DMA IRQ c0=2
DMA IRQ c1=0
DMA IRQ c2=0
DMA IRQ c3=0
SELECT busy=10006
SELECT w0=9931
SELECT w1=7153
SELECT w2=9933
BUSY TASK ewma=997
DMA IRQ c0=2
DMA IRQ c1=0
DMA IRQ c2=0
DMA IRQ c3=0
SELECT busy=10015
SELECT w0=9940
SELECT w1=7159
SELECT w2=9942
BUSY TASK ewma=997
DMA IRQ c0=2
DMA IRQ c1=0
DMA IRQ c2=0
DMA IRQ c3=0
SELECT busy=10024
SELECT w0=9949
SELECT w1=7166
SELECT w2=9951
BUSY TASK ewma=997
DMA IRQ c0=2
DMA IRQ c1=0
DMA IRQ c2=0
DMA IRQ c3=0
SELECT busy=10033
SELECT w0=9958
SELECT w1=7172
SELECT w2=9960
BUSY TASK ewma=997
DMA IRQ c0=2
DMA IRQ c1=0
DMA IRQ c2=0
DMA IRQ c3=0
SELECT busy=10041
SELECT w0=9966
SELECT w1=7178
SELECT w2=9968
BUSY TASK ewma=997
DMA IRQ c0=2
DMA IRQ c1=0
DMA IRQ c2=0
DMA IRQ c3=0
SELECT busy=10050
SELECT w0=9975
SELECT w1=7185
SELECT w2=9977
BUSY TASK ewma=997
DMA IRQ c0=2
DMA IRQ c1=0
DMA IRQ c2=0
DMA IRQ c3=0
SELECT busy=10059
SELECT w0=9984
SELECT w1=7191
SELECT w2=9986
BUSY TASK ewma=997
IRQ counts: cpu0=30050 cpu1=28824 cpu2=0 cpu3=0
SCHED secondaries: calls=28826 unexpected=0
SECTEST switches=28812 cpu1=644352178,641605549 cpu2=0,0 cpu3=0,0
PINGPONG rounds=0 pongs=0
DMA IRQ c0=2
DMA IRQ c1=0
DMA IRQ c2=0
DMA IRQ c3=0
SELECT busy=10068
SELECT w0=9994
SELECT w1=7198
SELECT w2=9996
BUSY TASK ewma=997
DMA IRQ c0=2
DMA IRQ c1=0
DMA IRQ c2=0
DMA IRQ c3=0
SELECT busy=10077
SELECT w0=10002
SELECT w1=7205
SELECT w2=10004
BUSY TASK ewma=997
DMA IRQ c0=2
DMA IRQ c1=0
DMA IRQ c2=0
DMA IRQ c3=0
SELECT busy=10086
SELECT w0=10011
SELECT w1=7211
SELECT w2=10013
BUSY TASK ewma=997
DMA IRQ c0=2
DMA IRQ c1=0
DMA IRQ c2=0
DMA IRQ c3=0
SELECT busy=10095
SELECT w0=10020
SELECT w1=7218
SELECT w2=10022
BUSY TASK ewma=997
DMA IRQ c0=2
DMA IRQ c1=0
DMA IRQ c2=0
DMA IRQ c3=0
SELECT busy=10107
SELECT w0=10032
SELECT w1=7227
SELECT w2=10034
BUSY TASK ewma=997
DMA IRQ c0=2
DMA IRQ c1=0
DMA IRQ c2=0
DMA IRQ c3=0
SELECT busy=10117
SELECT w0=10042
SELECT w1=7234
SELECT w2=10044
BUSY TASK ewma=997
DMA IRQ c0=2
DMA IRQ c1=0
DMA IRQ c2=0
DMA IRQ c3=0
SELECT busy=10126
SELECT w0=10051
SELECT w1=7240
SELECT w2=10053
BUSY TASK ewma=997
DMA IRQ c0=2
DMA IRQ c1=0
DMA IRQ c2=0
DMA IRQ c3=0
SELECT busy=10134
SELECT w0=10059
SELECT w1=7246
SELECT w2=10061
BUSY TASK ewma=997
DMA IRQ c0=2
DMA IRQ c1=0
DMA IRQ c2=0
DMA IRQ c3=0
SELECT busy=10143
SELECT w0=10068
SELECT w1=7252
SELECT w2=10070
BUSY TASK ewma=997
DMA IRQ c0=2
DMA IRQ c1=0
DMA IRQ c2=0
DMA IRQ c3=0
SELECT busy=10151
SELECT w0=10076
SELECT w1=7258
SELECT w2=10078
BUSY TASK ewma=997
DMA IRQ c0=2
DMA IRQ c1=0
DMA IRQ c2=0
DMA IRQ c3=0
SELECT busy=10164
SELECT w0=10089
SELECT w1=7268
SELECT w2=10092
BUSY TASK ewma=997
DMA IRQ c0=2
DMA IRQ c1=0
DMA IRQ c2=0
DMA IRQ c3=0
SELECT busy=10180
SELECT w0=10105
SELECT w1=7279
SELECT w2=10108
BUSY TASK ewma=997
DMA IRQ c0=2
DMA IRQ c1=0
DMA IRQ c2=0
DMA IRQ c3=0
SELECT busy=10191
SELECT w0=10116
SELECT w1=7288
SELECT w2=10119
BUSY TASK ewma=997
DMA IRQ c0=2
DMA IRQ c1=0
DMA IRQ c2=0
DMA IRQ c3=0
SELECT busy=10202
SELECT w0=10128
SELECT w1=7296
SELECT w2=10130
BUSY TASK ewma=997
DMA IRQ c0=2
DMA IRQ c1=0
DMA IRQ c2=0
DMA IRQ c3=0
SELECT busy=10213
SELECT w0=10138
SELECT w1=7303
SELECT w2=10140
BUSY TASK ewma=997
DMA IRQ c0=2
DMA IRQ c1=0
DMA IRQ c2=0
DMA IRQ c3=0
SELECT busy=10223
SELECT w0=10148
SELECT w1=7310
SELECT w2=10150
BUSY TASK ewma=997
DMA IRQ c0=2
DMA IRQ c1=0
DMA IRQ c2=0
DMA IRQ c3=0
SELECT busy=10233
SELECT w0=10158
SELECT w1=7318
SELECT w2=10160
BUSY TASK ewma=997
DMA IRQ c0=2
DMA IRQ c1=0
DMA IRQ c2=0
DMA IRQ c3=0
SELECT busy=10247
SELECT w0=10172
SELECT w1=7328
SELECT w2=10174
BUSY TASK ewma=997
DMA IRQ c0=2
DMA IRQ c1=0
DMA IRQ c2=0
DMA IRQ c3=0
SELECT busy=10257
SELECT w0=10182
SELECT w1=7335
SELECT w2=10184
BUSY TASK ewma=997
DMA IRQ c0=2
DMA IRQ c1=0
DMA IRQ c2=0
DMA IRQ c3=0
SELECT busy=10266
SELECT w0=10191
SELECT w1=7341
SELECT w2=10193
BUSY TASK ewma=997
DMA IRQ c0=2
DMA IRQ c1=0
DMA IRQ c2=0
DMA IRQ c3=0
SELECT busy=10275
SELECT w0=10200
SELECT w1=7348
SELECT w2=10202
BUSY TASK ewma=997
DMA IRQ c0=2
DMA IRQ c1=0
DMA IRQ c2=0
DMA IRQ c3=0
SELECT busy=10285
SELECT w0=10210
SELECT w1=7355
SELECT w2=10212
BUSY TASK ewma=997
DMA IRQ c0=2
DMA IRQ c1=0
DMA IRQ c2=0
DMA IRQ c3=0
SELECT busy=10293
SELECT w0=10218
SELECT w1=7361
SELECT w2=10221
BUSY TASK ewma=997
DMA IRQ c0=2
DMA IRQ c1=0
DMA IRQ c2=0
DMA IRQ c3=0
SELECT busy=10302
SELECT w0=10227
SELECT w1=7367
SELECT w2=10229
BUSY TASK ewma=997
DMA IRQ c0=2
DMA IRQ c1=0
DMA IRQ c2=0
DMA IRQ c3=0
SELECT busy=10311
SELECT w0=10236
SELECT w1=7374
SELECT w2=10238
BUSY TASK ewma=997
DMA IRQ c0=2
DMA IRQ c1=0
DMA IRQ c2=0
DMA IRQ c3=0
SELECT busy=10319
SELECT w0=10244
SELECT w1=7379
SELECT w2=10246
BUSY TASK ewma=997
DMA IRQ c0=2
DMA IRQ c1=0
DMA IRQ c2=0
DMA IRQ c3=0
SELECT busy=10327
SELECT w0=10252
SELECT w1=7385
SELECT w2=10255
BUSY TASK ewma=997
DMA IRQ c0=2
DMA IRQ c1=0
DMA IRQ c2=0
DMA IRQ c3=0
SELECT busy=10336
SELECT w0=10261
SELECT w1=7392
SELECT w2=10263
BUSY TASK ewma=997
DMA IRQ c0=2
DMA IRQ c1=0
DMA IRQ c2=0
DMA IRQ c3=0
SELECT busy=10344
SELECT w0=10269
SELECT w1=7397
SELECT w2=10271
BUSY TASK ewma=997
DMA IRQ c0=2
DMA IRQ c1=0
DMA IRQ c2=0
DMA IRQ c3=0
SELECT busy=10352
SELECT w0=10277
SELECT w1=7403
SELECT w2=10280
BUSY TASK ewma=997
DMA IRQ c0=2
DMA IRQ c1=0
DMA IRQ c2=0
DMA IRQ c3=0
SELECT busy=10361
SELECT w0=10286
SELECT w1=7410
SELECT w2=10288
BUSY TASK ewma=997
DMA IRQ c0=2
DMA IRQ c1=0
DMA IRQ c2=0
DMA IRQ c3=0
SELECT busy=10369
SELECT w0=10294
SELECT w1=7415
SELECT w2=10296
BUSY TASK ewma=997
DMA IRQ c0=2
DMA IRQ c1=0
DMA IRQ c2=0
DMA IRQ c3=0
SELECT busy=10377
SELECT w0=10303
SELECT w1=7422
SELECT w2=10305
BUSY TASK ewma=997
DMA IRQ c0=2
DMA IRQ c1=0
DMA IRQ c2=0
DMA IRQ c3=0
SELECT busy=10386
SELECT w0=10311
SELECT w1=7428
SELECT w2=10313
BUSY TASK ewma=997
DMA IRQ c0=2
DMA IRQ c1=0
DMA IRQ c2=0
DMA IRQ c3=0
SELECT busy=10394
SELECT w0=10319
SELECT w1=7433
SELECT w2=10321
BUSY TASK ewma=997
DMA IRQ c0=2
DMA IRQ c1=0
DMA IRQ c2=0
DMA IRQ c3=0
SELECT busy=10402
SELECT w0=10327
SELECT w1=7440
SELECT w2=10330
BUSY TASK ewma=997
DMA IRQ c0=2
DMA IRQ c1=0
DMA IRQ c2=0
DMA IRQ c3=0
SELECT busy=10411
SELECT w0=10336
SELECT w1=7446
SELECT w2=10339
BUSY TASK ewma=997
DMA IRQ c0=2
DMA IRQ c1=0
DMA IRQ c2=0
DMA IRQ c3=0
SELECT busy=10420
SELECT w0=10345
SELECT w1=7452
SELECT w2=10347
BUSY TASK ewma=997
DMA IRQ c0=2
DMA IRQ c1=0
DMA IRQ c2=0
DMA IRQ c3=0
SELECT busy=10428
SELECT w0=10353
SELECT w1=7458
SELECT w2=10355
BUSY TASK ewma=997
DMA IRQ c0=2
DMA IRQ c1=0
DMA IRQ c2=0
DMA IRQ c3=0
SELECT busy=10436
SELECT w0=10361
SELECT w1=7463
SELECT w2=10363
BUSY TASK ewma=997
DMA IRQ c0=2
DMA IRQ c1=0
DMA IRQ c2=0
DMA IRQ c3=0
SELECT busy=10445
SELECT w0=10370
SELECT w1=7470
SELECT w2=10372
BUSY TASK ewma=997
DMA IRQ c0=2
DMA IRQ c1=0
DMA IRQ c2=0
DMA IRQ c3=0
SELECT busy=10453
SELECT w0=10378
SELECT w1=7476
SELECT w2=10380
BUSY TASK ewma=997
DMA IRQ c0=2
DMA IRQ c1=0
DMA IRQ c2=0
DMA IRQ c3=0
SELECT busy=10461
SELECT w0=10386
SELECT w1=7481
SELECT w2=10389
BUSY TASK ewma=997
DMA IRQ c0=2
DMA IRQ c1=0
DMA IRQ c2=0
DMA IRQ c3=0
SELECT busy=10469
SELECT w0=10394
SELECT w1=7487
SELECT w2=10397
BUSY TASK ewma=997
DMA IRQ c0=2
DMA IRQ c1=0
DMA IRQ c2=0
DMA IRQ c3=0
SELECT busy=10478
SELECT w0=10403
SELECT w1=7493
SELECT w2=10405
BUSY TASK ewma=997
DMA IRQ c0=2
DMA IRQ c1=0
DMA IRQ c2=0
DMA IRQ c3=0
SELECT busy=10486
SELECT w0=10411
SELECT w1=7499
SELECT w2=10413
BUSY TASK ewma=997
DMA IRQ c0=2
DMA IRQ c1=0
DMA IRQ c2=0
DMA IRQ c3=0
SELECT busy=10494
SELECT w0=10420
SELECT w1=7506
SELECT w2=10422
BUSY TASK ewma=997
DMA IRQ c0=2
DMA IRQ c1=0
DMA IRQ c2=0
DMA IRQ c3=0
SELECT busy=10503
SELECT w0=10428
SELECT w1=7511
SELECT w2=10430
BUSY TASK ewma=997
DMA IRQ c0=2
DMA IRQ c1=0
DMA IRQ c2=0
DMA IRQ c3=0
SELECT busy=10511
SELECT w0=10436
SELECT w1=7517
SELECT w2=10438
BUSY TASK ewma=997
DMA IRQ c0=2
DMA IRQ c1=0
DMA IRQ c2=0
DMA IRQ c3=0
SELECT busy=10520
SELECT w0=10445
SELECT w1=7524
SELECT w2=10447
BUSY TASK ewma=997
DMA IRQ c0=2
DMA IRQ c1=0
DMA IRQ c2=0
DMA IRQ c3=0
SELECT busy=10529
SELECT w0=10454
SELECT w1=7530
SELECT w2=10456
BUSY TASK ewma=997
DMA IRQ c0=2
DMA IRQ c1=0
DMA IRQ c2=0
DMA IRQ c3=0
SELECT busy=10538
SELECT w0=10463
SELECT w1=7537
SELECT w2=10465
BUSY TASK ewma=997
DMA IRQ c0=2
DMA IRQ c1=0
DMA IRQ c2=0
DMA IRQ c3=0
SELECT busy=10546
SELECT w0=10471
SELECT w1=7543
SELECT w2=10474
BUSY TASK ewma=997
DMA IRQ c0=2
DMA IRQ c1=0
DMA IRQ c2=0
DMA IRQ c3=0
SELECT busy=10555
SELECT w0=10480
SELECT w1=7549
SELECT w2=10482
BUSY TASK ewma=997
DMA IRQ c0=2
DMA IRQ c1=0
DMA IRQ c2=0
DMA IRQ c3=0
SELECT busy=10563
SELECT w0=10488
SELECT w1=7555
SELECT w2=10490
BUSY TASK ewma=997
DMA IRQ c0=2
DMA IRQ c1=0
DMA IRQ c2=0
DMA IRQ c3=0
SELECT busy=10572
SELECT w0=10497
SELECT w1=7561
SELECT w2=10499
BUSY TASK ewma=997
DMA IRQ c0=2
DMA IRQ c1=0
DMA IRQ c2=0
DMA IRQ c3=0
SELECT busy=10580
SELECT w0=10505
SELECT w1=7567
SELECT w2=10507
BUSY TASK ewma=997
DMA IRQ c0=2
DMA IRQ c1=0
DMA IRQ c2=0
DMA IRQ c3=0
SELECT busy=10588
SELECT w0=10514
SELECT w1=7573
SELECT w2=10516
BUSY TASK ewma=997
DMA IRQ c0=2
DMA IRQ c1=0
DMA IRQ c2=0
DMA IRQ c3=0
SELECT busy=10597
SELECT w0=10522
SELECT w1=7579
SELECT w2=10524
BUSY TASK ewma=997
DMA IRQ c0=2
DMA IRQ c1=0
DMA IRQ c2=0
DMA IRQ c3=0
SELECT busy=10605
SELECT w0=10531
SELECT w1=7585
SELECT w2=10533
BUSY TASK ewma=997
DMA IRQ c0=2
DMA IRQ c1=0
DMA IRQ c2=0
DMA IRQ c3=0
SELECT busy=10614
SELECT w0=10539
SELECT w1=7591
SELECT w2=10541
BUSY TASK ewma=997
DMA IRQ c0=2
DMA IRQ c1=0
DMA IRQ c2=0
DMA IRQ c3=0
SELECT busy=10622
SELECT w0=10548
SELECT w1=7597
SELECT w2=10550
BUSY TASK ewma=997
DMA IRQ c0=2
DMA IRQ c1=0
DMA IRQ c2=0
DMA IRQ c3=0
SELECT busy=10631
SELECT w0=10556
SELECT w1=7603
SELECT w2=10558
BUSY TASK ewma=997
DMA IRQ c0=2
DMA IRQ c1=0
DMA IRQ c2=0
DMA IRQ c3=0
SELECT busy=10639
SELECT w0=10565
SELECT w1=7610
SELECT w2=10567
BUSY TASK ewma=997
IRQ counts: cpu0=31793 cpu1=30496 cpu2=0 cpu3=0
SCHED secondaries: calls=30496 unexpected=0
SECTEST switches=30482 cpu1=683273837,680168960 cpu2=0,0 cpu3=0,0
PINGPONG rounds=0 pongs=0
DMA IRQ c0=2
DMA IRQ c1=0
DMA IRQ c2=0
DMA IRQ c3=0
SELECT busy=10649
SELECT w0=10574
SELECT w1=7616
SELECT w2=10576
BUSY TASK ewma=997
DMA IRQ c0=2
DMA IRQ c1=0
DMA IRQ c2=0
DMA IRQ c3=0
SELECT busy=10657
SELECT w0=10582
SELECT w1=7622
SELECT w2=10584
BUSY TASK ewma=997
DMA IRQ c0=2
DMA IRQ c1=0
DMA IRQ c2=0
DMA IRQ c3=0
SELECT busy=10665
SELECT w0=10590
SELECT w1=7628
SELECT w2=10592
BUSY TASK ewma=997
DMA IRQ c0=2
DMA IRQ c1=0
DMA IRQ c2=0
DMA IRQ c3=0
SELECT busy=10673
SELECT w0=10599
SELECT w1=7634
SELECT w2=10601
BUSY TASK ewma=997
DMA IRQ c0=2
DMA IRQ c1=0
DMA IRQ c2=0
DMA IRQ c3=0
SELECT busy=10682
SELECT w0=10607
SELECT w1=7640
SELECT w2=10609
BUSY TASK ewma=997
DMA IRQ c0=2
DMA IRQ c1=0
DMA IRQ c2=0
DMA IRQ c3=0
SELECT busy=10690
SELECT w0=10615
SELECT w1=7645
SELECT w2=10617
BUSY TASK ewma=997
DMA IRQ c0=2
DMA IRQ c1=0
DMA IRQ c2=0
DMA IRQ c3=0
SELECT busy=10699
SELECT w0=10624
SELECT w1=7652
SELECT w2=10626
BUSY TASK ewma=997
DMA IRQ c0=2
DMA IRQ c1=0
DMA IRQ c2=0
DMA IRQ c3=0
SELECT busy=10707
SELECT w0=10632
SELECT w1=7658
SELECT w2=10635
BUSY TASK ewma=997
DMA IRQ c0=2
DMA IRQ c1=0
DMA IRQ c2=0
DMA IRQ c3=0
SELECT busy=10716
SELECT w0=10641
SELECT w1=7664
SELECT w2=10643
BUSY TASK ewma=997
DMA IRQ c0=2
DMA IRQ c1=0
DMA IRQ c2=0
DMA IRQ c3=0
SELECT busy=10729
SELECT w0=10654
SELECT w1=7674
SELECT w2=10656
BUSY TASK ewma=997
DMA IRQ c0=2
DMA IRQ c1=0
DMA IRQ c2=0
DMA IRQ c3=0
SELECT busy=10745
SELECT w0=10670
SELECT w1=7685
SELECT w2=10672
BUSY TASK ewma=997
DMA IRQ c0=2
DMA IRQ c1=0
DMA IRQ c2=0
DMA IRQ c3=0
SELECT busy=10762
SELECT w0=10687
SELECT w1=7697
SELECT w2=10689
BUSY TASK ewma=997
DMA IRQ c0=2
DMA IRQ c1=0
DMA IRQ c2=0
DMA IRQ c3=0
SELECT busy=10779
SELECT w0=10704
SELECT w1=7709
SELECT w2=10706
BUSY TASK ewma=997
DMA IRQ c0=2
DMA IRQ c1=0
DMA IRQ c2=0
DMA IRQ c3=0
SELECT busy=10796
SELECT w0=10721
SELECT w1=7721
SELECT w2=10723
BUSY TASK ewma=997
DMA IRQ c0=2
DMA IRQ c1=0
DMA IRQ c2=0
DMA IRQ c3=0
SELECT busy=10807
SELECT w0=10732
SELECT w1=7729
SELECT w2=10734
BUSY TASK ewma=997
DMA IRQ c0=2
DMA IRQ c1=0
DMA IRQ c2=0
DMA IRQ c3=0
SELECT busy=10816
SELECT w0=10741
SELECT w1=7736
SELECT w2=10743
BUSY TASK ewma=997
DMA IRQ c0=2
DMA IRQ c1=0
DMA IRQ c2=0
DMA IRQ c3=0
SELECT busy=10824
SELECT w0=10749
SELECT w1=7741
SELECT w2=10751
BUSY TASK ewma=997
DMA IRQ c0=2
DMA IRQ c1=0
DMA IRQ c2=0
DMA IRQ c3=0
SELECT busy=10832
SELECT w0=10757
SELECT w1=7747
SELECT w2=10759
BUSY TASK ewma=997
DMA IRQ c0=2
DMA IRQ c1=0
DMA IRQ c2=0
DMA IRQ c3=0
SELECT busy=10840
SELECT w0=10765
SELECT w1=7754
SELECT w2=10768
BUSY TASK ewma=997
DMA IRQ c0=2
DMA IRQ c1=0
DMA IRQ c2=0
DMA IRQ c3=0
SELECT busy=10849
SELECT w0=10774
SELECT w1=7760
SELECT w2=10776
BUSY TASK ewma=997
DMA IRQ c0=2
DMA IRQ c1=0
DMA IRQ c2=0
DMA IRQ c3=0
SELECT busy=10857
SELECT w0=10782
SELECT w1=7766
SELECT w2=10784
BUSY TASK ewma=997
DMA IRQ c0=2
DMA IRQ c1=0
DMA IRQ c2=0
DMA IRQ c3=0
SELECT busy=10865
SELECT w0=10791
SELECT w1=7772
SELECT w2=10793
BUSY TASK ewma=997
DMA IRQ c0=2
DMA IRQ c1=0
DMA IRQ c2=0
DMA IRQ c3=0
SELECT busy=10874
SELECT w0=10799
SELECT w1=7778
SELECT w2=10801
BUSY TASK ewma=997
DMA IRQ c0=2
DMA IRQ c1=0
DMA IRQ c2=0
DMA IRQ c3=0
SELECT busy=10881
SELECT w0=10806
SELECT w1=7783
SELECT w2=10809
BUSY TASK ewma=997
DMA IRQ c0=2
DMA IRQ c1=0
DMA IRQ c2=0
DMA IRQ c3=0
SELECT busy=10889
SELECT w0=10815
SELECT w1=7789
SELECT w2=10817
BUSY TASK ewma=997
DMA IRQ c0=2
DMA IRQ c1=0
DMA IRQ c2=0
DMA IRQ c3=0
SELECT busy=10898
SELECT w0=10823
SELECT w1=7795
SELECT w2=10825
BUSY TASK ewma=997
DMA IRQ c0=2
DMA IRQ c1=0
DMA IRQ c2=0
DMA IRQ c3=0
SELECT busy=10906
SELECT w0=10831
SELECT w1=7801
SELECT w2=10833
BUSY TASK ewma=997
DMA IRQ c0=2
DMA IRQ c1=0
DMA IRQ c2=0
DMA IRQ c3=0
SELECT busy=10914
SELECT w0=10839
SELECT w1=7807
SELECT w2=10841
BUSY TASK ewma=997
DMA IRQ c0=2
DMA IRQ c1=0
DMA IRQ c2=0
DMA IRQ c3=0
SELECT busy=10922
SELECT w0=10847
SELECT w1=7813
SELECT w2=10850
BUSY TASK ewma=997
DMA IRQ c0=2
DMA IRQ c1=0
DMA IRQ c2=0
DMA IRQ c3=0
SELECT busy=10930
SELECT w0=10855
SELECT w1=7819
SELECT w2=10857
BUSY TASK ewma=997
DMA IRQ c0=2
DMA IRQ c1=0
DMA IRQ c2=0
DMA IRQ c3=0
SELECT busy=10938
SELECT w0=10863
SELECT w1=7825
SELECT w2=10866
BUSY TASK ewma=997
DMA IRQ c0=2
DMA IRQ c1=0
DMA IRQ c2=0
DMA IRQ c3=0
SELECT busy=10945
SELECT w0=10870
SELECT w1=7829
SELECT w2=10873
BUSY TASK ewma=997
DMA IRQ c0=2
DMA IRQ c1=0
DMA IRQ c2=0
DMA IRQ c3=0
SELECT busy=10954
SELECT w0=10879
SELECT w1=7836
SELECT w2=10881
BUSY TASK ewma=997
DMA IRQ c0=2
DMA IRQ c1=0
DMA IRQ c2=0
DMA IRQ c3=0
SELECT busy=10963
SELECT w0=10888
SELECT w1=7842
SELECT w2=10890
BUSY TASK ewma=997
DMA IRQ c0=2
DMA IRQ c1=0
DMA IRQ c2=0
DMA IRQ c3=0
SELECT busy=10972
SELECT w0=10897
SELECT w1=7849
SELECT w2=10899
BUSY TASK ewma=997
DMA IRQ c0=2
DMA IRQ c1=0
DMA IRQ c2=0
DMA IRQ c3=0
SELECT busy=10981
SELECT w0=10906
SELECT w1=7855
SELECT w2=10908
BUSY TASK ewma=997
DMA IRQ c0=2
DMA IRQ c1=0
DMA IRQ c2=0
DMA IRQ c3=0
SELECT busy=10992
SELECT w0=10917
SELECT w1=7863
SELECT w2=10919
BUSY TASK ewma=997
DMA IRQ c0=2
DMA IRQ c1=0
DMA IRQ c2=0
DMA IRQ c3=0
SELECT busy=11002
SELECT w0=10927
SELECT w1=7870
SELECT w2=10929
BUSY TASK ewma=997
DMA IRQ c0=2
DMA IRQ c1=0
DMA IRQ c2=0
DMA IRQ c3=0
SELECT busy=11012
SELECT w0=10937
SELECT w1=7877
SELECT w2=10939
BUSY TASK ewma=997
DMA IRQ c0=2
DMA IRQ c1=0
DMA IRQ c2=0
DMA IRQ c3=0
SELECT busy=11021
SELECT w0=10946
SELECT w1=7884
SELECT w2=10949
BUSY TASK ewma=997
DMA IRQ c0=2
DMA IRQ c1=0
DMA IRQ c2=0
DMA IRQ c3=0
SELECT busy=11037
SELECT w0=10962
SELECT w1=7895
SELECT w2=10965
BUSY TASK ewma=997
DMA IRQ c0=2
DMA IRQ c1=0
DMA IRQ c2=0
DMA IRQ c3=0
SELECT busy=11054
SELECT w0=10979
SELECT w1=7907
SELECT w2=10981
BUSY TASK ewma=997
DMA IRQ c0=2
DMA IRQ c1=0
DMA IRQ c2=0
DMA IRQ c3=0
SELECT busy=11071
SELECT w0=10996
SELECT w1=7920
SELECT w2=10998
BUSY TASK ewma=997
DMA IRQ c0=2
DMA IRQ c1=0
DMA IRQ c2=0
DMA IRQ c3=0
SELECT busy=11087
SELECT w0=11012
SELECT w1=7931
SELECT w2=11014
BUSY TASK ewma=997
DMA IRQ c0=2
DMA IRQ c1=0
DMA IRQ c2=0
DMA IRQ c3=0
SELECT busy=11101
SELECT w0=11026
SELECT w1=7941
SELECT w2=11028
BUSY TASK ewma=997
DMA IRQ c0=2
DMA IRQ c1=0
DMA IRQ c2=0
DMA IRQ c3=0
SELECT busy=11112
SELECT w0=11037
SELECT w1=7949
SELECT w2=11039
BUSY TASK ewma=997
DMA IRQ c0=2
DMA IRQ c1=0
DMA IRQ c2=0
DMA IRQ c3=0
SELECT busy=11122
SELECT w0=11048
SELECT w1=7957
SELECT w2=11050
BUSY TASK ewma=997
DMA IRQ c0=2
DMA IRQ c1=0
DMA IRQ c2=0
DMA IRQ c3=0
SELECT busy=11132
SELECT w0=11057
SELECT w1=7964
SELECT w2=11059
BUSY TASK ewma=997
DMA IRQ c0=2
DMA IRQ c1=0
DMA IRQ c2=0
DMA IRQ c3=0
SELECT busy=11141
SELECT w0=11066
SELECT w1=7970
SELECT w2=11068
BUSY TASK ewma=997
DMA IRQ c0=2
DMA IRQ c1=0
DMA IRQ c2=0
DMA IRQ c3=0
SELECT busy=11150
SELECT w0=11075
SELECT w1=7976
SELECT w2=11077
BUSY TASK ewma=997
DMA IRQ c0=2
DMA IRQ c1=0
DMA IRQ c2=0
DMA IRQ c3=0
SELECT busy=11158
SELECT w0=11083
SELECT w1=7982
SELECT w2=11085
BUSY TASK ewma=997
DMA IRQ c0=2
DMA IRQ c1=0
DMA IRQ c2=0
DMA IRQ c3=0
SELECT busy=11167
SELECT w0=11092
SELECT w1=7989
SELECT w2=11094
BUSY TASK ewma=997
DMA IRQ c0=2
DMA IRQ c1=0
DMA IRQ c2=0
DMA IRQ c3=0
SELECT busy=11176
SELECT w0=11101
SELECT w1=7995
SELECT w2=11103
BUSY TASK ewma=997
DMA IRQ c0=2
DMA IRQ c1=0
DMA IRQ c2=0
DMA IRQ c3=0
SELECT busy=11184
SELECT w0=11110
SELECT w1=8002
SELECT w2=11112
BUSY TASK ewma=997
DMA IRQ c0=2
DMA IRQ c1=0
DMA IRQ c2=0
DMA IRQ c3=0
SELECT busy=11193
SELECT w0=11118
SELECT w1=8008
SELECT w2=11121
BUSY TASK ewma=997
DMA IRQ c0=2
DMA IRQ c1=0
DMA IRQ c2=0
DMA IRQ c3=0
SELECT busy=11203
SELECT w0=11128
SELECT w1=8015
SELECT w2=11130
BUSY TASK ewma=997
DMA IRQ c0=2
DMA IRQ c1=0
DMA IRQ c2=0
DMA IRQ c3=0
SELECT busy=11213
SELECT w0=11138
SELECT w1=8022
SELECT w2=11140
BUSY TASK ewma=997
DMA IRQ c0=2
DMA IRQ c1=0
DMA IRQ c2=0
DMA IRQ c3=0
SELECT busy=11224
SELECT w0=11149
SELECT w1=8030
SELECT w2=11151
BUSY TASK ewma=997
DMA IRQ c0=2
DMA IRQ c1=0
DMA IRQ c2=0
DMA IRQ c3=0
SELECT busy=11234
SELECT w0=11160
SELECT w1=8038
SELECT w2=11162
BUSY TASK ewma=997
DMA IRQ c0=2
DMA IRQ c1=0
DMA IRQ c2=0
DMA IRQ c3=0
SELECT busy=11244
SELECT w0=11169
SELECT w1=8044
SELECT w2=11171
BUSY TASK ewma=997
DMA IRQ c0=2
DMA IRQ c1=0
DMA IRQ c2=0
DMA IRQ c3=0
SELECT busy=11254
SELECT w0=11179
SELECT w1=8052
SELECT w2=11181
BUSY TASK ewma=997
DMA IRQ c0=2
DMA IRQ c1=0
DMA IRQ c2=0
DMA IRQ c3=0
SELECT busy=11262
SELECT w0=11188
SELECT w1=8058
SELECT w2=11190
BUSY TASK ewma=997
DMA IRQ c0=2
DMA IRQ c1=0
DMA IRQ c2=0
DMA IRQ c3=0
SELECT busy=11271
SELECT w0=11196
SELECT w1=8064
SELECT w2=11199
BUSY TASK ewma=997
DMA IRQ c0=2
DMA IRQ c1=0
DMA IRQ c2=0
DMA IRQ c3=0
SELECT busy=11282
SELECT w0=11207
SELECT w1=8072
SELECT w2=11209
BUSY TASK ewma=997
IRQ counts: cpu0=33725 cpu1=32353 cpu2=0 cpu3=0
SCHED secondaries: calls=32353 unexpected=0
SECTEST switches=32340 cpu1=721296014,718282095 cpu2=0,0 cpu3=0,0
PINGPONG rounds=0 pongs=0
DMA IRQ c0=2
DMA IRQ c1=0
DMA IRQ c2=0
DMA IRQ c3=0
SELECT busy=11293
SELECT w0=11219
SELECT w1=8081
SELECT w2=11221
BUSY TASK ewma=997
DMA IRQ c0=2
DMA IRQ c1=0
DMA IRQ c2=0
DMA IRQ c3=0
SELECT busy=11303
SELECT w0=11228
SELECT w1=8087
SELECT w2=11230
BUSY TASK ewma=997
DMA IRQ c0=2
DMA IRQ c1=0
DMA IRQ c2=0
DMA IRQ c3=0
SELECT busy=11312
SELECT w0=11237
SELECT w1=8094
SELECT w2=11240
BUSY TASK ewma=997
DMA IRQ c0=2
DMA IRQ c1=0
DMA IRQ c2=0
DMA IRQ c3=0
SELECT busy=11321
SELECT w0=11247
SELECT w1=8101
SELECT w2=11249
BUSY TASK ewma=997
DMA IRQ c0=2
DMA IRQ c1=0
DMA IRQ c2=0
DMA IRQ c3=0
SELECT busy=11331
SELECT w0=11256
SELECT w1=8108
SELECT w2=11258
BUSY TASK ewma=997
DMA IRQ c0=2
DMA IRQ c1=0
DMA IRQ c2=0
DMA IRQ c3=0
SELECT busy=11339
SELECT w0=11264
SELECT w1=8114
SELECT w2=11267
BUSY TASK ewma=997
DMA IRQ c0=2
DMA IRQ c1=0
DMA IRQ c2=0
DMA IRQ c3=0
SELECT busy=11348
SELECT w0=11273
SELECT w1=8120
SELECT w2=11275
BUSY TASK ewma=997
DMA IRQ c0=2
DMA IRQ c1=0
DMA IRQ c2=0
DMA IRQ c3=0
SELECT busy=11357
SELECT w0=11282
SELECT w1=8127
SELECT w2=11284
BUSY TASK ewma=997
DMA IRQ c0=2
DMA IRQ c1=0
DMA IRQ c2=0
DMA IRQ c3=0
SELECT busy=11366
SELECT w0=11291
SELECT w1=8133
SELECT w2=11293
BUSY TASK ewma=997
DMA IRQ c0=2
DMA IRQ c1=0
DMA IRQ c2=0
DMA IRQ c3=0
SELECT busy=11375
SELECT w0=11301
SELECT w1=8140
SELECT w2=11303
BUSY TASK ewma=997
DMA IRQ c0=2
DMA IRQ c1=0
DMA IRQ c2=0
DMA IRQ c3=0
SELECT busy=11385
SELECT w0=11310
SELECT w1=8147
SELECT w2=11312
BUSY TASK ewma=997
DMA IRQ c0=2
DMA IRQ c1=0
DMA IRQ c2=0
DMA IRQ c3=0
SELECT busy=11394
SELECT w0=11320
SELECT w1=8154
SELECT w2=11322
BUSY TASK ewma=997
DMA IRQ c0=2
DMA IRQ c1=0
DMA IRQ c2=0
DMA IRQ c3=0
SELECT busy=11404
SELECT w0=11329
SELECT w1=8161
SELECT w2=11332
BUSY TASK ewma=997
DMA IRQ c0=2
DMA IRQ c1=0
DMA IRQ c2=0
DMA IRQ c3=0
SELECT busy=11414
SELECT w0=11339
SELECT w1=8168
SELECT w2=11342
BUSY TASK ewma=997
DMA IRQ c0=2
DMA IRQ c1=0
DMA IRQ c2=0
DMA IRQ c3=0
SELECT busy=11424
SELECT w0=11349
SELECT w1=8175
SELECT w2=11351
BUSY TASK ewma=997
DMA IRQ c0=2
DMA IRQ c1=0
DMA IRQ c2=0
DMA IRQ c3=0
SELECT busy=11434
SELECT w0=11359
SELECT w1=8182
SELECT w2=11361
BUSY TASK ewma=997
DMA IRQ c0=2
DMA IRQ c1=0
DMA IRQ c2=0
DMA IRQ c3=0
SELECT busy=11443
SELECT w0=11368
SELECT w1=8188
SELECT w2=11370
BUSY TASK ewma=997
DMA IRQ c0=2
DMA IRQ c1=0
DMA IRQ c2=0
DMA IRQ c3=0
SELECT busy=11451
SELECT w0=11376
SELECT w1=8194
SELECT w2=11379
BUSY TASK ewma=997
DMA IRQ c0=2
DMA IRQ c1=0
DMA IRQ c2=0
DMA IRQ c3=0
SELECT busy=11460
SELECT w0=11385
SELECT w1=8201
SELECT w2=11387
BUSY TASK ewma=997
DMA IRQ c0=2
DMA IRQ c1=0
DMA IRQ c2=0
DMA IRQ c3=0
SELECT busy=11469
SELECT w0=11394
SELECT w1=8207
SELECT w2=11396
BUSY TASK ewma=997
DMA IRQ c0=2
DMA IRQ c1=0
DMA IRQ c2=0
DMA IRQ c3=0
SELECT busy=11478
SELECT w0=11403
SELECT w1=8214
SELECT w2=11406
BUSY TASK ewma=997
DMA IRQ c0=2
DMA IRQ c1=0
DMA IRQ c2=0
DMA IRQ c3=0
SELECT busy=11487
SELECT w0=11412
SELECT w1=8220
SELECT w2=11414
BUSY TASK ewma=997
DMA IRQ c0=2
DMA IRQ c1=0
DMA IRQ c2=0
DMA IRQ c3=0
SELECT busy=11496
SELECT w0=11421
SELECT w1=8227
SELECT w2=11423
BUSY TASK ewma=997
DMA IRQ c0=2
DMA IRQ c1=0
DMA IRQ c2=0
DMA IRQ c3=0
SELECT busy=11505
SELECT w0=11430
SELECT w1=8233
SELECT w2=11432
BUSY TASK ewma=997
DMA IRQ c0=2
DMA IRQ c1=0
DMA IRQ c2=0
DMA IRQ c3=0
SELECT busy=11514
SELECT w0=11439
SELECT w1=8240
SELECT w2=11441
BUSY TASK ewma=997
DMA IRQ c0=2
DMA IRQ c1=0
DMA IRQ c2=0
DMA IRQ c3=0
SELECT busy=11522
SELECT w0=11447
SELECT w1=8245
SELECT w2=11449
BUSY TASK ewma=997
DMA IRQ c0=2
DMA IRQ c1=0
DMA IRQ c2=0
DMA IRQ c3=0
SELECT busy=11531
SELECT w0=11456
SELECT w1=8252
SELECT w2=11458
BUSY TASK ewma=997
DMA IRQ c0=2
DMA IRQ c1=0
DMA IRQ c2=0
DMA IRQ c3=0
SELECT busy=11539
SELECT w0=11464
SELECT w1=8257
SELECT w2=11466
BUSY TASK ewma=997
DMA IRQ c0=2
DMA IRQ c1=0
DMA IRQ c2=0
DMA IRQ c3=0
SELECT busy=11548
SELECT w0=11473
SELECT w1=8264
SELECT w2=11475
BUSY TASK ewma=997
DMA IRQ c0=2
DMA IRQ c1=0
DMA IRQ c2=0
DMA IRQ c3=0
SELECT busy=11557
SELECT w0=11482
SELECT w1=8270
SELECT w2=11484
BUSY TASK ewma=997
DMA IRQ c0=2
DMA IRQ c1=0
DMA IRQ c2=0
DMA IRQ c3=0
SELECT busy=11565
SELECT w0=11490
SELECT w1=8276
SELECT w2=11492
BUSY TASK ewma=997
DMA IRQ c0=2
DMA IRQ c1=0
DMA IRQ c2=0
DMA IRQ c3=0
SELECT busy=11575
SELECT w0=11500
SELECT w1=8283
SELECT w2=11502
BUSY TASK ewma=997
DMA IRQ c0=2
DMA IRQ c1=0
DMA IRQ c2=0
DMA IRQ c3=0
SELECT busy=11584
SELECT w0=11509
SELECT w1=8289
SELECT w2=11511
BUSY TASK ewma=997
DMA IRQ c0=2
DMA IRQ c1=0
DMA IRQ c2=0
DMA IRQ c3=0
SELECT busy=11592
SELECT w0=11517
SELECT w1=8295
SELECT w2=11519
BUSY TASK ewma=997
DMA IRQ c0=2
DMA IRQ c1=0
DMA IRQ c2=0
DMA IRQ c3=0
SELECT busy=11601
SELECT w0=11526
SELECT w1=8302
SELECT w2=11528
BUSY TASK ewma=997
DMA IRQ c0=2
DMA IRQ c1=0
DMA IRQ c2=0
DMA IRQ c3=0
SELECT busy=11610
SELECT w0=11535
SELECT w1=8308
SELECT w2=11537
BUSY TASK ewma=997
DMA IRQ c0=2
DMA IRQ c1=0
DMA IRQ c2=0
DMA IRQ c3=0
SELECT busy=11619
SELECT w0=11544
SELECT w1=8315
SELECT w2=11546
BUSY TASK ewma=997
DMA IRQ c0=2
DMA IRQ c1=0
DMA IRQ c2=0
DMA IRQ c3=0
SELECT busy=11627
SELECT w0=11552
SELECT w1=8320
SELECT w2=11555
BUSY TASK ewma=997
DMA IRQ c0=2
DMA IRQ c1=0
DMA IRQ c2=0
DMA IRQ c3=0
SELECT busy=11636
SELECT w0=11561
SELECT w1=8327
SELECT w2=11563
BUSY TASK ewma=997
DMA IRQ c0=2
DMA IRQ c1=0
DMA IRQ c2=0
DMA IRQ c3=0
SELECT busy=11645
SELECT w0=11570
SELECT w1=8333
SELECT w2=11572
BUSY TASK ewma=997
DMA IRQ c0=2
DMA IRQ c1=0
DMA IRQ c2=0
DMA IRQ c3=0
SELECT busy=11655
SELECT w0=11580
SELECT w1=8341
SELECT w2=11582
BUSY TASK ewma=997
DMA IRQ c0=2
DMA IRQ c1=0
DMA IRQ c2=0
DMA IRQ c3=0
SELECT busy=11665
SELECT w0=11590
SELECT w1=8348
SELECT w2=11592
BUSY TASK ewma=997
DMA IRQ c0=2
DMA IRQ c1=0
DMA IRQ c2=0
DMA IRQ c3=0
SELECT busy=11673
SELECT w0=11599
SELECT w1=8354
SELECT w2=11601
BUSY TASK ewma=997
DMA IRQ c0=2
DMA IRQ c1=0
DMA IRQ c2=0
DMA IRQ c3=0
SELECT busy=11683
SELECT w0=11608
SELECT w1=8361
SELECT w2=11610
BUSY TASK ewma=997
DMA IRQ c0=2
DMA IRQ c1=0
DMA IRQ c2=0
DMA IRQ c3=0
SELECT busy=11691
SELECT w0=11616
SELECT w1=8366
SELECT w2=11618
BUSY TASK ewma=997
DMA IRQ c0=2
DMA IRQ c1=0
DMA IRQ c2=0
DMA IRQ c3=0
SELECT busy=11699
SELECT w0=11624
SELECT w1=8372
SELECT w2=11627
BUSY TASK ewma=997
DMA IRQ c0=2
DMA IRQ c1=0
DMA IRQ c2=0
DMA IRQ c3=0
SELECT busy=11708
SELECT w0=11633
SELECT w1=8378
SELECT w2=11635
BUSY TASK ewma=997
DMA IRQ c0=2
DMA IRQ c1=0
DMA IRQ c2=0
DMA IRQ c3=0
SELECT busy=11716
SELECT w0=11641
SELECT w1=8384
SELECT w2=11643
BUSY TASK ewma=997
DMA IRQ c0=2
DMA IRQ c1=0
DMA IRQ c2=0
DMA IRQ c3=0
SELECT busy=11724
SELECT w0=11649
SELECT w1=8390
SELECT w2=11651
BUSY TASK ewma=997
DMA IRQ c0=2
DMA IRQ c1=0
DMA IRQ c2=0
DMA IRQ c3=0
SELECT busy=11732
SELECT w0=11657
SELECT w1=8396
SELECT w2=11659
BUSY TASK ewma=997
DMA IRQ c0=2
DMA IRQ c1=0
DMA IRQ c2=0
DMA IRQ c3=0
SELECT busy=11741
SELECT w0=11666
SELECT w1=8402
SELECT w2=11668
BUSY TASK ewma=997
DMA IRQ c0=2
DMA IRQ c1=0
DMA IRQ c2=0
DMA IRQ c3=0
SELECT busy=11752
SELECT w0=11677
SELECT w1=8410
SELECT w2=11679
BUSY TASK ewma=997
DMA IRQ c0=2
DMA IRQ c1=0
DMA IRQ c2=0
DMA IRQ c3=0
SELECT busy=11764
SELECT w0=11689
SELECT w1=8419
SELECT w2=11691
BUSY TASK ewma=997
DMA IRQ c0=2
DMA IRQ c1=0
DMA IRQ c2=0
DMA IRQ c3=0
SELECT busy=11775
SELECT w0=11700
SELECT w1=8427
SELECT w2=11703
BUSY TASK ewma=997
DMA IRQ c0=2
DMA IRQ c1=0
DMA IRQ c2=0
DMA IRQ c3=0
SELECT busy=11786
SELECT w0=11712
SELECT w1=8436
SELECT w2=11714
BUSY TASK ewma=997
DMA IRQ c0=2
DMA IRQ c1=0
DMA IRQ c2=0
DMA IRQ c3=0
SELECT busy=11798
SELECT w0=11723
SELECT w1=8444
SELECT w2=11725
BUSY TASK ewma=997
DMA IRQ c0=2
DMA IRQ c1=0
DMA IRQ c2=0
DMA IRQ c3=0
SELECT busy=11809
SELECT w0=11734
SELECT w1=8452
SELECT w2=11736
BUSY TASK ewma=997
DMA IRQ c0=2
DMA IRQ c1=0
DMA IRQ c2=0
DMA IRQ c3=0
SELECT busy=11820
SELECT w0=11745
SELECT w1=8460
SELECT w2=11747
BUSY TASK ewma=997
DMA IRQ c0=2
DMA IRQ c1=0
DMA IRQ c2=0
DMA IRQ c3=0
SELECT busy=11828
SELECT w0=11753
SELECT w1=8467
SELECT w2=11756
BUSY TASK ewma=997
DMA IRQ c0=2
DMA IRQ c1=0
DMA IRQ c2=0
DMA IRQ c3=0
SELECT busy=11837
SELECT w0=11762
SELECT w1=8472
SELECT w2=11764
BUSY TASK ewma=997
DMA IRQ c0=2
DMA IRQ c1=0
DMA IRQ c2=0
DMA IRQ c3=0
SELECT busy=11845
SELECT w0=11770
SELECT w1=8478
SELECT w2=11772
BUSY TASK ewma=997
DMA IRQ c0=2
DMA IRQ c1=0
DMA IRQ c2=0
DMA IRQ c3=0
SELECT busy=11854
SELECT w0=11779
SELECT w1=8484
SELECT w2=11781
BUSY TASK ewma=997
DMA IRQ c0=2
DMA IRQ c1=0
DMA IRQ c2=0
DMA IRQ c3=0
SELECT busy=11863
SELECT w0=11788
SELECT w1=8491
SELECT w2=11790
BUSY TASK ewma=997
DMA IRQ c0=2
DMA IRQ c1=0
DMA IRQ c2=0
DMA IRQ c3=0
SELECT busy=11878
SELECT w0=11803
SELECT w1=8502
SELECT w2=11805
BUSY TASK ewma=997
IRQ counts: cpu0=35528 cpu1=34085 cpu2=0 cpu3=0
SCHED secondaries: calls=34085 unexpected=0
SECTEST switches=34072 cpu1=759459383,756418238 cpu2=0,0 cpu3=0,0
PINGPONG rounds=0 pongs=0
DMA IRQ c0=2
DMA IRQ c1=0
DMA IRQ c2=0
DMA IRQ c3=0
SELECT busy=11895
SELECT w0=11820
SELECT w1=8514
SELECT w2=11822
BUSY TASK ewma=997
DMA IRQ c0=2
DMA IRQ c1=0
DMA IRQ c2=0
DMA IRQ c3=0
SELECT busy=11911
SELECT w0=11836
SELECT w1=8525
SELECT w2=11838
BUSY TASK ewma=997
DMA IRQ c0=2
DMA IRQ c1=0
DMA IRQ c2=0
DMA IRQ c3=0
SELECT busy=11926
SELECT w0=11852
SELECT w1=8537
SELECT w2=11854
BUSY TASK ewma=997
DMA IRQ c0=2
DMA IRQ c1=0
DMA IRQ c2=0
DMA IRQ c3=0
SELECT busy=11940
SELECT w0=11865
SELECT w1=8546
SELECT w2=11867
BUSY TASK ewma=997
DMA IRQ c0=2
DMA IRQ c1=0
DMA IRQ c2=0
DMA IRQ c3=0
SELECT busy=11951
SELECT w0=11876
SELECT w1=8554
SELECT w2=11879
BUSY TASK ewma=997
DMA IRQ c0=2
DMA IRQ c1=0
DMA IRQ c2=0
DMA IRQ c3=0
SELECT busy=11963
SELECT w0=11888
SELECT w1=8563
SELECT w2=11891
BUSY TASK ewma=997
DMA IRQ c0=2
DMA IRQ c1=0
DMA IRQ c2=0
DMA IRQ c3=0
SELECT busy=11976
SELECT w0=11901
SELECT w1=8572
SELECT w2=11904
BUSY TASK ewma=997
DMA IRQ c0=2
DMA IRQ c1=0
DMA IRQ c2=0
DMA IRQ c3=0
SELECT busy=11988
SELECT w0=11913
SELECT w1=8581
SELECT w2=11915
BUSY TASK ewma=997
DMA IRQ c0=2
DMA IRQ c1=0
DMA IRQ c2=0
DMA IRQ c3=0
SELECT busy=11997
SELECT w0=11922
SELECT w1=8587
SELECT w2=11924
BUSY TASK ewma=997
DMA IRQ c0=2
DMA IRQ c1=0
DMA IRQ c2=0
DMA IRQ c3=0
SELECT busy=12005
SELECT w0=11931
SELECT w1=8593
SELECT w2=11933
BUSY TASK ewma=997
DMA IRQ c0=2
DMA IRQ c1=0
DMA IRQ c2=0
DMA IRQ c3=0
SELECT busy=12014
SELECT w0=11939
SELECT w1=8599
SELECT w2=11941
BUSY TASK ewma=997
DMA IRQ c0=2
DMA IRQ c1=0
DMA IRQ c2=0
DMA IRQ c3=0
SELECT busy=12022
SELECT w0=11947
SELECT w1=8605
SELECT w2=11949
BUSY TASK ewma=997
DMA IRQ c0=2
DMA IRQ c1=0
DMA IRQ c2=0
DMA IRQ c3=0
SELECT busy=12031
SELECT w0=11956
SELECT w1=8611
SELECT w2=11958
BUSY TASK ewma=997
DMA IRQ c0=2
DMA IRQ c1=0
DMA IRQ c2=0
DMA IRQ c3=0
SELECT busy=12039
SELECT w0=11964
SELECT w1=8617
SELECT w2=11966
BUSY TASK ewma=997
DMA IRQ c0=2
DMA IRQ c1=0
DMA IRQ c2=0
DMA IRQ c3=0
SELECT busy=12047
SELECT w0=11972
SELECT w1=8623
SELECT w2=11974
BUSY TASK ewma=997
DMA IRQ c0=2
DMA IRQ c1=0
DMA IRQ c2=0
DMA IRQ c3=0
SELECT busy=12055
SELECT w0=11980
SELECT w1=8629
SELECT w2=11982
BUSY TASK ewma=997
DMA IRQ c0=2
DMA IRQ c1=0
DMA IRQ c2=0
DMA IRQ c3=0
SELECT busy=12063
SELECT w0=11988
SELECT w1=8634
SELECT w2=11990
BUSY TASK ewma=997
DMA IRQ c0=2
DMA IRQ c1=0
DMA IRQ c2=0
DMA IRQ c3=0
SELECT busy=12071
SELECT w0=11996
SELECT w1=8640
SELECT w2=11998
BUSY TASK ewma=997
DMA IRQ c0=2
DMA IRQ c1=0
DMA IRQ c2=0
DMA IRQ c3=0
SELECT busy=12080
SELECT w0=12005
SELECT w1=8647
SELECT w2=12007
BUSY TASK ewma=997
DMA IRQ c0=2
DMA IRQ c1=0
DMA IRQ c2=0
DMA IRQ c3=0
SELECT busy=12088
SELECT w0=12013
SELECT w1=8653
SELECT w2=12015
BUSY TASK ewma=997
DMA IRQ c0=2
DMA IRQ c1=0
DMA IRQ c2=0
DMA IRQ c3=0
SELECT busy=12096
SELECT w0=12021
SELECT w1=8658
SELECT w2=12023
BUSY TASK ewma=997
DMA IRQ c0=2
DMA IRQ c1=0
DMA IRQ c2=0
DMA IRQ c3=0
SELECT busy=12104
SELECT w0=12030
SELECT w1=8665
SELECT w2=12032
BUSY TASK ewma=997
DMA IRQ c0=2
DMA IRQ c1=0
DMA IRQ c2=0
DMA IRQ c3=0
SELECT busy=12113
SELECT w0=12038
SELECT w1=8670
SELECT w2=12040
BUSY TASK ewma=997
DMA IRQ c0=2
DMA IRQ c1=0
DMA IRQ c2=0
DMA IRQ c3=0
SELECT busy=12121
SELECT w0=12046
SELECT w1=8676
SELECT w2=12048
BUSY TASK ewma=997
DMA IRQ c0=2
DMA IRQ c1=0
DMA IRQ c2=0
DMA IRQ c3=0
SELECT busy=12130
SELECT w0=12055
SELECT w1=8683
SELECT w2=12057
BUSY TASK ewma=997
DMA IRQ c0=2
DMA IRQ c1=0
DMA IRQ c2=0
DMA IRQ c3=0
SELECT busy=12139
SELECT w0=12064
SELECT w1=8689
SELECT w2=12066
BUSY TASK ewma=997
DMA IRQ c0=2
DMA IRQ c1=0
DMA IRQ c2=0
DMA IRQ c3=0
SELECT busy=12148
SELECT w0=12073
SELECT w1=8696
SELECT w2=12075
BUSY TASK ewma=997
DMA IRQ c0=2
DMA IRQ c1=0
DMA IRQ c2=0
DMA IRQ c3=0
SELECT busy=12157
SELECT w0=12083
SELECT w1=8703
SELECT w2=12085
BUSY TASK ewma=997
DMA IRQ c0=2
DMA IRQ c1=0
DMA IRQ c2=0
DMA IRQ c3=0
SELECT busy=12166
SELECT w0=12092
SELECT w1=8709
SELECT w2=12094
BUSY TASK ewma=997
DMA IRQ c0=2
DMA IRQ c1=0
DMA IRQ c2=0
DMA IRQ c3=0
SELECT busy=12176
SELECT w0=12101
SELECT w1=8716
SELECT w2=12103
BUSY TASK ewma=997
DMA IRQ c0=2
DMA IRQ c1=0
DMA IRQ c2=0
DMA IRQ c3=0
SELECT busy=12185
SELECT w0=12110
SELECT w1=8722
SELECT w2=12112
BUSY TASK ewma=997
DMA IRQ c0=2
DMA IRQ c1=0
DMA IRQ c2=0
DMA IRQ c3=0
SELECT busy=12193
SELECT w0=12118
SELECT w1=8728
SELECT w2=12120
BUSY TASK ewma=997
DMA IRQ c0=2
DMA IRQ c1=0
DMA IRQ c2=0
DMA IRQ c3=0
SELECT busy=12202
SELECT w0=12127
SELECT w1=8734
SELECT w2=12129
BUSY TASK ewma=997
DMA IRQ c0=2
DMA IRQ c1=0
DMA IRQ c2=0
DMA IRQ c3=0
SELECT busy=12211
SELECT w0=12136
SELECT w1=8741
SELECT w2=12138
BUSY TASK ewma=997
DMA IRQ c0=2
DMA IRQ c1=0
DMA IRQ c2=0
DMA IRQ c3=0
SELECT busy=12219
SELECT w0=12144
SELECT w1=8746
SELECT w2=12146
BUSY TASK ewma=997
DMA IRQ c0=2
DMA IRQ c1=0
DMA IRQ c2=0
DMA IRQ c3=0
SELECT busy=12227
SELECT w0=12152
SELECT w1=8753
SELECT w2=12155
BUSY TASK ewma=997
DMA IRQ c0=2
DMA IRQ c1=0
DMA IRQ c2=0
DMA IRQ c3=0
SELECT busy=12238
SELECT w0=12163
SELECT w1=8760
SELECT w2=12165
BUSY TASK ewma=997
DMA IRQ c0=2
DMA IRQ c1=0
DMA IRQ c2=0
DMA IRQ c3=0
SELECT busy=12248
SELECT w0=12173
SELECT w1=8767
SELECT w2=12175
BUSY TASK ewma=997
DMA IRQ c0=2
DMA IRQ c1=0
DMA IRQ c2=0
DMA IRQ c3=0
SELECT busy=12257
SELECT w0=12182
SELECT w1=8774
SELECT w2=12184
BUSY TASK ewma=997
DMA IRQ c0=2
DMA IRQ c1=0
DMA IRQ c2=0
DMA IRQ c3=0
SELECT busy=12266
SELECT w0=12191
SELECT w1=8780
SELECT w2=12193
BUSY TASK ewma=997
DMA IRQ c0=2
DMA IRQ c1=0
DMA IRQ c2=0
DMA IRQ c3=0
SELECT busy=12275
SELECT w0=12200
SELECT w1=8787
SELECT w2=12202
BUSY TASK ewma=997
DMA IRQ c0=2
DMA IRQ c1=0
DMA IRQ c2=0
DMA IRQ c3=0
SELECT busy=12284
SELECT w0=12209
SELECT w1=8793
SELECT w2=12211
BUSY TASK ewma=997
DMA IRQ c0=2
DMA IRQ c1=0
DMA IRQ c2=0
DMA IRQ c3=0
SELECT busy=12292
SELECT w0=12218
SELECT w1=8799
SELECT w2=12220
BUSY TASK ewma=997
DMA IRQ c0=2
DMA IRQ c1=0
DMA IRQ c2=0
DMA IRQ c3=0
SELECT busy=12301
SELECT w0=12226
SELECT w1=8805
SELECT w2=12228
BUSY TASK ewma=997
DMA IRQ c0=2
DMA IRQ c1=0
DMA IRQ c2=0
DMA IRQ c3=0
SELECT busy=12309
SELECT w0=12234
SELECT w1=8811
SELECT w2=12236
BUSY TASK ewma=997
DMA IRQ c0=2
DMA IRQ c1=0
DMA IRQ c2=0
DMA IRQ c3=0
SELECT busy=12317
SELECT w0=12242
SELECT w1=8817
SELECT w2=12245
BUSY TASK ewma=997
DMA IRQ c0=2
DMA IRQ c1=0
DMA IRQ c2=0
DMA IRQ c3=0
SELECT busy=12326
SELECT w0=12251
SELECT w1=8823
SELECT w2=12253
BUSY TASK ewma=997
DMA IRQ c0=2
DMA IRQ c1=0
DMA IRQ c2=0
DMA IRQ c3=0
SELECT busy=12334
SELECT w0=12259
SELECT w1=8829
SELECT w2=12261
BUSY TASK ewma=997
DMA IRQ c0=2
DMA IRQ c1=0
DMA IRQ c2=0
DMA IRQ c3=0
SELECT busy=12342
SELECT w0=12267
SELECT w1=8835
SELECT w2=12269
BUSY TASK ewma=997
DMA IRQ c0=2
DMA IRQ c1=0
DMA IRQ c2=0
DMA IRQ c3=0
SELECT busy=12350
SELECT w0=12276
SELECT w1=8841
SELECT w2=12278
BUSY TASK ewma=997
DMA IRQ c0=2
DMA IRQ c1=0
DMA IRQ c2=0
DMA IRQ c3=0
SELECT busy=12359
SELECT w0=12284
SELECT w1=8847
SELECT w2=12286
BUSY TASK ewma=997
DMA IRQ c0=2
DMA IRQ c1=0
DMA IRQ c2=0
DMA IRQ c3=0
SELECT busy=12367
SELECT w0=12292
SELECT w1=8853
SELECT w2=12294
BUSY TASK ewma=997
DMA IRQ c0=2
DMA IRQ c1=0
DMA IRQ c2=0
DMA IRQ c3=0
SELECT busy=12376
SELECT w0=12301
SELECT w1=8859
SELECT w2=12303
BUSY TASK ewma=997
DMA IRQ c0=2
DMA IRQ c1=0
DMA IRQ c2=0
DMA IRQ c3=0
SELECT busy=12384
SELECT w0=12309
SELECT w1=8865
SELECT w2=12311
BUSY TASK ewma=997
DMA IRQ c0=2
DMA IRQ c1=0
DMA IRQ c2=0
DMA IRQ c3=0
SELECT busy=12392
SELECT w0=12317
SELECT w1=8871
SELECT w2=12320
BUSY TASK ewma=997
DMA IRQ c0=2
DMA IRQ c1=0
DMA IRQ c2=0
DMA IRQ c3=0
SELECT busy=12401
SELECT w0=12326
SELECT w1=8877
SELECT w2=12328
BUSY TASK ewma=997
DMA IRQ c0=2
DMA IRQ c1=0
DMA IRQ c2=0
DMA IRQ c3=0
SELECT busy=12409
SELECT w0=12334
SELECT w1=8883
SELECT w2=12336
BUSY TASK ewma=997
DMA IRQ c0=2
DMA IRQ c1=0
DMA IRQ c2=0
DMA IRQ c3=0
SELECT busy=12417
SELECT w0=12342
SELECT w1=8889
SELECT w2=12344
BUSY TASK ewma=997
DMA IRQ c0=2
DMA IRQ c1=0
DMA IRQ c2=0
DMA IRQ c3=0
SELECT busy=12426
SELECT w0=12351
SELECT w1=8895
SELECT w2=12353
BUSY TASK ewma=997
DMA IRQ c0=2
DMA IRQ c1=0
DMA IRQ c2=0
DMA IRQ c3=0
SELECT busy=12434
SELECT w0=12359
SELECT w1=8901
SELECT w2=12361
BUSY TASK ewma=997
DMA IRQ c0=2
DMA IRQ c1=0
DMA IRQ c2=0
DMA IRQ c3=0
SELECT busy=12442
SELECT w0=12367
SELECT w1=8907
SELECT w2=12369
BUSY TASK ewma=997
DMA IRQ c0=2
DMA IRQ c1=0
DMA IRQ c2=0
DMA IRQ c3=0
SELECT busy=12450
SELECT w0=12376
SELECT w1=8913
SELECT w2=12378
BUSY TASK ewma=997
DMA IRQ c0=2
DMA IRQ c1=0
DMA IRQ c2=0
DMA IRQ c3=0
SELECT busy=12459
SELECT w0=12384
SELECT w1=8919
SELECT w2=12386
BUSY TASK ewma=997
DMA IRQ c0=2
DMA IRQ c1=0
DMA IRQ c2=0
DMA IRQ c3=0
SELECT busy=12467
SELECT w0=12392
SELECT w1=8925
SELECT w2=12394
BUSY TASK ewma=997
IRQ counts: cpu0=37274 cpu1=35757 cpu2=0 cpu3=0
SCHED secondaries: calls=35757 unexpected=0
SECTEST switches=35744 cpu1=797587724,794503627 cpu2=0,0 cpu3=0,0
PINGPONG rounds=0 pongs=0
DMA IRQ c0=2
DMA IRQ c1=0
DMA IRQ c2=0
DMA IRQ c3=0
SELECT busy=12476
SELECT w0=12401
SELECT w1=8931
SELECT w2=12404
BUSY TASK ewma=997
DMA IRQ c0=2
DMA IRQ c1=0
DMA IRQ c2=0
DMA IRQ c3=0
SELECT busy=12485
SELECT w0=12410
SELECT w1=8937
SELECT w2=12412
BUSY TASK ewma=997
DMA IRQ c0=2
DMA IRQ c1=0
DMA IRQ c2=0
DMA IRQ c3=0
SELECT busy=12493
SELECT w0=12418
SELECT w1=8943
SELECT w2=12420
BUSY TASK ewma=997
DMA IRQ c0=2
DMA IRQ c1=0
DMA IRQ c2=0
DMA IRQ c3=0
SELECT busy=12501
SELECT w0=12427
SELECT w1=8949
SELECT w2=12429
BUSY TASK ewma=997
DMA IRQ c0=2
DMA IRQ c1=0
DMA IRQ c2=0
DMA IRQ c3=0
SELECT busy=12510
SELECT w0=12435
SELECT w1=8955
SELECT w2=12437
BUSY TASK ewma=997
DMA IRQ c0=2
DMA IRQ c1=0
DMA IRQ c2=0
DMA IRQ c3=0
SELECT busy=12518
SELECT w0=12443
SELECT w1=8961
SELECT w2=12446
BUSY TASK ewma=997
DMA IRQ c0=2
DMA IRQ c1=0
DMA IRQ c2=0
DMA IRQ c3=0
SELECT busy=12527
SELECT w0=12452
SELECT w1=8967
SELECT w2=12454
BUSY TASK ewma=997
DMA IRQ c0=2
DMA IRQ c1=0
DMA IRQ c2=0
DMA IRQ c3=0
SELECT busy=12535
SELECT w0=12461
SELECT w1=8974
SELECT w2=12463
BUSY TASK ewma=997
DMA IRQ c0=2
DMA IRQ c1=0
DMA IRQ c2=0
DMA IRQ c3=0
SELECT busy=12544
SELECT w0=12469
SELECT w1=8979
SELECT w2=12471
BUSY TASK ewma=997
DMA IRQ c0=2
DMA IRQ c1=0
DMA IRQ c2=0
DMA IRQ c3=0
SELECT busy=12552
SELECT w0=12477
SELECT w1=8985
SELECT w2=12479
BUSY TASK ewma=997
DMA IRQ c0=2
DMA IRQ c1=0
DMA IRQ c2=0
DMA IRQ c3=0
SELECT busy=12561
SELECT w0=12486
SELECT w1=8991
SELECT w2=12488
BUSY TASK ewma=997
DMA IRQ c0=2
DMA IRQ c1=0
DMA IRQ c2=0
DMA IRQ c3=0
SELECT busy=12569
SELECT w0=12494
SELECT w1=8997
SELECT w2=12496
BUSY TASK ewma=997
DMA IRQ c0=2
DMA IRQ c1=0
DMA IRQ c2=0
DMA IRQ c3=0
SELECT busy=12577
SELECT w0=12502
SELECT w1=9004
SELECT w2=12505
BUSY TASK ewma=997
DMA IRQ c0=2
DMA IRQ c1=0
DMA IRQ c2=0
DMA IRQ c3=0
SELECT busy=12585
SELECT w0=12510
SELECT w1=9009
SELECT w2=12512
BUSY TASK ewma=997
DMA IRQ c0=2
DMA IRQ c1=0
DMA IRQ c2=0
DMA IRQ c3=0
SELECT busy=12594
SELECT w0=12519
SELECT w1=9015
SELECT w2=12521
BUSY TASK ewma=997
DMA IRQ c0=2
DMA IRQ c1=0
DMA IRQ c2=0
DMA IRQ c3=0
SELECT busy=12602
SELECT w0=12527
SELECT w1=9021
SELECT w2=12529
BUSY TASK ewma=997
DMA IRQ c0=2
DMA IRQ c1=0
DMA IRQ c2=0
DMA IRQ c3=0
SELECT busy=12610
SELECT w0=12535
SELECT w1=9027
SELECT w2=12537
BUSY TASK ewma=997
DMA IRQ c0=2
DMA IRQ c1=0
DMA IRQ c2=0
DMA IRQ c3=0
SELECT busy=12619
SELECT w0=12544
SELECT w1=9033
SELECT w2=12546
BUSY TASK ewma=997
DMA IRQ c0=2
DMA IRQ c1=0
DMA IRQ c2=0
DMA IRQ c3=0
SELECT busy=12627
SELECT w0=12552
SELECT w1=9039
SELECT w2=12554
BUSY TASK ewma=997
DMA IRQ c0=2
DMA IRQ c1=0
DMA IRQ c2=0
DMA IRQ c3=0
SELECT busy=12635
SELECT w0=12560
SELECT w1=9045
SELECT w2=12562
BUSY TASK ewma=997
DMA IRQ c0=2
DMA IRQ c1=0
DMA IRQ c2=0
DMA IRQ c3=0
SELECT busy=12644
SELECT w0=12569
SELECT w1=9051
SELECT w2=12571
BUSY TASK ewma=997
DMA IRQ c0=2
DMA IRQ c1=0
DMA IRQ c2=0
DMA IRQ c3=0
SELECT busy=12652
SELECT w0=12577
SELECT w1=9057
SELECT w2=12579
BUSY TASK ewma=997
DMA IRQ c0=2
DMA IRQ c1=0
DMA IRQ c2=0
DMA IRQ c3=0
SELECT busy=12660
SELECT w0=12585
SELECT w1=9063
SELECT w2=12587
BUSY TASK ewma=997
DMA IRQ c0=2
DMA IRQ c1=0
DMA IRQ c2=0
DMA IRQ c3=0
SELECT busy=12669
SELECT w0=12594
SELECT w1=9069
SELECT w2=12596
BUSY TASK ewma=997
DMA IRQ c0=2
DMA IRQ c1=0
DMA IRQ c2=0
DMA IRQ c3=0
SELECT busy=12677
SELECT w0=12602
SELECT w1=9075
SELECT w2=12604
BUSY TASK ewma=997
DMA IRQ c0=2
DMA IRQ c1=0
DMA IRQ c2=0
DMA IRQ c3=0
SELECT busy=12685
SELECT w0=12610
SELECT w1=9081
SELECT w2=12612
BUSY TASK ewma=997
DMA IRQ c0=2
DMA IRQ c1=0
DMA IRQ c2=0
DMA IRQ c3=0
SELECT busy=12693
SELECT w0=12618
SELECT w1=9086
SELECT w2=12620
BUSY TASK ewma=997
DMA IRQ c0=2
DMA IRQ c1=0
DMA IRQ c2=0
DMA IRQ c3=0
SELECT busy=12702
SELECT w0=12627
SELECT w1=9093
SELECT w2=12629
BUSY TASK ewma=997
DMA IRQ c0=2
DMA IRQ c1=0
DMA IRQ c2=0
DMA IRQ c3=0
SELECT busy=12710
SELECT w0=12635
SELECT w1=9099
SELECT w2=12637
BUSY TASK ewma=997
DMA IRQ c0=2
DMA IRQ c1=0
DMA IRQ c2=0
DMA IRQ c3=0
SELECT busy=12718
SELECT w0=12643
SELECT w1=9104
SELECT w2=12645
BUSY TASK ewma=997
DMA IRQ c0=2
DMA IRQ c1=0
DMA IRQ c2=0
DMA IRQ c3=0
SELECT busy=12727
SELECT w0=12652
SELECT w1=9111
SELECT w2=12654
BUSY TASK ewma=997
DMA IRQ c0=2
DMA IRQ c1=0
DMA IRQ c2=0
DMA IRQ c3=0
SELECT busy=12736
SELECT w0=12661
SELECT w1=9117
SELECT w2=12663
BUSY TASK ewma=997
DMA IRQ c0=2
DMA IRQ c1=0
DMA IRQ c2=0
DMA IRQ c3=0
SELECT busy=12744
SELECT w0=12669
SELECT w1=9123
SELECT w2=12671
BUSY TASK ewma=997
DMA IRQ c0=2
DMA IRQ c1=0
DMA IRQ c2=0
DMA IRQ c3=0
SELECT busy=12753
SELECT w0=12678
SELECT w1=9129
SELECT w2=12680
BUSY TASK ewma=997
DMA IRQ c0=2
DMA IRQ c1=0
DMA IRQ c2=0
DMA IRQ c3=0
SELECT busy=12761
SELECT w0=12686
SELECT w1=9135
SELECT w2=12688
BUSY TASK ewma=997
DMA IRQ c0=2
DMA IRQ c1=0
DMA IRQ c2=0
DMA IRQ c3=0
SELECT busy=12769
SELECT w0=12694
SELECT w1=9141
SELECT w2=12697
BUSY TASK ewma=997
DMA IRQ c0=2
DMA IRQ c1=0
DMA IRQ c2=0
DMA IRQ c3=0
SELECT busy=12778
SELECT w0=12703
SELECT w1=9147
SELECT w2=12705
BUSY TASK ewma=997
DMA IRQ c0=2
DMA IRQ c1=0
DMA IRQ c2=0
DMA IRQ c3=0
SELECT busy=12786
SELECT w0=12711
SELECT w1=9153
SELECT w2=12713
BUSY TASK ewma=997
DMA IRQ c0=2
DMA IRQ c1=0
DMA IRQ c2=0
DMA IRQ c3=0
SELECT busy=12794
SELECT w0=12719
SELECT w1=9159
SELECT w2=12722
BUSY TASK ewma=997
DMA IRQ c0=2
DMA IRQ c1=0
DMA IRQ c2=0
DMA IRQ c3=0
SELECT busy=12802
SELECT w0=12728
SELECT w1=9165
SELECT w2=12730
BUSY TASK ewma=997
DMA IRQ c0=2
DMA IRQ c1=0
DMA IRQ c2=0
DMA IRQ c3=0
SELECT busy=12811
SELECT w0=12736
SELECT w1=9171
SELECT w2=12738
BUSY TASK ewma=997
DMA IRQ c0=2
DMA IRQ c1=0
DMA IRQ c2=0
DMA IRQ c3=0
SELECT busy=12819
SELECT w0=12745
SELECT w1=9177
SELECT w2=12747
BUSY TASK ewma=997
DMA IRQ c0=2
DMA IRQ c1=0
DMA IRQ c2=0
DMA IRQ c3=0
SELECT busy=12828
SELECT w0=12753
SELECT w1=9183
SELECT w2=12755
BUSY TASK ewma=997
DMA IRQ c0=2
DMA IRQ c1=0
DMA IRQ c2=0
DMA IRQ c3=0
SELECT busy=12836
SELECT w0=12761
SELECT w1=9189
SELECT w2=12763
BUSY TASK ewma=997
DMA IRQ c0=2
DMA IRQ c1=0
DMA IRQ c2=0
DMA IRQ c3=0
SELECT busy=12845
SELECT w0=12770
SELECT w1=9195
SELECT w2=12772
BUSY TASK ewma=997
DMA IRQ c0=2
DMA IRQ c1=0
DMA IRQ c2=0
DMA IRQ c3=0
SELECT busy=12853
SELECT w0=12778
SELECT w1=9201
SELECT w2=12780
BUSY TASK ewma=997
DMA IRQ c0=2
DMA IRQ c1=0
DMA IRQ c2=0
DMA IRQ c3=0
SELECT busy=12862
SELECT w0=12787
SELECT w1=9207
SELECT w2=12789
BUSY TASK ewma=997
DMA IRQ c0=2
DMA IRQ c1=0
DMA IRQ c2=0
DMA IRQ c3=0
SELECT busy=12870
SELECT w0=12795
SELECT w1=9213
SELECT w2=12797
BUSY TASK ewma=997
DMA IRQ c0=2
DMA IRQ c1=0
DMA IRQ c2=0
DMA IRQ c3=0
SELECT busy=12878
SELECT w0=12803
SELECT w1=9220
SELECT w2=12806
BUSY TASK ewma=997
DMA IRQ c0=2
DMA IRQ c1=0
DMA IRQ c2=0
DMA IRQ c3=0
SELECT busy=12887
SELECT w0=12812
SELECT w1=9226
SELECT w2=12814
BUSY TASK ewma=997
DMA IRQ c0=2
DMA IRQ c1=0
DMA IRQ c2=0
DMA IRQ c3=0
SELECT busy=12895
SELECT w0=12820
SELECT w1=9232
SELECT w2=12822
BUSY TASK ewma=997
DMA IRQ c0=2
DMA IRQ c1=0
DMA IRQ c2=0
DMA IRQ c3=0
SELECT busy=12904
SELECT w0=12829
SELECT w1=9238
SELECT w2=12831
BUSY TASK ewma=997
DMA IRQ c0=2
DMA IRQ c1=0
DMA IRQ c2=0
DMA IRQ c3=0
SELECT busy=12912
SELECT w0=12837
SELECT w1=9244
SELECT w2=12839
BUSY TASK ewma=997
DMA IRQ c0=2
DMA IRQ c1=0
DMA IRQ c2=0
DMA IRQ c3=0
SELECT busy=12920
SELECT w0=12845
SELECT w1=9250
SELECT w2=12848
BUSY TASK ewma=997
DMA IRQ c0=2
DMA IRQ c1=0
DMA IRQ c2=0
DMA IRQ c3=0
SELECT busy=12929
SELECT w0=12854
SELECT w1=9256
SELECT w2=12856
BUSY TASK ewma=997
DMA IRQ c0=2
DMA IRQ c1=0
DMA IRQ c2=0
DMA IRQ c3=0
SELECT busy=12937
SELECT w0=12862
SELECT w1=9262
SELECT w2=12864
BUSY TASK ewma=997
DMA IRQ c0=2
DMA IRQ c1=0
DMA IRQ c2=0
DMA IRQ c3=0
SELECT busy=12946
SELECT w0=12871
SELECT w1=9268
SELECT w2=12873
BUSY TASK ewma=997
DMA IRQ c0=2
DMA IRQ c1=0
DMA IRQ c2=0
DMA IRQ c3=0
SELECT busy=12954
SELECT w0=12879
SELECT w1=9274
SELECT w2=12881
BUSY TASK ewma=997
DMA IRQ c0=2
DMA IRQ c1=0
DMA IRQ c2=0
DMA IRQ c3=0
SELECT busy=12962
SELECT w0=12888
SELECT w1=9280
SELECT w2=12890
BUSY TASK ewma=997
DMA IRQ c0=2
DMA IRQ c1=0
DMA IRQ c2=0
DMA IRQ c3=0
SELECT busy=12971
SELECT w0=12896
SELECT w1=9286
SELECT w2=12898
BUSY TASK ewma=997
DMA IRQ c0=2
DMA IRQ c1=0
DMA IRQ c2=0
DMA IRQ c3=0
SELECT busy=12979
SELECT w0=12904
SELECT w1=9292
SELECT w2=12907
BUSY TASK ewma=997
DMA IRQ c0=2
DMA IRQ c1=0
DMA IRQ c2=0
DMA IRQ c3=0
SELECT busy=12988
SELECT w0=12913
SELECT w1=9298
SELECT w2=12915
BUSY TASK ewma=997
DMA IRQ c0=2
DMA IRQ c1=0
DMA IRQ c2=0
DMA IRQ c3=0
SELECT busy=12996
SELECT w0=12921
SELECT w1=9304
SELECT w2=12923
BUSY TASK ewma=997
DMA IRQ c0=2
DMA IRQ c1=0
DMA IRQ c2=0
DMA IRQ c3=0
SELECT busy=13005
SELECT w0=12930
SELECT w1=9310
SELECT w2=12932
BUSY TASK ewma=997
IRQ counts: cpu0=38888 cpu1=37300 cpu2=0 cpu3=0
SCHED secondaries: calls=37300 unexpected=0
SECTEST switches=37285 cpu1=835211689,832085451 cpu2=0,0 cpu3=0,0
PINGPONG rounds=0 pongs=0
DMA IRQ c0=2
DMA IRQ c1=0
DMA IRQ c2=0
DMA IRQ c3=0
SELECT busy=13014
SELECT w0=12939
SELECT w1=9317
SELECT w2=12941
BUSY TASK ewma=997
DMA IRQ c0=2
DMA IRQ c1=0
DMA IRQ c2=0
DMA IRQ c3=0
SELECT busy=13022
SELECT w0=12947
SELECT w1=9323
SELECT w2=12950
BUSY TASK ewma=997
DMA IRQ c0=2
DMA IRQ c1=0
DMA IRQ c2=0
DMA IRQ c3=0
SELECT busy=13031
SELECT w0=12956
SELECT w1=9329
SELECT w2=12958
BUSY TASK ewma=997
DMA IRQ c0=2
DMA IRQ c1=0
DMA IRQ c2=0
DMA IRQ c3=0
SELECT busy=13039
SELECT w0=12964
SELECT w1=9335
SELECT w2=12966
BUSY TASK ewma=997
DMA IRQ c0=2
DMA IRQ c1=0
DMA IRQ c2=0
DMA IRQ c3=0
SELECT busy=13047
SELECT w0=12972
SELECT w1=9341
SELECT w2=12974
BUSY TASK ewma=997
DMA IRQ c0=2
DMA IRQ c1=0
DMA IRQ c2=0
DMA IRQ c3=0
SELECT busy=13056
SELECT w0=12981
SELECT w1=9347
SELECT w2=12983
BUSY TASK ewma=997
DMA IRQ c0=2
DMA IRQ c1=0
DMA IRQ c2=0
DMA IRQ c3=0
SELECT busy=13064
SELECT w0=12989
SELECT w1=9353
SELECT w2=12991
BUSY TASK ewma=997
DMA IRQ c0=2
DMA IRQ c1=0
DMA IRQ c2=0
DMA IRQ c3=0
SELECT busy=13073
SELECT w0=12998
SELECT w1=9360
SELECT w2=13000
BUSY TASK ewma=997
DMA IRQ c0=2
DMA IRQ c1=0
DMA IRQ c2=0
DMA IRQ c3=0
SELECT busy=13081
SELECT w0=13006
SELECT w1=9366
SELECT w2=13008
BUSY TASK ewma=997
DMA IRQ c0=2
DMA IRQ c1=0
DMA IRQ c2=0
DMA IRQ c3=0
SELECT busy=13089
SELECT w0=13015
SELECT w1=9372
SELECT w2=13017
BUSY TASK ewma=997
DMA IRQ c0=2
DMA IRQ c1=0
DMA IRQ c2=0
DMA IRQ c3=0
SELECT busy=13097
SELECT w0=13023
SELECT w1=9378
SELECT w2=13025
BUSY TASK ewma=997
DMA IRQ c0=2
DMA IRQ c1=0
DMA IRQ c2=0
DMA IRQ c3=0
SELECT busy=13106
SELECT w0=13031
SELECT w1=9383
SELECT w2=13033
BUSY TASK ewma=997
DMA IRQ c0=2
DMA IRQ c1=0
DMA IRQ c2=0
DMA IRQ c3=0
SELECT busy=13114
SELECT w0=13039
SELECT w1=9389
SELECT w2=13041
BUSY TASK ewma=997
DMA IRQ c0=2
DMA IRQ c1=0
DMA IRQ c2=0
DMA IRQ c3=0
SELECT busy=13123
SELECT w0=13048
SELECT w1=9396
SELECT w2=13050
BUSY TASK ewma=997
DMA IRQ c0=2
DMA IRQ c1=0
DMA IRQ c2=0
DMA IRQ c3=0
SELECT busy=13131
SELECT w0=13056
SELECT w1=9401
SELECT w2=13058
BUSY TASK ewma=997
DMA IRQ c0=2
DMA IRQ c1=0
DMA IRQ c2=0
DMA IRQ c3=0
SELECT busy=13139
SELECT w0=13064
SELECT w1=9407
SELECT w2=13066
BUSY TASK ewma=997
DMA IRQ c0=2
DMA IRQ c1=0
DMA IRQ c2=0
DMA IRQ c3=0
SELECT busy=13148
SELECT w0=13073
SELECT w1=9414
SELECT w2=13075
BUSY TASK ewma=997
DMA IRQ c0=2
DMA IRQ c1=0
DMA IRQ c2=0
DMA IRQ c3=0
SELECT busy=13156
SELECT w0=13081
SELECT w1=9419
SELECT w2=13083
BUSY TASK ewma=997
DMA IRQ c0=2
DMA IRQ c1=0
DMA IRQ c2=0
DMA IRQ c3=0
SELECT busy=13165
SELECT w0=13090
SELECT w1=9426
SELECT w2=13092
BUSY TASK ewma=997
DMA IRQ c0=2
DMA IRQ c1=0
DMA IRQ c2=0
DMA IRQ c3=0
SELECT busy=13173
SELECT w0=13098
SELECT w1=9432
SELECT w2=13100
BUSY TASK ewma=997
DMA IRQ c0=2
DMA IRQ c1=0
DMA IRQ c2=0
DMA IRQ c3=0
SELECT busy=13181
SELECT w0=13106
SELECT w1=9437
SELECT w2=13109
BUSY TASK ewma=997
DMA IRQ c0=2
DMA IRQ c1=0
DMA IRQ c2=0
DMA IRQ c3=0
SELECT busy=13190
SELECT w0=13115
SELECT w1=9444
SELECT w2=13117
BUSY TASK ewma=997
DMA IRQ c0=2
DMA IRQ c1=0
DMA IRQ c2=0
DMA IRQ c3=0
SELECT busy=13198
SELECT w0=13123
SELECT w1=9450
SELECT w2=13125
BUSY TASK ewma=997
DMA IRQ c0=2
DMA IRQ c1=0
DMA IRQ c2=0
DMA IRQ c3=0
SELECT busy=13207
SELECT w0=13132
SELECT w1=9456
SELECT w2=13134
BUSY TASK ewma=997
DMA IRQ c0=2
DMA IRQ c1=0
DMA IRQ c2=0
DMA IRQ c3=0
SELECT busy=13215
SELECT w0=13140
SELECT w1=9462
SELECT w2=13142
BUSY TASK ewma=997
DMA IRQ c0=2
DMA IRQ c1=0
DMA IRQ c2=0
DMA IRQ c3=0
SELECT busy=13223
SELECT w0=13149
SELECT w1=9468
SELECT w2=13151
BUSY TASK ewma=997
DMA IRQ c0=2
DMA IRQ c1=0
DMA IRQ c2=0
DMA IRQ c3=0
SELECT busy=13232
SELECT w0=13157
SELECT w1=9474
SELECT w2=13159
BUSY TASK ewma=997
DMA IRQ c0=2
DMA IRQ c1=0
DMA IRQ c2=0
DMA IRQ c3=0
SELECT busy=13240
SELECT w0=13165
SELECT w1=9480
SELECT w2=13167
BUSY TASK ewma=997
DMA IRQ c0=2
DMA IRQ c1=0
DMA IRQ c2=0
DMA IRQ c3=0
SELECT busy=13248
SELECT w0=13173
SELECT w1=9486
SELECT w2=13176
BUSY TASK ewma=997
DMA IRQ c0=2
DMA IRQ c1=0
DMA IRQ c2=0
DMA IRQ c3=0
SELECT busy=13257
SELECT w0=13182
SELECT w1=9492
SELECT w2=13184
BUSY TASK ewma=997
DMA IRQ c0=2
DMA IRQ c1=0
DMA IRQ c2=0
DMA IRQ c3=0
SELECT busy=13265
SELECT w0=13190
SELECT w1=9498
SELECT w2=13193
BUSY TASK ewma=997
DMA IRQ c0=2
DMA IRQ c1=0
DMA IRQ c2=0
DMA IRQ c3=0
SELECT busy=13274
SELECT w0=13199
SELECT w1=9504
SELECT w2=13201
BUSY TASK ewma=997
DMA IRQ c0=2
DMA IRQ c1=0
DMA IRQ c2=0
DMA IRQ c3=0
SELECT busy=13282
SELECT w0=13207
SELECT w1=9510
SELECT w2=13209
BUSY TASK ewma=997
DMA IRQ c0=2
DMA IRQ c1=0
DMA IRQ c2=0
DMA IRQ c3=0
SELECT busy=13290
SELECT w0=13215
SELECT w1=9516
SELECT w2=13217
BUSY TASK ewma=997
DMA IRQ c0=2
DMA IRQ c1=0
DMA IRQ c2=0
DMA IRQ c3=0
SELECT busy=13299
SELECT w0=13224
SELECT w1=9522
SELECT w2=13226
BUSY TASK ewma=997
DMA IRQ c0=2
DMA IRQ c1=0
DMA IRQ c2=0
DMA IRQ c3=0
SELECT busy=13307
SELECT w0=13232
SELECT w1=9528
SELECT w2=13234
BUSY TASK ewma=997
DMA IRQ c0=2
DMA IRQ c1=0
DMA IRQ c2=0
DMA IRQ c3=0
SELECT busy=13315
SELECT w0=13240
SELECT w1=9534
SELECT w2=13242
BUSY TASK ewma=997
DMA IRQ c0=2
DMA IRQ c1=0
DMA IRQ c2=0
DMA IRQ c3=0
SELECT busy=13323
SELECT w0=13248
SELECT w1=9540
SELECT w2=13250
BUSY TASK ewma=997
DMA IRQ c0=2
DMA IRQ c1=0
DMA IRQ c2=0
DMA IRQ c3=0
SELECT busy=13331
SELECT w0=13256
SELECT w1=9545
SELECT w2=13259
BUSY TASK ewma=997
DMA IRQ c0=2
DMA IRQ c1=0
DMA IRQ c2=0
DMA IRQ c3=0
SELECT busy=13340
SELECT w0=13265
SELECT w1=9552
SELECT w2=13267
BUSY TASK ewma=997
DMA IRQ c0=2
DMA IRQ c1=0
DMA IRQ c2=0
DMA IRQ c3=0
SELECT busy=13348
SELECT w0=13273
SELECT w1=9557
SELECT w2=13275
BUSY TASK ewma=997
DMA IRQ c0=2
DMA IRQ c1=0
DMA IRQ c2=0
DMA IRQ c3=0
SELECT busy=13356
SELECT w0=13281
SELECT w1=9563
SELECT w2=13283
BUSY TASK ewma=997
DMA IRQ c0=2
DMA IRQ c1=0
DMA IRQ c2=0
DMA IRQ c3=0
SELECT busy=13365
SELECT w0=13290
SELECT w1=9570
SELECT w2=13292
BUSY TASK ewma=997
DMA IRQ c0=2
DMA IRQ c1=0
DMA IRQ c2=0
DMA IRQ c3=0
SELECT busy=13373
SELECT w0=13298
SELECT w1=9575
SELECT w2=13300
BUSY TASK ewma=997
DMA IRQ c0=2
DMA IRQ c1=0
DMA IRQ c2=0
DMA IRQ c3=0
SELECT busy=13381
SELECT w0=13306
SELECT w1=9581
SELECT w2=13309
BUSY TASK ewma=997
DMA IRQ c0=2
DMA IRQ c1=0
DMA IRQ c2=0
DMA IRQ c3=0
SELECT busy=13390
SELECT w0=13315
SELECT w1=9588
SELECT w2=13317
BUSY TASK ewma=997
DMA IRQ c0=2
DMA IRQ c1=0
DMA IRQ c2=0
DMA IRQ c3=0
SELECT busy=13398
SELECT w0=13323
SELECT w1=9593
SELECT w2=13325
BUSY TASK ewma=997
DMA IRQ c0=2
DMA IRQ c1=0
DMA IRQ c2=0
DMA IRQ c3=0
SELECT busy=13406
SELECT w0=13331
SELECT w1=9599
SELECT w2=13333
BUSY TASK ewma=997
DMA IRQ c0=2
DMA IRQ c1=0
DMA IRQ c2=0
DMA IRQ c3=0
SELECT busy=13415
SELECT w0=13340
SELECT w1=9606
SELECT w2=13342
BUSY TASK ewma=997
DMA IRQ c0=2
DMA IRQ c1=0
DMA IRQ c2=0
DMA IRQ c3=0
SELECT busy=13423
SELECT w0=13348
SELECT w1=9611
SELECT w2=13350
BUSY TASK ewma=997
DMA IRQ c0=2
DMA IRQ c1=0
DMA IRQ c2=0
DMA IRQ c3=0
SELECT busy=13431
SELECT w0=13356
SELECT w1=9617
SELECT w2=13359
BUSY TASK ewma=997
DMA IRQ c0=2
DMA IRQ c1=0
DMA IRQ c2=0
DMA IRQ c3=0
SELECT busy=13440
SELECT w0=13365
SELECT w1=9623
SELECT w2=13367
BUSY TASK ewma=997
DMA IRQ c0=2
DMA IRQ c1=0
DMA IRQ c2=0
DMA IRQ c3=0
SELECT busy=13448
SELECT w0=13373
SELECT w1=9629
SELECT w2=13375
BUSY TASK ewma=997
DMA IRQ c0=2
DMA IRQ c1=0
DMA IRQ c2=0
DMA IRQ c3=0
SELECT busy=13456
SELECT w0=13382
SELECT w1=9636
SELECT w2=13384
BUSY TASK ewma=997
DMA IRQ c0=2
DMA IRQ c1=0
DMA IRQ c2=0
DMA IRQ c3=0
SELECT busy=13464
SELECT w0=13390
SELECT w1=9642
SELECT w2=13392
BUSY TASK ewma=997
DMA IRQ c0=2
DMA IRQ c1=0
DMA IRQ c2=0
DMA IRQ c3=0
SELECT busy=13473
SELECT w0=13398
SELECT w1=9647
SELECT w2=13400
BUSY TASK ewma=997
DMA IRQ c0=2
DMA IRQ c1=0
DMA IRQ c2=0
DMA IRQ c3=0
SELECT busy=13481
SELECT w0=13406
SELECT w1=9653
SELECT w2=13409
BUSY TASK ewma=997
DMA IRQ c0=2
DMA IRQ c1=0
DMA IRQ c2=0
DMA IRQ c3=0
SELECT busy=13490
SELECT w0=13415
SELECT w1=9660
SELECT w2=13417
BUSY TASK ewma=997
DMA IRQ c0=2
DMA IRQ c1=0
DMA IRQ c2=0
DMA IRQ c3=0
SELECT busy=13498
SELECT w0=13423
SELECT w1=9665
SELECT w2=13425
BUSY TASK ewma=997
DMA IRQ c0=2
DMA IRQ c1=0
DMA IRQ c2=0
DMA IRQ c3=0
SELECT busy=13507
SELECT w0=13432
SELECT w1=9672
SELECT w2=13434
BUSY TASK ewma=997
DMA IRQ c0=2
DMA IRQ c1=0
DMA IRQ c2=0
DMA IRQ c3=0
SELECT busy=13515
SELECT w0=13440
SELECT w1=9678
SELECT w2=13442
BUSY TASK ewma=997
DMA IRQ c0=2
DMA IRQ c1=0
DMA IRQ c2=0
DMA IRQ c3=0
SELECT busy=13523
SELECT w0=13448
SELECT w1=9684
SELECT w2=13451
BUSY TASK ewma=997
DMA IRQ c0=2
DMA IRQ c1=0
DMA IRQ c2=0
DMA IRQ c3=0
SELECT busy=13532
SELECT w0=13457
SELECT w1=9690
SELECT w2=13459
BUSY TASK ewma=997
DMA IRQ c0=2
DMA IRQ c1=0
DMA IRQ c2=0
DMA IRQ c3=0
SELECT busy=13540
SELECT w0=13465
SELECT w1=9695
SELECT w2=13467
BUSY TASK ewma=997
IRQ counts: cpu0=40493 cpu1=38840 cpu2=0 cpu3=0
SCHED secondaries: calls=38842 unexpected=0
SECTEST switches=38828 cpu1=873151669,870087987 cpu2=0,0 cpu3=0,0
PINGPONG rounds=0 pongs=0
DMA IRQ c0=2
DMA IRQ c1=0
DMA IRQ c2=0
DMA IRQ c3=0
SELECT busy=13549
SELECT w0=13474
SELECT w1=9702
SELECT w2=13477
BUSY TASK ewma=997
DMA IRQ c0=2
DMA IRQ c1=0
DMA IRQ c2=0
DMA IRQ c3=0
SELECT busy=13558
SELECT w0=13483
SELECT w1=9708
SELECT w2=13485
BUSY TASK ewma=997
DMA IRQ c0=2
DMA IRQ c1=0
DMA IRQ c2=0
DMA IRQ c3=0
SELECT busy=13566
SELECT w0=13491
SELECT w1=9714
SELECT w2=13493
BUSY TASK ewma=997
DMA IRQ c0=2
DMA IRQ c1=0
DMA IRQ c2=0
DMA IRQ c3=0
SELECT busy=13575
SELECT w0=13500
SELECT w1=9721
SELECT w2=13502
BUSY TASK ewma=997
DMA IRQ c0=2
DMA IRQ c1=0
DMA IRQ c2=0
DMA IRQ c3=0
SELECT busy=13583
SELECT w0=13508
SELECT w1=9727
SELECT w2=13510
BUSY TASK ewma=997
DMA IRQ c0=2
DMA IRQ c1=0
DMA IRQ c2=0
DMA IRQ c3=0
SELECT busy=13592
SELECT w0=13517
SELECT w1=9733
SELECT w2=13519
BUSY TASK ewma=997
DMA IRQ c0=2
DMA IRQ c1=0
DMA IRQ c2=0
DMA IRQ c3=0
SELECT busy=13600
SELECT w0=13525
SELECT w1=9739
SELECT w2=13527
BUSY TASK ewma=997
DMA IRQ c0=2
DMA IRQ c1=0
DMA IRQ c2=0
DMA IRQ c3=0
SELECT busy=13609
SELECT w0=13534
SELECT w1=9745
SELECT w2=13536
BUSY TASK ewma=997
DMA IRQ c0=2
DMA IRQ c1=0
DMA IRQ c2=0
DMA IRQ c3=0
SELECT busy=13617
SELECT w0=13542
SELECT w1=9751
SELECT w2=13544
BUSY TASK ewma=997
DMA IRQ c0=2
DMA IRQ c1=0
DMA IRQ c2=0
DMA IRQ c3=0
SELECT busy=13625
SELECT w0=13550
SELECT w1=9757
SELECT w2=13553
BUSY TASK ewma=997
DMA IRQ c0=2
DMA IRQ c1=0
DMA IRQ c2=0
DMA IRQ c3=0
SELECT busy=13634
SELECT w0=13559
SELECT w1=9763
SELECT w2=13561
BUSY TASK ewma=997
DMA IRQ c0=2
DMA IRQ c1=0
DMA IRQ c2=0
DMA IRQ c3=0
SELECT busy=13642
SELECT w0=13567
SELECT w1=9769
SELECT w2=13569
BUSY TASK ewma=997
DMA IRQ c0=2
DMA IRQ c1=0
DMA IRQ c2=0
DMA IRQ c3=0
SELECT busy=13650
SELECT w0=13576
SELECT w1=9775
SELECT w2=13578
BUSY TASK ewma=997
DMA IRQ c0=2
DMA IRQ c1=0
DMA IRQ c2=0
DMA IRQ c3=0
SELECT busy=13659
SELECT w0=13584
SELECT w1=9781
SELECT w2=13586
BUSY TASK ewma=997
DMA IRQ c0=2
DMA IRQ c1=0
DMA IRQ c2=0
DMA IRQ c3=0
SELECT busy=13667
SELECT w0=13592
SELECT w1=9787
SELECT w2=13595
BUSY TASK ewma=997
DMA IRQ c0=2
DMA IRQ c1=0
DMA IRQ c2=0
DMA IRQ c3=0
SELECT busy=13676
SELECT w0=13601
SELECT w1=9793
SELECT w2=13603
BUSY TASK ewma=997
DMA IRQ c0=2
DMA IRQ c1=0
DMA IRQ c2=0
DMA IRQ c3=0
SELECT busy=13684
SELECT w0=13609
SELECT w1=9799
SELECT w2=13611
BUSY TASK ewma=997
DMA IRQ c0=2
DMA IRQ c1=0
DMA IRQ c2=0
DMA IRQ c3=0
SELECT busy=13693
SELECT w0=13618
SELECT w1=9805
SELECT w2=13620
BUSY TASK ewma=997
DMA IRQ c0=2
DMA IRQ c1=0
DMA IRQ c2=0
DMA IRQ c3=0
SELECT busy=13701
SELECT w0=13626
SELECT w1=9811
SELECT w2=13628
BUSY TASK ewma=997
DMA IRQ c0=2
DMA IRQ c1=0
DMA IRQ c2=0
DMA IRQ c3=0
SELECT busy=13709
SELECT w0=13635
SELECT w1=9818
SELECT w2=13637
BUSY TASK ewma=997
DMA IRQ c0=2
DMA IRQ c1=0
DMA IRQ c2=0
DMA IRQ c3=0
SELECT busy=13718
SELECT w0=13643
SELECT w1=9824
SELECT w2=13645
BUSY TASK ewma=997
DMA IRQ c0=2
DMA IRQ c1=0
DMA IRQ c2=0
DMA IRQ c3=0
SELECT busy=13726
SELECT w0=13651
SELECT w1=9830
SELECT w2=13654
BUSY TASK ewma=997
DMA IRQ c0=2
DMA IRQ c1=0
DMA IRQ c2=0
DMA IRQ c3=0
SELECT busy=13735
SELECT w0=13660
SELECT w1=9836
SELECT w2=13662
BUSY TASK ewma=997
DMA IRQ c0=2
DMA IRQ c1=0
DMA IRQ c2=0
DMA IRQ c3=0
SELECT busy=13743
SELECT w0=13668
SELECT w1=9842
SELECT w2=13670
BUSY TASK ewma=997
DMA IRQ c0=2
DMA IRQ c1=0
DMA IRQ c2=0
DMA IRQ c3=0
SELECT busy=13752
SELECT w0=13677
SELECT w1=9848
SELECT w2=13679
BUSY TASK ewma=997
DMA IRQ c0=2
DMA IRQ c1=0
DMA IRQ c2=0
DMA IRQ c3=0
SELECT busy=13760
SELECT w0=13685
SELECT w1=9854
SELECT w2=13687
BUSY TASK ewma=997
DMA IRQ c0=2
DMA IRQ c1=0
DMA IRQ c2=0
DMA IRQ c3=0
SELECT busy=13769
SELECT w0=13694
SELECT w1=9860
SELECT w2=13696
BUSY TASK ewma=997
DMA IRQ c0=2
DMA IRQ c1=0
DMA IRQ c2=0
DMA IRQ c3=0
SELECT busy=13777
SELECT w0=13702
SELECT w1=9866
SELECT w2=13704
BUSY TASK ewma=997
DMA IRQ c0=2
DMA IRQ c1=0
DMA IRQ c2=0
DMA IRQ c3=0
SELECT busy=13785
SELECT w0=13711
SELECT w1=9872
SELECT w2=13713
BUSY TASK ewma=997
DMA IRQ c0=2
DMA IRQ c1=0
DMA IRQ c2=0
DMA IRQ c3=0
SELECT busy=13794
SELECT w0=13719
SELECT w1=9878
SELECT w2=13721
BUSY TASK ewma=997
DMA IRQ c0=2
DMA IRQ c1=0
DMA IRQ c2=0
DMA IRQ c3=0
SELECT busy=13802
SELECT w0=13727
SELECT w1=9884
SELECT w2=13729
BUSY TASK ewma=997
DMA IRQ c0=2
DMA IRQ c1=0
DMA IRQ c2=0
DMA IRQ c3=0
SELECT busy=13811
SELECT w0=13736
SELECT w1=9890
SELECT w2=13738
BUSY TASK ewma=997
DMA IRQ c0=2
DMA IRQ c1=0
DMA IRQ c2=0
DMA IRQ c3=0
SELECT busy=13819
SELECT w0=13744
SELECT w1=9896
SELECT w2=13746
BUSY TASK ewma=997
DMA IRQ c0=2
DMA IRQ c1=0
DMA IRQ c2=0
DMA IRQ c3=0
SELECT busy=13827
SELECT w0=13753
SELECT w1=9902
SELECT w2=13755
BUSY TASK ewma=997
DMA IRQ c0=2
DMA IRQ c1=0
DMA IRQ c2=0
DMA IRQ c3=0
SELECT busy=13836
SELECT w0=13761
SELECT w1=9908
SELECT w2=13763
BUSY TASK ewma=997
DMA IRQ c0=2
DMA IRQ c1=0
DMA IRQ c2=0
DMA IRQ c3=0
SELECT busy=13844
SELECT w0=13769
SELECT w1=9914
SELECT w2=13771
BUSY TASK ewma=997
DMA IRQ c0=2
DMA IRQ c1=0
DMA IRQ c2=0
DMA IRQ c3=0
SELECT busy=13853
SELECT w0=13778
SELECT w1=9920
SELECT w2=13780
BUSY TASK ewma=997
DMA IRQ c0=2
DMA IRQ c1=0
DMA IRQ c2=0
DMA IRQ c3=0
SELECT busy=13861
SELECT w0=13786
SELECT w1=9926
SELECT w2=13788
BUSY TASK ewma=997
DMA IRQ c0=2
DMA IRQ c1=0
DMA IRQ c2=0
DMA IRQ c3=0
SELECT busy=13870
SELECT w0=13795
SELECT w1=9932
SELECT w2=13797
BUSY TASK ewma=997
DMA IRQ c0=2
DMA IRQ c1=0
DMA IRQ c2=0
DMA IRQ c3=0
SELECT busy=13878
SELECT w0=13803
SELECT w1=9938
SELECT w2=13805
BUSY TASK ewma=997
DMA IRQ c0=2
DMA IRQ c1=0
DMA IRQ c2=0
DMA IRQ c3=0
SELECT busy=13886
SELECT w0=13811
SELECT w1=9944
SELECT w2=13814
BUSY TASK ewma=997
DMA IRQ c0=2
DMA IRQ c1=0
DMA IRQ c2=0
DMA IRQ c3=0
SELECT busy=13895
SELECT w0=13820
SELECT w1=9950
SELECT w2=13822
BUSY TASK ewma=997
DMA IRQ c0=2
DMA IRQ c1=0
DMA IRQ c2=0
DMA IRQ c3=0
SELECT busy=13903
SELECT w0=13828
SELECT w1=9956
SELECT w2=13830
BUSY TASK ewma=997
DMA IRQ c0=2
DMA IRQ c1=0
DMA IRQ c2=0
DMA IRQ c3=0
SELECT busy=13912
SELECT w0=13837
SELECT w1=9962
SELECT w2=13839
BUSY TASK ewma=997
DMA IRQ c0=2
DMA IRQ c1=0
DMA IRQ c2=0
DMA IRQ c3=0
SELECT busy=13920
SELECT w0=13845
SELECT w1=9968
SELECT w2=13847
BUSY TASK ewma=997
DMA IRQ c0=2
DMA IRQ c1=0
DMA IRQ c2=0
DMA IRQ c3=0
SELECT busy=13928
SELECT w0=13853
SELECT w1=9974
SELECT w2=13855
BUSY TASK ewma=997
DMA IRQ c0=2
DMA IRQ c1=0
DMA IRQ c2=0
DMA IRQ c3=0
SELECT busy=13937
SELECT w0=13862
SELECT w1=9980
SELECT w2=13864
BUSY TASK ewma=997
DMA IRQ c0=2
DMA IRQ c1=0
DMA IRQ c2=0
DMA IRQ c3=0
SELECT busy=13945
SELECT w0=13870
SELECT w1=9986
SELECT w2=13872
BUSY TASK ewma=997
DMA IRQ c0=2
DMA IRQ c1=0
DMA IRQ c2=0
DMA IRQ c3=0
SELECT busy=13953
SELECT w0=13878
SELECT w1=9992
SELECT w2=13880
BUSY TASK ewma=997
DMA IRQ c0=2
DMA IRQ c1=0
DMA IRQ c2=0
DMA IRQ c3=0
SELECT busy=13961
SELECT w0=13886
SELECT w1=9998
SELECT w2=13888
BUSY TASK ewma=997
DMA IRQ c0=2
DMA IRQ c1=0
DMA IRQ c2=0
DMA IRQ c3=0
SELECT busy=13970
SELECT w0=13895
SELECT w1=10004
SELECT w2=13897
BUSY TASK ewma=997
DMA IRQ c0=2
DMA IRQ c1=0
DMA IRQ c2=0
DMA IRQ c3=0
SELECT busy=13978
SELECT w0=13903
SELECT w1=10010
SELECT w2=13905
BUSY TASK ewma=997
DMA IRQ c0=2
DMA IRQ c1=0
DMA IRQ c2=0
DMA IRQ c3=0
SELECT busy=13986
SELECT w0=13911
SELECT w1=10016
SELECT w2=13913
BUSY TASK ewma=997
DMA IRQ c0=2
DMA IRQ c1=0
DMA IRQ c2=0
DMA IRQ c3=0
SELECT busy=13995
SELECT w0=13920
SELECT w1=10022
SELECT w2=13922
BUSY TASK ewma=997
DMA IRQ c0=2
DMA IRQ c1=0
DMA IRQ c2=0
DMA IRQ c3=0
SELECT busy=14003
SELECT w0=13928
SELECT w1=10028
SELECT w2=13930
BUSY TASK ewma=997
DMA IRQ c0=2
DMA IRQ c1=0
DMA IRQ c2=0
DMA IRQ c3=0
SELECT busy=14011
SELECT w0=13936
SELECT w1=10034
SELECT w2=13938
BUSY TASK ewma=997
DMA IRQ c0=2
DMA IRQ c1=0
DMA IRQ c2=0
DMA IRQ c3=0
SELECT busy=14020
SELECT w0=13945
SELECT w1=10040
SELECT w2=13947
BUSY TASK ewma=997
DMA IRQ c0=2
DMA IRQ c1=0
DMA IRQ c2=0
DMA IRQ c3=0
SELECT busy=14028
SELECT w0=13953
SELECT w1=10046
SELECT w2=13955
BUSY TASK ewma=997
DMA IRQ c0=2
DMA IRQ c1=0
DMA IRQ c2=0
DMA IRQ c3=0
SELECT busy=14036
SELECT w0=13961
SELECT w1=10052
SELECT w2=13963
BUSY TASK ewma=997
DMA IRQ c0=2
DMA IRQ c1=0
DMA IRQ c2=0
DMA IRQ c3=0
SELECT busy=14044
SELECT w0=13970
SELECT w1=10058
SELECT w2=13972
BUSY TASK ewma=997
DMA IRQ c0=2
DMA IRQ c1=0
DMA IRQ c2=0
DMA IRQ c3=0
SELECT busy=14053
SELECT w0=13978
SELECT w1=10064
SELECT w2=13980
BUSY TASK ewma=997
DMA IRQ c0=2
DMA IRQ c1=0
DMA IRQ c2=0
DMA IRQ c3=0
SELECT busy=14061
SELECT w0=13986
SELECT w1=10070
SELECT w2=13989
BUSY TASK ewma=997
DMA IRQ c0=2
DMA IRQ c1=0
DMA IRQ c2=0
DMA IRQ c3=0
SELECT busy=14070
SELECT w0=13995
SELECT w1=10076
SELECT w2=13997
BUSY TASK ewma=997
DMA IRQ c0=2
DMA IRQ c1=0
DMA IRQ c2=0
DMA IRQ c3=0
SELECT busy=14079
SELECT w0=14004
SELECT w1=10083
SELECT w2=14006
BUSY TASK ewma=997
IRQ counts: cpu0=42110 cpu1=40389 cpu2=0 cpu3=0
SCHED secondaries: calls=40389 unexpected=0
SECTEST switches=40374 cpu1=910778897,907632890 cpu2=0,0 cpu3=0,0
PINGPONG rounds=0 pongs=0
DMA IRQ c0=2
DMA IRQ c1=0
DMA IRQ c2=0
DMA IRQ c3=0
SELECT busy=14088
SELECT w0=14013
SELECT w1=10089
SELECT w2=14015
BUSY TASK ewma=997
DMA IRQ c0=2
DMA IRQ c1=0
DMA IRQ c2=0
DMA IRQ c3=0
SELECT busy=14097
SELECT w0=14022
SELECT w1=10095
SELECT w2=14024
BUSY TASK ewma=997
DMA IRQ c0=2
DMA IRQ c1=0
DMA IRQ c2=0
DMA IRQ c3=0
SELECT busy=14105
SELECT w0=14030
SELECT w1=10101
SELECT w2=14032
BUSY TASK ewma=997
DMA IRQ c0=2
DMA IRQ c1=0
DMA IRQ c2=0
DMA IRQ c3=0
SELECT busy=14117
SELECT w0=14042
SELECT w1=10110
SELECT w2=14044
BUSY TASK ewma=997
DMA IRQ c0=2
DMA IRQ c1=0
DMA IRQ c2=0
DMA IRQ c3=0
SELECT busy=14120
SELECT w0=14045
SELECT w1=10112
SELECT w2=14047
BUSY TASK ewma=997
DMA IRQ c0=2
DMA IRQ c1=0
DMA IRQ c2=0
DMA IRQ c3=0
SELECT busy=14129
SELECT w0=14054
SELECT w1=10119
SELECT w2=14057
BUSY TASK ewma=997
DMA IRQ c0=2
DMA IRQ c1=0
DMA IRQ c2=0
DMA IRQ c3=0
SELECT busy=14140
SELECT w0=14065
SELECT w1=10127
SELECT w2=14067
BUSY TASK ewma=997
DMA IRQ c0=2
DMA IRQ c1=0
DMA IRQ c2=0
DMA IRQ c3=0
SELECT busy=14149
SELECT w0=14074
SELECT w1=10133
SELECT w2=14076
BUSY TASK ewma=997
DMA IRQ c0=2
DMA IRQ c1=0
DMA IRQ c2=0
DMA IRQ c3=0
SELECT busy=14158
SELECT w0=14083
SELECT w1=10140
SELECT w2=14085
BUSY TASK ewma=997
DMA IRQ c0=2
DMA IRQ c1=0
DMA IRQ c2=0
DMA IRQ c3=0
SELECT busy=14166
SELECT w0=14091
SELECT w1=10145
SELECT w2=14093
BUSY TASK ewma=997
DMA IRQ c0=2
DMA IRQ c1=0
DMA IRQ c2=0
DMA IRQ c3=0
SELECT busy=14175
SELECT w0=14100
SELECT w1=10152
SELECT w2=14102
BUSY TASK ewma=997
DMA IRQ c0=2
DMA IRQ c1=0
DMA IRQ c2=0
DMA IRQ c3=0
SELECT busy=14183
SELECT w0=14108
SELECT w1=10157
SELECT w2=14110
BUSY TASK ewma=997
DMA IRQ c0=2
DMA IRQ c1=0
DMA IRQ c2=0
DMA IRQ c3=0
SELECT busy=14191
SELECT w0=14116
SELECT w1=10163
SELECT w2=14118
BUSY TASK ewma=997
DMA IRQ c0=2
DMA IRQ c1=0
DMA IRQ c2=0
DMA IRQ c3=0
SELECT busy=14199
SELECT w0=14124
SELECT w1=10169
SELECT w2=14126
BUSY TASK ewma=997
DMA IRQ c0=2
DMA IRQ c1=0
DMA IRQ c2=0
DMA IRQ c3=0
SELECT busy=14208
SELECT w0=14133
SELECT w1=10175
SELECT w2=14135
BUSY TASK ewma=997
DMA IRQ c0=2
DMA IRQ c1=0
DMA IRQ c2=0
DMA IRQ c3=0
SELECT busy=14216
SELECT w0=14141
SELECT w1=10181
SELECT w2=14143
BUSY TASK ewma=997
DMA IRQ c0=2
DMA IRQ c1=0
DMA IRQ c2=0
DMA IRQ c3=0
SELECT busy=14224
SELECT w0=14150
SELECT w1=10188
SELECT w2=14152
BUSY TASK ewma=997
DMA IRQ c0=2
DMA IRQ c1=0
DMA IRQ c2=0
DMA IRQ c3=0
SELECT busy=14233
SELECT w0=14158
SELECT w1=10193
SELECT w2=14160
BUSY TASK ewma=997
DMA IRQ c0=2
DMA IRQ c1=0
DMA IRQ c2=0
DMA IRQ c3=0
SELECT busy=14241
SELECT w0=14166
SELECT w1=10199
SELECT w2=14169
BUSY TASK ewma=997
DMA IRQ c0=2
DMA IRQ c1=0
DMA IRQ c2=0
DMA IRQ c3=0
SELECT busy=14250
SELECT w0=14175
SELECT w1=10206
SELECT w2=14177
BUSY TASK ewma=997
DMA IRQ c0=2
DMA IRQ c1=0
DMA IRQ c2=0
DMA IRQ c3=0
SELECT busy=14259
SELECT w0=14184
SELECT w1=10212
SELECT w2=14186
BUSY TASK ewma=997
DMA IRQ c0=2
DMA IRQ c1=0
DMA IRQ c2=0
DMA IRQ c3=0
SELECT busy=14267
SELECT w0=14192
SELECT w1=10218
SELECT w2=14194
BUSY TASK ewma=997
DMA IRQ c0=2
DMA IRQ c1=0
DMA IRQ c2=0
DMA IRQ c3=0
SELECT busy=14275
SELECT w0=14200
SELECT w1=10224
SELECT w2=14202
BUSY TASK ewma=997
DMA IRQ c0=2
DMA IRQ c1=0
DMA IRQ c2=0
DMA IRQ c3=0
SELECT busy=14284
SELECT w0=14209
SELECT w1=10230
SELECT w2=14211
BUSY TASK ewma=997
DMA IRQ c0=2
DMA IRQ c1=0
DMA IRQ c2=0
DMA IRQ c3=0
SELECT busy=14292
SELECT w0=14217
SELECT w1=10236
SELECT w2=14219
BUSY TASK ewma=997
DMA IRQ c0=2
DMA IRQ c1=0
DMA IRQ c2=0
DMA IRQ c3=0
SELECT busy=14300
SELECT w0=14225
SELECT w1=10242
SELECT w2=14227
BUSY TASK ewma=997
DMA IRQ c0=2
DMA IRQ c1=0
DMA IRQ c2=0
DMA IRQ c3=0
SELECT busy=14309
SELECT w0=14234
SELECT w1=10248
SELECT w2=14236
BUSY TASK ewma=997
DMA IRQ c0=2
DMA IRQ c1=0
DMA IRQ c2=0
DMA IRQ c3=0
SELECT busy=14317
SELECT w0=14242
SELECT w1=10254
SELECT w2=14244
BUSY TASK ewma=997
DMA IRQ c0=2
DMA IRQ c1=0
DMA IRQ c2=0
DMA IRQ c3=0
SELECT busy=14325
SELECT w0=14251
SELECT w1=10260
SELECT w2=14253
BUSY TASK ewma=997
DMA IRQ c0=2
DMA IRQ c1=0
DMA IRQ c2=0
DMA IRQ c3=0
SELECT busy=14334
SELECT w0=14259
SELECT w1=10266
SELECT w2=14261
BUSY TASK ewma=997
DMA IRQ c0=2
DMA IRQ c1=0
DMA IRQ c2=0
DMA IRQ c3=0
SELECT busy=14342
SELECT w0=14268
SELECT w1=10272
SELECT w2=14270
BUSY TASK ewma=997
DMA IRQ c0=2
DMA IRQ c1=0
DMA IRQ c2=0
DMA IRQ c3=0
SELECT busy=14351
SELECT w0=14276
SELECT w1=10278
SELECT w2=14278
BUSY TASK ewma=997
DMA IRQ c0=2
DMA IRQ c1=0
DMA IRQ c2=0
DMA IRQ c3=0
SELECT busy=14360
SELECT w0=14286
SELECT w1=10285
SELECT w2=14288
BUSY TASK ewma=997
DMA IRQ c0=2
DMA IRQ c1=0
DMA IRQ c2=0
DMA IRQ c3=0
SELECT busy=14371
SELECT w0=14296
SELECT w1=10293
SELECT w2=14298
BUSY TASK ewma=997
DMA IRQ c0=2
DMA IRQ c1=0
DMA IRQ c2=0
DMA IRQ c3=0
SELECT busy=14381
SELECT w0=14306
SELECT w1=10300
SELECT w2=14309
BUSY TASK ewma=997
DMA IRQ c0=2
DMA IRQ c1=0
DMA IRQ c2=0
DMA IRQ c3=0
SELECT busy=14391
SELECT w0=14316
SELECT w1=10307
SELECT w2=14318
BUSY TASK ewma=997
DMA IRQ c0=2
DMA IRQ c1=0
DMA IRQ c2=0
DMA IRQ c3=0
SELECT busy=14400
SELECT w0=14325
SELECT w1=10313
SELECT w2=14327
BUSY TASK ewma=997
DMA IRQ c0=2
DMA IRQ c1=0
DMA IRQ c2=0
DMA IRQ c3=0
SELECT busy=14409
SELECT w0=14334
SELECT w1=10320
SELECT w2=14336
BUSY TASK ewma=997
DMA IRQ c0=2
DMA IRQ c1=0
DMA IRQ c2=0
DMA IRQ c3=0
SELECT busy=14418
SELECT w0=14343
SELECT w1=10326
SELECT w2=14345
BUSY TASK ewma=997
DMA IRQ c0=2
DMA IRQ c1=0
DMA IRQ c2=0
DMA IRQ c3=0
SELECT busy=14427
SELECT w0=14352
SELECT w1=10333
SELECT w2=14354
BUSY TASK ewma=997
DMA IRQ c0=2
DMA IRQ c1=0
DMA IRQ c2=0
DMA IRQ c3=0
SELECT busy=14436
SELECT w0=14361
SELECT w1=10339
SELECT w2=14363
BUSY TASK ewma=997
DMA IRQ c0=2
DMA IRQ c1=0
DMA IRQ c2=0
DMA IRQ c3=0
SELECT busy=14444
SELECT w0=14369
SELECT w1=10345
SELECT w2=14371
BUSY TASK ewma=997
DMA IRQ c0=2
DMA IRQ c1=0
DMA IRQ c2=0
DMA IRQ c3=0
SELECT busy=14452
SELECT w0=14377
SELECT w1=10351
SELECT w2=14380
BUSY TASK ewma=997
DMA IRQ c0=2
DMA IRQ c1=0
DMA IRQ c2=0
DMA IRQ c3=0
SELECT busy=14461
SELECT w0=14386
SELECT w1=10357
SELECT w2=14388
BUSY TASK ewma=997
DMA IRQ c0=2
DMA IRQ c1=0
DMA IRQ c2=0
DMA IRQ c3=0
SELECT busy=14470
SELECT w0=14395
SELECT w1=10363
SELECT w2=14397
BUSY TASK ewma=997
DMA IRQ c0=2
DMA IRQ c1=0
DMA IRQ c2=0
DMA IRQ c3=0
SELECT busy=14478
SELECT w0=14403
SELECT w1=10369
SELECT w2=14405
BUSY TASK ewma=997
DMA IRQ c0=2
DMA IRQ c1=0
DMA IRQ c2=0
DMA IRQ c3=0
SELECT busy=14487
SELECT w0=14412
SELECT w1=10376
SELECT w2=14414
BUSY TASK ewma=997
DMA IRQ c0=2
DMA IRQ c1=0
DMA IRQ c2=0
DMA IRQ c3=0
SELECT busy=14495
SELECT w0=14421
SELECT w1=10382
SELECT w2=14423
BUSY TASK ewma=997
DMA IRQ c0=2
DMA IRQ c1=0
DMA IRQ c2=0
DMA IRQ c3=0
SELECT busy=14504
SELECT w0=14429
SELECT w1=10388
SELECT w2=14432
BUSY TASK ewma=997
DMA IRQ c0=2
DMA IRQ c1=0
DMA IRQ c2=0
DMA IRQ c3=0
SELECT busy=14515
SELECT w0=14440
SELECT w1=10396
SELECT w2=14442
BUSY TASK ewma=997
DMA IRQ c0=2
DMA IRQ c1=0
DMA IRQ c2=0
DMA IRQ c3=0
SELECT busy=14524
SELECT w0=14449
SELECT w1=10402
SELECT w2=14451
BUSY TASK ewma=997
DMA IRQ c0=2
DMA IRQ c1=0
DMA IRQ c2=0
DMA IRQ c3=0
SELECT busy=14533
SELECT w0=14458
SELECT w1=10408
SELECT w2=14460
BUSY TASK ewma=997
DMA IRQ c0=2
DMA IRQ c1=0
DMA IRQ c2=0
DMA IRQ c3=0
SELECT busy=14541
SELECT w0=14466
SELECT w1=10414
SELECT w2=14469
BUSY TASK ewma=997
DMA IRQ c0=2
DMA IRQ c1=0
DMA IRQ c2=0
DMA IRQ c3=0
SELECT busy=14551
SELECT w0=14476
SELECT w1=10421
SELECT w2=14478
BUSY TASK ewma=997
DMA IRQ c0=2
DMA IRQ c1=0
DMA IRQ c2=0
DMA IRQ c3=0
SELECT busy=14561
SELECT w0=14486
SELECT w1=10429
SELECT w2=14488
BUSY TASK ewma=997
DMA IRQ c0=2
DMA IRQ c1=0
DMA IRQ c2=0
DMA IRQ c3=0
SELECT busy=14569
SELECT w0=14494
SELECT w1=10435
SELECT w2=14497
BUSY TASK ewma=997
DMA IRQ c0=2
DMA IRQ c1=0
DMA IRQ c2=0
DMA IRQ c3=0
SELECT busy=14578
SELECT w0=14503
SELECT w1=10441
SELECT w2=14505
BUSY TASK ewma=997
DMA IRQ c0=2
DMA IRQ c1=0
DMA IRQ c2=0
DMA IRQ c3=0
SELECT busy=14587
SELECT w0=14512
SELECT w1=10447
SELECT w2=14514
BUSY TASK ewma=997
DMA IRQ c0=2
DMA IRQ c1=0
DMA IRQ c2=0
DMA IRQ c3=0
SELECT busy=14595
SELECT w0=14520
SELECT w1=10453
SELECT w2=14522
BUSY TASK ewma=997
DMA IRQ c0=2
DMA IRQ c1=0
DMA IRQ c2=0
DMA IRQ c3=0
SELECT busy=14604
SELECT w0=14529
SELECT w1=10459
SELECT w2=14531
BUSY TASK ewma=997
DMA IRQ c0=2
DMA IRQ c1=0
DMA IRQ c2=0
DMA IRQ c3=0
SELECT busy=14612
SELECT w0=14537
SELECT w1=10465
SELECT w2=14540
BUSY TASK ewma=997
DMA IRQ c0=2
DMA IRQ c1=0
DMA IRQ c2=0
DMA IRQ c3=0
SELECT busy=14621
SELECT w0=14546
SELECT w1=10472
SELECT w2=14548
BUSY TASK ewma=997
DMA IRQ c0=2
DMA IRQ c1=0
DMA IRQ c2=0
DMA IRQ c3=0
SELECT busy=14630
SELECT w0=14555
SELECT w1=10478
SELECT w2=14557
BUSY TASK ewma=997
DMA IRQ c0=2
DMA IRQ c1=0
DMA IRQ c2=0
DMA IRQ c3=0
SELECT busy=14641
SELECT w0=14566
SELECT w1=10486
SELECT w2=14569
BUSY TASK ewma=997
IRQ counts: cpu0=43799 cpu1=42007 cpu2=0 cpu3=0
SCHED secondaries: calls=42007 unexpected=0
SECTEST switches=41992 cpu1=948568867,945576253 cpu2=0,0 cpu3=0,0
PINGPONG rounds=0 pongs=0
DMA IRQ c0=2
DMA IRQ c1=0
DMA IRQ c2=0
DMA IRQ c3=0
SELECT busy=14651
SELECT w0=14576
SELECT w1=10494
SELECT w2=14578
BUSY TASK ewma=997
DMA IRQ c0=2
DMA IRQ c1=0
DMA IRQ c2=0
DMA IRQ c3=0
SELECT busy=14659
SELECT w0=14584
SELECT w1=10500
SELECT w2=14587
BUSY TASK ewma=997
DMA IRQ c0=2
DMA IRQ c1=0
DMA IRQ c2=0
DMA IRQ c3=0
SELECT busy=14668
SELECT w0=14593
SELECT w1=10506
SELECT w2=14596
BUSY TASK ewma=997
DMA IRQ c0=2
DMA IRQ c1=0
DMA IRQ c2=0
DMA IRQ c3=0
SELECT busy=14677
SELECT w0=14602
SELECT w1=10512
SELECT w2=14604
BUSY TASK ewma=997
DMA IRQ c0=2
DMA IRQ c1=0
DMA IRQ c2=0
DMA IRQ c3=0
SELECT busy=14686
SELECT w0=14611
SELECT w1=10519
SELECT w2=14613
BUSY TASK ewma=997
DMA IRQ c0=2
DMA IRQ c1=0
DMA IRQ c2=0
DMA IRQ c3=0
SELECT busy=14694
SELECT w0=14619
SELECT w1=10525
SELECT w2=14622
BUSY TASK ewma=997
DMA IRQ c0=2
DMA IRQ c1=0
DMA IRQ c2=0
DMA IRQ c3=0
SELECT busy=14703
SELECT w0=14628
SELECT w1=10531
SELECT w2=14630
BUSY TASK ewma=997
DMA IRQ c0=2
DMA IRQ c1=0
DMA IRQ c2=0
DMA IRQ c3=0
SELECT busy=14712
SELECT w0=14637
SELECT w1=10538
SELECT w2=14639
BUSY TASK ewma=997
DMA IRQ c0=2
DMA IRQ c1=0
DMA IRQ c2=0
DMA IRQ c3=0
SELECT busy=14720
SELECT w0=14645
SELECT w1=10543
SELECT w2=14647
BUSY TASK ewma=997
DMA IRQ c0=2
DMA IRQ c1=0
DMA IRQ c2=0
DMA IRQ c3=0
SELECT busy=14729
SELECT w0=14654
SELECT w1=10550
SELECT w2=14656
BUSY TASK ewma=997
DMA IRQ c0=2
DMA IRQ c1=0
DMA IRQ c2=0
DMA IRQ c3=0
SELECT busy=14737
SELECT w0=14662
SELECT w1=10556
SELECT w2=14665
BUSY TASK ewma=997
DMA IRQ c0=2
DMA IRQ c1=0
DMA IRQ c2=0
DMA IRQ c3=0
SELECT busy=14746
SELECT w0=14671
SELECT w1=10562
SELECT w2=14673
BUSY TASK ewma=997
DMA IRQ c0=2
DMA IRQ c1=0
DMA IRQ c2=0
DMA IRQ c3=0
SELECT busy=14755
SELECT w0=14680
SELECT w1=10568
SELECT w2=14682
BUSY TASK ewma=997
DMA IRQ c0=2
DMA IRQ c1=0
DMA IRQ c2=0
DMA IRQ c3=0
SELECT busy=14763
SELECT w0=14688
SELECT w1=10574
SELECT w2=14690
BUSY TASK ewma=997
DMA IRQ c0=2
DMA IRQ c1=0
DMA IRQ c2=0
DMA IRQ c3=0
SELECT busy=14772
SELECT w0=14697
SELECT w1=10581
SELECT w2=14699
BUSY TASK ewma=997
DMA IRQ c0=2
DMA IRQ c1=0
DMA IRQ c2=0
DMA IRQ c3=0
SELECT busy=14780
SELECT w0=14706
SELECT w1=10587
SELECT w2=14708
BUSY TASK ewma=997
DMA IRQ c0=2
DMA IRQ c1=0
DMA IRQ c2=0
DMA IRQ c3=0
SELECT busy=14789
SELECT w0=14714
SELECT w1=10593
SELECT w2=14717
BUSY TASK ewma=997
DMA IRQ c0=2
DMA IRQ c1=0
DMA IRQ c2=0
DMA IRQ c3=0
SELECT busy=14798
SELECT w0=14723
SELECT w1=10600
SELECT w2=14725
BUSY TASK ewma=997
DMA IRQ c0=2
DMA IRQ c1=0
DMA IRQ c2=0
DMA IRQ c3=0
SELECT busy=14807
SELECT w0=14732
SELECT w1=10606
SELECT w2=14734
BUSY TASK ewma=997
DMA IRQ c0=2
DMA IRQ c1=0
DMA IRQ c2=0
DMA IRQ c3=0
SELECT busy=14815
SELECT w0=14740
SELECT w1=10612
SELECT w2=14743
BUSY TASK ewma=997
DMA IRQ c0=2
DMA IRQ c1=0
DMA IRQ c2=0
DMA IRQ c3=0
SELECT busy=14824
SELECT w0=14749
SELECT w1=10618
SELECT w2=14752
BUSY TASK ewma=997
DMA IRQ c0=2
DMA IRQ c1=0
DMA IRQ c2=0
DMA IRQ c3=0
SELECT busy=14834
SELECT w0=14759
SELECT w1=10626
SELECT w2=14761
BUSY TASK ewma=997
DMA IRQ c0=2
DMA IRQ c1=0
DMA IRQ c2=0
DMA IRQ c3=0
SELECT busy=14843
SELECT w0=14768
SELECT w1=10632
SELECT w2=14770
BUSY TASK ewma=997
DMA IRQ c0=2
DMA IRQ c1=0
DMA IRQ c2=0
DMA IRQ c3=0
SELECT busy=14851
SELECT w0=14777
SELECT w1=10639
SELECT w2=14779
BUSY TASK ewma=997
DMA IRQ c0=2
DMA IRQ c1=0
DMA IRQ c2=0
DMA IRQ c3=0
SELECT busy=14860
SELECT w0=14785
SELECT w1=10644
SELECT w2=14787
BUSY TASK ewma=997
DMA IRQ c0=2
DMA IRQ c1=0
DMA IRQ c2=0
DMA IRQ c3=0
SELECT busy=14869
SELECT w0=14794
SELECT w1=10651
SELECT w2=14796
BUSY TASK ewma=997
DMA IRQ c0=2
DMA IRQ c1=0
DMA IRQ c2=0
DMA IRQ c3=0
SELECT busy=14877
SELECT w0=14802
SELECT w1=10657
SELECT w2=14805
BUSY TASK ewma=997
DMA IRQ c0=2
DMA IRQ c1=0
DMA IRQ c2=0
DMA IRQ c3=0
SELECT busy=14886
SELECT w0=14811
SELECT w1=10663
SELECT w2=14813
BUSY TASK ewma=997
DMA IRQ c0=2
DMA IRQ c1=0
DMA IRQ c2=0
DMA IRQ c3=0
SELECT busy=14895
SELECT w0=14820
SELECT w1=10670
SELECT w2=14822
BUSY TASK ewma=997
DMA IRQ c0=2
DMA IRQ c1=0
DMA IRQ c2=0
DMA IRQ c3=0
SELECT busy=14903
SELECT w0=14828
SELECT w1=10676
SELECT w2=14830
BUSY TASK ewma=997
DMA IRQ c0=2
DMA IRQ c1=0
DMA IRQ c2=0
DMA IRQ c3=0
SELECT busy=14912
SELECT w0=14838
SELECT w1=10683
SELECT w2=14840
BUSY TASK ewma=997
DMA IRQ c0=2
DMA IRQ c1=0
DMA IRQ c2=0
DMA IRQ c3=0
SELECT busy=14921
SELECT w0=14846
SELECT w1=10689
SELECT w2=14848
BUSY TASK ewma=997
DMA IRQ c0=2
DMA IRQ c1=0
DMA IRQ c2=0
DMA IRQ c3=0
SELECT busy=14929
SELECT w0=14854
SELECT w1=10695
SELECT w2=14856
BUSY TASK ewma=997
DMA IRQ c0=2
DMA IRQ c1=0
DMA IRQ c2=0
DMA IRQ c3=0
SELECT busy=14938
SELECT w0=14863
SELECT w1=10701
SELECT w2=14865
BUSY TASK ewma=997
DMA IRQ c0=2
DMA IRQ c1=0
DMA IRQ c2=0
DMA IRQ c3=0
SELECT busy=14946
SELECT w0=14871
SELECT w1=10707
SELECT w2=14873
BUSY TASK ewma=997
DMA IRQ c0=2
DMA IRQ c1=0
DMA IRQ c2=0
DMA IRQ c3=0
SELECT busy=14955
SELECT w0=14880
SELECT w1=10713
SELECT w2=14882
BUSY TASK ewma=997
DMA IRQ c0=2
DMA IRQ c1=0
DMA IRQ c2=0
DMA IRQ c3=0
SELECT busy=14963
SELECT w0=14888
SELECT w1=10719
SELECT w2=14890
BUSY TASK ewma=997
DMA IRQ c0=2
DMA IRQ c1=0
DMA IRQ c2=0
DMA IRQ c3=0
SELECT busy=14972
SELECT w0=14897
SELECT w1=10725
SELECT w2=14899
BUSY TASK ewma=997
DMA IRQ c0=2
DMA IRQ c1=0
DMA IRQ c2=0
DMA IRQ c3=0
SELECT busy=14980
SELECT w0=14905
SELECT w1=10731
SELECT w2=14907
BUSY TASK ewma=997
DMA IRQ c0=2
DMA IRQ c1=0
DMA IRQ c2=0
DMA IRQ c3=0
SELECT busy=14989
SELECT w0=14914
SELECT w1=10738
SELECT w2=14916
BUSY TASK ewma=997
DMA IRQ c0=2
DMA IRQ c1=0
DMA IRQ c2=0
DMA IRQ c3=0
SELECT busy=14997
SELECT w0=14922
SELECT w1=10743
SELECT w2=14924
BUSY TASK ewma=997
DMA IRQ c0=2
DMA IRQ c1=0
DMA IRQ c2=0
DMA IRQ c3=0
SELECT busy=15006
SELECT w0=14931
SELECT w1=10750
SELECT w2=14933
BUSY TASK ewma=997
DMA IRQ c0=2
DMA IRQ c1=0
DMA IRQ c2=0
DMA IRQ c3=0
SELECT busy=15016
SELECT w0=14941
SELECT w1=10757
SELECT w2=14943
BUSY TASK ewma=997
DMA IRQ c0=2
DMA IRQ c1=0
DMA IRQ c2=0
DMA IRQ c3=0
SELECT busy=15025
SELECT w0=14951
SELECT w1=10764
SELECT w2=14953
BUSY TASK ewma=997
DMA IRQ c0=2
DMA IRQ c1=0
DMA IRQ c2=0
DMA IRQ c3=0
SELECT busy=15035
SELECT w0=14960
SELECT w1=10771
SELECT w2=14962
BUSY TASK ewma=997
DMA IRQ c0=2
DMA IRQ c1=0
DMA IRQ c2=0
DMA IRQ c3=0
SELECT busy=15045
SELECT w0=14970
SELECT w1=10778
SELECT w2=14972
BUSY TASK ewma=997
DMA IRQ c0=2
DMA IRQ c1=0
DMA IRQ c2=0
DMA IRQ c3=0
SELECT busy=15056
SELECT w0=14981
SELECT w1=10786
SELECT w2=14983
BUSY TASK ewma=997
DMA IRQ c0=2
DMA IRQ c1=0
DMA IRQ c2=0
DMA IRQ c3=0
SELECT busy=15066
SELECT w0=14992
SELECT w1=10794
SELECT w2=14994
BUSY TASK ewma=997
DMA IRQ c0=2
DMA IRQ c1=0
DMA IRQ c2=0
DMA IRQ c3=0
SELECT busy=15077
SELECT w0=15002
SELECT w1=10802
SELECT w2=15004
BUSY TASK ewma=997
DMA IRQ c0=2
DMA IRQ c1=0
DMA IRQ c2=0
DMA IRQ c3=0
SELECT busy=15087
SELECT w0=15012
SELECT w1=10809
SELECT w2=15014
BUSY TASK ewma=997
DMA IRQ c0=2
DMA IRQ c1=0
DMA IRQ c2=0
DMA IRQ c3=0
SELECT busy=15096
SELECT w0=15021
SELECT w1=10816
SELECT w2=15023
BUSY TASK ewma=997
DMA IRQ c0=2
DMA IRQ c1=0
DMA IRQ c2=0
DMA IRQ c3=0
SELECT busy=15105
SELECT w0=15030
SELECT w1=10822
SELECT w2=15033
BUSY TASK ewma=997
DMA IRQ c0=2
DMA IRQ c1=0
DMA IRQ c2=0
DMA IRQ c3=0
SELECT busy=15114
SELECT w0=15039
SELECT w1=10829
SELECT w2=15042
BUSY TASK ewma=997
DMA IRQ c0=2
DMA IRQ c1=0
DMA IRQ c2=0
DMA IRQ c3=0
SELECT busy=15125
SELECT w0=15050
SELECT w1=10836
SELECT w2=15052
BUSY TASK ewma=997
DMA IRQ c0=2
DMA IRQ c1=0
DMA IRQ c2=0
DMA IRQ c3=0
SELECT busy=15135
SELECT w0=15060
SELECT w1=10844
SELECT w2=15063
BUSY TASK ewma=997
DMA IRQ c0=2
DMA IRQ c1=0
DMA IRQ c2=0
DMA IRQ c3=0
SELECT busy=15147
SELECT w0=15072
SELECT w1=10852
SELECT w2=15074
BUSY TASK ewma=997
DMA IRQ c0=2
DMA IRQ c1=0
DMA IRQ c2=0
DMA IRQ c3=0
SELECT busy=15156
SELECT w0=15081
SELECT w1=10859
SELECT w2=15083
BUSY TASK ewma=997
DMA IRQ c0=2
DMA IRQ c1=0
DMA IRQ c2=0
DMA IRQ c3=0
SELECT busy=15165
SELECT w0=15090
SELECT w1=10865
SELECT w2=15092
BUSY TASK ewma=997
DMA IRQ c0=2
DMA IRQ c1=0
DMA IRQ c2=0
DMA IRQ c3=0
SELECT busy=15174
SELECT w0=15099
SELECT w1=10872
SELECT w2=15101
BUSY TASK ewma=997
DMA IRQ c0=2
DMA IRQ c1=0
DMA IRQ c2=0
DMA IRQ c3=0
SELECT busy=15182
SELECT w0=15107
SELECT w1=10878
SELECT w2=15109
BUSY TASK ewma=997
DMA IRQ c0=2
DMA IRQ c1=0
DMA IRQ c2=0
DMA IRQ c3=0
SELECT busy=15191
SELECT w0=15116
SELECT w1=10884
SELECT w2=15118
BUSY TASK ewma=997
DMA IRQ c0=2
DMA IRQ c1=0
DMA IRQ c2=0
DMA IRQ c3=0
SELECT busy=15202
SELECT w0=15127
SELECT w1=10892
SELECT w2=15129
BUSY TASK ewma=997
DMA IRQ c0=2
DMA IRQ c1=0
DMA IRQ c2=0
DMA IRQ c3=0
SELECT busy=15215
SELECT w0=15140
SELECT w1=10902
SELECT w2=15143
BUSY TASK ewma=997
DMA IRQ c0=2
DMA IRQ c1=0
DMA IRQ c2=0
DMA IRQ c3=0
SELECT busy=15231
SELECT w0=15157
SELECT w1=10914
SELECT w2=15159
BUSY TASK ewma=997
IRQ counts: cpu0=45590 cpu1=43738 cpu2=0 cpu3=0
SCHED secondaries: calls=43738 unexpected=0
SECTEST switches=43726 cpu1=992301423,984138828 cpu2=0,0 cpu3=0,0
PINGPONG rounds=0 pongs=0
DMA IRQ c0=2
DMA IRQ c1=0
DMA IRQ c2=0
DMA IRQ c3=0
SELECT busy=15251
SELECT w0=15176
SELECT w1=10928
SELECT w2=15178
BUSY TASK ewma=997
DMA IRQ c0=2
DMA IRQ c1=0
DMA IRQ c2=0
DMA IRQ c3=0
SELECT busy=15266
SELECT w0=15191
SELECT w1=10939
SELECT w2=15194
BUSY TASK ewma=997
DMA IRQ c0=2
DMA IRQ c1=0
DMA IRQ c2=0
DMA IRQ c3=0
SELECT busy=15281
SELECT w0=15206
SELECT w1=10950
SELECT w2=15209
BUSY TASK ewma=997
DMA IRQ c0=2
DMA IRQ c1=0
DMA IRQ c2=0
DMA IRQ c3=0
SELECT busy=15297
SELECT w0=15222
SELECT w1=10961
SELECT w2=15225
BUSY TASK ewma=997
DMA IRQ c0=2
DMA IRQ c1=0
DMA IRQ c2=0
DMA IRQ c3=0
SELECT busy=15313
SELECT w0=15238
SELECT w1=10972
SELECT w2=15240
BUSY TASK ewma=997
DMA IRQ c0=2
DMA IRQ c1=0
DMA IRQ c2=0
DMA IRQ c3=0
SELECT busy=15329
SELECT w0=15254
SELECT w1=10984
SELECT w2=15257
BUSY TASK ewma=997
DMA IRQ c0=2
DMA IRQ c1=0
DMA IRQ c2=0
DMA IRQ c3=0
SELECT busy=15345
SELECT w0=15270
SELECT w1=10995
SELECT w2=15272
BUSY TASK ewma=997
DMA IRQ c0=2
DMA IRQ c1=0
DMA IRQ c2=0
DMA IRQ c3=0
SELECT busy=15360
SELECT w0=15285
SELECT w1=11006
SELECT w2=15287
BUSY TASK ewma=997
DMA IRQ c0=2
DMA IRQ c1=0
DMA IRQ c2=0
DMA IRQ c3=0
SELECT busy=15371
SELECT w0=15296
SELECT w1=11014
SELECT w2=15298
BUSY TASK ewma=997
DMA IRQ c0=2
DMA IRQ c1=0
DMA IRQ c2=0
DMA IRQ c3=0
SELECT busy=15379
SELECT w0=15304
SELECT w1=11020
SELECT w2=15306
BUSY TASK ewma=997
DMA IRQ c0=2
DMA IRQ c1=0
DMA IRQ c2=0
DMA IRQ c3=0
SELECT busy=15387
SELECT w0=15313
SELECT w1=11026
SELECT w2=15315
BUSY TASK ewma=997
DMA IRQ c0=2
DMA IRQ c1=0
DMA IRQ c2=0
DMA IRQ c3=0
SELECT busy=15396
SELECT w0=15322
SELECT w1=11032
SELECT w2=15324
BUSY TASK ewma=997
DMA IRQ c0=2
DMA IRQ c1=0
DMA IRQ c2=0
DMA IRQ c3=0
SELECT busy=15405
SELECT w0=15330
SELECT w1=11039
SELECT w2=15332
BUSY TASK ewma=997
DMA IRQ c0=2
DMA IRQ c1=0
DMA IRQ c2=0
DMA IRQ c3=0
SELECT busy=15414
SELECT w0=15339
SELECT w1=11045
SELECT w2=15341
BUSY TASK ewma=997
DMA IRQ c0=2
DMA IRQ c1=0
DMA IRQ c2=0
DMA IRQ c3=0
SELECT busy=15429
SELECT w0=15354
SELECT w1=11056
SELECT w2=15356
BUSY TASK ewma=997
DMA IRQ c0=2
DMA IRQ c1=0
DMA IRQ c2=0
DMA IRQ c3=0
SELECT busy=15445
SELECT w0=15370
SELECT w1=11067
SELECT w2=15372
BUSY TASK ewma=997
DMA IRQ c0=2
DMA IRQ c1=0
DMA IRQ c2=0
DMA IRQ c3=0
SELECT busy=15459
SELECT w0=15384
SELECT w1=11078
SELECT w2=15386
BUSY TASK ewma=997
DMA IRQ c0=2
DMA IRQ c1=0
DMA IRQ c2=0
DMA IRQ c3=0
SELECT busy=15471
SELECT w0=15396
SELECT w1=11086
SELECT w2=15398
BUSY TASK ewma=997
DMA IRQ c0=2
DMA IRQ c1=0
DMA IRQ c2=0
DMA IRQ c3=0
SELECT busy=15482
SELECT w0=15407
SELECT w1=11094
SELECT w2=15409
BUSY TASK ewma=997
DMA IRQ c0=2
DMA IRQ c1=0
DMA IRQ c2=0
DMA IRQ c3=0
SELECT busy=15493
SELECT w0=15418
SELECT w1=11102
SELECT w2=15420
BUSY TASK ewma=997
DMA IRQ c0=2
DMA IRQ c1=0
DMA IRQ c2=0
DMA IRQ c3=0
SELECT busy=15503
SELECT w0=15429
SELECT w1=11110
SELECT w2=15431
BUSY TASK ewma=997
DMA IRQ c0=2
DMA IRQ c1=0
DMA IRQ c2=0
DMA IRQ c3=0
SELECT busy=15513
SELECT w0=15438
SELECT w1=11117
SELECT w2=15441
BUSY TASK ewma=997
DMA IRQ c0=2
DMA IRQ c1=0
DMA IRQ c2=0
DMA IRQ c3=0
SELECT busy=15523
SELECT w0=15448
SELECT w1=11124
SELECT w2=15450
BUSY TASK ewma=997
DMA IRQ c0=2
DMA IRQ c1=0
DMA IRQ c2=0
DMA IRQ c3=0
SELECT busy=15532
SELECT w0=15457
SELECT w1=11131
SELECT w2=15460
BUSY TASK ewma=997
DMA IRQ c0=2
DMA IRQ c1=0
DMA IRQ c2=0
DMA IRQ c3=0
SELECT busy=15541
SELECT w0=15466
SELECT w1=11137
SELECT w2=15468
BUSY TASK ewma=997
DMA IRQ c0=2
DMA IRQ c1=0
DMA IRQ c2=0
DMA IRQ c3=0
SELECT busy=15549
SELECT w0=15475
SELECT w1=11144
SELECT w2=15477
BUSY TASK ewma=997
DMA IRQ c0=2
DMA IRQ c1=0
DMA IRQ c2=0
DMA IRQ c3=0
SELECT busy=15558
SELECT w0=15483
SELECT w1=11150
SELECT w2=15486
BUSY TASK ewma=997
DMA IRQ c0=2
DMA IRQ c1=0
DMA IRQ c2=0
DMA IRQ c3=0
SELECT busy=15567
SELECT w0=15493
SELECT w1=11157
SELECT w2=15495
BUSY TASK ewma=997
DMA IRQ c0=2
DMA IRQ c1=0
DMA IRQ c2=0
DMA IRQ c3=0
SELECT busy=15576
SELECT w0=15501
SELECT w1=11163
SELECT w2=15504
BUSY TASK ewma=997
DMA IRQ c0=2
DMA IRQ c1=0
DMA IRQ c2=0
DMA IRQ c3=0
SELECT busy=15585
SELECT w0=15510
SELECT w1=11169
SELECT w2=15513
BUSY TASK ewma=997
DMA IRQ c0=2
DMA IRQ c1=0
DMA IRQ c2=0
DMA IRQ c3=0
SELECT busy=15594
SELECT w0=15519
SELECT w1=11176
SELECT w2=15521
BUSY TASK ewma=997
DMA IRQ c0=2
DMA IRQ c1=0
DMA IRQ c2=0
DMA IRQ c3=0
SELECT busy=15603
SELECT w0=15528
SELECT w1=11182
SELECT w2=15530
BUSY TASK ewma=997
DMA IRQ c0=2
DMA IRQ c1=0
DMA IRQ c2=0
DMA IRQ c3=0
SELECT busy=15612
SELECT w0=15537
SELECT w1=11189
SELECT w2=15540
BUSY TASK ewma=997
DMA IRQ c0=2
DMA IRQ c1=0
DMA IRQ c2=0
DMA IRQ c3=0
SELECT busy=15624
SELECT w0=15549
SELECT w1=11198
SELECT w2=15551
BUSY TASK ewma=997
DMA IRQ c0=2
DMA IRQ c1=0
DMA IRQ c2=0
DMA IRQ c3=0
SELECT busy=15633
SELECT w0=15559
SELECT w1=11205
SELECT w2=15561
BUSY TASK ewma=997
DMA IRQ c0=2
DMA IRQ c1=0
DMA IRQ c2=0
DMA IRQ c3=0
SELECT busy=15642
SELECT w0=15567
SELECT w1=11210
SELECT w2=15570
BUSY TASK ewma=997
DMA IRQ c0=2
DMA IRQ c1=0
DMA IRQ c2=0
DMA IRQ c3=0
SELECT busy=15651
SELECT w0=15576
SELECT w1=11217
SELECT w2=15578
BUSY TASK ewma=997
DMA IRQ c0=2
DMA IRQ c1=0
DMA IRQ c2=0
DMA IRQ c3=0
SELECT busy=15660
SELECT w0=15585
SELECT w1=11224
SELECT w2=15587
BUSY TASK ewma=997
DMA IRQ c0=2
DMA IRQ c1=0
DMA IRQ c2=0
DMA IRQ c3=0
SELECT busy=15669
SELECT w0=15594
SELECT w1=11230
SELECT w2=15596
BUSY TASK ewma=997
DMA IRQ c0=2
DMA IRQ c1=0
DMA IRQ c2=0
DMA IRQ c3=0
SELECT busy=15678
SELECT w0=15603
SELECT w1=11237
SELECT w2=15605
BUSY TASK ewma=997
DMA IRQ c0=2
DMA IRQ c1=0
DMA IRQ c2=0
DMA IRQ c3=0
SELECT busy=15687
SELECT w0=15612
SELECT w1=11243
SELECT w2=15614
BUSY TASK ewma=997
DMA IRQ c0=2
DMA IRQ c1=0
DMA IRQ c2=0
DMA IRQ c3=0
SELECT busy=15696
SELECT w0=15621
SELECT w1=11249
SELECT w2=15623
BUSY TASK ewma=997
DMA IRQ c0=2
DMA IRQ c1=0
DMA IRQ c2=0
DMA IRQ c3=0
SELECT busy=15705
SELECT w0=15630
SELECT w1=11256
SELECT w2=15632
BUSY TASK ewma=997
DMA IRQ c0=2
DMA IRQ c1=0
DMA IRQ c2=0
DMA IRQ c3=0
SELECT busy=15714
SELECT w0=15639
SELECT w1=11262
SELECT w2=15641
BUSY TASK ewma=997
DMA IRQ c0=2
DMA IRQ c1=0
DMA IRQ c2=0
DMA IRQ c3=0
SELECT busy=15723
SELECT w0=15648
SELECT w1=11269
SELECT w2=15650
BUSY TASK ewma=997
DMA IRQ c0=2
DMA IRQ c1=0
DMA IRQ c2=0
DMA IRQ c3=0
SELECT busy=15732
SELECT w0=15657
SELECT w1=11275
SELECT w2=15659
BUSY TASK ewma=997
DMA IRQ c0=2
DMA IRQ c1=0
DMA IRQ c2=0
DMA IRQ c3=0
SELECT busy=15741
SELECT w0=15666
SELECT w1=11282
SELECT w2=15668
BUSY TASK ewma=997
DMA IRQ c0=2
DMA IRQ c1=0
DMA IRQ c2=0
DMA IRQ c3=0
SELECT busy=15750
SELECT w0=15675
SELECT w1=11288
SELECT w2=15677
BUSY TASK ewma=997
DMA IRQ c0=2
DMA IRQ c1=0
DMA IRQ c2=0
DMA IRQ c3=0
SELECT busy=15759
SELECT w0=15684
SELECT w1=11295
SELECT w2=15686
BUSY TASK ewma=997
DMA IRQ c0=2
DMA IRQ c1=0
DMA IRQ c2=0
DMA IRQ c3=0
SELECT busy=15767
SELECT w0=15692
SELECT w1=11301
SELECT w2=15694
BUSY TASK ewma=997
DMA IRQ c0=2
DMA IRQ c1=0
DMA IRQ c2=0
DMA IRQ c3=0
SELECT busy=15776
SELECT w0=15701
SELECT w1=11307
SELECT w2=15703
BUSY TASK ewma=997
DMA IRQ c0=2
DMA IRQ c1=0
DMA IRQ c2=0
DMA IRQ c3=0
SELECT busy=15785
SELECT w0=15710
SELECT w1=11314
SELECT w2=15712
BUSY TASK ewma=997
DMA IRQ c0=2
DMA IRQ c1=0
DMA IRQ c2=0
DMA IRQ c3=0
SELECT busy=15793
SELECT w0=15719
SELECT w1=11320
SELECT w2=15721
BUSY TASK ewma=997
DMA IRQ c0=2
DMA IRQ c1=0
DMA IRQ c2=0
DMA IRQ c3=0
SELECT busy=15802
SELECT w0=15727
SELECT w1=11326
SELECT w2=15729
BUSY TASK ewma=997
DMA IRQ c0=2
DMA IRQ c1=0
DMA IRQ c2=0
DMA IRQ c3=0
SELECT busy=15811
SELECT w0=15736
SELECT w1=11332
SELECT w2=15738
BUSY TASK ewma=997
DMA IRQ c0=2
DMA IRQ c1=0
DMA IRQ c2=0
DMA IRQ c3=0
SELECT busy=15819
SELECT w0=15744
SELECT w1=11338
SELECT w2=15747
BUSY TASK ewma=997
DMA IRQ c0=2
DMA IRQ c1=0
DMA IRQ c2=0
DMA IRQ c3=0
SELECT busy=15830
SELECT w0=15755
SELECT w1=11346
SELECT w2=15757
BUSY TASK ewma=997
DMA IRQ c0=2
DMA IRQ c1=0
DMA IRQ c2=0
DMA IRQ c3=0
SELECT busy=15841
SELECT w0=15766
SELECT w1=11354
SELECT w2=15768
BUSY TASK ewma=997
DMA IRQ c0=2
DMA IRQ c1=0
DMA IRQ c2=0
DMA IRQ c3=0
SELECT busy=15851
SELECT w0=15776
SELECT w1=11361
SELECT w2=15778
BUSY TASK ewma=997
DMA IRQ c0=2
DMA IRQ c1=0
DMA IRQ c2=0
DMA IRQ c3=0
SELECT busy=15861
SELECT w0=15786
SELECT w1=11369
SELECT w2=15788
BUSY TASK ewma=997
DMA IRQ c0=2
DMA IRQ c1=0
DMA IRQ c2=0
DMA IRQ c3=0
SELECT busy=15870
SELECT w0=15795
SELECT w1=11375
SELECT w2=15798
BUSY TASK ewma=997
DMA IRQ c0=2
DMA IRQ c1=0
DMA IRQ c2=0
DMA IRQ c3=0
SELECT busy=15880
SELECT w0=15805
SELECT w1=11382
SELECT w2=15807
BUSY TASK ewma=997
DMA IRQ c0=2
DMA IRQ c1=0
DMA IRQ c2=0
DMA IRQ c3=0
SELECT busy=15889
SELECT w0=15814
SELECT w1=11389
SELECT w2=15816
BUSY TASK ewma=997
DMA IRQ c0=2
DMA IRQ c1=0
DMA IRQ c2=0
DMA IRQ c3=0
SELECT busy=15898
SELECT w0=15823
SELECT w1=11395
SELECT w2=15825
BUSY TASK ewma=997
IRQ counts: cpu0=47570 cpu1=45642 cpu2=0 cpu3=0
SCHED secondaries: calls=45643 unexpected=0
SECTEST switches=45630 cpu1=1032149323,1023852413 cpu2=0,0 cpu3=0,0
PINGPONG rounds=0 pongs=0
DMA IRQ c0=2
DMA IRQ c1=0
DMA IRQ c2=0
DMA IRQ c3=0
SELECT busy=15909
SELECT w0=15834
SELECT w1=11403
SELECT w2=15836
BUSY TASK ewma=997
DMA IRQ c0=2
DMA IRQ c1=0
DMA IRQ c2=0
DMA IRQ c3=0
SELECT busy=15918
SELECT w0=15844
SELECT w1=11410
SELECT w2=15846
BUSY TASK ewma=997
DMA IRQ c0=2
DMA IRQ c1=0
DMA IRQ c2=0
DMA IRQ c3=0
SELECT busy=15927
SELECT w0=15853
SELECT w1=11417
SELECT w2=15855
BUSY TASK ewma=997
DMA IRQ c0=2
DMA IRQ c1=0
DMA IRQ c2=0
DMA IRQ c3=0
SELECT busy=15936
SELECT w0=15862
SELECT w1=11423
SELECT w2=15864
BUSY TASK ewma=997
DMA IRQ c0=2
DMA IRQ c1=0
DMA IRQ c2=0
DMA IRQ c3=0
SELECT busy=15945
SELECT w0=15871
SELECT w1=11430
SELECT w2=15873
BUSY TASK ewma=997
DMA IRQ c0=2
DMA IRQ c1=0
DMA IRQ c2=0
DMA IRQ c3=0
SELECT busy=15954
SELECT w0=15879
SELECT w1=11436
SELECT w2=15882
BUSY TASK ewma=997
DMA IRQ c0=2
DMA IRQ c1=0
DMA IRQ c2=0
DMA IRQ c3=0
SELECT busy=15963
SELECT w0=15888
SELECT w1=11442
SELECT w2=15890
BUSY TASK ewma=997
DMA IRQ c0=2
DMA IRQ c1=0
DMA IRQ c2=0
DMA IRQ c3=0
SELECT busy=15972
SELECT w0=15897
SELECT w1=11449
SELECT w2=15899
BUSY TASK ewma=997
DMA IRQ c0=2
DMA IRQ c1=0
DMA IRQ c2=0
DMA IRQ c3=0
SELECT busy=15981
SELECT w0=15906
SELECT w1=11455
SELECT w2=15908
BUSY TASK ewma=997
DMA IRQ c0=2
DMA IRQ c1=0
DMA IRQ c2=0
DMA IRQ c3=0
SELECT busy=15990
SELECT w0=15915
SELECT w1=11462
SELECT w2=15917
BUSY TASK ewma=997
DMA IRQ c0=2
DMA IRQ c1=0
DMA IRQ c2=0
DMA IRQ c3=0
SELECT busy=15999
SELECT w0=15924
SELECT w1=11468
SELECT w2=15926
BUSY TASK ewma=997
DMA IRQ c0=2
DMA IRQ c1=0
DMA IRQ c2=0
DMA IRQ c3=0
SELECT busy=16008
SELECT w0=15933
SELECT w1=11475
SELECT w2=15935
BUSY TASK ewma=997
DMA IRQ c0=2
DMA IRQ c1=0
DMA IRQ c2=0
DMA IRQ c3=0
SELECT busy=16016
SELECT w0=15942
SELECT w1=11481
SELECT w2=15944
BUSY TASK ewma=997
DMA IRQ c0=2
DMA IRQ c1=0
DMA IRQ c2=0
DMA IRQ c3=0
SELECT busy=16025
SELECT w0=15950
SELECT w1=11487
SELECT w2=15953
BUSY TASK ewma=997
DMA IRQ c0=2
DMA IRQ c1=0
DMA IRQ c2=0
DMA IRQ c3=0
SELECT busy=16034
SELECT w0=15959
SELECT w1=11494
SELECT w2=15961
BUSY TASK ewma=997
DMA IRQ c0=2
DMA IRQ c1=0
DMA IRQ c2=0
DMA IRQ c3=0
SELECT busy=16044
SELECT w0=15969
SELECT w1=11501
SELECT w2=15971
BUSY TASK ewma=997
DMA IRQ c0=2
DMA IRQ c1=0
DMA IRQ c2=0
DMA IRQ c3=0
SELECT busy=16053
SELECT w0=15978
SELECT w1=11507
SELECT w2=15980
BUSY TASK ewma=997
DMA IRQ c0=2
DMA IRQ c1=0
DMA IRQ c2=0
DMA IRQ c3=0
SELECT busy=16062
SELECT w0=15987
SELECT w1=11514
SELECT w2=15989
BUSY TASK ewma=997
DMA IRQ c0=2
DMA IRQ c1=0
DMA IRQ c2=0
DMA IRQ c3=0
SELECT busy=16071
SELECT w0=15996
SELECT w1=11520
SELECT w2=15998
BUSY TASK ewma=997
DMA IRQ c0=2
DMA IRQ c1=0
DMA IRQ c2=0
DMA IRQ c3=0
SELECT busy=16080
SELECT w0=16005
SELECT w1=11527
SELECT w2=16007
BUSY TASK ewma=997
DMA IRQ c0=2
DMA IRQ c1=0
DMA IRQ c2=0
DMA IRQ c3=0
SELECT busy=16089
SELECT w0=16014
SELECT w1=11533
SELECT w2=16016
BUSY TASK ewma=997
DMA IRQ c0=2
DMA IRQ c1=0
DMA IRQ c2=0
DMA IRQ c3=0
SELECT busy=16098
SELECT w0=16023
SELECT w1=11540
SELECT w2=16025
BUSY TASK ewma=997
DMA IRQ c0=2
DMA IRQ c1=0
DMA IRQ c2=0
DMA IRQ c3=0
SELECT busy=16107
SELECT w0=16032
SELECT w1=11546
SELECT w2=16034
BUSY TASK ewma=997
DMA IRQ c0=2
DMA IRQ c1=0
DMA IRQ c2=0
DMA IRQ c3=0
SELECT busy=16115
SELECT w0=16041
SELECT w1=11553
SELECT w2=16043
BUSY TASK ewma=997
DMA IRQ c0=2
DMA IRQ c1=0
DMA IRQ c2=0
DMA IRQ c3=0
SELECT busy=16124
SELECT w0=16049
SELECT w1=11559
SELECT w2=16052
BUSY TASK ewma=997
DMA IRQ c0=2
DMA IRQ c1=0
DMA IRQ c2=0
DMA IRQ c3=0
SELECT busy=16133
SELECT w0=16058
SELECT w1=11566
SELECT w2=16061
BUSY TASK ewma=997
DMA IRQ c0=2
DMA IRQ c1=0
DMA IRQ c2=0
DMA IRQ c3=0
SELECT busy=16142
SELECT w0=16067
SELECT w1=11571
SELECT w2=16070
BUSY TASK ewma=997
DMA IRQ c0=2
DMA IRQ c1=0
DMA IRQ c2=0
DMA IRQ c3=0
SELECT busy=16151
SELECT w0=16076
SELECT w1=11578
SELECT w2=16079
BUSY TASK ewma=997
DMA IRQ c0=2
DMA IRQ c1=0
DMA IRQ c2=0
DMA IRQ c3=0
SELECT busy=16160
SELECT w0=16085
SELECT w1=11584
SELECT w2=16087
BUSY TASK ewma=997
DMA IRQ c0=2
DMA IRQ c1=0
DMA IRQ c2=0
DMA IRQ c3=0
SELECT busy=16169
SELECT w0=16094
SELECT w1=11591
SELECT w2=16096
BUSY TASK ewma=997
DMA IRQ c0=2
DMA IRQ c1=0
DMA IRQ c2=0
DMA IRQ c3=0
SELECT busy=16182
SELECT w0=16107
SELECT w1=11600
SELECT w2=16109
BUSY TASK ewma=997
DMA IRQ c0=2
DMA IRQ c1=0
DMA IRQ c2=0
DMA IRQ c3=0
SELECT busy=16193
SELECT w0=16118
SELECT w1=11609
SELECT w2=16120
BUSY TASK ewma=997
DMA IRQ c0=2
DMA IRQ c1=0
DMA IRQ c2=0
DMA IRQ c3=0
SELECT busy=16202
SELECT w0=16127
SELECT w1=11615
SELECT w2=16129
BUSY TASK ewma=997
DMA IRQ c0=2
DMA IRQ c1=0
DMA IRQ c2=0
DMA IRQ c3=0
SELECT busy=16213
SELECT w0=16138
SELECT w1=11623
SELECT w2=16140
BUSY TASK ewma=997
DMA IRQ c0=2
DMA IRQ c1=0
DMA IRQ c2=0
DMA IRQ c3=0
SELECT busy=16224
SELECT w0=16149
SELECT w1=11631
SELECT w2=16151
BUSY TASK ewma=997
DMA IRQ c0=2
DMA IRQ c1=0
DMA IRQ c2=0
DMA IRQ c3=0
SELECT busy=16234
SELECT w0=16159
SELECT w1=11638
SELECT w2=16161
BUSY TASK ewma=997
DMA IRQ c0=2
DMA IRQ c1=0
DMA IRQ c2=0
DMA IRQ c3=0
SELECT busy=16244
SELECT w0=16169
SELECT w1=11645
SELECT w2=16171
BUSY TASK ewma=997
DMA IRQ c0=2
DMA IRQ c1=0
DMA IRQ c2=0
DMA IRQ c3=0
SELECT busy=16253
SELECT w0=16179
SELECT w1=11653
SELECT w2=16181
BUSY TASK ewma=997
DMA IRQ c0=2
DMA IRQ c1=0
DMA IRQ c2=0
DMA IRQ c3=0
SELECT busy=16262
SELECT w0=16188
SELECT w1=11659
SELECT w2=16190
BUSY TASK ewma=997
DMA IRQ c0=2
DMA IRQ c1=0
DMA IRQ c2=0
DMA IRQ c3=0
SELECT busy=16271
SELECT w0=16196
SELECT w1=11665
SELECT w2=16199
BUSY TASK ewma=997
DMA IRQ c0=2
DMA IRQ c1=0
DMA IRQ c2=0
DMA IRQ c3=0
SELECT busy=16278
SELECT w0=16204
SELECT w1=11671
SELECT w2=16206
BUSY TASK ewma=997
DMA IRQ c0=2
DMA IRQ c1=0
DMA IRQ c2=0
DMA IRQ c3=0
SELECT busy=16288
SELECT w0=16213
SELECT w1=11677
SELECT w2=16215
BUSY TASK ewma=997
DMA IRQ c0=2
DMA IRQ c1=0
DMA IRQ c2=0
DMA IRQ c3=0
SELECT busy=16298
SELECT w0=16223
SELECT w1=11685
SELECT w2=16225
BUSY TASK ewma=997
DMA IRQ c0=2
DMA IRQ c1=0
DMA IRQ c2=0
DMA IRQ c3=0
SELECT busy=16308
SELECT w0=16233
SELECT w1=11692
SELECT w2=16235
BUSY TASK ewma=997
DMA IRQ c0=2
DMA IRQ c1=0
DMA IRQ c2=0
DMA IRQ c3=0
SELECT busy=16319
SELECT w0=16244
SELECT w1=11700
SELECT w2=16246
BUSY TASK ewma=997
DMA IRQ c0=2
DMA IRQ c1=0
DMA IRQ c2=0
DMA IRQ c3=0
SELECT busy=16329
SELECT w0=16255
SELECT w1=11708
SELECT w2=16257
BUSY TASK ewma=997
DMA IRQ c0=2
DMA IRQ c1=0
DMA IRQ c2=0
DMA IRQ c3=0
SELECT busy=16340
SELECT w0=16265
SELECT w1=11715
SELECT w2=16267
BUSY TASK ewma=997
DMA IRQ c0=2
DMA IRQ c1=0
DMA IRQ c2=0
DMA IRQ c3=0
SELECT busy=16349
SELECT w0=16274
SELECT w1=11722
SELECT w2=16276
BUSY TASK ewma=997
DMA IRQ c0=2
DMA IRQ c1=0
DMA IRQ c2=0
DMA IRQ c3=0
SELECT busy=16357
SELECT w0=16282
SELECT w1=11727
SELECT w2=16284
BUSY TASK ewma=997
DMA IRQ c0=2
DMA IRQ c1=0
DMA IRQ c2=0
DMA IRQ c3=0
SELECT busy=16366
SELECT w0=16291
SELECT w1=11734
SELECT w2=16293
BUSY TASK ewma=997
DMA IRQ c0=2
DMA IRQ c1=0
DMA IRQ c2=0
DMA IRQ c3=0
SELECT busy=16375
SELECT w0=16300
SELECT w1=11740
SELECT w2=16302
BUSY TASK ewma=997
DMA IRQ c0=2
DMA IRQ c1=0
DMA IRQ c2=0
DMA IRQ c3=0
SELECT busy=16384
SELECT w0=16309
SELECT w1=11747
SELECT w2=16311
BUSY TASK ewma=997
DMA IRQ c0=2
DMA IRQ c1=0
DMA IRQ c2=0
DMA IRQ c3=0
SELECT busy=16392
SELECT w0=16317
SELECT w1=11752
SELECT w2=16319
BUSY TASK ewma=997
DMA IRQ c0=2
DMA IRQ c1=0
DMA IRQ c2=0
DMA IRQ c3=0
SELECT busy=16401
SELECT w0=16326
SELECT w1=11759
SELECT w2=16328
BUSY TASK ewma=997
DMA IRQ c0=2
DMA IRQ c1=0
DMA IRQ c2=0
DMA IRQ c3=0
SELECT busy=16410
SELECT w0=16335
SELECT w1=11765
SELECT w2=16337
BUSY TASK ewma=997
DMA IRQ c0=2
DMA IRQ c1=0
DMA IRQ c2=0
DMA IRQ c3=0
SELECT busy=16418
SELECT w0=16343
SELECT w1=11772
SELECT w2=16346
BUSY TASK ewma=997
DMA IRQ c0=2
DMA IRQ c1=0
DMA IRQ c2=0
DMA IRQ c3=0
SELECT busy=16427
SELECT w0=16352
SELECT w1=11778
SELECT w2=16354
BUSY TASK ewma=997
DMA IRQ c0=2
DMA IRQ c1=0
DMA IRQ c2=0
DMA IRQ c3=0
SELECT busy=16435
SELECT w0=16360
SELECT w1=11784
SELECT w2=16363
BUSY TASK ewma=997
DMA IRQ c0=2
DMA IRQ c1=0
DMA IRQ c2=0
DMA IRQ c3=0
SELECT busy=16444
SELECT w0=16369
SELECT w1=11790
SELECT w2=16371
BUSY TASK ewma=997
DMA IRQ c0=2
DMA IRQ c1=0
DMA IRQ c2=0
DMA IRQ c3=0
SELECT busy=16454
SELECT w0=16379
SELECT w1=11797
SELECT w2=16381
BUSY TASK ewma=997
DMA IRQ c0=2
DMA IRQ c1=0
DMA IRQ c2=0
DMA IRQ c3=0
SELECT busy=16464
SELECT w0=16389
SELECT w1=11804
SELECT w2=16391
BUSY TASK ewma=997
DMA IRQ c0=2
DMA IRQ c1=0
DMA IRQ c2=0
DMA IRQ c3=0
SELECT busy=16474
SELECT w0=16399
SELECT w1=11812
SELECT w2=16401
BUSY TASK ewma=997
DMA IRQ c0=2
DMA IRQ c1=0
DMA IRQ c2=0
DMA IRQ c3=0
SELECT busy=16483
SELECT w0=16408
SELECT w1=11818
SELECT w2=16410
BUSY TASK ewma=997
DMA IRQ c0=2
DMA IRQ c1=0
DMA IRQ c2=0
DMA IRQ c3=0
SELECT busy=16493
SELECT w0=16418
SELECT w1=11825
SELECT w2=16420
BUSY TASK ewma=997
IRQ counts: cpu0=49352 cpu1=47359 cpu2=0 cpu3=0
SCHED secondaries: calls=47359 unexpected=0
SECTEST switches=47344 cpu1=1071364188,1063446505 cpu2=0,0 cpu3=0,0
PINGPONG rounds=0 pongs=0
DMA IRQ c0=2
DMA IRQ c1=0
DMA IRQ c2=0
DMA IRQ c3=0
SELECT busy=16502
SELECT w0=16427
SELECT w1=11832
SELECT w2=16429
BUSY TASK ewma=997
DMA IRQ c0=2
DMA IRQ c1=0
DMA IRQ c2=0
DMA IRQ c3=0
SELECT busy=16509
SELECT w0=16435
SELECT w1=11837
SELECT w2=16437
BUSY TASK ewma=997
DMA IRQ c0=2
DMA IRQ c1=0
DMA IRQ c2=0
DMA IRQ c3=0
SELECT busy=16518
SELECT w0=16443
SELECT w1=11843
SELECT w2=16445
BUSY TASK ewma=997
DMA IRQ c0=2
DMA IRQ c1=0
DMA IRQ c2=0
DMA IRQ c3=0
SELECT busy=16526
SELECT w0=16451
SELECT w1=11849
SELECT w2=16453
BUSY TASK ewma=997
DMA IRQ c0=2
DMA IRQ c1=0
DMA IRQ c2=0
DMA IRQ c3=0
SELECT busy=16534
SELECT w0=16460
SELECT w1=11855
SELECT w2=16462
BUSY TASK ewma=997
DMA IRQ c0=2
DMA IRQ c1=0
DMA IRQ c2=0
DMA IRQ c3=0
SELECT busy=16543
SELECT w0=16468
SELECT w1=11861
SELECT w2=16470
BUSY TASK ewma=997
DMA IRQ c0=2
DMA IRQ c1=0
DMA IRQ c2=0
DMA IRQ c3=0
SELECT busy=16551
SELECT w0=16476
SELECT w1=11867
SELECT w2=16479
BUSY TASK ewma=997
DMA IRQ c0=2
DMA IRQ c1=0
DMA IRQ c2=0
DMA IRQ c3=0
SELECT busy=16560
SELECT w0=16485
SELECT w1=11873
SELECT w2=16487
BUSY TASK ewma=997
DMA IRQ c0=2
DMA IRQ c1=0
DMA IRQ c2=0
DMA IRQ c3=0
SELECT busy=16568
SELECT w0=16493
SELECT w1=11879
SELECT w2=16495
BUSY TASK ewma=997
DMA IRQ c0=2
DMA IRQ c1=0
DMA IRQ c2=0
DMA IRQ c3=0
SELECT busy=16577
SELECT w0=16502
SELECT w1=11886
SELECT w2=16504
BUSY TASK ewma=997
DMA IRQ c0=2
DMA IRQ c1=0
DMA IRQ c2=0
DMA IRQ c3=0
SELECT busy=16587
SELECT w0=16512
SELECT w1=11894
SELECT w2=16515
BUSY TASK ewma=997
DMA IRQ c0=2
DMA IRQ c1=0
DMA IRQ c2=0
DMA IRQ c3=0
SELECT busy=16597
SELECT w0=16522
SELECT w1=11901
SELECT w2=16525
BUSY TASK ewma=997
DMA IRQ c0=2
DMA IRQ c1=0
DMA IRQ c2=0
DMA IRQ c3=0
SELECT busy=16607
SELECT w0=16532
SELECT w1=11907
SELECT w2=16534
BUSY TASK ewma=997
DMA IRQ c0=2
DMA IRQ c1=0
DMA IRQ c2=0
DMA IRQ c3=0
SELECT busy=16616
SELECT w0=16541
SELECT w1=11914
SELECT w2=16543
BUSY TASK ewma=997
DMA IRQ c0=2
DMA IRQ c1=0
DMA IRQ c2=0
DMA IRQ c3=0
SELECT busy=16625
SELECT w0=16550
SELECT w1=11920
SELECT w2=16552
BUSY TASK ewma=997
DMA IRQ c0=2
DMA IRQ c1=0
DMA IRQ c2=0
DMA IRQ c3=0
SELECT busy=16634
SELECT w0=16559
SELECT w1=11927
SELECT w2=16561
BUSY TASK ewma=997
DMA IRQ c0=2
DMA IRQ c1=0
DMA IRQ c2=0
DMA IRQ c3=0
SELECT busy=16642
SELECT w0=16567
SELECT w1=11932
SELECT w2=16569
BUSY TASK ewma=997
DMA IRQ c0=2
DMA IRQ c1=0
DMA IRQ c2=0
DMA IRQ c3=0
SELECT busy=16651
SELECT w0=16576
SELECT w1=11939
SELECT w2=16578
BUSY TASK ewma=997
DMA IRQ c0=2
DMA IRQ c1=0
DMA IRQ c2=0
DMA IRQ c3=0
SELECT busy=16659
SELECT w0=16584
SELECT w1=11945
SELECT w2=16586
BUSY TASK ewma=997
DMA IRQ c0=2
DMA IRQ c1=0
DMA IRQ c2=0
DMA IRQ c3=0
SELECT busy=16667
SELECT w0=16592
SELECT w1=11950
SELECT w2=16594
BUSY TASK ewma=997
DMA IRQ c0=2
DMA IRQ c1=0
DMA IRQ c2=0
DMA IRQ c3=0
SELECT busy=16675
SELECT w0=16600
SELECT w1=11957
SELECT w2=16603
BUSY TASK ewma=997
DMA IRQ c0=2
DMA IRQ c1=0
DMA IRQ c2=0
DMA IRQ c3=0
SELECT busy=16683
SELECT w0=16608
SELECT w1=11962
SELECT w2=16611
BUSY TASK ewma=997
DMA IRQ c0=2
DMA IRQ c1=0
DMA IRQ c2=0
DMA IRQ c3=0
SELECT busy=16692
SELECT w0=16617
SELECT w1=11968
SELECT w2=16619
BUSY TASK ewma=997
DMA IRQ c0=2
DMA IRQ c1=0
DMA IRQ c2=0
DMA IRQ c3=0
SELECT busy=16700
SELECT w0=16625
SELECT w1=11975
SELECT w2=16628
BUSY TASK ewma=997
DMA IRQ c0=2
DMA IRQ c1=0
DMA IRQ c2=0
DMA IRQ c3=0
SELECT busy=16710
SELECT w0=16635
SELECT w1=11982
SELECT w2=16638
BUSY TASK ewma=997
DMA IRQ c0=2
DMA IRQ c1=0
DMA IRQ c2=0
DMA IRQ c3=0
SELECT busy=16721
SELECT w0=16646
SELECT w1=11990
SELECT w2=16648
BUSY TASK ewma=997
DMA IRQ c0=2
DMA IRQ c1=0
DMA IRQ c2=0
DMA IRQ c3=0
SELECT busy=16730
SELECT w0=16656
SELECT w1=11997
SELECT w2=16658
BUSY TASK ewma=997
DMA IRQ c0=2
DMA IRQ c1=0
DMA IRQ c2=0
DMA IRQ c3=0
SELECT busy=16739
SELECT w0=16665
SELECT w1=12003
SELECT w2=16667
BUSY TASK ewma=997
DMA IRQ c0=2
DMA IRQ c1=0
DMA IRQ c2=0
DMA IRQ c3=0
SELECT busy=16748
SELECT w0=16673
SELECT w1=12009
SELECT w2=16676
BUSY TASK ewma=997
DMA IRQ c0=2
DMA IRQ c1=0
DMA IRQ c2=0
DMA IRQ c3=0
SELECT busy=16756
SELECT w0=16681
SELECT w1=12015
SELECT w2=16683
BUSY TASK ewma=997
DMA IRQ c0=2
DMA IRQ c1=0
DMA IRQ c2=0
DMA IRQ c3=0
SELECT busy=16764
SELECT w0=16689
SELECT w1=12021
SELECT w2=16691
BUSY TASK ewma=997
DMA IRQ c0=2
DMA IRQ c1=0
DMA IRQ c2=0
DMA IRQ c3=0
SELECT busy=16772
SELECT w0=16697
SELECT w1=12026
SELECT w2=16699
BUSY TASK ewma=997
DMA IRQ c0=2
DMA IRQ c1=0
DMA IRQ c2=0
DMA IRQ c3=0
SELECT busy=16780
SELECT w0=16705
SELECT w1=12032
SELECT w2=16707
BUSY TASK ewma=997
DMA IRQ c0=2
DMA IRQ c1=0
DMA IRQ c2=0
DMA IRQ c3=0
SELECT busy=16788
SELECT w0=16714
SELECT w1=12038
SELECT w2=16716
BUSY TASK ewma=997
DMA IRQ c0=2
DMA IRQ c1=0
DMA IRQ c2=0
DMA IRQ c3=0
SELECT busy=16797
SELECT w0=16722
SELECT w1=12044
SELECT w2=16724
BUSY TASK ewma=997
DMA IRQ c0=2
DMA IRQ c1=0
DMA IRQ c2=0
DMA IRQ c3=0
SELECT busy=16805
SELECT w0=16730
SELECT w1=12050
SELECT w2=16733
BUSY TASK ewma=997
DMA IRQ c0=2
DMA IRQ c1=0
DMA IRQ c2=0
DMA IRQ c3=0
SELECT busy=16814
SELECT w0=16739
SELECT w1=12056
SELECT w2=16741
BUSY TASK ewma=997
DMA IRQ c0=2
DMA IRQ c1=0
DMA IRQ c2=0
DMA IRQ c3=0
SELECT busy=16822
SELECT w0=16747
SELECT w1=12063
SELECT w2=16750
BUSY TASK ewma=997
DMA IRQ c0=2
DMA IRQ c1=0
DMA IRQ c2=0
DMA IRQ c3=0
SELECT busy=16831
SELECT w0=16756
SELECT w1=12069
SELECT w2=16758
BUSY TASK ewma=997
DMA IRQ c0=2
DMA IRQ c1=0
DMA IRQ c2=0
DMA IRQ c3=0
SELECT busy=16839
SELECT w0=16765
SELECT w1=12076
SELECT w2=16767
BUSY TASK ewma=997
DMA IRQ c0=2
DMA IRQ c1=0
DMA IRQ c2=0
DMA IRQ c3=0
SELECT busy=16848
SELECT w0=16773
SELECT w1=12082
SELECT w2=16776
BUSY TASK ewma=997
DMA IRQ c0=2
DMA IRQ c1=0
DMA IRQ c2=0
DMA IRQ c3=0
SELECT busy=16865
SELECT w0=16790
SELECT w1=12094
SELECT w2=16792
BUSY TASK ewma=997
DMA IRQ c0=2
DMA IRQ c1=0
DMA IRQ c2=0
DMA IRQ c3=0
SELECT busy=16879
SELECT w0=16804
SELECT w1=12104
SELECT w2=16807
BUSY TASK ewma=997
DMA IRQ c0=2
DMA IRQ c1=0
DMA IRQ c2=0
DMA IRQ c3=0
SELECT busy=16890
SELECT w0=16815
SELECT w1=12112
SELECT w2=16817
BUSY TASK ewma=997
DMA IRQ c0=2
DMA IRQ c1=0
DMA IRQ c2=0
DMA IRQ c3=0
SELECT busy=16898
SELECT w0=16823
SELECT w1=12118
SELECT w2=16825
BUSY TASK ewma=997
DMA IRQ c0=2
DMA IRQ c1=0
DMA IRQ c2=0
DMA IRQ c3=0
SELECT busy=16906
SELECT w0=16831
SELECT w1=12124
SELECT w2=16833
BUSY TASK ewma=997
DMA IRQ c0=2
DMA IRQ c1=0
DMA IRQ c2=0
DMA IRQ c3=0
SELECT busy=16915
SELECT w0=16840
SELECT w1=12130
SELECT w2=16842
BUSY TASK ewma=997
DMA IRQ c0=2
DMA IRQ c1=0
DMA IRQ c2=0
DMA IRQ c3=0
SELECT busy=16923
SELECT w0=16848
SELECT w1=12136
SELECT w2=16850
BUSY TASK ewma=997
DMA IRQ c0=2
DMA IRQ c1=0
DMA IRQ c2=0
DMA IRQ c3=0
SELECT busy=16931
SELECT w0=16856
SELECT w1=12142
SELECT w2=16859
BUSY TASK ewma=997
DMA IRQ c0=2
DMA IRQ c1=0
DMA IRQ c2=0
DMA IRQ c3=0
SELECT busy=16940
SELECT w0=16865
SELECT w1=12148
SELECT w2=16867
BUSY TASK ewma=997
DMA IRQ c0=2
DMA IRQ c1=0
DMA IRQ c2=0
DMA IRQ c3=0
SELECT busy=16947
SELECT w0=16872
SELECT w1=12153
SELECT w2=16874
BUSY TASK ewma=997
DMA IRQ c0=2
DMA IRQ c1=0
DMA IRQ c2=0
DMA IRQ c3=0
SELECT busy=16955
SELECT w0=16881
SELECT w1=12160
SELECT w2=16883
BUSY TASK ewma=997
DMA IRQ c0=2
DMA IRQ c1=0
DMA IRQ c2=0
DMA IRQ c3=0
SELECT busy=16963
SELECT w0=16889
SELECT w1=12166
SELECT w2=16891
BUSY TASK ewma=997
DMA IRQ c0=2
DMA IRQ c1=0
DMA IRQ c2=0
DMA IRQ c3=0
SELECT busy=16972
SELECT w0=16897
SELECT w1=12172
SELECT w2=16899
BUSY TASK ewma=997
DMA IRQ c0=2
DMA IRQ c1=0
DMA IRQ c2=0
DMA IRQ c3=0
SELECT busy=16980
SELECT w0=16905
SELECT w1=12178
SELECT w2=16907
BUSY TASK ewma=997
DMA IRQ c0=2
DMA IRQ c1=0
DMA IRQ c2=0
DMA IRQ c3=0
SELECT busy=16988
SELECT w0=16914
SELECT w1=12184
SELECT w2=16916
BUSY TASK ewma=997
DMA IRQ c0=2
DMA IRQ c1=0
DMA IRQ c2=0
DMA IRQ c3=0
SELECT busy=16996
SELECT w0=16921
SELECT w1=12189
SELECT w2=16924
BUSY TASK ewma=997
DMA IRQ c0=2
DMA IRQ c1=0
DMA IRQ c2=0
DMA IRQ c3=0
SELECT busy=17005
SELECT w0=16930
SELECT w1=12196
SELECT w2=16933
BUSY TASK ewma=997
DMA IRQ c0=2
DMA IRQ c1=0
DMA IRQ c2=0
DMA IRQ c3=0
SELECT busy=17017
SELECT w0=16942
SELECT w1=12204
SELECT w2=16944
BUSY TASK ewma=997
DMA IRQ c0=2
DMA IRQ c1=0
DMA IRQ c2=0
DMA IRQ c3=0
SELECT busy=17028
SELECT w0=16954
SELECT w1=12213
SELECT w2=16956
BUSY TASK ewma=997
DMA IRQ c0=2
DMA IRQ c1=0
DMA IRQ c2=0
DMA IRQ c3=0
SELECT busy=17038
SELECT w0=16963
SELECT w1=12219
SELECT w2=16965
BUSY TASK ewma=997
DMA IRQ c0=2
DMA IRQ c1=0
DMA IRQ c2=0
DMA IRQ c3=0
SELECT busy=17048
SELECT w0=16973
SELECT w1=12227
SELECT w2=16975
BUSY TASK ewma=997
DMA IRQ c0=2
DMA IRQ c1=0
DMA IRQ c2=0
DMA IRQ c3=0
SELECT busy=17057
SELECT w0=16982
SELECT w1=12233
SELECT w2=16984
BUSY TASK ewma=997
DMA IRQ c0=2
DMA IRQ c1=0
DMA IRQ c2=0
DMA IRQ c3=0
SELECT busy=17066
SELECT w0=16991
SELECT w1=12240
SELECT w2=16993
BUSY TASK ewma=997
IRQ counts: cpu0=51071 cpu1=49020 cpu2=0 cpu3=0
SCHED secondaries: calls=49020 unexpected=0
SECTEST switches=49006 cpu1=1109037461,1101290448 cpu2=0,0 cpu3=0,0
PINGPONG rounds=0 pongs=0
DMA IRQ c0=2
DMA IRQ c1=0
DMA IRQ c2=0
DMA IRQ c3=0
SELECT busy=17076
SELECT w0=17001
SELECT w1=12247
SELECT w2=17003
BUSY TASK ewma=997
DMA IRQ c0=2
DMA IRQ c1=0
DMA IRQ c2=0
DMA IRQ c3=0
SELECT busy=17085
SELECT w0=17010
SELECT w1=12253
SELECT w2=17012
BUSY TASK ewma=997
DMA IRQ c0=2
DMA IRQ c1=0
DMA IRQ c2=0
DMA IRQ c3=0
SELECT busy=17094
SELECT w0=17019
SELECT w1=12260
SELECT w2=17021
BUSY TASK ewma=997
DMA IRQ c0=2
DMA IRQ c1=0
DMA IRQ c2=0
DMA IRQ c3=0
SELECT busy=17103
SELECT w0=17028
SELECT w1=12267
SELECT w2=17030
BUSY TASK ewma=997
DMA IRQ c0=2
DMA IRQ c1=0
DMA IRQ c2=0
DMA IRQ c3=0
SELECT busy=17112
SELECT w0=17037
SELECT w1=12273
SELECT w2=17039
BUSY TASK ewma=997
DMA IRQ c0=2
DMA IRQ c1=0
DMA IRQ c2=0
DMA IRQ c3=0
SELECT busy=17120
SELECT w0=17046
SELECT w1=12279
SELECT w2=17048
BUSY TASK ewma=997
DMA IRQ c0=2
DMA IRQ c1=0
DMA IRQ c2=0
DMA IRQ c3=0
SELECT busy=17131
SELECT w0=17056
SELECT w1=12286
SELECT w2=17058
BUSY TASK ewma=997
DMA IRQ c0=2
DMA IRQ c1=0
DMA IRQ c2=0
DMA IRQ c3=0
SELECT busy=17141
SELECT w0=17066
SELECT w1=12294
SELECT w2=17069
BUSY TASK ewma=997
DMA IRQ c0=2
DMA IRQ c1=0
DMA IRQ c2=0
DMA IRQ c3=0
SELECT busy=17151
SELECT w0=17076
SELECT w1=12301
SELECT w2=17078
BUSY TASK ewma=997
DMA IRQ c0=2
DMA IRQ c1=0
DMA IRQ c2=0
DMA IRQ c3=0
SELECT busy=17159
SELECT w0=17084
SELECT w1=12307
SELECT w2=17086
BUSY TASK ewma=997
DMA IRQ c0=2
DMA IRQ c1=0
DMA IRQ c2=0
DMA IRQ c3=0
SELECT busy=17168
SELECT w0=17093
SELECT w1=12313
SELECT w2=17095
BUSY TASK ewma=997
DMA IRQ c0=2
DMA IRQ c1=0
DMA IRQ c2=0
DMA IRQ c3=0
SELECT busy=17175
SELECT w0=17101
SELECT w1=12319
SELECT w2=17103
BUSY TASK ewma=997
DMA IRQ c0=2
DMA IRQ c1=0
DMA IRQ c2=0
DMA IRQ c3=0
SELECT busy=17184
SELECT w0=17109
SELECT w1=12325
SELECT w2=17111
BUSY TASK ewma=997
DMA IRQ c0=2
DMA IRQ c1=0
DMA IRQ c2=0
DMA IRQ c3=0
SELECT busy=17192
SELECT w0=17117
SELECT w1=12331
SELECT w2=17119
BUSY TASK ewma=997
DMA IRQ c0=2
DMA IRQ c1=0
DMA IRQ c2=0
DMA IRQ c3=0
SELECT busy=17200
SELECT w0=17125
SELECT w1=12337
SELECT w2=17127
BUSY TASK ewma=997
DMA IRQ c0=2
DMA IRQ c1=0
DMA IRQ c2=0
DMA IRQ c3=0
SELECT busy=17209
SELECT w0=17134
SELECT w1=12343
SELECT w2=17136
BUSY TASK ewma=997
DMA IRQ c0=2
DMA IRQ c1=0
DMA IRQ c2=0
DMA IRQ c3=0
SELECT busy=17216
SELECT w0=17141
SELECT w1=12349
SELECT w2=17144
BUSY TASK ewma=997
DMA IRQ c0=2
DMA IRQ c1=0
DMA IRQ c2=0
DMA IRQ c3=0
SELECT busy=17225
SELECT w0=17150
SELECT w1=12354
SELECT w2=17152
BUSY TASK ewma=997
DMA IRQ c0=2
DMA IRQ c1=0
DMA IRQ c2=0
DMA IRQ c3=0
SELECT busy=17232
SELECT w0=17158
SELECT w1=12360
SELECT w2=17160
BUSY TASK ewma=997
DMA IRQ c0=2
DMA IRQ c1=0
DMA IRQ c2=0
DMA IRQ c3=0
SELECT busy=17240
SELECT w0=17165
SELECT w1=12366
SELECT w2=17167
BUSY TASK ewma=997
DMA IRQ c0=2
DMA IRQ c1=0
DMA IRQ c2=0
DMA IRQ c3=0
SELECT busy=17248
SELECT w0=17174
SELECT w1=12372
SELECT w2=17176
BUSY TASK ewma=997
DMA IRQ c0=2
DMA IRQ c1=0
DMA IRQ c2=0
DMA IRQ c3=0
SELECT busy=17257
SELECT w0=17182
SELECT w1=12378
SELECT w2=17184
BUSY TASK ewma=997
DMA IRQ c0=2
DMA IRQ c1=0
DMA IRQ c2=0
DMA IRQ c3=0
SELECT busy=17265
SELECT w0=17190
SELECT w1=12384
SELECT w2=17192
BUSY TASK ewma=997
DMA IRQ c0=2
DMA IRQ c1=0
DMA IRQ c2=0
DMA IRQ c3=0
SELECT busy=17273
SELECT w0=17198
SELECT w1=12390
SELECT w2=17200
BUSY TASK ewma=997
DMA IRQ c0=2
DMA IRQ c1=0
DMA IRQ c2=0
DMA IRQ c3=0
SELECT busy=17281
SELECT w0=17206
SELECT w1=12396
SELECT w2=17209
BUSY TASK ewma=997
DMA IRQ c0=2
DMA IRQ c1=0
DMA IRQ c2=0
DMA IRQ c3=0
SELECT busy=17290
SELECT w0=17215
SELECT w1=12402
SELECT w2=17217
BUSY TASK ewma=997
DMA IRQ c0=2
DMA IRQ c1=0
DMA IRQ c2=0
DMA IRQ c3=0
SELECT busy=17298
SELECT w0=17223
SELECT w1=12408
SELECT w2=17225
BUSY TASK ewma=997
DMA IRQ c0=2
DMA IRQ c1=0
DMA IRQ c2=0
DMA IRQ c3=0
SELECT busy=17306
SELECT w0=17231
SELECT w1=12413
SELECT w2=17233
BUSY TASK ewma=997
DMA IRQ c0=2
DMA IRQ c1=0
DMA IRQ c2=0
DMA IRQ c3=0
SELECT busy=17314
SELECT w0=17240
SELECT w1=12420
SELECT w2=17242
BUSY TASK ewma=997
DMA IRQ c0=2
DMA IRQ c1=0
DMA IRQ c2=0
DMA IRQ c3=0
SELECT busy=17323
SELECT w0=17248
SELECT w1=12425
SELECT w2=17250
BUSY TASK ewma=997
DMA IRQ c0=2
DMA IRQ c1=0
DMA IRQ c2=0
DMA IRQ c3=0
SELECT busy=17331
SELECT w0=17256
SELECT w1=12431
SELECT w2=17258
BUSY TASK ewma=997
DMA IRQ c0=2
DMA IRQ c1=0
DMA IRQ c2=0
DMA IRQ c3=0
SELECT busy=17340
SELECT w0=17265
SELECT w1=12438
SELECT w2=17267
BUSY TASK ewma=997
DMA IRQ c0=2
DMA IRQ c1=0
DMA IRQ c2=0
DMA IRQ c3=0
SELECT busy=17349
SELECT w0=17275
SELECT w1=12445
SELECT w2=17277
BUSY TASK ewma=997
DMA IRQ c0=2
DMA IRQ c1=0
DMA IRQ c2=0
DMA IRQ c3=0
SELECT busy=17360
SELECT w0=17285
SELECT w1=12453
SELECT w2=17288
BUSY TASK ewma=997
DMA IRQ c0=2
DMA IRQ c1=0
DMA IRQ c2=0
DMA IRQ c3=0
SELECT busy=17371
SELECT w0=17296
SELECT w1=12460
SELECT w2=17298
BUSY TASK ewma=997
DMA IRQ c0=2
DMA IRQ c1=0
DMA IRQ c2=0
DMA IRQ c3=0
SELECT busy=17380
SELECT w0=17305
SELECT w1=12466
SELECT w2=17307
BUSY TASK ewma=997
DMA IRQ c0=2
DMA IRQ c1=0
DMA IRQ c2=0
DMA IRQ c3=0
SELECT busy=17389
SELECT w0=17314
SELECT w1=12473
SELECT w2=17316
BUSY TASK ewma=997
DMA IRQ c0=2
DMA IRQ c1=0
DMA IRQ c2=0
DMA IRQ c3=0
SELECT busy=17397
SELECT w0=17322
SELECT w1=12479
SELECT w2=17324
BUSY TASK ewma=997
DMA IRQ c0=2
DMA IRQ c1=0
DMA IRQ c2=0
DMA IRQ c3=0
SELECT busy=17406
SELECT w0=17331
SELECT w1=12485
SELECT w2=17333
BUSY TASK ewma=997
DMA IRQ c0=2
DMA IRQ c1=0
DMA IRQ c2=0
DMA IRQ c3=0
SELECT busy=17414
SELECT w0=17339
SELECT w1=12491
SELECT w2=17342
BUSY TASK ewma=997
DMA IRQ c0=2
DMA IRQ c1=0
DMA IRQ c2=0
DMA IRQ c3=0
SELECT busy=17423
SELECT w0=17348
SELECT w1=12497
SELECT w2=17350
BUSY TASK ewma=997
DMA IRQ c0=2
DMA IRQ c1=0
DMA IRQ c2=0
DMA IRQ c3=0
SELECT busy=17432
SELECT w0=17357
SELECT w1=12504
SELECT w2=17359
BUSY TASK ewma=997
DMA IRQ c0=2
DMA IRQ c1=0
DMA IRQ c2=0
DMA IRQ c3=0
SELECT busy=17440
SELECT w0=17365
SELECT w1=12510
SELECT w2=17367
BUSY TASK ewma=997
DMA IRQ c0=2
DMA IRQ c1=0
DMA IRQ c2=0
DMA IRQ c3=0
SELECT busy=17449
SELECT w0=17374
SELECT w1=12516
SELECT w2=17376
BUSY TASK ewma=997
DMA IRQ c0=2
DMA IRQ c1=0
DMA IRQ c2=0
DMA IRQ c3=0
SELECT busy=17457
SELECT w0=17382
SELECT w1=12522
SELECT w2=17385
BUSY TASK ewma=997
DMA IRQ c0=2
DMA IRQ c1=0
DMA IRQ c2=0
DMA IRQ c3=0
SELECT busy=17466
SELECT w0=17391
SELECT w1=12528
SELECT w2=17393
BUSY TASK ewma=997
DMA IRQ c0=2
DMA IRQ c1=0
DMA IRQ c2=0
DMA IRQ c3=0
SELECT busy=17474
SELECT w0=17399
SELECT w1=12534
SELECT w2=17401
BUSY TASK ewma=997
DMA IRQ c0=2
DMA IRQ c1=0
DMA IRQ c2=0
DMA IRQ c3=0
SELECT busy=17484
SELECT w0=17409
SELECT w1=12541
SELECT w2=17411
BUSY TASK ewma=997
DMA IRQ c0=2
DMA IRQ c1=0
DMA IRQ c2=0
DMA IRQ c3=0
SELECT busy=17495
SELECT w0=17420
SELECT w1=12549
SELECT w2=17422
BUSY TASK ewma=997
DMA IRQ c0=2
DMA IRQ c1=0
DMA IRQ c2=0
DMA IRQ c3=0
SELECT busy=17506
SELECT w0=17431
SELECT w1=12557
SELECT w2=17433
BUSY TASK ewma=997
DMA IRQ c0=2
DMA IRQ c1=0
DMA IRQ c2=0
DMA IRQ c3=0
SELECT busy=17517
SELECT w0=17442
SELECT w1=12565
SELECT w2=17445
BUSY TASK ewma=997
DMA IRQ c0=2
DMA IRQ c1=0
DMA IRQ c2=0
DMA IRQ c3=0
SELECT busy=17527
SELECT w0=17452
SELECT w1=12572
SELECT w2=17454
BUSY TASK ewma=997
DMA IRQ c0=2
DMA IRQ c1=0
DMA IRQ c2=0
DMA IRQ c3=0
SELECT busy=17535
SELECT w0=17461
SELECT w1=12578
SELECT w2=17463
BUSY TASK ewma=997
DMA IRQ c0=2
DMA IRQ c1=0
DMA IRQ c2=0
DMA IRQ c3=0
SELECT busy=17544
SELECT w0=17469
SELECT w1=12584
SELECT w2=17471
BUSY TASK ewma=997
DMA IRQ c0=2
DMA IRQ c1=0
DMA IRQ c2=0
DMA IRQ c3=0
SELECT busy=17553
SELECT w0=17478
SELECT w1=12591
SELECT w2=17480
BUSY TASK ewma=997
DMA IRQ c0=2
DMA IRQ c1=0
DMA IRQ c2=0
DMA IRQ c3=0
SELECT busy=17561
SELECT w0=17486
SELECT w1=12597
SELECT w2=17488
BUSY TASK ewma=997
DMA IRQ c0=2
DMA IRQ c1=0
DMA IRQ c2=0
DMA IRQ c3=0
SELECT busy=17570
SELECT w0=17495
SELECT w1=12603
SELECT w2=17497
BUSY TASK ewma=997
DMA IRQ c0=2
DMA IRQ c1=0
DMA IRQ c2=0
DMA IRQ c3=0
SELECT busy=17578
SELECT w0=17503
SELECT w1=12609
SELECT w2=17506
BUSY TASK ewma=997
DMA IRQ c0=2
DMA IRQ c1=0
DMA IRQ c2=0
DMA IRQ c3=0
SELECT busy=17587
SELECT w0=17512
SELECT w1=12615
SELECT w2=17514
BUSY TASK ewma=997
DMA IRQ c0=2
DMA IRQ c1=0
DMA IRQ c2=0
DMA IRQ c3=0
SELECT busy=17596
SELECT w0=17521
SELECT w1=12621
SELECT w2=17523
BUSY TASK ewma=997
DMA IRQ c0=2
DMA IRQ c1=0
DMA IRQ c2=0
DMA IRQ c3=0
SELECT busy=17604
SELECT w0=17529
SELECT w1=12627
SELECT w2=17531
BUSY TASK ewma=997
DMA IRQ c0=2
DMA IRQ c1=0
DMA IRQ c2=0
DMA IRQ c3=0
SELECT busy=17614
SELECT w0=17540
SELECT w1=12635
SELECT w2=17542
BUSY TASK ewma=997
DMA IRQ c0=2
DMA IRQ c1=0
DMA IRQ c2=0
DMA IRQ c3=0
SELECT busy=17625
SELECT w0=17551
SELECT w1=12643
SELECT w2=17553
BUSY TASK ewma=997
DMA IRQ c0=2
DMA IRQ c1=0
DMA IRQ c2=0
DMA IRQ c3=0
SELECT busy=17636
SELECT w0=17561
SELECT w1=12650
SELECT w2=17563
BUSY TASK ewma=997
IRQ counts: cpu0=52787 cpu1=50666 cpu2=0 cpu3=0
SCHED secondaries: calls=50666 unexpected=0
SECTEST switches=50653 cpu1=1147351517,1139615509 cpu2=0,0 cpu3=0,0
PINGPONG rounds=0 pongs=0
DMA IRQ c0=2
DMA IRQ c1=0
DMA IRQ c2=0
DMA IRQ c3=0
SELECT busy=17648
SELECT w0=17573
SELECT w1=12660
SELECT w2=17576
BUSY TASK ewma=997
DMA IRQ c0=2
DMA IRQ c1=0
DMA IRQ c2=0
DMA IRQ c3=0
SELECT busy=17658
SELECT w0=17584
SELECT w1=12667
SELECT w2=17586
BUSY TASK ewma=997
DMA IRQ c0=2
DMA IRQ c1=0
DMA IRQ c2=0
DMA IRQ c3=0
SELECT busy=17668
SELECT w0=17594
SELECT w1=12674
SELECT w2=17596
BUSY TASK ewma=997
DMA IRQ c0=2
DMA IRQ c1=0
DMA IRQ c2=0
DMA IRQ c3=0
SELECT busy=17677
SELECT w0=17603
SELECT w1=12681
SELECT w2=17605
BUSY TASK ewma=997
DMA IRQ c0=2
DMA IRQ c1=0
DMA IRQ c2=0
DMA IRQ c3=0
SELECT busy=17687
SELECT w0=17612
SELECT w1=12687
SELECT w2=17614
BUSY TASK ewma=997
DMA IRQ c0=2
DMA IRQ c1=0
DMA IRQ c2=0
DMA IRQ c3=0
SELECT busy=17696
SELECT w0=17621
SELECT w1=12694
SELECT w2=17623
BUSY TASK ewma=997
DMA IRQ c0=2
DMA IRQ c1=0
DMA IRQ c2=0
DMA IRQ c3=0
SELECT busy=17705
SELECT w0=17630
SELECT w1=12700
SELECT w2=17632
BUSY TASK ewma=997
DMA IRQ c0=2
DMA IRQ c1=0
DMA IRQ c2=0
DMA IRQ c3=0
SELECT busy=17714
SELECT w0=17639
SELECT w1=12706
SELECT w2=17641
BUSY TASK ewma=997
DMA IRQ c0=2
DMA IRQ c1=0
DMA IRQ c2=0
DMA IRQ c3=0
SELECT busy=17722
SELECT w0=17647
SELECT w1=12713
SELECT w2=17650
BUSY TASK ewma=997
DMA IRQ c0=2
DMA IRQ c1=0
DMA IRQ c2=0
DMA IRQ c3=0
SELECT busy=17731
SELECT w0=17656
SELECT w1=12719
SELECT w2=17658
BUSY TASK ewma=997
DMA IRQ c0=2
DMA IRQ c1=0
DMA IRQ c2=0
DMA IRQ c3=0
SELECT busy=17740
SELECT w0=17665
SELECT w1=12725
SELECT w2=17667
BUSY TASK ewma=997
DMA IRQ c0=2
DMA IRQ c1=0
DMA IRQ c2=0
DMA IRQ c3=0
SELECT busy=17750
SELECT w0=17676
SELECT w1=12733
SELECT w2=17678
BUSY TASK ewma=997
DMA IRQ c0=2
DMA IRQ c1=0
DMA IRQ c2=0
DMA IRQ c3=0
SELECT busy=17760
SELECT w0=17686
SELECT w1=12740
SELECT w2=17688
BUSY TASK ewma=997
DMA IRQ c0=2
DMA IRQ c1=0
DMA IRQ c2=0
DMA IRQ c3=0
SELECT busy=17771
SELECT w0=17696
SELECT w1=12748
SELECT w2=17698
BUSY TASK ewma=997
DMA IRQ c0=2
DMA IRQ c1=0
DMA IRQ c2=0
DMA IRQ c3=0
SELECT busy=17779
SELECT w0=17705
SELECT w1=12754
SELECT w2=17707
BUSY TASK ewma=997
DMA IRQ c0=2
DMA IRQ c1=0
DMA IRQ c2=0
DMA IRQ c3=0
SELECT busy=17788
SELECT w0=17714
SELECT w1=12760
SELECT w2=17716
BUSY TASK ewma=997
DMA IRQ c0=2
DMA IRQ c1=0
DMA IRQ c2=0
DMA IRQ c3=0
SELECT busy=17797
SELECT w0=17722
SELECT w1=12767
SELECT w2=17725
BUSY TASK ewma=997
DMA IRQ c0=2
DMA IRQ c1=0
DMA IRQ c2=0
DMA IRQ c3=0
SELECT busy=17806
SELECT w0=17731
SELECT w1=12773
SELECT w2=17733
BUSY TASK ewma=997
DMA IRQ c0=2
DMA IRQ c1=0
DMA IRQ c2=0
DMA IRQ c3=0
SELECT busy=17815
SELECT w0=17740
SELECT w1=12779
SELECT w2=17742
BUSY TASK ewma=997
DMA IRQ c0=2
DMA IRQ c1=0
DMA IRQ c2=0
DMA IRQ c3=0
SELECT busy=17824
SELECT w0=17749
SELECT w1=12786
SELECT w2=17751
BUSY TASK ewma=997
DMA IRQ c0=2
DMA IRQ c1=0
DMA IRQ c2=0
DMA IRQ c3=0
SELECT busy=17832
SELECT w0=17757
SELECT w1=12792
SELECT w2=17759
BUSY TASK ewma=997
DMA IRQ c0=2
DMA IRQ c1=0
DMA IRQ c2=0
DMA IRQ c3=0
SELECT busy=17840
SELECT w0=17766
SELECT w1=12798
SELECT w2=17768
BUSY TASK ewma=997
DMA IRQ c0=2
DMA IRQ c1=0
DMA IRQ c2=0
DMA IRQ c3=0
SELECT busy=17849
SELECT w0=17774
SELECT w1=12804
SELECT w2=17776
BUSY TASK ewma=997
DMA IRQ c0=2
DMA IRQ c1=0
DMA IRQ c2=0
DMA IRQ c3=0
SELECT busy=17857
SELECT w0=17782
SELECT w1=12809
SELECT w2=17784
BUSY TASK ewma=997
DMA IRQ c0=2
DMA IRQ c1=0
DMA IRQ c2=0
DMA IRQ c3=0
SELECT busy=17865
SELECT w0=17790
SELECT w1=12815
SELECT w2=17792
BUSY TASK ewma=997
DMA IRQ c0=2
DMA IRQ c1=0
DMA IRQ c2=0
DMA IRQ c3=0
SELECT busy=17874
SELECT w0=17799
SELECT w1=12821
SELECT w2=17801
BUSY TASK ewma=997
DMA IRQ c0=2
DMA IRQ c1=0
DMA IRQ c2=0
DMA IRQ c3=0
SELECT busy=17882
SELECT w0=17807
SELECT w1=12827
SELECT w2=17809
BUSY TASK ewma=997
DMA IRQ c0=2
DMA IRQ c1=0
DMA IRQ c2=0
DMA IRQ c3=0
SELECT busy=17890
SELECT w0=17816
SELECT w1=12833
SELECT w2=17818
BUSY TASK ewma=997
DMA IRQ c0=2
DMA IRQ c1=0
DMA IRQ c2=0
DMA IRQ c3=0
SELECT busy=17899
SELECT w0=17824
SELECT w1=12839
SELECT w2=17826
BUSY TASK ewma=997
DMA IRQ c0=2
DMA IRQ c1=0
DMA IRQ c2=0
DMA IRQ c3=0
SELECT busy=17907
SELECT w0=17832
SELECT w1=12845
SELECT w2=17834
BUSY TASK ewma=997
DMA IRQ c0=2
DMA IRQ c1=0
DMA IRQ c2=0
DMA IRQ c3=0
SELECT busy=17915
SELECT w0=17841
SELECT w1=12851
SELECT w2=17843
BUSY TASK ewma=997
DMA IRQ c0=2
DMA IRQ c1=0
DMA IRQ c2=0
DMA IRQ c3=0
SELECT busy=17924
SELECT w0=17849
SELECT w1=12857
SELECT w2=17851
BUSY TASK ewma=997
DMA IRQ c0=2
DMA IRQ c1=0
DMA IRQ c2=0
DMA IRQ c3=0
SELECT busy=17931
SELECT w0=17856
SELECT w1=12862
SELECT w2=17858
BUSY TASK ewma=997
DMA IRQ c0=2
DMA IRQ c1=0
DMA IRQ c2=0
DMA IRQ c3=0
SELECT busy=17940
SELECT w0=17865
SELECT w1=12868
SELECT w2=17867
BUSY TASK ewma=997
DMA IRQ c0=2
DMA IRQ c1=0
DMA IRQ c2=0
DMA IRQ c3=0
SELECT busy=17948
SELECT w0=17873
SELECT w1=12874
SELECT w2=17875
BUSY TASK ewma=997
DMA IRQ c0=2
DMA IRQ c1=0
DMA IRQ c2=0
DMA IRQ c3=0
SELECT busy=17956
SELECT w0=17881
SELECT w1=12880
SELECT w2=17884
BUSY TASK ewma=997
DMA IRQ c0=2
DMA IRQ c1=0
DMA IRQ c2=0
DMA IRQ c3=0
SELECT busy=17965
SELECT w0=17890
SELECT w1=12886
SELECT w2=17892
BUSY TASK ewma=997
DMA IRQ c0=2
DMA IRQ c1=0
DMA IRQ c2=0
DMA IRQ c3=0
SELECT busy=17973
SELECT w0=17898
SELECT w1=12892
SELECT w2=17900
BUSY TASK ewma=997
DMA IRQ c0=2
DMA IRQ c1=0
DMA IRQ c2=0
DMA IRQ c3=0
SELECT busy=17982
SELECT w0=17907
SELECT w1=12898
SELECT w2=17909
BUSY TASK ewma=997
DMA IRQ c0=2
DMA IRQ c1=0
DMA IRQ c2=0
DMA IRQ c3=0
SELECT busy=17990
SELECT w0=17915
SELECT w1=12904
SELECT w2=17917
BUSY TASK ewma=997
DMA IRQ c0=2
DMA IRQ c1=0
DMA IRQ c2=0
DMA IRQ c3=0
SELECT busy=17998
SELECT w0=17923
SELECT w1=12910
SELECT w2=17926
BUSY TASK ewma=997
DMA IRQ c0=2
DMA IRQ c1=0
DMA IRQ c2=0
DMA IRQ c3=0
SELECT busy=18007
SELECT w0=17932
SELECT w1=12916
SELECT w2=17934
BUSY TASK ewma=997
DMA IRQ c0=2
DMA IRQ c1=0
DMA IRQ c2=0
DMA IRQ c3=0
SELECT busy=18015
SELECT w0=17940
SELECT w1=12922
SELECT w2=17942
BUSY TASK ewma=997
DMA IRQ c0=2
DMA IRQ c1=0
DMA IRQ c2=0
DMA IRQ c3=0
SELECT busy=18023
SELECT w0=17948
SELECT w1=12928
SELECT w2=17950
BUSY TASK ewma=997
DMA IRQ c0=2
DMA IRQ c1=0
DMA IRQ c2=0
DMA IRQ c3=0
SELECT busy=18031
SELECT w0=17956
SELECT w1=12934
SELECT w2=17959
BUSY TASK ewma=997
DMA IRQ c0=2
DMA IRQ c1=0
DMA IRQ c2=0
DMA IRQ c3=0
SELECT busy=18040
SELECT w0=17965
SELECT w1=12940
SELECT w2=17967
BUSY TASK ewma=997
DMA IRQ c0=2
DMA IRQ c1=0
DMA IRQ c2=0
DMA IRQ c3=0
SELECT busy=18048
SELECT w0=17973
SELECT w1=12946
SELECT w2=17975
BUSY TASK ewma=997
DMA IRQ c0=2
DMA IRQ c1=0
DMA IRQ c2=0
DMA IRQ c3=0
SELECT busy=18056
SELECT w0=17981
SELECT w1=12952
SELECT w2=17983
BUSY TASK ewma=997
DMA IRQ c0=2
DMA IRQ c1=0
DMA IRQ c2=0
DMA IRQ c3=0
SELECT busy=18064
SELECT w0=17989
SELECT w1=12957
SELECT w2=17991
BUSY TASK ewma=997
DMA IRQ c0=2
DMA IRQ c1=0
DMA IRQ c2=0
DMA IRQ c3=0
SELECT busy=18072
SELECT w0=17998
SELECT w1=12964
SELECT w2=18000
BUSY TASK ewma=997
DMA IRQ c0=2
DMA IRQ c1=0
DMA IRQ c2=0
DMA IRQ c3=0
SELECT busy=18081
SELECT w0=18006
SELECT w1=12970
SELECT w2=18008
BUSY TASK ewma=997
DMA IRQ c0=2
DMA IRQ c1=0
DMA IRQ c2=0
DMA IRQ c3=0
SELECT busy=18089
SELECT w0=18014
SELECT w1=12975
SELECT w2=18016
BUSY TASK ewma=997
DMA IRQ c0=2
DMA IRQ c1=0
DMA IRQ c2=0
DMA IRQ c3=0
SELECT busy=18097
SELECT w0=18023
SELECT w1=12982
SELECT w2=18025
BUSY TASK ewma=997
DMA IRQ c0=2
DMA IRQ c1=0
DMA IRQ c2=0
DMA IRQ c3=0
SELECT busy=18106
SELECT w0=18031
SELECT w1=12987
SELECT w2=18033
BUSY TASK ewma=997
DMA IRQ c0=2
DMA IRQ c1=0
DMA IRQ c2=0
DMA IRQ c3=0
SELECT busy=18114
SELECT w0=18039
SELECT w1=12994
SELECT w2=18042
BUSY TASK ewma=997
DMA IRQ c0=2
DMA IRQ c1=0
DMA IRQ c2=0
DMA IRQ c3=0
SELECT busy=18123
SELECT w0=18048
SELECT w1=13000
SELECT w2=18050
BUSY TASK ewma=997
DMA IRQ c0=2
DMA IRQ c1=0
DMA IRQ c2=0
DMA IRQ c3=0
SELECT busy=18131
SELECT w0=18056
SELECT w1=13006
SELECT w2=18058
BUSY TASK ewma=997
DMA IRQ c0=2
DMA IRQ c1=0
DMA IRQ c2=0
DMA IRQ c3=0
SELECT busy=18139
SELECT w0=18064
SELECT w1=13012
SELECT w2=18067
BUSY TASK ewma=997
DMA IRQ c0=2
DMA IRQ c1=0
DMA IRQ c2=0
DMA IRQ c3=0
SELECT busy=18148
SELECT w0=18073
SELECT w1=13018
SELECT w2=18075
BUSY TASK ewma=997
DMA IRQ c0=2
DMA IRQ c1=0
DMA IRQ c2=0
DMA IRQ c3=0
SELECT busy=18156
SELECT w0=18081
SELECT w1=13023
SELECT w2=18083
BUSY TASK ewma=997
DMA IRQ c0=2
DMA IRQ c1=0
DMA IRQ c2=0
DMA IRQ c3=0
SELECT busy=18165
SELECT w0=18090
SELECT w1=13030
SELECT w2=18092
BUSY TASK ewma=997
DMA IRQ c0=2
DMA IRQ c1=0
DMA IRQ c2=0
DMA IRQ c3=0
SELECT busy=18173
SELECT w0=18098
SELECT w1=13036
SELECT w2=18100
BUSY TASK ewma=997
DMA IRQ c0=2
DMA IRQ c1=0
DMA IRQ c2=0
DMA IRQ c3=0
SELECT busy=18181
SELECT w0=18106
SELECT w1=13041
SELECT w2=18108
BUSY TASK ewma=997
DMA IRQ c0=2
DMA IRQ c1=0
DMA IRQ c2=0
DMA IRQ c3=0
SELECT busy=18189
SELECT w0=18115
SELECT w1=13048
SELECT w2=18117
BUSY TASK ewma=997
IRQ counts: cpu0=54443 cpu1=52249 cpu2=0 cpu3=0
SCHED secondaries: calls=52249 unexpected=0
SECTEST switches=52235 cpu1=1185224131,1177603630 cpu2=0,0 cpu3=0,0
PINGPONG rounds=0 pongs=0
DMA IRQ c0=2
DMA IRQ c1=0
DMA IRQ c2=0
DMA IRQ c3=0
SELECT busy=18199
SELECT w0=18124
SELECT w1=13054
SELECT w2=18126
BUSY TASK ewma=997
DMA IRQ c0=2
DMA IRQ c1=0
DMA IRQ c2=0
DMA IRQ c3=0
SELECT busy=18207
SELECT w0=18132
SELECT w1=13060
SELECT w2=18134
BUSY TASK ewma=997
DMA IRQ c0=2
DMA IRQ c1=0
DMA IRQ c2=0
DMA IRQ c3=0
SELECT busy=18215
SELECT w0=18140
SELECT w1=13066
SELECT w2=18143
BUSY TASK ewma=997
DMA IRQ c0=2
DMA IRQ c1=0
DMA IRQ c2=0
DMA IRQ c3=0
SELECT busy=18224
SELECT w0=18149
SELECT w1=13072
SELECT w2=18151
BUSY TASK ewma=997
DMA IRQ c0=2
DMA IRQ c1=0
DMA IRQ c2=0
DMA IRQ c3=0
SELECT busy=18232
SELECT w0=18157
SELECT w1=13078
SELECT w2=18159
BUSY TASK ewma=997
DMA IRQ c0=2
DMA IRQ c1=0
DMA IRQ c2=0
DMA IRQ c3=0
SELECT busy=18240
SELECT w0=18165
SELECT w1=13084
SELECT w2=18168
BUSY TASK ewma=997
DMA IRQ c0=2
DMA IRQ c1=0
DMA IRQ c2=0
DMA IRQ c3=0
SELECT busy=18249
SELECT w0=18174
SELECT w1=13090
SELECT w2=18176
BUSY TASK ewma=997
DMA IRQ c0=2
DMA IRQ c1=0
DMA IRQ c2=0
DMA IRQ c3=0
SELECT busy=18257
SELECT w0=18182
SELECT w1=13096
SELECT w2=18185
BUSY TASK ewma=997
DMA IRQ c0=2
DMA IRQ c1=0
DMA IRQ c2=0
DMA IRQ c3=0
SELECT busy=18265
SELECT w0=18190
SELECT w1=13102
SELECT w2=18193
BUSY TASK ewma=997
DMA IRQ c0=2
DMA IRQ c1=0
DMA IRQ c2=0
DMA IRQ c3=0
SELECT busy=18274
SELECT w0=18199
SELECT w1=13108
SELECT w2=18201
BUSY TASK ewma=997
DMA IRQ c0=2
DMA IRQ c1=0
DMA IRQ c2=0
DMA IRQ c3=0
SELECT busy=18282
SELECT w0=18207
SELECT w1=13114
SELECT w2=18209
BUSY TASK ewma=997
DMA IRQ c0=2
DMA IRQ c1=0
DMA IRQ c2=0
DMA IRQ c3=0
SELECT busy=18290
SELECT w0=18215
SELECT w1=13120
SELECT w2=18217
BUSY TASK ewma=997
DMA IRQ c0=2
DMA IRQ c1=0
DMA IRQ c2=0
DMA IRQ c3=0
SELECT busy=18298
SELECT w0=18223
SELECT w1=13125
SELECT w2=18226
BUSY TASK ewma=997
DMA IRQ c0=2
DMA IRQ c1=0
DMA IRQ c2=0
DMA IRQ c3=0
SELECT busy=18307
SELECT w0=18232
SELECT w1=13132
SELECT w2=18234
BUSY TASK ewma=997
DMA IRQ c0=2
DMA IRQ c1=0
DMA IRQ c2=0
DMA IRQ c3=0
SELECT busy=18315
SELECT w0=18240
SELECT w1=13138
SELECT w2=18243
BUSY TASK ewma=997
DMA IRQ c0=2
DMA IRQ c1=0
DMA IRQ c2=0
DMA IRQ c3=0
SELECT busy=18323
SELECT w0=18249
SELECT w1=13144
SELECT w2=18251
BUSY TASK ewma=997
DMA IRQ c0=2
DMA IRQ c1=0
DMA IRQ c2=0
DMA IRQ c3=0
SELECT busy=18332
SELECT w0=18257
SELECT w1=13150
SELECT w2=18259
BUSY TASK ewma=997
DMA IRQ c0=2
DMA IRQ c1=0
DMA IRQ c2=0
DMA IRQ c3=0
SELECT busy=18340
SELECT w0=18265
SELECT w1=13156
SELECT w2=18267
BUSY TASK ewma=997
DMA IRQ c0=2
DMA IRQ c1=0
DMA IRQ c2=0
DMA IRQ c3=0
SELECT busy=18348
SELECT w0=18273
SELECT w1=13161
SELECT w2=18275
BUSY TASK ewma=997
DMA IRQ c0=2
DMA IRQ c1=0
DMA IRQ c2=0
DMA IRQ c3=0
SELECT busy=18356
SELECT w0=18282
SELECT w1=13168
SELECT w2=18284
BUSY TASK ewma=997
DMA IRQ c0=2
DMA IRQ c1=0
DMA IRQ c2=0
DMA IRQ c3=0
SELECT busy=18365
SELECT w0=18290
SELECT w1=13173
SELECT w2=18292
BUSY TASK ewma=997
DMA IRQ c0=2
DMA IRQ c1=0
DMA IRQ c2=0
DMA IRQ c3=0
SELECT busy=18373
SELECT w0=18298
SELECT w1=13179
SELECT w2=18300
BUSY TASK ewma=997
DMA IRQ c0=2
DMA IRQ c1=0
DMA IRQ c2=0
DMA IRQ c3=0
SELECT busy=18382
SELECT w0=18307
SELECT w1=13186
SELECT w2=18309
BUSY TASK ewma=997
DMA IRQ c0=2
DMA IRQ c1=0
DMA IRQ c2=0
DMA IRQ c3=0
SELECT busy=18392
SELECT w0=18317
SELECT w1=13193
SELECT w2=18319
BUSY TASK ewma=997
DMA IRQ c0=2
DMA IRQ c1=0
DMA IRQ c2=0
DMA IRQ c3=0
SELECT busy=18403
SELECT w0=18328
SELECT w1=13201
SELECT w2=18330
BUSY TASK ewma=997
DMA IRQ c0=2
DMA IRQ c1=0
DMA IRQ c2=0
DMA IRQ c3=0
SELECT busy=18414
SELECT w0=18340
SELECT w1=13210
SELECT w2=18342
BUSY TASK ewma=997
DMA IRQ c0=2
DMA IRQ c1=0
DMA IRQ c2=0
DMA IRQ c3=0
SELECT busy=18426
SELECT w0=18351
SELECT w1=13218
SELECT w2=18353
BUSY TASK ewma=997
DMA IRQ c0=2
DMA IRQ c1=0
DMA IRQ c2=0
DMA IRQ c3=0
SELECT busy=18437
SELECT w0=18362
SELECT w1=13226
SELECT w2=18364
BUSY TASK ewma=997
DMA IRQ c0=2
DMA IRQ c1=0
DMA IRQ c2=0
DMA IRQ c3=0
SELECT busy=18445
SELECT w0=18370
SELECT w1=13231
SELECT w2=18372
BUSY TASK ewma=997
DMA IRQ c0=2
DMA IRQ c1=0
DMA IRQ c2=0
DMA IRQ c3=0
SELECT busy=18453
SELECT w0=18378
SELECT w1=13238
SELECT w2=18381
BUSY TASK ewma=997
DMA IRQ c0=2
DMA IRQ c1=0
DMA IRQ c2=0
DMA IRQ c3=0
SELECT busy=18462
SELECT w0=18387
SELECT w1=13244
SELECT w2=18389
BUSY TASK ewma=997
DMA IRQ c0=2
DMA IRQ c1=0
DMA IRQ c2=0
DMA IRQ c3=0
SELECT busy=18470
SELECT w0=18395
SELECT w1=13249
SELECT w2=18397
BUSY TASK ewma=997
DMA IRQ c0=2
DMA IRQ c1=0
DMA IRQ c2=0
DMA IRQ c3=0
SELECT busy=18478
SELECT w0=18403
SELECT w1=13255
SELECT w2=18405
BUSY TASK ewma=997
DMA IRQ c0=2
DMA IRQ c1=0
DMA IRQ c2=0
DMA IRQ c3=0
SELECT busy=18487
SELECT w0=18412
SELECT w1=13261
SELECT w2=18414
BUSY TASK ewma=997
DMA IRQ c0=2
DMA IRQ c1=0
DMA IRQ c2=0
DMA IRQ c3=0
SELECT busy=18495
SELECT w0=18420
SELECT w1=13267
SELECT w2=18422
BUSY TASK ewma=997
DMA IRQ c0=2
DMA IRQ c1=0
DMA IRQ c2=0
DMA IRQ c3=0
SELECT busy=18503
SELECT w0=18428
SELECT w1=13273
SELECT w2=18430
BUSY TASK ewma=997
DMA IRQ c0=2
DMA IRQ c1=0
DMA IRQ c2=0
DMA IRQ c3=0
SELECT busy=18511
SELECT w0=18436
SELECT w1=13279
SELECT w2=18438
BUSY TASK ewma=997
DMA IRQ c0=2
DMA IRQ c1=0
DMA IRQ c2=0
DMA IRQ c3=0
SELECT busy=18519
SELECT w0=18444
SELECT w1=13285
SELECT w2=18447
BUSY TASK ewma=997
DMA IRQ c0=2
DMA IRQ c1=0
DMA IRQ c2=0
DMA IRQ c3=0
SELECT busy=18528
SELECT w0=18453
SELECT w1=13291
SELECT w2=18455
BUSY TASK ewma=997
DMA IRQ c0=2
DMA IRQ c1=0
DMA IRQ c2=0
DMA IRQ c3=0
SELECT busy=18536
SELECT w0=18461
SELECT w1=13297
SELECT w2=18463
BUSY TASK ewma=997
DMA IRQ c0=2
DMA IRQ c1=0
DMA IRQ c2=0
DMA IRQ c3=0
SELECT busy=18544
SELECT w0=18470
SELECT w1=13303
SELECT w2=18472
BUSY TASK ewma=997
DMA IRQ c0=2
DMA IRQ c1=0
DMA IRQ c2=0
DMA IRQ c3=0
SELECT busy=18553
SELECT w0=18478
SELECT w1=13309
SELECT w2=18480
BUSY TASK ewma=997
DMA IRQ c0=2
DMA IRQ c1=0
DMA IRQ c2=0
DMA IRQ c3=0
SELECT busy=18561
SELECT w0=18486
SELECT w1=13315
SELECT w2=18489
BUSY TASK ewma=997
DMA IRQ c0=2
DMA IRQ c1=0
DMA IRQ c2=0
DMA IRQ c3=0
SELECT busy=18570
SELECT w0=18495
SELECT w1=13321
SELECT w2=18497
BUSY TASK ewma=997
DMA IRQ c0=2
DMA IRQ c1=0
DMA IRQ c2=0
DMA IRQ c3=0
SELECT busy=18578
SELECT w0=18503
SELECT w1=13327
SELECT w2=18505
BUSY TASK ewma=997
DMA IRQ c0=2
DMA IRQ c1=0
DMA IRQ c2=0
DMA IRQ c3=0
SELECT busy=18587
SELECT w0=18512
SELECT w1=13333
SELECT w2=18514
BUSY TASK ewma=997
DMA IRQ c0=2
DMA IRQ c1=0
DMA IRQ c2=0
DMA IRQ c3=0
SELECT busy=18595
SELECT w0=18520
SELECT w1=13339
SELECT w2=18522
BUSY TASK ewma=997
DMA IRQ c0=2
DMA IRQ c1=0
DMA IRQ c2=0
DMA IRQ c3=0
SELECT busy=18604
SELECT w0=18529
SELECT w1=13345
SELECT w2=18531
BUSY TASK ewma=997
DMA IRQ c0=2
DMA IRQ c1=0
DMA IRQ c2=0
DMA IRQ c3=0
SELECT busy=18612
SELECT w0=18537
SELECT w1=13351
SELECT w2=18539
BUSY TASK ewma=997
DMA IRQ c0=2
DMA IRQ c1=0
DMA IRQ c2=0
DMA IRQ c3=0
SELECT busy=18620
SELECT w0=18545
SELECT w1=13357
SELECT w2=18548
BUSY TASK ewma=997
DMA IRQ c0=2
DMA IRQ c1=0
DMA IRQ c2=0
DMA IRQ c3=0
SELECT busy=18629
SELECT w0=18554
SELECT w1=13363
SELECT w2=18556
BUSY TASK ewma=997
DMA IRQ c0=2
DMA IRQ c1=0
DMA IRQ c2=0
DMA IRQ c3=0
SELECT busy=18638
SELECT w0=18563
SELECT w1=13370
SELECT w2=18565
BUSY TASK ewma=997
DMA IRQ c0=2
DMA IRQ c1=0
DMA IRQ c2=0
DMA IRQ c3=0
SELECT busy=18646
SELECT w0=18571
SELECT w1=13375
SELECT w2=18574
BUSY TASK ewma=997
DMA IRQ c0=2
DMA IRQ c1=0
DMA IRQ c2=0
DMA IRQ c3=0
SELECT busy=18655
SELECT w0=18580
SELECT w1=13382
SELECT w2=18582
BUSY TASK ewma=997
DMA IRQ c0=2
DMA IRQ c1=0
DMA IRQ c2=0
DMA IRQ c3=0
SELECT busy=18663
SELECT w0=18588
SELECT w1=13388
SELECT w2=18590
BUSY TASK ewma=997
DMA IRQ c0=2
DMA IRQ c1=0
DMA IRQ c2=0
DMA IRQ c3=0
SELECT busy=18672
SELECT w0=18597
SELECT w1=13394
SELECT w2=18599
BUSY TASK ewma=997
DMA IRQ c0=2
DMA IRQ c1=0
DMA IRQ c2=0
DMA IRQ c3=0
SELECT busy=18680
SELECT w0=18605
SELECT w1=13400
SELECT w2=18607
BUSY TASK ewma=997
DMA IRQ c0=2
DMA IRQ c1=0
DMA IRQ c2=0
DMA IRQ c3=0
SELECT busy=18688
SELECT w0=18613
SELECT w1=13405
SELECT w2=18615
BUSY TASK ewma=997
DMA IRQ c0=2
DMA IRQ c1=0
DMA IRQ c2=0
DMA IRQ c3=0
SELECT busy=18697
SELECT w0=18622
SELECT w1=13412
SELECT w2=18624
BUSY TASK ewma=997
DMA IRQ c0=2
DMA IRQ c1=0
DMA IRQ c2=0
DMA IRQ c3=0
SELECT busy=18705
SELECT w0=18630
SELECT w1=13418
SELECT w2=18632
BUSY TASK ewma=997
DMA IRQ c0=2
DMA IRQ c1=0
DMA IRQ c2=0
DMA IRQ c3=0
SELECT busy=18713
SELECT w0=18638
SELECT w1=13423
SELECT w2=18641
BUSY TASK ewma=997
DMA IRQ c0=2
DMA IRQ c1=0
DMA IRQ c2=0
DMA IRQ c3=0
SELECT busy=18721
SELECT w0=18647
SELECT w1=13430
SELECT w2=18649
BUSY TASK ewma=997
DMA IRQ c0=2
DMA IRQ c1=0
DMA IRQ c2=0
DMA IRQ c3=0
SELECT busy=18730
SELECT w0=18655
SELECT w1=13435
SELECT w2=18657
BUSY TASK ewma=997
DMA IRQ c0=2
DMA IRQ c1=0
DMA IRQ c2=0
DMA IRQ c3=0
SELECT busy=18738
SELECT w0=18663
SELECT w1=13441
SELECT w2=18665
BUSY TASK ewma=997
IRQ counts: cpu0=56087 cpu1=53823 cpu2=0 cpu3=0
SCHED secondaries: calls=53823 unexpected=0
SECTEST switches=53810 cpu1=1222435757,1214838181 cpu2=0,0 cpu3=0,0
PINGPONG rounds=0 pongs=0
DMA IRQ c0=2
DMA IRQ c1=0
DMA IRQ c2=0
DMA IRQ c3=0
SELECT busy=18747
SELECT w0=18672
SELECT w1=13448
SELECT w2=18674
BUSY TASK ewma=997
DMA IRQ c0=2
DMA IRQ c1=0
DMA IRQ c2=0
DMA IRQ c3=0
SELECT busy=18755
SELECT w0=18680
SELECT w1=13453
SELECT w2=18682
BUSY TASK ewma=997
DMA IRQ c0=2
DMA IRQ c1=0
DMA IRQ c2=0
DMA IRQ c3=0
SELECT busy=18763
SELECT w0=18689
SELECT w1=13460
SELECT w2=18691
BUSY TASK ewma=997
DMA IRQ c0=2
DMA IRQ c1=0
DMA IRQ c2=0
DMA IRQ c3=0
SELECT busy=18772
SELECT w0=18697
SELECT w1=13465
SELECT w2=18699
BUSY TASK ewma=997
DMA IRQ c0=2
DMA IRQ c1=0
DMA IRQ c2=0
DMA IRQ c3=0
SELECT busy=18780
SELECT w0=18705
SELECT w1=13471
SELECT w2=18708
BUSY TASK ewma=997
DMA IRQ c0=2
DMA IRQ c1=0
DMA IRQ c2=0
DMA IRQ c3=0
SELECT busy=18789
SELECT w0=18714
SELECT w1=13477
SELECT w2=18716
BUSY TASK ewma=997
DMA IRQ c0=2
DMA IRQ c1=0
DMA IRQ c2=0
DMA IRQ c3=0
SELECT busy=18797
SELECT w0=18722
SELECT w1=13483
SELECT w2=18724
BUSY TASK ewma=997
DMA IRQ c0=2
DMA IRQ c1=0
DMA IRQ c2=0
DMA IRQ c3=0
SELECT busy=18806
SELECT w0=18731
SELECT w1=13490
SELECT w2=18733
BUSY TASK ewma=997
DMA IRQ c0=2
DMA IRQ c1=0
DMA IRQ c2=0
DMA IRQ c3=0
SELECT busy=18814
SELECT w0=18739
SELECT w1=13495
SELECT w2=18741
BUSY TASK ewma=997
DMA IRQ c0=2
DMA IRQ c1=0
DMA IRQ c2=0
DMA IRQ c3=0
SELECT busy=18822
SELECT w0=18747
SELECT w1=13501
SELECT w2=18749
BUSY TASK ewma=997
DMA IRQ c0=2
DMA IRQ c1=0
DMA IRQ c2=0
DMA IRQ c3=0
SELECT busy=18830
SELECT w0=18755
SELECT w1=13507
SELECT w2=18757
BUSY TASK ewma=997
DMA IRQ c0=2
DMA IRQ c1=0
DMA IRQ c2=0
DMA IRQ c3=0
SELECT busy=18838
SELECT w0=18763
SELECT w1=13513
SELECT w2=18766
BUSY TASK ewma=997
DMA IRQ c0=2
DMA IRQ c1=0
DMA IRQ c2=0
DMA IRQ c3=0
SELECT busy=18847
SELECT w0=18772
SELECT w1=13519
SELECT w2=18774
BUSY TASK ewma=997
DMA IRQ c0=2
DMA IRQ c1=0
DMA IRQ c2=0
DMA IRQ c3=0
SELECT busy=18856
SELECT w0=18781
SELECT w1=13525
SELECT w2=18783
BUSY TASK ewma=997
DMA IRQ c0=2
DMA IRQ c1=0
DMA IRQ c2=0
DMA IRQ c3=0
SELECT busy=18864
SELECT w0=18789
SELECT w1=13531
SELECT w2=18792
BUSY TASK ewma=997
DMA IRQ c0=2
DMA IRQ c1=0
DMA IRQ c2=0
DMA IRQ c3=0
SELECT busy=18873
SELECT w0=18798
SELECT w1=13538
SELECT w2=18800
BUSY TASK ewma=997
DMA IRQ c0=2
DMA IRQ c1=0
DMA IRQ c2=0
DMA IRQ c3=0
SELECT busy=18881
SELECT w0=18806
SELECT w1=13543
SELECT w2=18808
BUSY TASK ewma=997
DMA IRQ c0=2
DMA IRQ c1=0
DMA IRQ c2=0
DMA IRQ c3=0
SELECT busy=18890
SELECT w0=18815
SELECT w1=13550
SELECT w2=18817
BUSY TASK ewma=997
DMA IRQ c0=2
DMA IRQ c1=0
DMA IRQ c2=0
DMA IRQ c3=0
SELECT busy=18898
SELECT w0=18824
SELECT w1=13556
SELECT w2=18826
BUSY TASK ewma=997
DMA IRQ c0=2
DMA IRQ c1=0
DMA IRQ c2=0
DMA IRQ c3=0
SELECT busy=18907
SELECT w0=18832
SELECT w1=13562
SELECT w2=18834
BUSY TASK ewma=997
DMA IRQ c0=2
DMA IRQ c1=0
DMA IRQ c2=0
DMA IRQ c3=0
SELECT busy=18916
SELECT w0=18841
SELECT w1=13568
SELECT w2=18843
BUSY TASK ewma=997
DMA IRQ c0=2
DMA IRQ c1=0
DMA IRQ c2=0
DMA IRQ c3=0
SELECT busy=18924
SELECT w0=18849
SELECT w1=13574
SELECT w2=18852
BUSY TASK ewma=997
DMA IRQ c0=2
DMA IRQ c1=0
DMA IRQ c2=0
DMA IRQ c3=0
SELECT busy=18933
SELECT w0=18858
SELECT w1=13581
SELECT w2=18860
BUSY TASK ewma=997
DMA IRQ c0=2
DMA IRQ c1=0
DMA IRQ c2=0
DMA IRQ c3=0
SELECT busy=18942
SELECT w0=18867
SELECT w1=13587
SELECT w2=18869
BUSY TASK ewma=997
DMA IRQ c0=2
DMA IRQ c1=0
DMA IRQ c2=0
DMA IRQ c3=0
SELECT busy=18952
SELECT w0=18877
SELECT w1=13595
SELECT w2=18879
BUSY TASK ewma=997
DMA IRQ c0=2
DMA IRQ c1=0
DMA IRQ c2=0
DMA IRQ c3=0
SELECT busy=18962
SELECT w0=18887
SELECT w1=13602
SELECT w2=18890
BUSY TASK ewma=997
DMA IRQ c0=2
DMA IRQ c1=0
DMA IRQ c2=0
DMA IRQ c3=0
SELECT busy=18972
SELECT w0=18897
SELECT w1=13609
SELECT w2=18900
BUSY TASK ewma=997
DMA IRQ c0=2
DMA IRQ c1=0
DMA IRQ c2=0
DMA IRQ c3=0
SELECT busy=18982
SELECT w0=18907
SELECT w1=13616
SELECT w2=18909
BUSY TASK ewma=997
DMA IRQ c0=2
DMA IRQ c1=0
DMA IRQ c2=0
DMA IRQ c3=0
SELECT busy=18991
SELECT w0=18916
SELECT w1=13622
SELECT w2=18918
BUSY TASK ewma=997
DMA IRQ c0=2
DMA IRQ c1=0
DMA IRQ c2=0
DMA IRQ c3=0
SELECT busy=19000
SELECT w0=18925
SELECT w1=13629
SELECT w2=18927
BUSY TASK ewma=997
DMA IRQ c0=2
DMA IRQ c1=0
DMA IRQ c2=0
DMA IRQ c3=0
SELECT busy=19008
SELECT w0=18933
SELECT w1=13635
SELECT w2=18936
BUSY TASK ewma=997
DMA IRQ c0=2
DMA IRQ c1=0
DMA IRQ c2=0
DMA IRQ c3=0
SELECT busy=19017
SELECT w0=18942
SELECT w1=13641
SELECT w2=18944
BUSY TASK ewma=997
DMA IRQ c0=2
DMA IRQ c1=0
DMA IRQ c2=0
DMA IRQ c3=0
SELECT busy=19025
SELECT w0=18950
SELECT w1=13647
SELECT w2=18952
BUSY TASK ewma=997
DMA IRQ c0=2
DMA IRQ c1=0
DMA IRQ c2=0
DMA IRQ c3=0
SELECT busy=19034
SELECT w0=18959
SELECT w1=13653
SELECT w2=18961
BUSY TASK ewma=997
DMA IRQ c0=2
DMA IRQ c1=0
DMA IRQ c2=0
DMA IRQ c3=0
SELECT busy=19042
SELECT w0=18967
SELECT w1=13660
SELECT w2=18970
BUSY TASK ewma=997
DMA IRQ c0=2
DMA IRQ c1=0
DMA IRQ c2=0
DMA IRQ c3=0
SELECT busy=19051
SELECT w0=18976
SELECT w1=13666
SELECT w2=18978
BUSY TASK ewma=997
DMA IRQ c0=2
DMA IRQ c1=0
DMA IRQ c2=0
DMA IRQ c3=0
SELECT busy=19059
SELECT w0=18985
SELECT w1=13672
SELECT w2=18987
BUSY TASK ewma=997
DMA IRQ c0=2
DMA IRQ c1=0
DMA IRQ c2=0
DMA IRQ c3=0
SELECT busy=19068
SELECT w0=18993
SELECT w1=13678
SELECT w2=18995
BUSY TASK ewma=997
DMA IRQ c0=2
DMA IRQ c1=0
DMA IRQ c2=0
DMA IRQ c3=0
SELECT busy=19076
SELECT w0=19001
SELECT w1=13684
SELECT w2=19003
BUSY TASK ewma=997
DMA IRQ c0=2
DMA IRQ c1=0
DMA IRQ c2=0
DMA IRQ c3=0
SELECT busy=19084
SELECT w0=19009
SELECT w1=13690
SELECT w2=19012
BUSY TASK ewma=997
DMA IRQ c0=2
DMA IRQ c1=0
DMA IRQ c2=0
DMA IRQ c3=0
SELECT busy=19093
SELECT w0=19018
SELECT w1=13696
SELECT w2=19020
BUSY TASK ewma=997
DMA IRQ c0=2
DMA IRQ c1=0
DMA IRQ c2=0
DMA IRQ c3=0
SELECT busy=19101
SELECT w0=19026
SELECT w1=13701
SELECT w2=19029
BUSY TASK ewma=997
DMA IRQ c0=2
DMA IRQ c1=0
DMA IRQ c2=0
DMA IRQ c3=0
SELECT busy=19110
SELECT w0=19035
SELECT w1=13708
SELECT w2=19037
BUSY TASK ewma=997
DMA IRQ c0=2
DMA IRQ c1=0
DMA IRQ c2=0
DMA IRQ c3=0
SELECT busy=19118
SELECT w0=19043
SELECT w1=13714
SELECT w2=19045
BUSY TASK ewma=997
DMA IRQ c0=2
DMA IRQ c1=0
DMA IRQ c2=0
DMA IRQ c3=0
SELECT busy=19126
SELECT w0=19051
SELECT w1=13719
SELECT w2=19053
BUSY TASK ewma=997
DMA IRQ c0=2
DMA IRQ c1=0
DMA IRQ c2=0
DMA IRQ c3=0
SELECT busy=19135
SELECT w0=19060
SELECT w1=13726
SELECT w2=19062
BUSY TASK ewma=997
DMA IRQ c0=2
DMA IRQ c1=0
DMA IRQ c2=0
DMA IRQ c3=0
SELECT busy=19143
SELECT w0=19068
SELECT w1=13732
SELECT w2=19070
BUSY TASK ewma=997
DMA IRQ c0=2
DMA IRQ c1=0
DMA IRQ c2=0
DMA IRQ c3=0
SELECT busy=19151
SELECT w0=19076
SELECT w1=13737
SELECT w2=19078
BUSY TASK ewma=997
DMA IRQ c0=2
DMA IRQ c1=0
DMA IRQ c2=0
DMA IRQ c3=0
SELECT busy=19160
SELECT w0=19085
SELECT w1=13744
SELECT w2=19087
BUSY TASK ewma=997
DMA IRQ c0=2
DMA IRQ c1=0
DMA IRQ c2=0
DMA IRQ c3=0
SELECT busy=19168
SELECT w0=19093
SELECT w1=13750
SELECT w2=19095
BUSY TASK ewma=997
DMA IRQ c0=2
DMA IRQ c1=0
DMA IRQ c2=0
DMA IRQ c3=0
SELECT busy=19176
SELECT w0=19101
SELECT w1=13756
SELECT w2=19103
BUSY TASK ewma=997
DMA IRQ c0=2
DMA IRQ c1=0
DMA IRQ c2=0
DMA IRQ c3=0
SELECT busy=19185
SELECT w0=19110
SELECT w1=13762
SELECT w2=19112
BUSY TASK ewma=997
DMA IRQ c0=2
DMA IRQ c1=0
DMA IRQ c2=0
DMA IRQ c3=0
SELECT busy=19193
SELECT w0=19118
SELECT w1=13768
SELECT w2=19120
BUSY TASK ewma=997
DMA IRQ c0=2
DMA IRQ c1=0
DMA IRQ c2=0
DMA IRQ c3=0
SELECT busy=19201
SELECT w0=19126
SELECT w1=13773
SELECT w2=19128
BUSY TASK ewma=997
DMA IRQ c0=2
DMA IRQ c1=0
DMA IRQ c2=0
DMA IRQ c3=0
SELECT busy=19209
SELECT w0=19134
SELECT w1=13780
SELECT w2=19137
BUSY TASK ewma=997
DMA IRQ c0=2
DMA IRQ c1=0
DMA IRQ c2=0
DMA IRQ c3=0
SELECT busy=19218
SELECT w0=19143
SELECT w1=13786
SELECT w2=19145
BUSY TASK ewma=997
DMA IRQ c0=2
DMA IRQ c1=0
DMA IRQ c2=0
DMA IRQ c3=0
SELECT busy=19226
SELECT w0=19151
SELECT w1=13791
SELECT w2=19153
BUSY TASK ewma=997
DMA IRQ c0=2
DMA IRQ c1=0
DMA IRQ c2=0
DMA IRQ c3=0
SELECT busy=19234
SELECT w0=19160
SELECT w1=13798
SELECT w2=19162
BUSY TASK ewma=997
DMA IRQ c0=2
DMA IRQ c1=0
DMA IRQ c2=0
DMA IRQ c3=0
SELECT busy=19243
SELECT w0=19168
SELECT w1=13803
SELECT w2=19170
BUSY TASK ewma=997
DMA IRQ c0=2
DMA IRQ c1=0
DMA IRQ c2=0
DMA IRQ c3=0
SELECT busy=19251
SELECT w0=19176
SELECT w1=13809
SELECT w2=19178
BUSY TASK ewma=997
DMA IRQ c0=2
DMA IRQ c1=0
DMA IRQ c2=0
DMA IRQ c3=0
SELECT busy=19259
SELECT w0=19184
SELECT w1=13815
SELECT w2=19187
BUSY TASK ewma=997
DMA IRQ c0=2
DMA IRQ c1=0
DMA IRQ c2=0
DMA IRQ c3=0
SELECT busy=19269
SELECT w0=19194
SELECT w1=13822
SELECT w2=19196
BUSY TASK ewma=997
DMA IRQ c0=2
DMA IRQ c1=0
DMA IRQ c2=0
DMA IRQ c3=0
SELECT busy=19280
SELECT w0=19205
SELECT w1=13830
SELECT w2=19208
BUSY TASK ewma=997
DMA IRQ c0=2
DMA IRQ c1=0
DMA IRQ c2=0
DMA IRQ c3=0
SELECT busy=19291
SELECT w0=19216
SELECT w1=13838
SELECT w2=19219
BUSY TASK ewma=997
IRQ counts: cpu0=57755 cpu1=55417 cpu2=0 cpu3=0
SCHED secondaries: calls=55417 unexpected=0
SECTEST switches=55404 cpu1=1260300577,1252532994 cpu2=0,0 cpu3=0,0
PINGPONG rounds=0 pongs=0
DMA IRQ c0=2
DMA IRQ c1=0
DMA IRQ c2=0
DMA IRQ c3=0
SELECT busy=19303
SELECT w0=19229
SELECT w1=13847
SELECT w2=19231
BUSY TASK ewma=997
DMA IRQ c0=2
DMA IRQ c1=0
DMA IRQ c2=0
DMA IRQ c3=0
SELECT busy=19315
SELECT w0=19240
SELECT w1=13855
SELECT w2=19242
BUSY TASK ewma=997
DMA IRQ c0=2
DMA IRQ c1=0
DMA IRQ c2=0
DMA IRQ c3=0
SELECT busy=19326
SELECT w0=19251
SELECT w1=13863
SELECT w2=19253
BUSY TASK ewma=997
DMA IRQ c0=2
DMA IRQ c1=0
DMA IRQ c2=0
DMA IRQ c3=0
SELECT busy=19338
SELECT w0=19263
SELECT w1=13871
SELECT w2=19265
BUSY TASK ewma=997
DMA IRQ c0=2
DMA IRQ c1=0
DMA IRQ c2=0
DMA IRQ c3=0
SELECT busy=19349
SELECT w0=19274
SELECT w1=13879
SELECT w2=19276
BUSY TASK ewma=997
DMA IRQ c0=2
DMA IRQ c1=0
DMA IRQ c2=0
DMA IRQ c3=0
SELECT busy=19360
SELECT w0=19285
SELECT w1=13887
SELECT w2=19288
BUSY TASK ewma=997
DMA IRQ c0=2
DMA IRQ c1=0
DMA IRQ c2=0
DMA IRQ c3=0
SELECT busy=19371
SELECT w0=19296
SELECT w1=13895
SELECT w2=19298
BUSY TASK ewma=997
DMA IRQ c0=2
DMA IRQ c1=0
DMA IRQ c2=0
DMA IRQ c3=0
SELECT busy=19381
SELECT w0=19306
SELECT w1=13902
SELECT w2=19308
BUSY TASK ewma=997
DMA IRQ c0=2
DMA IRQ c1=0
DMA IRQ c2=0
DMA IRQ c3=0
SELECT busy=19390
SELECT w0=19315
SELECT w1=13909
SELECT w2=19317
BUSY TASK ewma=997
DMA IRQ c0=2
DMA IRQ c1=0
DMA IRQ c2=0
DMA IRQ c3=0
SELECT busy=19398
SELECT w0=19323
SELECT w1=13915
SELECT w2=19325
BUSY TASK ewma=997
DMA IRQ c0=2
DMA IRQ c1=0
DMA IRQ c2=0
DMA IRQ c3=0
SELECT busy=19407
SELECT w0=19332
SELECT w1=13921
SELECT w2=19334
BUSY TASK ewma=997
DMA IRQ c0=2
DMA IRQ c1=0
DMA IRQ c2=0
DMA IRQ c3=0
SELECT busy=19415
SELECT w0=19340
SELECT w1=13927
SELECT w2=19342
BUSY TASK ewma=997
DMA IRQ c0=2
DMA IRQ c1=0
DMA IRQ c2=0
DMA IRQ c3=0
SELECT busy=19424
SELECT w0=19349
SELECT w1=13933
SELECT w2=19351
BUSY TASK ewma=997
DMA IRQ c0=2
DMA IRQ c1=0
DMA IRQ c2=0
DMA IRQ c3=0
SELECT busy=19432
SELECT w0=19357
SELECT w1=13939
SELECT w2=19359
BUSY TASK ewma=997
DMA IRQ c0=2
DMA IRQ c1=0
DMA IRQ c2=0
DMA IRQ c3=0
SELECT busy=19441
SELECT w0=19366
SELECT w1=13946
SELECT w2=19368
BUSY TASK ewma=997
DMA IRQ c0=2
DMA IRQ c1=0
DMA IRQ c2=0
DMA IRQ c3=0
SELECT busy=19450
SELECT w0=19375
SELECT w1=13952
SELECT w2=19377
BUSY TASK ewma=997
DMA IRQ c0=2
DMA IRQ c1=0
DMA IRQ c2=0
DMA IRQ c3=0
SELECT busy=19460
SELECT w0=19385
SELECT w1=13959
SELECT w2=19387
BUSY TASK ewma=997
DMA IRQ c0=2
DMA IRQ c1=0
DMA IRQ c2=0
DMA IRQ c3=0
SELECT busy=19473
SELECT w0=19398
SELECT w1=13969
SELECT w2=19400
BUSY TASK ewma=997
DMA IRQ c0=2
DMA IRQ c1=0
DMA IRQ c2=0
DMA IRQ c3=0
SELECT busy=19484
SELECT w0=19409
SELECT w1=13977
SELECT w2=19412
BUSY TASK ewma=997
DMA IRQ c0=2
DMA IRQ c1=0
DMA IRQ c2=0
DMA IRQ c3=0
SELECT busy=19496
SELECT w0=19421
SELECT w1=13985
SELECT w2=19424
BUSY TASK ewma=997
DMA IRQ c0=2
DMA IRQ c1=0
DMA IRQ c2=0
DMA IRQ c3=0
SELECT busy=19506
SELECT w0=19431
SELECT w1=13992
SELECT w2=19433
BUSY TASK ewma=997
DMA IRQ c0=2
DMA IRQ c1=0
DMA IRQ c2=0
DMA IRQ c3=0
SELECT busy=19516
SELECT w0=19441
SELECT w1=14000
SELECT w2=19443
BUSY TASK ewma=997
DMA IRQ c0=2
DMA IRQ c1=0
DMA IRQ c2=0
DMA IRQ c3=0
SELECT busy=19525
SELECT w0=19450
SELECT w1=14006
SELECT w2=19452
BUSY TASK ewma=997
DMA IRQ c0=2
DMA IRQ c1=0
DMA IRQ c2=0
DMA IRQ c3=0
SELECT busy=19534
SELECT w0=19459
SELECT w1=14013
SELECT w2=19461
BUSY TASK ewma=997
DMA IRQ c0=2
DMA IRQ c1=0
DMA IRQ c2=0
DMA IRQ c3=0
SELECT busy=19544
SELECT w0=19469
SELECT w1=14020
SELECT w2=19471
BUSY TASK ewma=997
DMA IRQ c0=2
DMA IRQ c1=0
DMA IRQ c2=0
DMA IRQ c3=0
SELECT busy=19555
SELECT w0=19480
SELECT w1=14028
SELECT w2=19482
BUSY TASK ewma=997
DMA IRQ c0=2
DMA IRQ c1=0
DMA IRQ c2=0
DMA IRQ c3=0
SELECT busy=19566
SELECT w0=19491
SELECT w1=14035
SELECT w2=19493
BUSY TASK ewma=997
DMA IRQ c0=2
DMA IRQ c1=0
DMA IRQ c2=0
DMA IRQ c3=0
SELECT busy=19578
SELECT w0=19503
SELECT w1=14044
SELECT w2=19505
BUSY TASK ewma=997
DMA IRQ c0=2
DMA IRQ c1=0
DMA IRQ c2=0
DMA IRQ c3=0
SELECT busy=19588
SELECT w0=19513
SELECT w1=14052
SELECT w2=19516
BUSY TASK ewma=997
DMA IRQ c0=2
DMA IRQ c1=0
DMA IRQ c2=0
DMA IRQ c3=0
SELECT busy=19599
SELECT w0=19524
SELECT w1=14060
SELECT w2=19526
BUSY TASK ewma=997
DMA IRQ c0=2
DMA IRQ c1=0
DMA IRQ c2=0
DMA IRQ c3=0
SELECT busy=19609
SELECT w0=19534
SELECT w1=14067
SELECT w2=19536
BUSY TASK ewma=997
DMA IRQ c0=2
DMA IRQ c1=0
DMA IRQ c2=0
DMA IRQ c3=0
SELECT busy=19620
SELECT w0=19545
SELECT w1=14075
SELECT w2=19547
BUSY TASK ewma=997
DMA IRQ c0=2
DMA IRQ c1=0
DMA IRQ c2=0
DMA IRQ c3=0
SELECT busy=19631
SELECT w0=19556
SELECT w1=14083
SELECT w2=19558
BUSY TASK ewma=997
DMA IRQ c0=2
DMA IRQ c1=0
DMA IRQ c2=0
DMA IRQ c3=0
SELECT busy=19641
SELECT w0=19567
SELECT w1=14091
SELECT w2=19569
BUSY TASK ewma=997
DMA IRQ c0=2
DMA IRQ c1=0
DMA IRQ c2=0
DMA IRQ c3=0
SELECT busy=19652
SELECT w0=19577
SELECT w1=14099
SELECT w2=19579
BUSY TASK ewma=997
DMA IRQ c0=2
DMA IRQ c1=0
DMA IRQ c2=0
DMA IRQ c3=0
SELECT busy=19663
SELECT w0=19588
SELECT w1=14107
SELECT w2=19590
BUSY TASK ewma=997
DMA IRQ c0=2
DMA IRQ c1=0
DMA IRQ c2=0
DMA IRQ c3=0
SELECT busy=19674
SELECT w0=19600
SELECT w1=14115
SELECT w2=19602
BUSY TASK ewma=997
DMA IRQ c0=2
DMA IRQ c1=0
DMA IRQ c2=0
DMA IRQ c3=0
SELECT busy=19685
SELECT w0=19610
SELECT w1=14122
SELECT w2=19612
BUSY TASK ewma=997
DMA IRQ c0=2
DMA IRQ c1=0
DMA IRQ c2=0
DMA IRQ c3=0
SELECT busy=19694
SELECT w0=19620
SELECT w1=14129
SELECT w2=19622
BUSY TASK ewma=997
DMA IRQ c0=2
DMA IRQ c1=0
DMA IRQ c2=0
DMA IRQ c3=0
SELECT busy=19706
SELECT w0=19632
SELECT w1=14138
SELECT w2=19634
BUSY TASK ewma=997
DMA IRQ c0=2
DMA IRQ c1=0
DMA IRQ c2=0
DMA IRQ c3=0
SELECT busy=19718
SELECT w0=19644
SELECT w1=14147
SELECT w2=19646
BUSY TASK ewma=997
DMA IRQ c0=2
DMA IRQ c1=0
DMA IRQ c2=0
DMA IRQ c3=0
SELECT busy=19730
SELECT w0=19655
SELECT w1=14154
SELECT w2=19657
BUSY TASK ewma=997
DMA IRQ c0=2
DMA IRQ c1=0
DMA IRQ c2=0
DMA IRQ c3=0
SELECT busy=19740
SELECT w0=19665
SELECT w1=14162
SELECT w2=19667
BUSY TASK ewma=997
DMA IRQ c0=2
DMA IRQ c1=0
DMA IRQ c2=0
DMA IRQ c3=0
SELECT busy=19749
SELECT w0=19674
SELECT w1=14168
SELECT w2=19676
BUSY TASK ewma=997
DMA IRQ c0=2
DMA IRQ c1=0
DMA IRQ c2=0
DMA IRQ c3=0
SELECT busy=19758
SELECT w0=19683
SELECT w1=14175
SELECT w2=19686
BUSY TASK ewma=997
DMA IRQ c0=2
DMA IRQ c1=0
DMA IRQ c2=0
DMA IRQ c3=0
SELECT busy=19767
SELECT w0=19692
SELECT w1=14181
SELECT w2=19694
BUSY TASK ewma=997
DMA IRQ c0=2
DMA IRQ c1=0
DMA IRQ c2=0
DMA IRQ c3=0
SELECT busy=19776
SELECT w0=19701
SELECT w1=14188
SELECT w2=19703
BUSY TASK ewma=997
DMA IRQ c0=2
DMA IRQ c1=0
DMA IRQ c2=0
DMA IRQ c3=0
SELECT busy=19785
SELECT w0=19710
SELECT w1=14194
SELECT w2=19712
BUSY TASK ewma=997
DMA IRQ c0=2
DMA IRQ c1=0
DMA IRQ c2=0
DMA IRQ c3=0
SELECT busy=19793
SELECT w0=19718
SELECT w1=14200
SELECT w2=19721
BUSY TASK ewma=997
DMA IRQ c0=2
DMA IRQ c1=0
DMA IRQ c2=0
DMA IRQ c3=0
SELECT busy=19802
SELECT w0=19727
SELECT w1=14206
SELECT w2=19729
BUSY TASK ewma=997
DMA IRQ c0=2
DMA IRQ c1=0
DMA IRQ c2=0
DMA IRQ c3=0
SELECT busy=19811
SELECT w0=19736
SELECT w1=14212
SELECT w2=19738
BUSY TASK ewma=997
DMA IRQ c0=2
DMA IRQ c1=0
DMA IRQ c2=0
DMA IRQ c3=0
SELECT busy=19819
SELECT w0=19744
SELECT w1=14218
SELECT w2=19746
BUSY TASK ewma=997
DMA IRQ c0=2
DMA IRQ c1=0
DMA IRQ c2=0
DMA IRQ c3=0
SELECT busy=19828
SELECT w0=19753
SELECT w1=14225
SELECT w2=19755
BUSY TASK ewma=997
DMA IRQ c0=2
DMA IRQ c1=0
DMA IRQ c2=0
DMA IRQ c3=0
SELECT busy=19836
SELECT w0=19761
SELECT w1=14231
SELECT w2=19763
BUSY TASK ewma=997
DMA IRQ c0=2
DMA IRQ c1=0
DMA IRQ c2=0
DMA IRQ c3=0
SELECT busy=19844
SELECT w0=19769
SELECT w1=14237
SELECT w2=19772
BUSY TASK ewma=997
DMA IRQ c0=2
DMA IRQ c1=0
DMA IRQ c2=0
DMA IRQ c3=0
SELECT busy=19853
SELECT w0=19778
SELECT w1=14244
SELECT w2=19780
BUSY TASK ewma=997
DMA IRQ c0=2
DMA IRQ c1=0
DMA IRQ c2=0
DMA IRQ c3=0
SELECT busy=19862
SELECT w0=19787
SELECT w1=14250
SELECT w2=19789
BUSY TASK ewma=997
DMA IRQ c0=2
DMA IRQ c1=0
DMA IRQ c2=0
DMA IRQ c3=0
SELECT busy=19871
SELECT w0=19796
SELECT w1=14257
SELECT w2=19798
BUSY TASK ewma=997
DMA IRQ c0=2
DMA IRQ c1=0
DMA IRQ c2=0
DMA IRQ c3=0
SELECT busy=19879
SELECT w0=19804
SELECT w1=14263
SELECT w2=19807
BUSY TASK ewma=997
DMA IRQ c0=2
DMA IRQ c1=0
DMA IRQ c2=0
DMA IRQ c3=0
SELECT busy=19888
SELECT w0=19813
SELECT w1=14270
SELECT w2=19815
BUSY TASK ewma=997
DMA IRQ c0=2
DMA IRQ c1=0
DMA IRQ c2=0
DMA IRQ c3=0
SELECT busy=19896
SELECT w0=19821
SELECT w1=14276
SELECT w2=19824
BUSY TASK ewma=997
DMA IRQ c0=2
DMA IRQ c1=0
DMA IRQ c2=0
DMA IRQ c3=0
SELECT busy=19905
SELECT w0=19830
SELECT w1=14282
SELECT w2=19832
BUSY TASK ewma=997
DMA IRQ c0=2
DMA IRQ c1=0
DMA IRQ c2=0
DMA IRQ c3=0
SELECT busy=19913
SELECT w0=19838
SELECT w1=14288
SELECT w2=19840
BUSY TASK ewma=997
DMA IRQ c0=2
DMA IRQ c1=0
DMA IRQ c2=0
DMA IRQ c3=0
SELECT busy=19922
SELECT w0=19847
SELECT w1=14295
SELECT w2=19849
BUSY TASK ewma=997
IRQ counts: cpu0=59639 cpu1=57238 cpu2=0 cpu3=0
SCHED secondaries: calls=57238 unexpected=0
SECTEST switches=57223 cpu1=1298434116,1290596457 cpu2=0,0 cpu3=0,0
PINGPONG rounds=0 pongs=0
DMA IRQ c0=2
DMA IRQ c1=0
DMA IRQ c2=0
DMA IRQ c3=0
SELECT busy=19931
SELECT w0=19856
SELECT w1=14301
SELECT w2=19858
BUSY TASK ewma=997
DMA IRQ c0=2
DMA IRQ c1=0
DMA IRQ c2=0
DMA IRQ c3=0
SELECT busy=19939
SELECT w0=19864
SELECT w1=14307
SELECT w2=19866
BUSY TASK ewma=997
DMA IRQ c0=2
DMA IRQ c1=0
DMA IRQ c2=0
DMA IRQ c3=0
SELECT busy=19948
SELECT w0=19873
SELECT w1=14314
SELECT w2=19875
BUSY TASK ewma=997
DMA IRQ c0=2
DMA IRQ c1=0
DMA IRQ c2=0
DMA IRQ c3=0
SELECT busy=19956
SELECT w0=19881
SELECT w1=14320
SELECT w2=19883
BUSY TASK ewma=997
DMA IRQ c0=2
DMA IRQ c1=0
DMA IRQ c2=0
DMA IRQ c3=0
SELECT busy=19966
SELECT w0=19891
SELECT w1=14328
SELECT w2=19893
BUSY TASK ewma=997
DMA IRQ c0=2
DMA IRQ c1=0
DMA IRQ c2=0
DMA IRQ c3=0
SELECT busy=19976
SELECT w0=19902
SELECT w1=14336
SELECT w2=19904
BUSY TASK ewma=997
DMA IRQ c0=2
DMA IRQ c1=0
DMA IRQ c2=0
DMA IRQ c3=0
SELECT busy=19986
SELECT w0=19911
SELECT w1=14343
SELECT w2=19913
BUSY TASK ewma=997
DMA IRQ c0=2
DMA IRQ c1=0
DMA IRQ c2=0
DMA IRQ c3=0
SELECT busy=19996
SELECT w0=19921
SELECT w1=14350
SELECT w2=19923
BUSY TASK ewma=997
DMA IRQ c0=2
DMA IRQ c1=0
DMA IRQ c2=0
DMA IRQ c3=0
SELECT busy=20007
SELECT w0=19932
SELECT w1=14358
SELECT w2=19934
BUSY TASK ewma=997
DMA IRQ c0=2
DMA IRQ c1=0
DMA IRQ c2=0
DMA IRQ c3=0
SELECT busy=20017
SELECT w0=19942
SELECT w1=14366
SELECT w2=19944
BUSY TASK ewma=997
DMA IRQ c0=2
DMA IRQ c1=0
DMA IRQ c2=0
DMA IRQ c3=0
SELECT busy=20027
SELECT w0=19952
SELECT w1=14373
SELECT w2=19954
BUSY TASK ewma=997
DMA IRQ c0=2
DMA IRQ c1=0
DMA IRQ c2=0
DMA IRQ c3=0
SELECT busy=20036
SELECT w0=19961
SELECT w1=14380
SELECT w2=19963
BUSY TASK ewma=997
DMA IRQ c0=2
DMA IRQ c1=0
DMA IRQ c2=0
DMA IRQ c3=0
SELECT busy=20044
SELECT w0=19969
SELECT w1=14386
SELECT w2=19971
BUSY TASK ewma=997
DMA IRQ c0=2
DMA IRQ c1=0
DMA IRQ c2=0
DMA IRQ c3=0
SELECT busy=20052
SELECT w0=19978
SELECT w1=14392
SELECT w2=19980
BUSY TASK ewma=997
DMA IRQ c0=2
DMA IRQ c1=0
DMA IRQ c2=0
DMA IRQ c3=0
SELECT busy=20061
SELECT w0=19986
SELECT w1=14399
SELECT w2=19988
BUSY TASK ewma=997
DMA IRQ c0=2
DMA IRQ c1=0
DMA IRQ c2=0
DMA IRQ c3=0
SELECT busy=20069
SELECT w0=19994
SELECT w1=14405
SELECT w2=19997
BUSY TASK ewma=997
DMA IRQ c0=2
DMA IRQ c1=0
DMA IRQ c2=0
DMA IRQ c3=0
SELECT busy=20078
SELECT w0=20003
SELECT w1=14411
SELECT w2=20005
BUSY TASK ewma=997
DMA IRQ c0=2
DMA IRQ c1=0
DMA IRQ c2=0
DMA IRQ c3=0
SELECT busy=20086
SELECT w0=20011
SELECT w1=14417
SELECT w2=20013
BUSY TASK ewma=997
DMA IRQ c0=2
DMA IRQ c1=0
DMA IRQ c2=0
DMA IRQ c3=0
SELECT busy=20095
SELECT w0=20020
SELECT w1=14424
SELECT w2=20022
BUSY TASK ewma=997
DMA IRQ c0=2
DMA IRQ c1=0
DMA IRQ c2=0
DMA IRQ c3=0
SELECT busy=20103
SELECT w0=20028
SELECT w1=14430
SELECT w2=20031
BUSY TASK ewma=997
DMA IRQ c0=2
DMA IRQ c1=0
DMA IRQ c2=0
DMA IRQ c3=0
SELECT busy=20112
SELECT w0=20037
SELECT w1=14437
SELECT w2=20039
BUSY TASK ewma=997
DMA IRQ c0=2
DMA IRQ c1=0
DMA IRQ c2=0
DMA IRQ c3=0
SELECT busy=20120
SELECT w0=20045
SELECT w1=14443
SELECT w2=20047
BUSY TASK ewma=997
DMA IRQ c0=2
DMA IRQ c1=0
DMA IRQ c2=0
DMA IRQ c3=0
SELECT busy=20129
SELECT w0=20054
SELECT w1=14449
SELECT w2=20056
BUSY TASK ewma=997
DMA IRQ c0=2
DMA IRQ c1=0
DMA IRQ c2=0
DMA IRQ c3=0
SELECT busy=20137
SELECT w0=20062
SELECT w1=14455
SELECT w2=20065
BUSY TASK ewma=997
DMA IRQ c0=2
DMA IRQ c1=0
DMA IRQ c2=0
DMA IRQ c3=0
SELECT busy=20146
SELECT w0=20071
SELECT w1=14461
SELECT w2=20073
BUSY TASK ewma=997
DMA IRQ c0=2
DMA IRQ c1=0
DMA IRQ c2=0
DMA IRQ c3=0
SELECT busy=20155
SELECT w0=20080
SELECT w1=14468
SELECT w2=20082
BUSY TASK ewma=997
DMA IRQ c0=2
DMA IRQ c1=0
DMA IRQ c2=0
DMA IRQ c3=0
SELECT busy=20163
SELECT w0=20088
SELECT w1=14473
SELECT w2=20090
BUSY TASK ewma=997
DMA IRQ c0=2
DMA IRQ c1=0
DMA IRQ c2=0
DMA IRQ c3=0
SELECT busy=20172
SELECT w0=20097
SELECT w1=14480
SELECT w2=20099
BUSY TASK ewma=997
DMA IRQ c0=2
DMA IRQ c1=0
DMA IRQ c2=0
DMA IRQ c3=0
SELECT busy=20180
SELECT w0=20105
SELECT w1=14486
SELECT w2=20108
BUSY TASK ewma=997
DMA IRQ c0=2
DMA IRQ c1=0
DMA IRQ c2=0
DMA IRQ c3=0
SELECT busy=20189
SELECT w0=20114
SELECT w1=14492
SELECT w2=20116
BUSY TASK ewma=997
DMA IRQ c0=2
DMA IRQ c1=0
DMA IRQ c2=0
DMA IRQ c3=0
SELECT busy=20197
SELECT w0=20122
SELECT w1=14498
SELECT w2=20124
BUSY TASK ewma=997
DMA IRQ c0=2
DMA IRQ c1=0
DMA IRQ c2=0
DMA IRQ c3=0
SELECT busy=20205
SELECT w0=20130
SELECT w1=14504
SELECT w2=20132
BUSY TASK ewma=997
DMA IRQ c0=2
DMA IRQ c1=0
DMA IRQ c2=0
DMA IRQ c3=0
SELECT busy=20214
SELECT w0=20139
SELECT w1=14510
SELECT w2=20141
BUSY TASK ewma=997
DMA IRQ c0=2
DMA IRQ c1=0
DMA IRQ c2=0
DMA IRQ c3=0
SELECT busy=20222
SELECT w0=20147
SELECT w1=14516
SELECT w2=20149
BUSY TASK ewma=997
DMA IRQ c0=2
DMA IRQ c1=0
DMA IRQ c2=0
DMA IRQ c3=0
SELECT busy=20231
SELECT w0=20156
SELECT w1=14523
SELECT w2=20158
BUSY TASK ewma=997
DMA IRQ c0=2
DMA IRQ c1=0
DMA IRQ c2=0
DMA IRQ c3=0
SELECT busy=20239
SELECT w0=20164
SELECT w1=14528
SELECT w2=20166
BUSY TASK ewma=997
DMA IRQ c0=2
DMA IRQ c1=0
DMA IRQ c2=0
DMA IRQ c3=0
SELECT busy=20247
SELECT w0=20172
SELECT w1=14534
SELECT w2=20175
BUSY TASK ewma=997
DMA IRQ c0=2
DMA IRQ c1=0
DMA IRQ c2=0
DMA IRQ c3=0
SELECT busy=20256
SELECT w0=20181
SELECT w1=14540
SELECT w2=20183
BUSY TASK ewma=997
DMA IRQ c0=2
DMA IRQ c1=0
DMA IRQ c2=0
DMA IRQ c3=0
SELECT busy=20264
SELECT w0=20189
SELECT w1=14546
SELECT w2=20191
BUSY TASK ewma=997
DMA IRQ c0=2
DMA IRQ c1=0
DMA IRQ c2=0
DMA IRQ c3=0
SELECT busy=20272
SELECT w0=20197
SELECT w1=14552
SELECT w2=20199
BUSY TASK ewma=997
DMA IRQ c0=2
DMA IRQ c1=0
DMA IRQ c2=0
DMA IRQ c3=0
SELECT busy=20281
SELECT w0=20206
SELECT w1=14559
SELECT w2=20208
BUSY TASK ewma=997
DMA IRQ c0=2
DMA IRQ c1=0
DMA IRQ c2=0
DMA IRQ c3=0
SELECT busy=20289
SELECT w0=20214
SELECT w1=14565
SELECT w2=20216
BUSY TASK ewma=997
DMA IRQ c0=2
DMA IRQ c1=0
DMA IRQ c2=0
DMA IRQ c3=0
SELECT busy=20297
SELECT w0=20222
SELECT w1=14571
SELECT w2=20225
BUSY TASK ewma=997
DMA IRQ c0=2
DMA IRQ c1=0
DMA IRQ c2=0
DMA IRQ c3=0
SELECT busy=20306
SELECT w0=20231
SELECT w1=14578
SELECT w2=20233
BUSY TASK ewma=997
DMA IRQ c0=2
DMA IRQ c1=0
DMA IRQ c2=0
DMA IRQ c3=0
SELECT busy=20314
SELECT w0=20239
SELECT w1=14584
SELECT w2=20241
BUSY TASK ewma=997
DMA IRQ c0=2
DMA IRQ c1=0
DMA IRQ c2=0
DMA IRQ c3=0
SELECT busy=20323
SELECT w0=20248
SELECT w1=14590
SELECT w2=20250
BUSY TASK ewma=997
DMA IRQ c0=2
DMA IRQ c1=0
DMA IRQ c2=0
DMA IRQ c3=0
SELECT busy=20331
SELECT w0=20256
SELECT w1=14596
SELECT w2=20258
BUSY TASK ewma=997
DMA IRQ c0=2
DMA IRQ c1=0
DMA IRQ c2=0
DMA IRQ c3=0
SELECT busy=20339
SELECT w0=20264
SELECT w1=14602
SELECT w2=20267
BUSY TASK ewma=997
DMA IRQ c0=2
DMA IRQ c1=0
DMA IRQ c2=0
DMA IRQ c3=0
SELECT busy=20348
SELECT w0=20273
SELECT w1=14608
SELECT w2=20275
BUSY TASK ewma=997
DMA IRQ c0=2
DMA IRQ c1=0
DMA IRQ c2=0
DMA IRQ c3=0
SELECT busy=20356
SELECT w0=20281
SELECT w1=14614
SELECT w2=20284
BUSY TASK ewma=997
DMA IRQ c0=2
DMA IRQ c1=0
DMA IRQ c2=0
DMA IRQ c3=0
SELECT busy=20364
SELECT w0=20289
SELECT w1=14620
SELECT w2=20292
BUSY TASK ewma=997
DMA IRQ c0=2
DMA IRQ c1=0
DMA IRQ c2=0
DMA IRQ c3=0
SELECT busy=20373
SELECT w0=20298
SELECT w1=14627
SELECT w2=20300
BUSY TASK ewma=997
DMA IRQ c0=2
DMA IRQ c1=0
DMA IRQ c2=0
DMA IRQ c3=0
SELECT busy=20381
SELECT w0=20306
SELECT w1=14633
SELECT w2=20308
BUSY TASK ewma=997
DMA IRQ c0=2
DMA IRQ c1=0
DMA IRQ c2=0
DMA IRQ c3=0
SELECT busy=20389
SELECT w0=20314
SELECT w1=14639
SELECT w2=20317
BUSY TASK ewma=997
DMA IRQ c0=2
DMA IRQ c1=0
DMA IRQ c2=0
DMA IRQ c3=0
SELECT busy=20398
SELECT w0=20323
SELECT w1=14646
SELECT w2=20325
BUSY TASK ewma=997
DMA IRQ c0=2
DMA IRQ c1=0
DMA IRQ c2=0
DMA IRQ c3=0
SELECT busy=20406
SELECT w0=20331
SELECT w1=14652
SELECT w2=20333
BUSY TASK ewma=997
DMA IRQ c0=2
DMA IRQ c1=0
DMA IRQ c2=0
DMA IRQ c3=0
SELECT busy=20415
SELECT w0=20340
SELECT w1=14658
SELECT w2=20342
BUSY TASK ewma=997
DMA IRQ c0=2
DMA IRQ c1=0
DMA IRQ c2=0
DMA IRQ c3=0
SELECT busy=20423
SELECT w0=20348
SELECT w1=14664
SELECT w2=20350
BUSY TASK ewma=997
DMA IRQ c0=2
DMA IRQ c1=0
DMA IRQ c2=0
DMA IRQ c3=0
SELECT busy=20431
SELECT w0=20357
SELECT w1=14671
SELECT w2=20359
BUSY TASK ewma=997
DMA IRQ c0=2
DMA IRQ c1=0
DMA IRQ c2=0
DMA IRQ c3=0
SELECT busy=20440
SELECT w0=20365
SELECT w1=14677
SELECT w2=20367
BUSY TASK ewma=997
DMA IRQ c0=2
DMA IRQ c1=0
DMA IRQ c2=0
DMA IRQ c3=0
SELECT busy=20448
SELECT w0=20373
SELECT w1=14683
SELECT w2=20376
BUSY TASK ewma=997
DMA IRQ c0=2
DMA IRQ c1=0
DMA IRQ c2=0
DMA IRQ c3=0
SELECT busy=20457
SELECT w0=20382
SELECT w1=14690
SELECT w2=20384
BUSY TASK ewma=997
DMA IRQ c0=2
DMA IRQ c1=0
DMA IRQ c2=0
DMA IRQ c3=0
SELECT busy=20465
SELECT w0=20390
SELECT w1=14696
SELECT w2=20392
BUSY TASK ewma=997
DMA IRQ c0=2
DMA IRQ c1=0
DMA IRQ c2=0
DMA IRQ c3=0
SELECT busy=20474
SELECT w0=20399
SELECT w1=14702
SELECT w2=20401
BUSY TASK ewma=997
IRQ counts: cpu0=61295 cpu1=58870 cpu2=0 cpu3=0
SCHED secondaries: calls=58870 unexpected=0
SECTEST switches=58855 cpu1=1337810066,1329380678 cpu2=0,0 cpu3=0,0
PINGPONG rounds=0 pongs=0
DMA IRQ c0=2
DMA IRQ c1=0
DMA IRQ c2=0
DMA IRQ c3=0
SELECT busy=20483
SELECT w0=20408
SELECT w1=14709
SELECT w2=20410
BUSY TASK ewma=997
DMA IRQ c0=2
DMA IRQ c1=0
DMA IRQ c2=0
DMA IRQ c3=0
SELECT busy=20491
SELECT w0=20416
SELECT w1=14715
SELECT w2=20419
BUSY TASK ewma=997
DMA IRQ c0=2
DMA IRQ c1=0
DMA IRQ c2=0
DMA IRQ c3=0
SELECT busy=20500
SELECT w0=20425
SELECT w1=14722
SELECT w2=20427
BUSY TASK ewma=997
DMA IRQ c0=2
DMA IRQ c1=0
DMA IRQ c2=0
DMA IRQ c3=0
SELECT busy=20508
SELECT w0=20433
SELECT w1=14728
SELECT w2=20435
BUSY TASK ewma=997
DMA IRQ c0=2
DMA IRQ c1=0
DMA IRQ c2=0
DMA IRQ c3=0
SELECT busy=20517
SELECT w0=20442
SELECT w1=14735
SELECT w2=20444
BUSY TASK ewma=997
DMA IRQ c0=2
DMA IRQ c1=0
DMA IRQ c2=0
DMA IRQ c3=0
SELECT busy=20525
SELECT w0=20450
SELECT w1=14741
SELECT w2=20452
BUSY TASK ewma=997
DMA IRQ c0=2
DMA IRQ c1=0
DMA IRQ c2=0
DMA IRQ c3=0
SELECT busy=20533
SELECT w0=20459
SELECT w1=14747
SELECT w2=20461
BUSY TASK ewma=997
DMA IRQ c0=2
DMA IRQ c1=0
DMA IRQ c2=0
DMA IRQ c3=0
SELECT busy=20542
SELECT w0=20467
SELECT w1=14754
SELECT w2=20469
BUSY TASK ewma=997
DMA IRQ c0=2
DMA IRQ c1=0
DMA IRQ c2=0
DMA IRQ c3=0
SELECT busy=20550
SELECT w0=20475
SELECT w1=14760
SELECT w2=20478
BUSY TASK ewma=997
DMA IRQ c0=2
DMA IRQ c1=0
DMA IRQ c2=0
DMA IRQ c3=0
SELECT busy=20559
SELECT w0=20484
SELECT w1=14766
SELECT w2=20486
BUSY TASK ewma=997
DMA IRQ c0=2
DMA IRQ c1=0
DMA IRQ c2=0
DMA IRQ c3=0
SELECT busy=20567
SELECT w0=20492
SELECT w1=14772
SELECT w2=20494
BUSY TASK ewma=997
DMA IRQ c0=2
DMA IRQ c1=0
DMA IRQ c2=0
DMA IRQ c3=0
SELECT busy=20576
SELECT w0=20501
SELECT w1=14779
SELECT w2=20503
BUSY TASK ewma=997
DMA IRQ c0=2
DMA IRQ c1=0
DMA IRQ c2=0
DMA IRQ c3=0
SELECT busy=20584
SELECT w0=20509
SELECT w1=14785
SELECT w2=20511
BUSY TASK ewma=997
DMA IRQ c0=2
DMA IRQ c1=0
DMA IRQ c2=0
DMA IRQ c3=0
SELECT busy=20592
SELECT w0=20518
SELECT w1=14791
SELECT w2=20520
BUSY TASK ewma=997
DMA IRQ c0=2
DMA IRQ c1=0
DMA IRQ c2=0
DMA IRQ c3=0
SELECT busy=20601
SELECT w0=20526
SELECT w1=14798
SELECT w2=20528
BUSY TASK ewma=997
DMA IRQ c0=2
DMA IRQ c1=0
DMA IRQ c2=0
DMA IRQ c3=0
SELECT busy=20609
SELECT w0=20534
SELECT w1=14804
SELECT w2=20536
BUSY TASK ewma=997
DMA IRQ c0=2
DMA IRQ c1=0
DMA IRQ c2=0
DMA IRQ c3=0
SELECT busy=20618
SELECT w0=20543
SELECT w1=14810
SELECT w2=20545
BUSY TASK ewma=997
DMA IRQ c0=2
DMA IRQ c1=0
DMA IRQ c2=0
DMA IRQ c3=0
SELECT busy=20627
SELECT w0=20552
SELECT w1=14817
SELECT w2=20554
BUSY TASK ewma=997
DMA IRQ c0=2
DMA IRQ c1=0
DMA IRQ c2=0
DMA IRQ c3=0
SELECT busy=20637
SELECT w0=20562
SELECT w1=14824
SELECT w2=20564
BUSY TASK ewma=997
DMA IRQ c0=2
DMA IRQ c1=0
DMA IRQ c2=0
DMA IRQ c3=0
SELECT busy=20647
SELECT w0=20572
SELECT w1=14832
SELECT w2=20575
BUSY TASK ewma=997
DMA IRQ c0=2
DMA IRQ c1=0
DMA IRQ c2=0
DMA IRQ c3=0
SELECT busy=20657
SELECT w0=20582
SELECT w1=14838
SELECT w2=20584
BUSY TASK ewma=997
DMA IRQ c0=2
DMA IRQ c1=0
DMA IRQ c2=0
DMA IRQ c3=0
SELECT busy=20665
SELECT w0=20590
SELECT w1=14845
SELECT w2=20593
BUSY TASK ewma=997
DMA IRQ c0=2
DMA IRQ c1=0
DMA IRQ c2=0
DMA IRQ c3=0
SELECT busy=20674
SELECT w0=20599
SELECT w1=14851
SELECT w2=20601
BUSY TASK ewma=997
DMA IRQ c0=2
DMA IRQ c1=0
DMA IRQ c2=0
DMA IRQ c3=0
SELECT busy=20683
SELECT w0=20608
SELECT w1=14857
SELECT w2=20610
BUSY TASK ewma=997
DMA IRQ c0=2
DMA IRQ c1=0
DMA IRQ c2=0
DMA IRQ c3=0
SELECT busy=20691
SELECT w0=20616
SELECT w1=14863
SELECT w2=20618
BUSY TASK ewma=997
DMA IRQ c0=2
DMA IRQ c1=0
DMA IRQ c2=0
DMA IRQ c3=0
SELECT busy=20700
SELECT w0=20625
SELECT w1=14869
SELECT w2=20627
BUSY TASK ewma=997
DMA IRQ c0=2
DMA IRQ c1=0
DMA IRQ c2=0
DMA IRQ c3=0
SELECT busy=20708
SELECT w0=20633
SELECT w1=14876
SELECT w2=20636
BUSY TASK ewma=997
DMA IRQ c0=2
DMA IRQ c1=0
DMA IRQ c2=0
DMA IRQ c3=0
SELECT busy=20717
SELECT w0=20642
SELECT w1=14882
SELECT w2=20645
BUSY TASK ewma=997
DMA IRQ c0=2
DMA IRQ c1=0
DMA IRQ c2=0
DMA IRQ c3=0
SELECT busy=20726
SELECT w0=20651
SELECT w1=14888
SELECT w2=20653
BUSY TASK ewma=997
DMA IRQ c0=2
DMA IRQ c1=0
DMA IRQ c2=0
DMA IRQ c3=0
SELECT busy=20734
SELECT w0=20660
SELECT w1=14894
SELECT w2=20662
BUSY TASK ewma=997
DMA IRQ c0=2
DMA IRQ c1=0
DMA IRQ c2=0
DMA IRQ c3=0
SELECT busy=20743
SELECT w0=20668
SELECT w1=14900
SELECT w2=20670
BUSY TASK ewma=997
DMA IRQ c0=2
DMA IRQ c1=0
DMA IRQ c2=0
DMA IRQ c3=0
SELECT busy=20752
SELECT w0=20677
SELECT w1=14907
SELECT w2=20679
BUSY TASK ewma=997
DMA IRQ c0=2
DMA IRQ c1=0
DMA IRQ c2=0
DMA IRQ c3=0
SELECT busy=20760
SELECT w0=20685
SELECT w1=14913
SELECT w2=20688
BUSY TASK ewma=997
DMA IRQ c0=2
DMA IRQ c1=0
DMA IRQ c2=0
DMA IRQ c3=0
SELECT busy=20769
SELECT w0=20694
SELECT w1=14919
SELECT w2=20696
BUSY TASK ewma=997
DMA IRQ c0=2
DMA IRQ c1=0
DMA IRQ c2=0
DMA IRQ c3=0
SELECT busy=20779
SELECT w0=20704
SELECT w1=14927
SELECT w2=20706
BUSY TASK ewma=997
DMA IRQ c0=2
DMA IRQ c1=0
DMA IRQ c2=0
DMA IRQ c3=0
SELECT busy=20790
SELECT w0=20715
SELECT w1=14935
SELECT w2=20718
BUSY TASK ewma=997
DMA IRQ c0=2
DMA IRQ c1=0
DMA IRQ c2=0
DMA IRQ c3=0
SELECT busy=20809
SELECT w0=20734
SELECT w1=14948
SELECT w2=20737
BUSY TASK ewma=997
DMA IRQ c0=2
DMA IRQ c1=0
DMA IRQ c2=0
DMA IRQ c3=0
SELECT busy=20825
SELECT w0=20750
SELECT w1=14960
SELECT w2=20752
BUSY TASK ewma=997
DMA IRQ c0=2
DMA IRQ c1=0
DMA IRQ c2=0
DMA IRQ c3=0
SELECT busy=20840
SELECT w0=20766
SELECT w1=14972
SELECT w2=20768
BUSY TASK ewma=997
DMA IRQ c0=2
DMA IRQ c1=0
DMA IRQ c2=0
DMA IRQ c3=0
SELECT busy=20856
SELECT w0=20781
SELECT w1=14983
SELECT w2=20784
BUSY TASK ewma=997
DMA IRQ c0=2
DMA IRQ c1=0
DMA IRQ c2=0
DMA IRQ c3=0
SELECT busy=20868
SELECT w0=20793
SELECT w1=14992
SELECT w2=20795
BUSY TASK ewma=997
DMA IRQ c0=2
DMA IRQ c1=0
DMA IRQ c2=0
DMA IRQ c3=0
SELECT busy=20876
SELECT w0=20801
SELECT w1=14998
SELECT w2=20804
BUSY TASK ewma=997
DMA IRQ c0=2
DMA IRQ c1=0
DMA IRQ c2=0
DMA IRQ c3=0
SELECT busy=20885
SELECT w0=20810
SELECT w1=15004
SELECT w2=20812
BUSY TASK ewma=997
DMA IRQ c0=2
DMA IRQ c1=0
DMA IRQ c2=0
DMA IRQ c3=0
SELECT busy=20893
SELECT w0=20818
SELECT w1=15010
SELECT w2=20820
BUSY TASK ewma=997
DMA IRQ c0=2
DMA IRQ c1=0
DMA IRQ c2=0
DMA IRQ c3=0
SELECT busy=20901
SELECT w0=20826
SELECT w1=15017
SELECT w2=20829
BUSY TASK ewma=997
DMA IRQ c0=2
DMA IRQ c1=0
DMA IRQ c2=0
DMA IRQ c3=0
SELECT busy=20910
SELECT w0=20835
SELECT w1=15023
SELECT w2=20837
BUSY TASK ewma=997
DMA IRQ c0=2
DMA IRQ c1=0
DMA IRQ c2=0
DMA IRQ c3=0
SELECT busy=20918
SELECT w0=20843
SELECT w1=15029
SELECT w2=20845
BUSY TASK ewma=997
DMA IRQ c0=2
DMA IRQ c1=0
DMA IRQ c2=0
DMA IRQ c3=0
SELECT busy=20926
SELECT w0=20851
SELECT w1=15035
SELECT w2=20854
BUSY TASK ewma=997
DMA IRQ c0=2
DMA IRQ c1=0
DMA IRQ c2=0
DMA IRQ c3=0
SELECT busy=20935
SELECT w0=20860
SELECT w1=15042
SELECT w2=20862
BUSY TASK ewma=997
DMA IRQ c0=2
DMA IRQ c1=0
DMA IRQ c2=0
DMA IRQ c3=0
SELECT busy=20943
SELECT w0=20868
SELECT w1=15048
SELECT w2=20870
BUSY TASK ewma=997
DMA IRQ c0=2
DMA IRQ c1=0
DMA IRQ c2=0
DMA IRQ c3=0
SELECT busy=20952
SELECT w0=20877
SELECT w1=15054
SELECT w2=20879
BUSY TASK ewma=997
DMA IRQ c0=2
DMA IRQ c1=0
DMA IRQ c2=0
DMA IRQ c3=0
SELECT busy=20960
SELECT w0=20885
SELECT w1=15060
SELECT w2=20887
BUSY TASK ewma=997
DMA IRQ c0=2
DMA IRQ c1=0
DMA IRQ c2=0
DMA IRQ c3=0
SELECT busy=20968
SELECT w0=20893
SELECT w1=15066
SELECT w2=20895
BUSY TASK ewma=997
DMA IRQ c0=2
DMA IRQ c1=0
DMA IRQ c2=0
DMA IRQ c3=0
SELECT busy=20977
SELECT w0=20902
SELECT w1=15073
SELECT w2=20904
BUSY TASK ewma=997
DMA IRQ c0=2
DMA IRQ c1=0
DMA IRQ c2=0
DMA IRQ c3=0
SELECT busy=20985
SELECT w0=20910
SELECT w1=15079
SELECT w2=20912
BUSY TASK ewma=997
DMA IRQ c0=2
DMA IRQ c1=0
DMA IRQ c2=0
DMA IRQ c3=0
SELECT busy=20993
SELECT w0=20918
SELECT w1=15085
SELECT w2=20921
BUSY TASK ewma=997
DMA IRQ c0=2
DMA IRQ c1=0
DMA IRQ c2=0
DMA IRQ c3=0
SELECT busy=21002
SELECT w0=20927
SELECT w1=15091
SELECT w2=20929
BUSY TASK ewma=997
DMA IRQ c0=2
DMA IRQ c1=0
DMA IRQ c2=0
DMA IRQ c3=0
SELECT busy=21010
SELECT w0=20935
SELECT w1=15097
SELECT w2=20937
BUSY TASK ewma=997
DMA IRQ c0=2
DMA IRQ c1=0
DMA IRQ c2=0
DMA IRQ c3=0
SELECT busy=21019
SELECT w0=20944
SELECT w1=15104
SELECT w2=20946
BUSY TASK ewma=997
DMA IRQ c0=2
DMA IRQ c1=0
DMA IRQ c2=0
DMA IRQ c3=0
SELECT busy=21027
SELECT w0=20952
SELECT w1=15110
SELECT w2=20954
BUSY TASK ewma=997
DMA IRQ c0=2
DMA IRQ c1=0
DMA IRQ c2=0
DMA IRQ c3=0
SELECT busy=21035
SELECT w0=20961
SELECT w1=15117
SELECT w2=20963
BUSY TASK ewma=997
DMA IRQ c0=2
DMA IRQ c1=0
DMA IRQ c2=0
DMA IRQ c3=0
SELECT busy=21044
SELECT w0=20969
SELECT w1=15123
SELECT w2=20971
BUSY TASK ewma=997
DMA IRQ c0=2
DMA IRQ c1=0
DMA IRQ c2=0
DMA IRQ c3=0
SELECT busy=21052
SELECT w0=20977
SELECT w1=15129
SELECT w2=20979
BUSY TASK ewma=997
DMA IRQ c0=2
DMA IRQ c1=0
DMA IRQ c2=0
DMA IRQ c3=0
SELECT busy=21061
SELECT w0=20986
SELECT w1=15135
SELECT w2=20988
BUSY TASK ewma=997
IRQ counts: cpu0=63056 cpu1=60601 cpu2=0 cpu3=0
SCHED secondaries: calls=60601 unexpected=0
SECTEST switches=60586 cpu1=1377176218,1368296648 cpu2=0,0 cpu3=0,0
PINGPONG rounds=0 pongs=0
DMA IRQ c0=2
DMA IRQ c1=0
DMA IRQ c2=0
DMA IRQ c3=0
SELECT busy=21070
SELECT w0=20995
SELECT w1=15142
SELECT w2=20997
BUSY TASK ewma=997
DMA IRQ c0=2
DMA IRQ c1=0
DMA IRQ c2=0
DMA IRQ c3=0
SELECT busy=21078
SELECT w0=21003
SELECT w1=15148
SELECT w2=21005
BUSY TASK ewma=997
DMA IRQ c0=2
DMA IRQ c1=0
DMA IRQ c2=0
DMA IRQ c3=0
SELECT busy=21086
SELECT w0=21012
SELECT w1=15154
SELECT w2=21014
BUSY TASK ewma=997
DMA IRQ c0=2
DMA IRQ c1=0
DMA IRQ c2=0
DMA IRQ c3=0
SELECT busy=21095
SELECT w0=21020
SELECT w1=15161
SELECT w2=21022
BUSY TASK ewma=997
DMA IRQ c0=2
DMA IRQ c1=0
DMA IRQ c2=0
DMA IRQ c3=0
SELECT busy=21103
SELECT w0=21028
SELECT w1=15167
SELECT w2=21031
BUSY TASK ewma=997
DMA IRQ c0=2
DMA IRQ c1=0
DMA IRQ c2=0
DMA IRQ c3=0
SELECT busy=21112
SELECT w0=21037
SELECT w1=15173
SELECT w2=21039
BUSY TASK ewma=997
DMA IRQ c0=2
DMA IRQ c1=0
DMA IRQ c2=0
DMA IRQ c3=0
SELECT busy=21120
SELECT w0=21045
SELECT w1=15180
SELECT w2=21048
BUSY TASK ewma=997
DMA IRQ c0=2
DMA IRQ c1=0
DMA IRQ c2=0
DMA IRQ c3=0
SELECT busy=21129
SELECT w0=21054
SELECT w1=15186
SELECT w2=21056
BUSY TASK ewma=997
DMA IRQ c0=2
DMA IRQ c1=0
DMA IRQ c2=0
DMA IRQ c3=0
SELECT busy=21137
SELECT w0=21062
SELECT w1=15192
SELECT w2=21064
BUSY TASK ewma=997
DMA IRQ c0=2
DMA IRQ c1=0
DMA IRQ c2=0
DMA IRQ c3=0
SELECT busy=21146
SELECT w0=21071
SELECT w1=15199
SELECT w2=21073
BUSY TASK ewma=997
DMA IRQ c0=2
DMA IRQ c1=0
DMA IRQ c2=0
DMA IRQ c3=0
SELECT busy=21154
SELECT w0=21079
SELECT w1=15205
SELECT w2=21081
BUSY TASK ewma=997
DMA IRQ c0=2
DMA IRQ c1=0
DMA IRQ c2=0
DMA IRQ c3=0
SELECT busy=21162
SELECT w0=21088
SELECT w1=15211
SELECT w2=21090
BUSY TASK ewma=997
DMA IRQ c0=2
DMA IRQ c1=0
DMA IRQ c2=0
DMA IRQ c3=0
SELECT busy=21171
SELECT w0=21096
SELECT w1=15217
SELECT w2=21098
BUSY TASK ewma=997
DMA IRQ c0=2
DMA IRQ c1=0
DMA IRQ c2=0
DMA IRQ c3=0
SELECT busy=21179
SELECT w0=21104
SELECT w1=15223
SELECT w2=21107
BUSY TASK ewma=997
DMA IRQ c0=2
DMA IRQ c1=0
DMA IRQ c2=0
DMA IRQ c3=0
SELECT busy=21188
SELECT w0=21113
SELECT w1=15230
SELECT w2=21115
BUSY TASK ewma=997
DMA IRQ c0=2
DMA IRQ c1=0
DMA IRQ c2=0
DMA IRQ c3=0
SELECT busy=21196
SELECT w0=21121
SELECT w1=15236
SELECT w2=21123
BUSY TASK ewma=997
DMA IRQ c0=2
DMA IRQ c1=0
DMA IRQ c2=0
DMA IRQ c3=0
SELECT busy=21204
SELECT w0=21130
SELECT w1=15243
SELECT w2=21132
BUSY TASK ewma=997
DMA IRQ c0=2
DMA IRQ c1=0
DMA IRQ c2=0
DMA IRQ c3=0
SELECT busy=21213
SELECT w0=21138
SELECT w1=15249
SELECT w2=21140
BUSY TASK ewma=997
DMA IRQ c0=2
DMA IRQ c1=0
DMA IRQ c2=0
DMA IRQ c3=0
SELECT busy=21221
SELECT w0=21147
SELECT w1=15255
SELECT w2=21149
BUSY TASK ewma=997
DMA IRQ c0=2
DMA IRQ c1=0
DMA IRQ c2=0
DMA IRQ c3=0
SELECT busy=21230
SELECT w0=21155
SELECT w1=15261
SELECT w2=21157
BUSY TASK ewma=997
DMA IRQ c0=2
DMA IRQ c1=0
DMA IRQ c2=0
DMA IRQ c3=0
SELECT busy=21238
SELECT w0=21163
SELECT w1=15267
SELECT w2=21165
BUSY TASK ewma=997
DMA IRQ c0=2
DMA IRQ c1=0
DMA IRQ c2=0
DMA IRQ c3=0
SELECT busy=21246
SELECT w0=21171
SELECT w1=15273
SELECT w2=21173
BUSY TASK ewma=997
DMA IRQ c0=2
DMA IRQ c1=0
DMA IRQ c2=0
DMA IRQ c3=0
SELECT busy=21255
SELECT w0=21180
SELECT w1=15279
SELECT w2=21182
BUSY TASK ewma=997
DMA IRQ c0=2
DMA IRQ c1=0
DMA IRQ c2=0
DMA IRQ c3=0
SELECT busy=21264
SELECT w0=21189
SELECT w1=15285
SELECT w2=21191
BUSY TASK ewma=997
DMA IRQ c0=2
DMA IRQ c1=0
DMA IRQ c2=0
DMA IRQ c3=0
SELECT busy=21274
SELECT w0=21199
SELECT w1=15293
SELECT w2=21201
BUSY TASK ewma=997
DMA IRQ c0=2
DMA IRQ c1=0
DMA IRQ c2=0
DMA IRQ c3=0
SELECT busy=21285
SELECT w0=21210
SELECT w1=15300
SELECT w2=21212
BUSY TASK ewma=997
DMA IRQ c0=2
DMA IRQ c1=0
DMA IRQ c2=0
DMA IRQ c3=0
SELECT busy=21295
SELECT w0=21220
SELECT w1=15307
SELECT w2=21222
BUSY TASK ewma=997
DMA IRQ c0=2
DMA IRQ c1=0
DMA IRQ c2=0
DMA IRQ c3=0
SELECT busy=21304
SELECT w0=21229
SELECT w1=15314
SELECT w2=21231
BUSY TASK ewma=997
DMA IRQ c0=2
DMA IRQ c1=0
DMA IRQ c2=0
DMA IRQ c3=0
SELECT busy=21313
SELECT w0=21238
SELECT w1=15321
SELECT w2=21241
BUSY TASK ewma=997
DMA IRQ c0=2
DMA IRQ c1=0
DMA IRQ c2=0
DMA IRQ c3=0
SELECT busy=21323
SELECT w0=21248
SELECT w1=15328
SELECT w2=21251
BUSY TASK ewma=997
DMA IRQ c0=2
DMA IRQ c1=0
DMA IRQ c2=0
DMA IRQ c3=0
SELECT busy=21333
SELECT w0=21258
SELECT w1=15335
SELECT w2=21260
BUSY TASK ewma=997
DMA IRQ c0=2
DMA IRQ c1=0
DMA IRQ c2=0
DMA IRQ c3=0
SELECT busy=21342
SELECT w0=21267
SELECT w1=15342
SELECT w2=21270
BUSY TASK ewma=997
DMA IRQ c0=2
DMA IRQ c1=0
DMA IRQ c2=0
DMA IRQ c3=0
SELECT busy=21352
SELECT w0=21277
SELECT w1=15349
SELECT w2=21279
BUSY TASK ewma=997
DMA IRQ c0=2
DMA IRQ c1=0
DMA IRQ c2=0
DMA IRQ c3=0
SELECT busy=21361
SELECT w0=21286
SELECT w1=15355
SELECT w2=21288
BUSY TASK ewma=997
DMA IRQ c0=2
DMA IRQ c1=0
DMA IRQ c2=0
DMA IRQ c3=0
SELECT busy=21370
SELECT w0=21295
SELECT w1=15362
SELECT w2=21297
BUSY TASK ewma=997
DMA IRQ c0=2
DMA IRQ c1=0
DMA IRQ c2=0
DMA IRQ c3=0
SELECT busy=21378
SELECT w0=21304
SELECT w1=15368
SELECT w2=21306
BUSY TASK ewma=997
DMA IRQ c0=2
DMA IRQ c1=0
DMA IRQ c2=0
DMA IRQ c3=0
SELECT busy=21387
SELECT w0=21313
SELECT w1=15375
SELECT w2=21315
BUSY TASK ewma=997
DMA IRQ c0=2
DMA IRQ c1=0
DMA IRQ c2=0
DMA IRQ c3=0
SELECT busy=21397
SELECT w0=21322
SELECT w1=15381
SELECT w2=21324
BUSY TASK ewma=997
DMA IRQ c0=2
DMA IRQ c1=0
DMA IRQ c2=0
DMA IRQ c3=0
SELECT busy=21407
SELECT w0=21332
SELECT w1=15389
SELECT w2=21334
BUSY TASK ewma=997
DMA IRQ c0=2
DMA IRQ c1=0
DMA IRQ c2=0
DMA IRQ c3=0
SELECT busy=21418
SELECT w0=21343
SELECT w1=15397
SELECT w2=21345
BUSY TASK ewma=997
DMA IRQ c0=2
DMA IRQ c1=0
DMA IRQ c2=0
DMA IRQ c3=0
SELECT busy=21429
SELECT w0=21354
SELECT w1=15405
SELECT w2=21357
BUSY TASK ewma=997
DMA IRQ c0=2
DMA IRQ c1=0
DMA IRQ c2=0
DMA IRQ c3=0
SELECT busy=21440
SELECT w0=21365
SELECT w1=15412
SELECT w2=21367
BUSY TASK ewma=997
DMA IRQ c0=2
DMA IRQ c1=0
DMA IRQ c2=0
DMA IRQ c3=0
SELECT busy=21451
SELECT w0=21376
SELECT w1=15420
SELECT w2=21378
BUSY TASK ewma=997
DMA IRQ c0=2
DMA IRQ c1=0
DMA IRQ c2=0
DMA IRQ c3=0
SELECT busy=21461
SELECT w0=21386
SELECT w1=15427
SELECT w2=21388
BUSY TASK ewma=997
DMA IRQ c0=2
DMA IRQ c1=0
DMA IRQ c2=0
DMA IRQ c3=0
SELECT busy=21470
SELECT w0=21395
SELECT w1=15434
SELECT w2=21397
BUSY TASK ewma=997
DMA IRQ c0=2
DMA IRQ c1=0
DMA IRQ c2=0
DMA IRQ c3=0
SELECT busy=21479
SELECT w0=21404
SELECT w1=15440
SELECT w2=21406
BUSY TASK ewma=997
DMA IRQ c0=2
DMA IRQ c1=0
DMA IRQ c2=0
DMA IRQ c3=0
SELECT busy=21489
SELECT w0=21414
SELECT w1=15447
SELECT w2=21416
BUSY TASK ewma=997
DMA IRQ c0=2
DMA IRQ c1=0
DMA IRQ c2=0
DMA IRQ c3=0
SELECT busy=21498
SELECT w0=21423
SELECT w1=15454
SELECT w2=21425
BUSY TASK ewma=997
DMA IRQ c0=2
DMA IRQ c1=0
DMA IRQ c2=0
DMA IRQ c3=0
SELECT busy=21507
SELECT w0=21432
SELECT w1=15460
SELECT w2=21434
BUSY TASK ewma=997
DMA IRQ c0=2
DMA IRQ c1=0
DMA IRQ c2=0
DMA IRQ c3=0
SELECT busy=21516
SELECT w0=21441
SELECT w1=15467
SELECT w2=21443
BUSY TASK ewma=997
DMA IRQ c0=2
DMA IRQ c1=0
DMA IRQ c2=0
DMA IRQ c3=0
SELECT busy=21526
SELECT w0=21451
SELECT w1=15474
SELECT w2=21453
BUSY TASK ewma=997
DMA IRQ c0=2
DMA IRQ c1=0
DMA IRQ c2=0
DMA IRQ c3=0
SELECT busy=21536
SELECT w0=21461
SELECT w1=15481
SELECT w2=21464
BUSY TASK ewma=997
DMA IRQ c0=2
DMA IRQ c1=0
DMA IRQ c2=0
DMA IRQ c3=0
SELECT busy=21546
SELECT w0=21471
SELECT w1=15488
SELECT w2=21473
BUSY TASK ewma=997
DMA IRQ c0=2
DMA IRQ c1=0
DMA IRQ c2=0
DMA IRQ c3=0
SELECT busy=21554
SELECT w0=21479
SELECT w1=15494
SELECT w2=21481
BUSY TASK ewma=997
DMA IRQ c0=2
DMA IRQ c1=0
DMA IRQ c2=0
DMA IRQ c3=0
SELECT busy=21563
SELECT w0=21488
SELECT w1=15501
SELECT w2=21490
BUSY TASK ewma=997
DMA IRQ c0=2
DMA IRQ c1=0
DMA IRQ c2=0
DMA IRQ c3=0
SELECT busy=21571
SELECT w0=21496
SELECT w1=15507
SELECT w2=21499
BUSY TASK ewma=997
DMA IRQ c0=2
DMA IRQ c1=0
DMA IRQ c2=0
DMA IRQ c3=0
SELECT busy=21580
SELECT w0=21505
SELECT w1=15513
SELECT w2=21507
BUSY TASK ewma=997
DMA IRQ c0=2
DMA IRQ c1=0
DMA IRQ c2=0
DMA IRQ c3=0
SELECT busy=21589
SELECT w0=21514
SELECT w1=15519
SELECT w2=21516
BUSY TASK ewma=997
DMA IRQ c0=2
DMA IRQ c1=0
DMA IRQ c2=0
DMA IRQ c3=0
SELECT busy=21597
SELECT w0=21522
SELECT w1=15525
SELECT w2=21525
BUSY TASK ewma=997
DMA IRQ c0=2
DMA IRQ c1=0
DMA IRQ c2=0
DMA IRQ c3=0
SELECT busy=21606
SELECT w0=21531
SELECT w1=15532
SELECT w2=21533
BUSY TASK ewma=997
DMA IRQ c0=2
DMA IRQ c1=0
DMA IRQ c2=0
DMA IRQ c3=0
SELECT busy=21615
SELECT w0=21540
SELECT w1=15538
SELECT w2=21542
BUSY TASK ewma=997
DMA IRQ c0=2
DMA IRQ c1=0
DMA IRQ c2=0
DMA IRQ c3=0
SELECT busy=21623
SELECT w0=21548
SELECT w1=15544
SELECT w2=21550
BUSY TASK ewma=997
DMA IRQ c0=2
DMA IRQ c1=0
DMA IRQ c2=0
DMA IRQ c3=0
SELECT busy=21632
SELECT w0=21557
SELECT w1=15550
SELECT w2=21559
BUSY TASK ewma=997
DMA IRQ c0=2
DMA IRQ c1=0
DMA IRQ c2=0
DMA IRQ c3=0
SELECT busy=21642
SELECT w0=21567
SELECT w1=15558
SELECT w2=21570
BUSY TASK ewma=997
IRQ counts: cpu0=64808 cpu1=62299 cpu2=0 cpu3=0
SCHED secondaries: calls=62300 unexpected=0
SECTEST switches=62285 cpu1=1416094398,1406962056 cpu2=0,0 cpu3=0,0
PINGPONG rounds=0 pongs=0
DMA IRQ c0=2
DMA IRQ c1=0
DMA IRQ c2=0
DMA IRQ c3=0
SELECT busy=21655
SELECT w0=21580
SELECT w1=15567
SELECT w2=21582
BUSY TASK ewma=997
DMA IRQ c0=2
DMA IRQ c1=0
DMA IRQ c2=0
DMA IRQ c3=0
SELECT busy=21667
SELECT w0=21592
SELECT w1=15576
SELECT w2=21594
BUSY TASK ewma=997
DMA IRQ c0=2
DMA IRQ c1=0
DMA IRQ c2=0
DMA IRQ c3=0
SELECT busy=21679
SELECT w0=21604
SELECT w1=15584
SELECT w2=21606
BUSY TASK ewma=997
DMA IRQ c0=2
DMA IRQ c1=0
DMA IRQ c2=0
DMA IRQ c3=0
SELECT busy=21691
SELECT w0=21616
SELECT w1=15593
SELECT w2=21618
BUSY TASK ewma=997
DMA IRQ c0=2
DMA IRQ c1=0
DMA IRQ c2=0
DMA IRQ c3=0
SELECT busy=21703
SELECT w0=21628
SELECT w1=15601
SELECT w2=21630
BUSY TASK ewma=997
DMA IRQ c0=2
DMA IRQ c1=0
DMA IRQ c2=0
DMA IRQ c3=0
SELECT busy=21714
SELECT w0=21639
SELECT w1=15609
SELECT w2=21641
BUSY TASK ewma=997
DMA IRQ c0=2
DMA IRQ c1=0
DMA IRQ c2=0
DMA IRQ c3=0
SELECT busy=21723
SELECT w0=21648
SELECT w1=15616
SELECT w2=21651
BUSY TASK ewma=997
DMA IRQ c0=2
DMA IRQ c1=0
DMA IRQ c2=0
DMA IRQ c3=0
SELECT busy=21732
SELECT w0=21657
SELECT w1=15622
SELECT w2=21659
BUSY TASK ewma=997
DMA IRQ c0=2
DMA IRQ c1=0
DMA IRQ c2=0
DMA IRQ c3=0
SELECT busy=21741
SELECT w0=21666
SELECT w1=15629
SELECT w2=21668
BUSY TASK ewma=997
DMA IRQ c0=2
DMA IRQ c1=0
DMA IRQ c2=0
DMA IRQ c3=0
SELECT busy=21749
SELECT w0=21674
SELECT w1=15634
SELECT w2=21676
BUSY TASK ewma=997
DMA IRQ c0=2
DMA IRQ c1=0
DMA IRQ c2=0
DMA IRQ c3=0
SELECT busy=21758
SELECT w0=21683
SELECT w1=15641
SELECT w2=21685
BUSY TASK ewma=997
DMA IRQ c0=2
DMA IRQ c1=0
DMA IRQ c2=0
DMA IRQ c3=0
SELECT busy=21766
SELECT w0=21691
SELECT w1=15647
SELECT w2=21694
BUSY TASK ewma=997
DMA IRQ c0=2
DMA IRQ c1=0
DMA IRQ c2=0
DMA IRQ c3=0
SELECT busy=21775
SELECT w0=21700
SELECT w1=15653
SELECT w2=21702
BUSY TASK ewma=997
DMA IRQ c0=2
DMA IRQ c1=0
DMA IRQ c2=0
DMA IRQ c3=0
SELECT busy=21784
SELECT w0=21709
SELECT w1=15660
SELECT w2=21711
BUSY TASK ewma=997
DMA IRQ c0=2
DMA IRQ c1=0
DMA IRQ c2=0
DMA IRQ c3=0
SELECT busy=21792
SELECT w0=21717
SELECT w1=15666
SELECT w2=21719
BUSY TASK ewma=997
DMA IRQ c0=2
DMA IRQ c1=0
DMA IRQ c2=0
DMA IRQ c3=0
SELECT busy=21803
SELECT w0=21728
SELECT w1=15674
SELECT w2=21730
BUSY TASK ewma=997
DMA IRQ c0=2
DMA IRQ c1=0
DMA IRQ c2=0
DMA IRQ c3=0
SELECT busy=21815
SELECT w0=21740
SELECT w1=15682
SELECT w2=21742
BUSY TASK ewma=997
DMA IRQ c0=2
DMA IRQ c1=0
DMA IRQ c2=0
DMA IRQ c3=0
SELECT busy=21826
SELECT w0=21752
SELECT w1=15691
SELECT w2=21754
BUSY TASK ewma=997
DMA IRQ c0=2
DMA IRQ c1=0
DMA IRQ c2=0
DMA IRQ c3=0
SELECT busy=21839
SELECT w0=21764
SELECT w1=15700
SELECT w2=21766
BUSY TASK ewma=997
DMA IRQ c0=2
DMA IRQ c1=0
DMA IRQ c2=0
DMA IRQ c3=0
SELECT busy=21851
SELECT w0=21776
SELECT w1=15708
SELECT w2=21778
BUSY TASK ewma=997
DMA IRQ c0=2
DMA IRQ c1=0
DMA IRQ c2=0
DMA IRQ c3=0
SELECT busy=21861
SELECT w0=21786
SELECT w1=15715
SELECT w2=21788
BUSY TASK ewma=997
DMA IRQ c0=2
DMA IRQ c1=0
DMA IRQ c2=0
DMA IRQ c3=0
SELECT busy=21870
SELECT w0=21795
SELECT w1=15722
SELECT w2=21797
BUSY TASK ewma=997
DMA IRQ c0=2
DMA IRQ c1=0
DMA IRQ c2=0
DMA IRQ c3=0
SELECT busy=21878
SELECT w0=21803
SELECT w1=15728
SELECT w2=21805
BUSY TASK ewma=997
DMA IRQ c0=2
DMA IRQ c1=0
DMA IRQ c2=0
DMA IRQ c3=0
SELECT busy=21887
SELECT w0=21812
SELECT w1=15734
SELECT w2=21814
BUSY TASK ewma=997
DMA IRQ c0=2
DMA IRQ c1=0
DMA IRQ c2=0
DMA IRQ c3=0
SELECT busy=21895
SELECT w0=21820
SELECT w1=15740
SELECT w2=21822
BUSY TASK ewma=997
DMA IRQ c0=2
DMA IRQ c1=0
DMA IRQ c2=0
DMA IRQ c3=0
SELECT busy=21904
SELECT w0=21829
SELECT w1=15746
SELECT w2=21831
BUSY TASK ewma=997
DMA IRQ c0=2
DMA IRQ c1=0
DMA IRQ c2=0
DMA IRQ c3=0
SELECT busy=21912
SELECT w0=21837
SELECT w1=15753
SELECT w2=21840
BUSY TASK ewma=997
DMA IRQ c0=2
DMA IRQ c1=0
DMA IRQ c2=0
DMA IRQ c3=0
SELECT busy=21921
SELECT w0=21846
SELECT w1=15759
SELECT w2=21848
BUSY TASK ewma=997
DMA IRQ c0=2
DMA IRQ c1=0
DMA IRQ c2=0
DMA IRQ c3=0
SELECT busy=21930
SELECT w0=21855
SELECT w1=15765
SELECT w2=21857
BUSY TASK ewma=997
DMA IRQ c0=2
DMA IRQ c1=0
DMA IRQ c2=0
DMA IRQ c3=0
SELECT busy=21939
SELECT w0=21864
SELECT w1=15772
SELECT w2=21866
BUSY TASK ewma=997
DMA IRQ c0=2
DMA IRQ c1=0
DMA IRQ c2=0
DMA IRQ c3=0
SELECT busy=21948
SELECT w0=21873
SELECT w1=15778
SELECT w2=21875
BUSY TASK ewma=997
DMA IRQ c0=2
DMA IRQ c1=0
DMA IRQ c2=0
DMA IRQ c3=0
SELECT busy=21957
SELECT w0=21882
SELECT w1=15785
SELECT w2=21884
BUSY TASK ewma=997
DMA IRQ c0=2
DMA IRQ c1=0
DMA IRQ c2=0
DMA IRQ c3=0
SELECT busy=21968
SELECT w0=21893
SELECT w1=15793
SELECT w2=21895
BUSY TASK ewma=997
DMA IRQ c0=2
DMA IRQ c1=0
DMA IRQ c2=0
DMA IRQ c3=0
SELECT busy=21979
SELECT w0=21904
SELECT w1=15801
SELECT w2=21906
BUSY TASK ewma=997
DMA IRQ c0=2
DMA IRQ c1=0
DMA IRQ c2=0
DMA IRQ c3=0
SELECT busy=21990
SELECT w0=21915
SELECT w1=15809
SELECT w2=21918
BUSY TASK ewma=997
DMA IRQ c0=2
DMA IRQ c1=0
DMA IRQ c2=0
DMA IRQ c3=0
SELECT busy=22000
SELECT w0=21926
SELECT w1=15816
SELECT w2=21928
BUSY TASK ewma=997
DMA IRQ c0=2
DMA IRQ c1=0
DMA IRQ c2=0
DMA IRQ c3=0
SELECT busy=22010
SELECT w0=21935
SELECT w1=15823
SELECT w2=21937
BUSY TASK ewma=997
DMA IRQ c0=2
DMA IRQ c1=0
DMA IRQ c2=0
DMA IRQ c3=0
SELECT busy=22019
SELECT w0=21945
SELECT w1=15830
SELECT w2=21947
BUSY TASK ewma=997
DMA IRQ c0=2
DMA IRQ c1=0
DMA IRQ c2=0
DMA IRQ c3=0
SELECT busy=22028
SELECT w0=21953
SELECT w1=15836
SELECT w2=21956
BUSY TASK ewma=997
DMA IRQ c0=2
DMA IRQ c1=0
DMA IRQ c2=0
DMA IRQ c3=0
SELECT busy=22037
SELECT w0=21962
SELECT w1=15842
SELECT w2=21964
BUSY TASK ewma=997
DMA IRQ c0=2
DMA IRQ c1=0
DMA IRQ c2=0
DMA IRQ c3=0
SELECT busy=22045
SELECT w0=21970
SELECT w1=15849
SELECT w2=21973
BUSY TASK ewma=997
DMA IRQ c0=2
DMA IRQ c1=0
DMA IRQ c2=0
DMA IRQ c3=0
SELECT busy=22054
SELECT w0=21979
SELECT w1=15855
SELECT w2=21981
BUSY TASK ewma=997
DMA IRQ c0=2
DMA IRQ c1=0
DMA IRQ c2=0
DMA IRQ c3=0
SELECT busy=22062
SELECT w0=21987
SELECT w1=15860
SELECT w2=21989
BUSY TASK ewma=997
DMA IRQ c0=2
DMA IRQ c1=0
DMA IRQ c2=0
DMA IRQ c3=0
SELECT busy=22071
SELECT w0=21996
SELECT w1=15867
SELECT w2=21998
BUSY TASK ewma=997
DMA IRQ c0=2
DMA IRQ c1=0
DMA IRQ c2=0
DMA IRQ c3=0
SELECT busy=22079
SELECT w0=22004
SELECT w1=15873
SELECT w2=22006
BUSY TASK ewma=997
DMA IRQ c0=2
DMA IRQ c1=0
DMA IRQ c2=0
DMA IRQ c3=0
SELECT busy=22088
SELECT w0=22013
SELECT w1=15879
SELECT w2=22015
BUSY TASK ewma=997
DMA IRQ c0=2
DMA IRQ c1=0
DMA IRQ c2=0
DMA IRQ c3=0
SELECT busy=22096
SELECT w0=22021
SELECT w1=15886
SELECT w2=22024
BUSY TASK ewma=997
DMA IRQ c0=2
DMA IRQ c1=0
DMA IRQ c2=0
DMA IRQ c3=0
SELECT busy=22105
SELECT w0=22030
SELECT w1=15891
SELECT w2=22032
BUSY TASK ewma=997
DMA IRQ c0=2
DMA IRQ c1=0
DMA IRQ c2=0
DMA IRQ c3=0
SELECT busy=22114
SELECT w0=22039
SELECT w1=15898
SELECT w2=22041
BUSY TASK ewma=997
DMA IRQ c0=2
DMA IRQ c1=0
DMA IRQ c2=0
DMA IRQ c3=0
SELECT busy=22122
SELECT w0=22047
SELECT w1=15904
SELECT w2=22049
BUSY TASK ewma=997
DMA IRQ c0=2
DMA IRQ c1=0
DMA IRQ c2=0
DMA IRQ c3=0
SELECT busy=22131
SELECT w0=22056
SELECT w1=15911
SELECT w2=22058
BUSY TASK ewma=997
DMA IRQ c0=2
DMA IRQ c1=0
DMA IRQ c2=0
DMA IRQ c3=0
SELECT busy=22139
SELECT w0=22064
SELECT w1=15916
SELECT w2=22067
BUSY TASK ewma=997
DMA IRQ c0=2
DMA IRQ c1=0
DMA IRQ c2=0
DMA IRQ c3=0
SELECT busy=22148
SELECT w0=22073
SELECT w1=15923
SELECT w2=22075
BUSY TASK ewma=997
DMA IRQ c0=2
DMA IRQ c1=0
DMA IRQ c2=0
DMA IRQ c3=0
SELECT busy=22157
SELECT w0=22082
SELECT w1=15929
SELECT w2=22084
BUSY TASK ewma=997
DMA IRQ c0=2
DMA IRQ c1=0
DMA IRQ c2=0
DMA IRQ c3=0
SELECT busy=22165
SELECT w0=22090
SELECT w1=15935
SELECT w2=22092
BUSY TASK ewma=997
DMA IRQ c0=2
DMA IRQ c1=0
DMA IRQ c2=0
DMA IRQ c3=0
SELECT busy=22173
SELECT w0=22098
SELECT w1=15941
SELECT w2=22101
BUSY TASK ewma=997
DMA IRQ c0=2
DMA IRQ c1=0
DMA IRQ c2=0
DMA IRQ c3=0
SELECT busy=22182
SELECT w0=22107
SELECT w1=15947
SELECT w2=22109
BUSY TASK ewma=997
DMA IRQ c0=2
DMA IRQ c1=0
DMA IRQ c2=0
DMA IRQ c3=0
SELECT busy=22190
SELECT w0=22115
SELECT w1=15953
SELECT w2=22117
BUSY TASK ewma=997
DMA IRQ c0=2
DMA IRQ c1=0
DMA IRQ c2=0
DMA IRQ c3=0
SELECT busy=22199
SELECT w0=22124
SELECT w1=15960
SELECT w2=22126
BUSY TASK ewma=997
DMA IRQ c0=2
DMA IRQ c1=0
DMA IRQ c2=0
DMA IRQ c3=0
SELECT busy=22207
SELECT w0=22133
SELECT w1=15966
SELECT w2=22135
BUSY TASK ewma=997
DMA IRQ c0=2
DMA IRQ c1=0
DMA IRQ c2=0
DMA IRQ c3=0
SELECT busy=22216
SELECT w0=22141
SELECT w1=15972
SELECT w2=22143
BUSY TASK ewma=997
DMA IRQ c0=2
DMA IRQ c1=0
DMA IRQ c2=0
DMA IRQ c3=0
SELECT busy=22225
SELECT w0=22150
SELECT w1=15978
SELECT w2=22152
BUSY TASK ewma=997
DMA IRQ c0=2
DMA IRQ c1=0
DMA IRQ c2=0
DMA IRQ c3=0
SELECT busy=22233
SELECT w0=22158
SELECT w1=15984
SELECT w2=22160
BUSY TASK ewma=997
DMA IRQ c0=2
DMA IRQ c1=0
DMA IRQ c2=0
DMA IRQ c3=0
SELECT busy=22241
SELECT w0=22167
SELECT w1=15991
SELECT w2=22169
BUSY TASK ewma=997
IRQ counts: cpu0=66599 cpu1=64021 cpu2=0 cpu3=0
SCHED secondaries: calls=64021 unexpected=0
SECTEST switches=64006 cpu1=1454172350,1445192449 cpu2=0,0 cpu3=0,0
PINGPONG rounds=0 pongs=0
DMA IRQ c0=2
DMA IRQ c1=0
DMA IRQ c2=0
DMA IRQ c3=0
SELECT busy=22251
SELECT w0=22176
SELECT w1=15997
SELECT w2=22178
BUSY TASK ewma=997
DMA IRQ c0=2
DMA IRQ c1=0
DMA IRQ c2=0
DMA IRQ c3=0
SELECT busy=22259
SELECT w0=22184
SELECT w1=16003
SELECT w2=22186
BUSY TASK ewma=997
DMA IRQ c0=2
DMA IRQ c1=0
DMA IRQ c2=0
DMA IRQ c3=0
SELECT busy=22268
SELECT w0=22193
SELECT w1=16009
SELECT w2=22195
BUSY TASK ewma=997
DMA IRQ c0=2
DMA IRQ c1=0
DMA IRQ c2=0
DMA IRQ c3=0
SELECT busy=22276
SELECT w0=22201
SELECT w1=16015
SELECT w2=22203
BUSY TASK ewma=997
DMA IRQ c0=2
DMA IRQ c1=0
DMA IRQ c2=0
DMA IRQ c3=0
SELECT busy=22284
SELECT w0=22209
SELECT w1=16021
SELECT w2=22212
BUSY TASK ewma=997
DMA IRQ c0=2
DMA IRQ c1=0
DMA IRQ c2=0
DMA IRQ c3=0
SELECT busy=22293
SELECT w0=22218
SELECT w1=16027
SELECT w2=22220
BUSY TASK ewma=997
DMA IRQ c0=2
DMA IRQ c1=0
DMA IRQ c2=0
DMA IRQ c3=0
SELECT busy=22301
SELECT w0=22226
SELECT w1=16033
SELECT w2=22228
BUSY TASK ewma=997
DMA IRQ c0=2
DMA IRQ c1=0
DMA IRQ c2=0
DMA IRQ c3=0
SELECT busy=22310
SELECT w0=22235
SELECT w1=16039
SELECT w2=22237
BUSY TASK ewma=997
DMA IRQ c0=2
DMA IRQ c1=0
DMA IRQ c2=0
DMA IRQ c3=0
SELECT busy=22319
SELECT w0=22244
SELECT w1=16046
SELECT w2=22246
BUSY TASK ewma=997
DMA IRQ c0=2
DMA IRQ c1=0
DMA IRQ c2=0
DMA IRQ c3=0
SELECT busy=22327
SELECT w0=22252
SELECT w1=16052
SELECT w2=22255
BUSY TASK ewma=997
DMA IRQ c0=2
DMA IRQ c1=0
DMA IRQ c2=0
DMA IRQ c3=0
SELECT busy=22340
SELECT w0=22265
SELECT w1=16061
SELECT w2=22267
BUSY TASK ewma=997
DMA IRQ c0=2
DMA IRQ c1=0
DMA IRQ c2=0
DMA IRQ c3=0
SELECT busy=22348
SELECT w0=22273
SELECT w1=16067
SELECT w2=22276
BUSY TASK ewma=997
DMA IRQ c0=2
DMA IRQ c1=0
DMA IRQ c2=0
DMA IRQ c3=0
SELECT busy=22359
SELECT w0=22284
SELECT w1=16075
SELECT w2=22286
BUSY TASK ewma=997
DMA IRQ c0=2
DMA IRQ c1=0
DMA IRQ c2=0
DMA IRQ c3=0
SELECT busy=22369
SELECT w0=22294
SELECT w1=16082
SELECT w2=22297
BUSY TASK ewma=997
DMA IRQ c0=2
DMA IRQ c1=0
DMA IRQ c2=0
DMA IRQ c3=0
SELECT busy=22379
SELECT w0=22305
SELECT w1=16090
SELECT w2=22307
BUSY TASK ewma=997
DMA IRQ c0=2
DMA IRQ c1=0
DMA IRQ c2=0
DMA IRQ c3=0
SELECT busy=22388
SELECT w0=22313
SELECT w1=16096
SELECT w2=22316
BUSY TASK ewma=997
DMA IRQ c0=2
DMA IRQ c1=0
DMA IRQ c2=0
DMA IRQ c3=0
SELECT busy=22398
SELECT w0=22323
SELECT w1=16103
SELECT w2=22325
BUSY TASK ewma=997
DMA IRQ c0=2
DMA IRQ c1=0
DMA IRQ c2=0
DMA IRQ c3=0
SELECT busy=22406
SELECT w0=22332
SELECT w1=16109
SELECT w2=22334
BUSY TASK ewma=997
DMA IRQ c0=2
DMA IRQ c1=0
DMA IRQ c2=0
DMA IRQ c3=0
SELECT busy=22415
SELECT w0=22340
SELECT w1=16115
SELECT w2=22342
BUSY TASK ewma=997
DMA IRQ c0=2
DMA IRQ c1=0
DMA IRQ c2=0
DMA IRQ c3=0
SELECT busy=22424
SELECT w0=22349
SELECT w1=16122
SELECT w2=22351
BUSY TASK ewma=997
DMA IRQ c0=2
DMA IRQ c1=0
DMA IRQ c2=0
DMA IRQ c3=0
SELECT busy=22433
SELECT w0=22358
SELECT w1=16128
SELECT w2=22360
BUSY TASK ewma=997
DMA IRQ c0=2
DMA IRQ c1=0
DMA IRQ c2=0
DMA IRQ c3=0
SELECT busy=22441
SELECT w0=22366
SELECT w1=16134
SELECT w2=22369
BUSY TASK ewma=997
DMA IRQ c0=2
DMA IRQ c1=0
DMA IRQ c2=0
DMA IRQ c3=0
SELECT busy=22450
SELECT w0=22375
SELECT w1=16140
SELECT w2=22377
BUSY TASK ewma=997
DMA IRQ c0=2
DMA IRQ c1=0
DMA IRQ c2=0
DMA IRQ c3=0
SELECT busy=22459
SELECT w0=22384
SELECT w1=16147
SELECT w2=22386
BUSY TASK ewma=997
DMA IRQ c0=2
DMA IRQ c1=0
DMA IRQ c2=0
DMA IRQ c3=0
SELECT busy=22467
SELECT w0=22392
SELECT w1=16153
SELECT w2=22394
BUSY TASK ewma=997
DMA IRQ c0=2
DMA IRQ c1=0
DMA IRQ c2=0
DMA IRQ c3=0
SELECT busy=22475
SELECT w0=22400
SELECT w1=16158
SELECT w2=22403
BUSY TASK ewma=997
DMA IRQ c0=2
DMA IRQ c1=0
DMA IRQ c2=0
DMA IRQ c3=0
SELECT busy=22485
SELECT w0=22410
SELECT w1=16166
SELECT w2=22413
BUSY TASK ewma=997
DMA IRQ c0=2
DMA IRQ c1=0
DMA IRQ c2=0
DMA IRQ c3=0
SELECT busy=22496
SELECT w0=22421
SELECT w1=16174
SELECT w2=22423
BUSY TASK ewma=997
DMA IRQ c0=2
DMA IRQ c1=0
DMA IRQ c2=0
DMA IRQ c3=0
SELECT busy=22506
SELECT w0=22431
SELECT w1=16181
SELECT w2=22433
BUSY TASK ewma=997
DMA IRQ c0=2
DMA IRQ c1=0
DMA IRQ c2=0
DMA IRQ c3=0
SELECT busy=22515
SELECT w0=22440
SELECT w1=16187
SELECT w2=22442
BUSY TASK ewma=997
DMA IRQ c0=2
DMA IRQ c1=0
DMA IRQ c2=0
DMA IRQ c3=0
SELECT busy=22524
SELECT w0=22449
SELECT w1=16194
SELECT w2=22451
BUSY TASK ewma=997
DMA IRQ c0=2
DMA IRQ c1=0
DMA IRQ c2=0
DMA IRQ c3=0
SELECT busy=22533
SELECT w0=22458
SELECT w1=16200
SELECT w2=22460
BUSY TASK ewma=997
DMA IRQ c0=2
DMA IRQ c1=0
DMA IRQ c2=0
DMA IRQ c3=0
SELECT busy=22542
SELECT w0=22467
SELECT w1=16207
SELECT w2=22469
BUSY TASK ewma=997
DMA IRQ c0=2
DMA IRQ c1=0
DMA IRQ c2=0
DMA IRQ c3=0
SELECT busy=22550
SELECT w0=22475
SELECT w1=16213
SELECT w2=22478
BUSY TASK ewma=997
DMA IRQ c0=2
DMA IRQ c1=0
DMA IRQ c2=0
DMA IRQ c3=0
SELECT busy=22559
SELECT w0=22484
SELECT w1=16219
SELECT w2=22486
BUSY TASK ewma=997
DMA IRQ c0=2
DMA IRQ c1=0
DMA IRQ c2=0
DMA IRQ c3=0
SELECT busy=22568
SELECT w0=22493
SELECT w1=16225
SELECT w2=22495
BUSY TASK ewma=997
DMA IRQ c0=2
DMA IRQ c1=0
DMA IRQ c2=0
DMA IRQ c3=0
SELECT busy=22576
SELECT w0=22501
SELECT w1=16231
SELECT w2=22503
BUSY TASK ewma=997
DMA IRQ c0=2
DMA IRQ c1=0
DMA IRQ c2=0
DMA IRQ c3=0
SELECT busy=22585
SELECT w0=22510
SELECT w1=16238
SELECT w2=22512
BUSY TASK ewma=997
DMA IRQ c0=2
DMA IRQ c1=0
DMA IRQ c2=0
DMA IRQ c3=0
SELECT busy=22594
SELECT w0=22519
SELECT w1=16244
SELECT w2=22521
BUSY TASK ewma=997
DMA IRQ c0=2
DMA IRQ c1=0
DMA IRQ c2=0
DMA IRQ c3=0
SELECT busy=22603
SELECT w0=22528
SELECT w1=16251
SELECT w2=22531
BUSY TASK ewma=997
DMA IRQ c0=2
DMA IRQ c1=0
DMA IRQ c2=0
DMA IRQ c3=0
SELECT busy=22614
SELECT w0=22539
SELECT w1=16259
SELECT w2=22541
BUSY TASK ewma=997
DMA IRQ c0=2
DMA IRQ c1=0
DMA IRQ c2=0
DMA IRQ c3=0
SELECT busy=22625
SELECT w0=22550
SELECT w1=16267
SELECT w2=22552
BUSY TASK ewma=997
DMA IRQ c0=2
DMA IRQ c1=0
DMA IRQ c2=0
DMA IRQ c3=0
SELECT busy=22635
SELECT w0=22560
SELECT w1=16274
SELECT w2=22563
BUSY TASK ewma=997
DMA IRQ c0=2
DMA IRQ c1=0
DMA IRQ c2=0
DMA IRQ c3=0
SELECT busy=22645
SELECT w0=22570
SELECT w1=16281
SELECT w2=22572
BUSY TASK ewma=997
DMA IRQ c0=2
DMA IRQ c1=0
DMA IRQ c2=0
DMA IRQ c3=0
SELECT busy=22654
SELECT w0=22579
SELECT w1=16288
SELECT w2=22581
BUSY TASK ewma=997
DMA IRQ c0=2
DMA IRQ c1=0
DMA IRQ c2=0
DMA IRQ c3=0
SELECT busy=22664
SELECT w0=22589
SELECT w1=16295
SELECT w2=22591
BUSY TASK ewma=997
DMA IRQ c0=2
DMA IRQ c1=0
DMA IRQ c2=0
DMA IRQ c3=0
SELECT busy=22673
SELECT w0=22598
SELECT w1=16301
SELECT w2=22600
BUSY TASK ewma=997
DMA IRQ c0=2
DMA IRQ c1=0
DMA IRQ c2=0
DMA IRQ c3=0
SELECT busy=22681
SELECT w0=22606
SELECT w1=16308
SELECT w2=22609
BUSY TASK ewma=997
DMA IRQ c0=2
DMA IRQ c1=0
DMA IRQ c2=0
DMA IRQ c3=0
SELECT busy=22690
SELECT w0=22615
SELECT w1=16314
SELECT w2=22618
BUSY TASK ewma=997
DMA IRQ c0=2
DMA IRQ c1=0
DMA IRQ c2=0
DMA IRQ c3=0
SELECT busy=22699
SELECT w0=22624
SELECT w1=16320
SELECT w2=22626
BUSY TASK ewma=997
DMA IRQ c0=2
DMA IRQ c1=0
DMA IRQ c2=0
DMA IRQ c3=0
SELECT busy=22708
SELECT w0=22633
SELECT w1=16326
SELECT w2=22635
BUSY TASK ewma=997
DMA IRQ c0=2
DMA IRQ c1=0
DMA IRQ c2=0
DMA IRQ c3=0
SELECT busy=22717
SELECT w0=22642
SELECT w1=16333
SELECT w2=22644
BUSY TASK ewma=997
DMA IRQ c0=2
DMA IRQ c1=0
DMA IRQ c2=0
DMA IRQ c3=0
SELECT busy=22726
SELECT w0=22651
SELECT w1=16340
SELECT w2=22654
BUSY TASK ewma=997
DMA IRQ c0=2
DMA IRQ c1=0
DMA IRQ c2=0
DMA IRQ c3=0
SELECT busy=22737
SELECT w0=22662
SELECT w1=16347
SELECT w2=22664
BUSY TASK ewma=997
DMA IRQ c0=2
DMA IRQ c1=0
DMA IRQ c2=0
DMA IRQ c3=0
SELECT busy=22748
SELECT w0=22673
SELECT w1=16355
SELECT w2=22675
BUSY TASK ewma=997
DMA IRQ c0=2
DMA IRQ c1=0
DMA IRQ c2=0
DMA IRQ c3=0
SELECT busy=22758
SELECT w0=22684
SELECT w1=16363
SELECT w2=22686
BUSY TASK ewma=997
DMA IRQ c0=2
DMA IRQ c1=0
DMA IRQ c2=0
DMA IRQ c3=0
SELECT busy=22769
SELECT w0=22694
SELECT w1=16370
SELECT w2=22696
BUSY TASK ewma=997
DMA IRQ c0=2
DMA IRQ c1=0
DMA IRQ c2=0
DMA IRQ c3=0
SELECT busy=22778
SELECT w0=22703
SELECT w1=16377
SELECT w2=22705
BUSY TASK ewma=997
DMA IRQ c0=2
DMA IRQ c1=0
DMA IRQ c2=0
DMA IRQ c3=0
SELECT busy=22787
SELECT w0=22712
SELECT w1=16383
SELECT w2=22714
BUSY TASK ewma=997
DMA IRQ c0=2
DMA IRQ c1=0
DMA IRQ c2=0
DMA IRQ c3=0
SELECT busy=22795
SELECT w0=22720
SELECT w1=16389
SELECT w2=22722
BUSY TASK ewma=997
DMA IRQ c0=2
DMA IRQ c1=0
DMA IRQ c2=0
DMA IRQ c3=0
SELECT busy=22804
SELECT w0=22729
SELECT w1=16395
SELECT w2=22731
BUSY TASK ewma=997
DMA IRQ c0=2
DMA IRQ c1=0
DMA IRQ c2=0
DMA IRQ c3=0
SELECT busy=22812
SELECT w0=22737
SELECT w1=16401
SELECT w2=22740
BUSY TASK ewma=997
DMA IRQ c0=2
DMA IRQ c1=0
DMA IRQ c2=0
DMA IRQ c3=0
SELECT busy=22821
SELECT w0=22746
SELECT w1=16408
SELECT w2=22748
BUSY TASK ewma=997
DMA IRQ c0=2
DMA IRQ c1=0
DMA IRQ c2=0
DMA IRQ c3=0
SELECT busy=22830
SELECT w0=22755
SELECT w1=16414
SELECT w2=22757
BUSY TASK ewma=997
IRQ counts: cpu0=68363 cpu1=65715 cpu2=0 cpu3=0
SCHED secondaries: calls=65715 unexpected=0
SECTEST switches=65700 cpu1=1492945792,1484111903 cpu2=0,0 cpu3=0,0
PINGPONG rounds=0 pongs=0
DMA IRQ c0=2
DMA IRQ c1=0
DMA IRQ c2=0
DMA IRQ c3=0
SELECT busy=22839
SELECT w0=22764
SELECT w1=16421
SELECT w2=22766
BUSY TASK ewma=997
DMA IRQ c0=2
DMA IRQ c1=0
DMA IRQ c2=0
DMA IRQ c3=0
SELECT busy=22848
SELECT w0=22773
SELECT w1=16427
SELECT w2=22775
BUSY TASK ewma=997
DMA IRQ c0=2
DMA IRQ c1=0
DMA IRQ c2=0
DMA IRQ c3=0
SELECT busy=22856
SELECT w0=22781
SELECT w1=16433
SELECT w2=22784
BUSY TASK ewma=997
DMA IRQ c0=2
DMA IRQ c1=0
DMA IRQ c2=0
DMA IRQ c3=0
SELECT busy=22865
SELECT w0=22790
SELECT w1=16439
SELECT w2=22792
BUSY TASK ewma=997
DMA IRQ c0=2
DMA IRQ c1=0
DMA IRQ c2=0
DMA IRQ c3=0
SELECT busy=22874
SELECT w0=22799
SELECT w1=16446
SELECT w2=22801
BUSY TASK ewma=997
DMA IRQ c0=2
DMA IRQ c1=0
DMA IRQ c2=0
DMA IRQ c3=0
SELECT busy=22882
SELECT w0=22807
SELECT w1=16452
SELECT w2=22809
BUSY TASK ewma=997
DMA IRQ c0=2
DMA IRQ c1=0
DMA IRQ c2=0
DMA IRQ c3=0
SELECT busy=22891
SELECT w0=22816
SELECT w1=16458
SELECT w2=22818
BUSY TASK ewma=997
DMA IRQ c0=2
DMA IRQ c1=0
DMA IRQ c2=0
DMA IRQ c3=0
SELECT busy=22900
SELECT w0=22825
SELECT w1=16465
SELECT w2=22827
BUSY TASK ewma=997
DMA IRQ c0=2
DMA IRQ c1=0
DMA IRQ c2=0
DMA IRQ c3=0
SELECT busy=22908
SELECT w0=22833
SELECT w1=16470
SELECT w2=22835
BUSY TASK ewma=997
DMA IRQ c0=2
DMA IRQ c1=0
DMA IRQ c2=0
DMA IRQ c3=0
SELECT busy=22917
SELECT w0=22842
SELECT w1=16477
SELECT w2=22844
BUSY TASK ewma=997
DMA IRQ c0=2
DMA IRQ c1=0
DMA IRQ c2=0
DMA IRQ c3=0
SELECT busy=22925
SELECT w0=22851
SELECT w1=16483
SELECT w2=22853
BUSY TASK ewma=997
DMA IRQ c0=2
DMA IRQ c1=0
DMA IRQ c2=0
DMA IRQ c3=0
SELECT busy=22934
SELECT w0=22859
SELECT w1=16489
SELECT w2=22861
BUSY TASK ewma=997
DMA IRQ c0=2
DMA IRQ c1=0
DMA IRQ c2=0
DMA IRQ c3=0
SELECT busy=22943
SELECT w0=22868
SELECT w1=16495
SELECT w2=22870
BUSY TASK ewma=997
DMA IRQ c0=2
DMA IRQ c1=0
DMA IRQ c2=0
DMA IRQ c3=0
SELECT busy=22951
SELECT w0=22876
SELECT w1=16501
SELECT w2=22878
BUSY TASK ewma=997
DMA IRQ c0=2
DMA IRQ c1=0
DMA IRQ c2=0
DMA IRQ c3=0
SELECT busy=22960
SELECT w0=22885
SELECT w1=16508
SELECT w2=22887
BUSY TASK ewma=997
DMA IRQ c0=2
DMA IRQ c1=0
DMA IRQ c2=0
DMA IRQ c3=0
SELECT busy=22968
SELECT w0=22893
SELECT w1=16513
SELECT w2=22896
BUSY TASK ewma=997
DMA IRQ c0=2
DMA IRQ c1=0
DMA IRQ c2=0
DMA IRQ c3=0
SELECT busy=22977
SELECT w0=22902
SELECT w1=16520
SELECT w2=22904
BUSY TASK ewma=997
DMA IRQ c0=2
DMA IRQ c1=0
DMA IRQ c2=0
DMA IRQ c3=0
SELECT busy=22986
SELECT w0=22911
SELECT w1=16526
SELECT w2=22913
BUSY TASK ewma=997
DMA IRQ c0=2
DMA IRQ c1=0
DMA IRQ c2=0
DMA IRQ c3=0
SELECT busy=22996
SELECT w0=22921
SELECT w1=16533
SELECT w2=22923
BUSY TASK ewma=997
DMA IRQ c0=2
DMA IRQ c1=0
DMA IRQ c2=0
DMA IRQ c3=0
SELECT busy=23006
SELECT w0=22931
SELECT w1=16541
SELECT w2=22933
BUSY TASK ewma=997
DMA IRQ c0=2
DMA IRQ c1=0
DMA IRQ c2=0
DMA IRQ c3=0
SELECT busy=23015
SELECT w0=22940
SELECT w1=16547
SELECT w2=22942
BUSY TASK ewma=997
DMA IRQ c0=2
DMA IRQ c1=0
DMA IRQ c2=0
DMA IRQ c3=0
SELECT busy=23025
SELECT w0=22950
SELECT w1=16554
SELECT w2=22952
BUSY TASK ewma=997
DMA IRQ c0=2
DMA IRQ c1=0
DMA IRQ c2=0
DMA IRQ c3=0
SELECT busy=23034
SELECT w0=22959
SELECT w1=16561
SELECT w2=22961
BUSY TASK ewma=997
DMA IRQ c0=2
DMA IRQ c1=0
DMA IRQ c2=0
DMA IRQ c3=0
SELECT busy=23043
SELECT w0=22968
SELECT w1=16567
SELECT w2=22970
BUSY TASK ewma=997
DMA IRQ c0=2
DMA IRQ c1=0
DMA IRQ c2=0
DMA IRQ c3=0
SELECT busy=23051
SELECT w0=22977
SELECT w1=16574
SELECT w2=22979
BUSY TASK ewma=997
DMA IRQ c0=2
DMA IRQ c1=0
DMA IRQ c2=0
DMA IRQ c3=0
SELECT busy=23060
SELECT w0=22985
SELECT w1=16580
SELECT w2=22987
BUSY TASK ewma=997
DMA IRQ c0=2
DMA IRQ c1=0
DMA IRQ c2=0
DMA IRQ c3=0
SELECT busy=23069
SELECT w0=22994
SELECT w1=16586
SELECT w2=22996
BUSY TASK ewma=997
DMA IRQ c0=2
DMA IRQ c1=0
DMA IRQ c2=0
DMA IRQ c3=0
SELECT busy=23077
SELECT w0=23002
SELECT w1=16592
SELECT w2=23005
BUSY TASK ewma=997
DMA IRQ c0=2
DMA IRQ c1=0
DMA IRQ c2=0
DMA IRQ c3=0
SELECT busy=23086
SELECT w0=23011
SELECT w1=16598
SELECT w2=23013
BUSY TASK ewma=997
DMA IRQ c0=2
DMA IRQ c1=0
DMA IRQ c2=0
DMA IRQ c3=0
SELECT busy=23094
SELECT w0=23020
SELECT w1=16605
SELECT w2=23022
BUSY TASK ewma=997
DMA IRQ c0=2
DMA IRQ c1=0
DMA IRQ c2=0
DMA IRQ c3=0
SELECT busy=23103
SELECT w0=23028
SELECT w1=16611
SELECT w2=23030
BUSY TASK ewma=997
DMA IRQ c0=2
DMA IRQ c1=0
DMA IRQ c2=0
DMA IRQ c3=0
SELECT busy=23112
SELECT w0=23037
SELECT w1=16617
SELECT w2=23039
BUSY TASK ewma=997
DMA IRQ c0=2
DMA IRQ c1=0
DMA IRQ c2=0
DMA IRQ c3=0
SELECT busy=23120
SELECT w0=23045
SELECT w1=16624
SELECT w2=23048
BUSY TASK ewma=997
DMA IRQ c0=2
DMA IRQ c1=0
DMA IRQ c2=0
DMA IRQ c3=0
SELECT busy=23129
SELECT w0=23054
SELECT w1=16630
SELECT w2=23056
BUSY TASK ewma=997
DMA IRQ c0=2
DMA IRQ c1=0
DMA IRQ c2=0
DMA IRQ c3=0
SELECT busy=23138
SELECT w0=23063
SELECT w1=16636
SELECT w2=23065
BUSY TASK ewma=997
DMA IRQ c0=2
DMA IRQ c1=0
DMA IRQ c2=0
DMA IRQ c3=0
SELECT busy=23146
SELECT w0=23071
SELECT w1=16642
SELECT w2=23073
BUSY TASK ewma=997
DMA IRQ c0=2
DMA IRQ c1=0
DMA IRQ c2=0
DMA IRQ c3=0
SELECT busy=23155
SELECT w0=23080
SELECT w1=16648
SELECT w2=23082
BUSY TASK ewma=997
DMA IRQ c0=2
DMA IRQ c1=0
DMA IRQ c2=0
DMA IRQ c3=0
SELECT busy=23163
SELECT w0=23089
SELECT w1=16655
SELECT w2=23091
BUSY TASK ewma=997
DMA IRQ c0=2
DMA IRQ c1=0
DMA IRQ c2=0
DMA IRQ c3=0
SELECT busy=23172
SELECT w0=23097
SELECT w1=16661
SELECT w2=23099
BUSY TASK ewma=997
DMA IRQ c0=2
DMA IRQ c1=0
DMA IRQ c2=0
DMA IRQ c3=0
SELECT busy=23181
SELECT w0=23106
SELECT w1=16667
SELECT w2=23108
BUSY TASK ewma=997
DMA IRQ c0=2
DMA IRQ c1=0
DMA IRQ c2=0
DMA IRQ c3=0
SELECT busy=23189
SELECT w0=23114
SELECT w1=16673
SELECT w2=23116
BUSY TASK ewma=997
DMA IRQ c0=2
DMA IRQ c1=0
DMA IRQ c2=0
DMA IRQ c3=0
SELECT busy=23198
SELECT w0=23123
SELECT w1=16679
SELECT w2=23125
BUSY TASK ewma=997
DMA IRQ c0=2
DMA IRQ c1=0
DMA IRQ c2=0
DMA IRQ c3=0
SELECT busy=23206
SELECT w0=23131
SELECT w1=16685
SELECT w2=23134
BUSY TASK ewma=997
DMA IRQ c0=2
DMA IRQ c1=0
DMA IRQ c2=0
DMA IRQ c3=0
SELECT busy=23215
SELECT w0=23140
SELECT w1=16692
SELECT w2=23142
BUSY TASK ewma=997
DMA IRQ c0=2
DMA IRQ c1=0
DMA IRQ c2=0
DMA IRQ c3=0
SELECT busy=23224
SELECT w0=23149
SELECT w1=16698
SELECT w2=23151
BUSY TASK ewma=997
DMA IRQ c0=2
DMA IRQ c1=0
DMA IRQ c2=0
DMA IRQ c3=0
SELECT busy=23232
SELECT w0=23157
SELECT w1=16704
SELECT w2=23159
BUSY TASK ewma=997
DMA IRQ c0=2
DMA IRQ c1=0
DMA IRQ c2=0
DMA IRQ c3=0
SELECT busy=23241
SELECT w0=23166
SELECT w1=16710
SELECT w2=23168
BUSY TASK ewma=997
DMA IRQ c0=2
DMA IRQ c1=0
DMA IRQ c2=0
DMA IRQ c3=0
SELECT busy=23250
SELECT w0=23175
SELECT w1=16717
SELECT w2=23177
BUSY TASK ewma=997
DMA IRQ c0=2
DMA IRQ c1=0
DMA IRQ c2=0
DMA IRQ c3=0
SELECT busy=23261
SELECT w0=23186
SELECT w1=16725
SELECT w2=23188
BUSY TASK ewma=997
DMA IRQ c0=2
DMA IRQ c1=0
DMA IRQ c2=0
DMA IRQ c3=0
SELECT busy=23271
SELECT w0=23196
SELECT w1=16732
SELECT w2=23199
BUSY TASK ewma=997
DMA IRQ c0=2
DMA IRQ c1=0
DMA IRQ c2=0
DMA IRQ c3=0
SELECT busy=23280
SELECT w0=23205
SELECT w1=16738
SELECT w2=23207
BUSY TASK ewma=997
DMA IRQ c0=2
DMA IRQ c1=0
DMA IRQ c2=0
DMA IRQ c3=0
SELECT busy=23289
SELECT w0=23214
SELECT w1=16745
SELECT w2=23216
BUSY TASK ewma=997
DMA IRQ c0=2
DMA IRQ c1=0
DMA IRQ c2=0
DMA IRQ c3=0
SELECT busy=23297
SELECT w0=23222
SELECT w1=16750
SELECT w2=23225
BUSY TASK ewma=997
DMA IRQ c0=2
DMA IRQ c1=0
DMA IRQ c2=0
DMA IRQ c3=0
SELECT busy=23306
SELECT w0=23231
SELECT w1=16757
SELECT w2=23233
BUSY TASK ewma=997
DMA IRQ c0=2
DMA IRQ c1=0
DMA IRQ c2=0
DMA IRQ c3=0
SELECT busy=23315
SELECT w0=23240
SELECT w1=16763
SELECT w2=23242
BUSY TASK ewma=997
DMA IRQ c0=2
DMA IRQ c1=0
DMA IRQ c2=0
DMA IRQ c3=0
SELECT busy=23323
SELECT w0=23248
SELECT w1=16769
SELECT w2=23250
BUSY TASK ewma=997
DMA IRQ c0=2
DMA IRQ c1=0
DMA IRQ c2=0
DMA IRQ c3=0
SELECT busy=23332
SELECT w0=23257
SELECT w1=16776
SELECT w2=23259
BUSY TASK ewma=997
DMA IRQ c0=2
DMA IRQ c1=0
DMA IRQ c2=0
DMA IRQ c3=0
SELECT busy=23340
SELECT w0=23265
SELECT w1=16782
SELECT w2=23268
BUSY TASK ewma=997
DMA IRQ c0=2
DMA IRQ c1=0
DMA IRQ c2=0
DMA IRQ c3=0
SELECT busy=23349
SELECT w0=23274
SELECT w1=16789
SELECT w2=23277
BUSY TASK ewma=997
DMA IRQ c0=2
DMA IRQ c1=0
DMA IRQ c2=0
DMA IRQ c3=0
SELECT busy=23358
SELECT w0=23283
SELECT w1=16794
SELECT w2=23285
BUSY TASK ewma=997
DMA IRQ c0=2
DMA IRQ c1=0
DMA IRQ c2=0
DMA IRQ c3=0
SELECT busy=23367
SELECT w0=23292
SELECT w1=16801
SELECT w2=23294
BUSY TASK ewma=997
DMA IRQ c0=2
DMA IRQ c1=0
DMA IRQ c2=0
DMA IRQ c3=0
SELECT busy=23375
SELECT w0=23300
SELECT w1=16807
SELECT w2=23302
BUSY TASK ewma=997
DMA IRQ c0=2
DMA IRQ c1=0
DMA IRQ c2=0
DMA IRQ c3=0
SELECT busy=23384
SELECT w0=23309
SELECT w1=16813
SELECT w2=23311
BUSY TASK ewma=997
DMA IRQ c0=2
DMA IRQ c1=0
DMA IRQ c2=0
DMA IRQ c3=0
SELECT busy=23392
SELECT w0=23317
SELECT w1=16819
SELECT w2=23319
BUSY TASK ewma=997
IRQ counts: cpu0=70052 cpu1=67337 cpu2=0 cpu3=0
SCHED secondaries: calls=67338 unexpected=0
SECTEST switches=67323 cpu1=1531590106,1522677154 cpu2=0,0 cpu3=0,0
PINGPONG rounds=0 pongs=0
DMA IRQ c0=2
DMA IRQ c1=0
DMA IRQ c2=0
DMA IRQ c3=0
SELECT busy=23402
SELECT w0=23327
SELECT w1=16826
SELECT w2=23329
BUSY TASK ewma=997
DMA IRQ c0=2
DMA IRQ c1=0
DMA IRQ c2=0
DMA IRQ c3=0
SELECT busy=23410
SELECT w0=23335
SELECT w1=16832
SELECT w2=23337
BUSY TASK ewma=997
DMA IRQ c0=2
DMA IRQ c1=0
DMA IRQ c2=0
DMA IRQ c3=0
SELECT busy=23419
SELECT w0=23344
SELECT w1=16839
SELECT w2=23346
BUSY TASK ewma=997
DMA IRQ c0=2
DMA IRQ c1=0
DMA IRQ c2=0
DMA IRQ c3=0
SELECT busy=23427
SELECT w0=23352
SELECT w1=16845
SELECT w2=23355
BUSY TASK ewma=997
DMA IRQ c0=2
DMA IRQ c1=0
DMA IRQ c2=0
DMA IRQ c3=0
SELECT busy=23436
SELECT w0=23361
SELECT w1=16851
SELECT w2=23363
BUSY TASK ewma=997
DMA IRQ c0=2
DMA IRQ c1=0
DMA IRQ c2=0
DMA IRQ c3=0
SELECT busy=23445
SELECT w0=23370
SELECT w1=16857
SELECT w2=23372
BUSY TASK ewma=997
DMA IRQ c0=2
DMA IRQ c1=0
DMA IRQ c2=0
DMA IRQ c3=0
SELECT busy=23453
SELECT w0=23378
SELECT w1=16863
SELECT w2=23380
BUSY TASK ewma=997
DMA IRQ c0=2
DMA IRQ c1=0
DMA IRQ c2=0
DMA IRQ c3=0
SELECT busy=23462
SELECT w0=23387
SELECT w1=16870
SELECT w2=23389
BUSY TASK ewma=997
DMA IRQ c0=2
DMA IRQ c1=0
DMA IRQ c2=0
DMA IRQ c3=0
SELECT busy=23470
SELECT w0=23395
SELECT w1=16875
SELECT w2=23398
BUSY TASK ewma=997
DMA IRQ c0=2
DMA IRQ c1=0
DMA IRQ c2=0
DMA IRQ c3=0
SELECT busy=23479
SELECT w0=23404
SELECT w1=16882
SELECT w2=23406
BUSY TASK ewma=997
DMA IRQ c0=2
DMA IRQ c1=0
DMA IRQ c2=0
DMA IRQ c3=0
SELECT busy=23488
SELECT w0=23413
SELECT w1=16888
SELECT w2=23415
BUSY TASK ewma=997
DMA IRQ c0=2
DMA IRQ c1=0
DMA IRQ c2=0
DMA IRQ c3=0
SELECT busy=23496
SELECT w0=23421
SELECT w1=16894
SELECT w2=23423
BUSY TASK ewma=997
DMA IRQ c0=2
DMA IRQ c1=0
DMA IRQ c2=0
DMA IRQ c3=0
SELECT busy=23505
SELECT w0=23430
SELECT w1=16900
SELECT w2=23432
BUSY TASK ewma=997
DMA IRQ c0=2
DMA IRQ c1=0
DMA IRQ c2=0
DMA IRQ c3=0
SELECT busy=23513
SELECT w0=23438
SELECT w1=16907
SELECT w2=23441
BUSY TASK ewma=997
DMA IRQ c0=2
DMA IRQ c1=0
DMA IRQ c2=0
DMA IRQ c3=0
SELECT busy=23522
SELECT w0=23447
SELECT w1=16913
SELECT w2=23449
BUSY TASK ewma=997
DMA IRQ c0=2
DMA IRQ c1=0
DMA IRQ c2=0
DMA IRQ c3=0
SELECT busy=23531
SELECT w0=23456
SELECT w1=16919
SELECT w2=23458
BUSY TASK ewma=997
DMA IRQ c0=2
DMA IRQ c1=0
DMA IRQ c2=0
DMA IRQ c3=0
SELECT busy=23539
SELECT w0=23464
SELECT w1=16925
SELECT w2=23466
BUSY TASK ewma=997
DMA IRQ c0=2
DMA IRQ c1=0
DMA IRQ c2=0
DMA IRQ c3=0
SELECT busy=23548
SELECT w0=23473
SELECT w1=16931
SELECT w2=23475
BUSY TASK ewma=997
DMA IRQ c0=2
DMA IRQ c1=0
DMA IRQ c2=0
DMA IRQ c3=0
SELECT busy=23556
SELECT w0=23481
SELECT w1=16938
SELECT w2=23484
BUSY TASK ewma=997
DMA IRQ c0=2
DMA IRQ c1=0
DMA IRQ c2=0
DMA IRQ c3=0
SELECT busy=23565
SELECT w0=23490
SELECT w1=16944
SELECT w2=23492
BUSY TASK ewma=997
DMA IRQ c0=2
DMA IRQ c1=0
DMA IRQ c2=0
DMA IRQ c3=0
SELECT busy=23574
SELECT w0=23499
SELECT w1=16950
SELECT w2=23501
BUSY TASK ewma=997
DMA IRQ c0=2
DMA IRQ c1=0
DMA IRQ c2=0
DMA IRQ c3=0
SELECT busy=23582
SELECT w0=23507
SELECT w1=16956
SELECT w2=23510
BUSY TASK ewma=997
DMA IRQ c0=2
DMA IRQ c1=0
DMA IRQ c2=0
DMA IRQ c3=0
SELECT busy=23591
SELECT w0=23516
SELECT w1=16962
SELECT w2=23518
BUSY TASK ewma=997
DMA IRQ c0=2
DMA IRQ c1=0
DMA IRQ c2=0
DMA IRQ c3=0
SELECT busy=23600
SELECT w0=23525
SELECT w1=16969
SELECT w2=23527
BUSY TASK ewma=997
DMA IRQ c0=2
DMA IRQ c1=0
DMA IRQ c2=0
DMA IRQ c3=0
SELECT busy=23608
SELECT w0=23533
SELECT w1=16975
SELECT w2=23535
BUSY TASK ewma=997
DMA IRQ c0=2
DMA IRQ c1=0
DMA IRQ c2=0
DMA IRQ c3=0
SELECT busy=23617
SELECT w0=23542
SELECT w1=16981
SELECT w2=23544
BUSY TASK ewma=997
DMA IRQ c0=2
DMA IRQ c1=0
DMA IRQ c2=0
DMA IRQ c3=0
SELECT busy=23625
SELECT w0=23551
SELECT w1=16987
SELECT w2=23553
BUSY TASK ewma=997
DMA IRQ c0=2
DMA IRQ c1=0
DMA IRQ c2=0
DMA IRQ c3=0
SELECT busy=23634
SELECT w0=23559
SELECT w1=16993
SELECT w2=23561
BUSY TASK ewma=997
DMA IRQ c0=2
DMA IRQ c1=0
DMA IRQ c2=0
DMA IRQ c3=0
SELECT busy=23643
SELECT w0=23568
SELECT w1=17000
SELECT w2=23570
BUSY TASK ewma=997
DMA IRQ c0=2
DMA IRQ c1=0
DMA IRQ c2=0
DMA IRQ c3=0
SELECT busy=23651
SELECT w0=23576
SELECT w1=17006
SELECT w2=23578
BUSY TASK ewma=997
DMA IRQ c0=2
DMA IRQ c1=0
DMA IRQ c2=0
DMA IRQ c3=0
SELECT busy=23660
SELECT w0=23585
SELECT w1=17012
SELECT w2=23587
BUSY TASK ewma=997
DMA IRQ c0=2
DMA IRQ c1=0
DMA IRQ c2=0
DMA IRQ c3=0
SELECT busy=23668
SELECT w0=23594
SELECT w1=17018
SELECT w2=23596
BUSY TASK ewma=997
DMA IRQ c0=2
DMA IRQ c1=0
DMA IRQ c2=0
DMA IRQ c3=0
SELECT busy=23677
SELECT w0=23602
SELECT w1=17024
SELECT w2=23604
BUSY TASK ewma=997
DMA IRQ c0=2
DMA IRQ c1=0
DMA IRQ c2=0
DMA IRQ c3=0
SELECT busy=23686
SELECT w0=23611
SELECT w1=17031
SELECT w2=23613
BUSY TASK ewma=997
DMA IRQ c0=2
DMA IRQ c1=0
DMA IRQ c2=0
DMA IRQ c3=0
SELECT busy=23694
SELECT w0=23619
SELECT w1=17037
SELECT w2=23621
BUSY TASK ewma=997
DMA IRQ c0=2
DMA IRQ c1=0
DMA IRQ c2=0
DMA IRQ c3=0
SELECT busy=23703
SELECT w0=23628
SELECT w1=17043
SELECT w2=23630
BUSY TASK ewma=997
DMA IRQ c0=2
DMA IRQ c1=0
DMA IRQ c2=0
DMA IRQ c3=0
SELECT busy=23711
SELECT w0=23637
SELECT w1=17050
SELECT w2=23639
BUSY TASK ewma=997
DMA IRQ c0=2
DMA IRQ c1=0
DMA IRQ c2=0
DMA IRQ c3=0
SELECT busy=23720
SELECT w0=23645
SELECT w1=17055
SELECT w2=23647
BUSY TASK ewma=997
DMA IRQ c0=2
DMA IRQ c1=0
DMA IRQ c2=0
DMA IRQ c3=0
SELECT busy=23729
SELECT w0=23654
SELECT w1=17062
SELECT w2=23656
BUSY TASK ewma=997
DMA IRQ c0=2
DMA IRQ c1=0
DMA IRQ c2=0
DMA IRQ c3=0
SELECT busy=23737
SELECT w0=23662
SELECT w1=17068
SELECT w2=23664
BUSY TASK ewma=997
DMA IRQ c0=2
DMA IRQ c1=0
DMA IRQ c2=0
DMA IRQ c3=0
SELECT busy=23746
SELECT w0=23671
SELECT w1=17074
SELECT w2=23673
BUSY TASK ewma=997
DMA IRQ c0=2
DMA IRQ c1=0
DMA IRQ c2=0
DMA IRQ c3=0
SELECT busy=23754
SELECT w0=23680
SELECT w1=17081
SELECT w2=23682
BUSY TASK ewma=997
DMA IRQ c0=2
DMA IRQ c1=0
DMA IRQ c2=0
DMA IRQ c3=0
SELECT busy=23763
SELECT w0=23688
SELECT w1=17087
SELECT w2=23690
BUSY TASK ewma=997
DMA IRQ c0=2
DMA IRQ c1=0
DMA IRQ c2=0
DMA IRQ c3=0
SELECT busy=23772
SELECT w0=23697
SELECT w1=17093
SELECT w2=23699
BUSY TASK ewma=997
DMA IRQ c0=2
DMA IRQ c1=0
DMA IRQ c2=0
DMA IRQ c3=0
SELECT busy=23780
SELECT w0=23705
SELECT w1=17099
SELECT w2=23707
BUSY TASK ewma=997
DMA IRQ c0=2
DMA IRQ c1=0
DMA IRQ c2=0
DMA IRQ c3=0
SELECT busy=23790
SELECT w0=23715
SELECT w1=17106
SELECT w2=23717
BUSY TASK ewma=997
DMA IRQ c0=2
DMA IRQ c1=0
DMA IRQ c2=0
DMA IRQ c3=0
SELECT busy=23799
SELECT w0=23724
SELECT w1=17112
SELECT w2=23726
BUSY TASK ewma=997
DMA IRQ c0=2
DMA IRQ c1=0
DMA IRQ c2=0
DMA IRQ c3=0
SELECT busy=23808
SELECT w0=23733
SELECT w1=17119
SELECT w2=23735
BUSY TASK ewma=997
DMA IRQ c0=2
DMA IRQ c1=0
DMA IRQ c2=0
DMA IRQ c3=0
SELECT busy=23817
SELECT w0=23742
SELECT w1=17125
SELECT w2=23744
BUSY TASK ewma=997
DMA IRQ c0=2
DMA IRQ c1=0
DMA IRQ c2=0
DMA IRQ c3=0
SELECT busy=23826
SELECT w0=23751
SELECT w1=17132
SELECT w2=23753
BUSY TASK ewma=997
DMA IRQ c0=2
DMA IRQ c1=0
DMA IRQ c2=0
DMA IRQ c3=0
SELECT busy=23834
SELECT w0=23760
SELECT w1=17138
SELECT w2=23762
BUSY TASK ewma=997
DMA IRQ c0=2
DMA IRQ c1=0
DMA IRQ c2=0
DMA IRQ c3=0
SELECT busy=23844
SELECT w0=23769
SELECT w1=17145
SELECT w2=23771
BUSY TASK ewma=997
DMA IRQ c0=2
DMA IRQ c1=0
DMA IRQ c2=0
DMA IRQ c3=0
SELECT busy=23853
SELECT w0=23778
SELECT w1=17151
SELECT w2=23780
BUSY TASK ewma=997
DMA IRQ c0=2
DMA IRQ c1=0
DMA IRQ c2=0
DMA IRQ c3=0
SELECT busy=23862
SELECT w0=23787
SELECT w1=17158
SELECT w2=23789
BUSY TASK ewma=997
DMA IRQ c0=2
DMA IRQ c1=0
DMA IRQ c2=0
DMA IRQ c3=0
SELECT busy=23871
SELECT w0=23796
SELECT w1=17164
SELECT w2=23798
BUSY TASK ewma=997
DMA IRQ c0=2
DMA IRQ c1=0
DMA IRQ c2=0
DMA IRQ c3=0
SELECT busy=23880
SELECT w0=23805
SELECT w1=17171
SELECT w2=23807
BUSY TASK ewma=997
DMA IRQ c0=2
DMA IRQ c1=0
DMA IRQ c2=0
DMA IRQ c3=0
SELECT busy=23889
SELECT w0=23814
SELECT w1=17177
SELECT w2=23816
BUSY TASK ewma=997
DMA IRQ c0=2
DMA IRQ c1=0
DMA IRQ c2=0
DMA IRQ c3=0
SELECT busy=23898
SELECT w0=23823
SELECT w1=17184
SELECT w2=23825
BUSY TASK ewma=997
DMA IRQ c0=2
DMA IRQ c1=0
DMA IRQ c2=0
DMA IRQ c3=0
SELECT busy=23908
SELECT w0=23833
SELECT w1=17191
SELECT w2=23835
BUSY TASK ewma=997
DMA IRQ c0=2
DMA IRQ c1=0
DMA IRQ c2=0
DMA IRQ c3=0
SELECT busy=23918
SELECT w0=23844
SELECT w1=17199
SELECT w2=23846
BUSY TASK ewma=997
DMA IRQ c0=2
DMA IRQ c1=0
DMA IRQ c2=0
DMA IRQ c3=0
SELECT busy=23929
SELECT w0=23854
SELECT w1=17206
SELECT w2=23856
BUSY TASK ewma=997
DMA IRQ c0=2
DMA IRQ c1=0
DMA IRQ c2=0
DMA IRQ c3=0
SELECT busy=23938
SELECT w0=23863
SELECT w1=17212
SELECT w2=23865
BUSY TASK ewma=997
DMA IRQ c0=2
DMA IRQ c1=0
DMA IRQ c2=0
DMA IRQ c3=0
SELECT busy=23947
SELECT w0=23872
SELECT w1=17219
SELECT w2=23874
BUSY TASK ewma=997
DMA IRQ c0=2
DMA IRQ c1=0
DMA IRQ c2=0
DMA IRQ c3=0
SELECT busy=23956
SELECT w0=23881
SELECT w1=17225
SELECT w2=23883
BUSY TASK ewma=997
IRQ counts: cpu0=71741 cpu1=68963 cpu2=0 cpu3=0
SCHED secondaries: calls=68963 unexpected=0
SECTEST switches=68948 cpu1=1570146907,1561219645 cpu2=0,0 cpu3=0,0
PINGPONG rounds=0 pongs=0
DMA IRQ c0=2
DMA IRQ c1=0
DMA IRQ c2=0
DMA IRQ c3=0
SELECT busy=23965
SELECT w0=23891
SELECT w1=17233
SELECT w2=23893
BUSY TASK ewma=997
DMA IRQ c0=2
DMA IRQ c1=0
DMA IRQ c2=0
DMA IRQ c3=0
SELECT busy=23974
SELECT w0=23899
SELECT w1=17238
SELECT w2=23901
BUSY TASK ewma=997
DMA IRQ c0=2
DMA IRQ c1=0
DMA IRQ c2=0
DMA IRQ c3=0
SELECT busy=23983
SELECT w0=23908
SELECT w1=17245
SELECT w2=23910
BUSY TASK ewma=997
DMA IRQ c0=2
DMA IRQ c1=0
DMA IRQ c2=0
DMA IRQ c3=0
SELECT busy=23991
SELECT w0=23916
SELECT w1=17251
SELECT w2=23919
BUSY TASK ewma=997
DMA IRQ c0=2
DMA IRQ c1=0
DMA IRQ c2=0
DMA IRQ c3=0
SELECT busy=24000
SELECT w0=23925
SELECT w1=17257
SELECT w2=23927
BUSY TASK ewma=997
DMA IRQ c0=2
DMA IRQ c1=0
DMA IRQ c2=0
DMA IRQ c3=0
SELECT busy=24009
SELECT w0=23934
SELECT w1=17264
SELECT w2=23936
BUSY TASK ewma=997
DMA IRQ c0=2
DMA IRQ c1=0
DMA IRQ c2=0
DMA IRQ c3=0
SELECT busy=24017
SELECT w0=23942
SELECT w1=17269
SELECT w2=23944
BUSY TASK ewma=997
DMA IRQ c0=2
DMA IRQ c1=0
DMA IRQ c2=0
DMA IRQ c3=0
SELECT busy=24026
SELECT w0=23951
SELECT w1=17276
SELECT w2=23953
BUSY TASK ewma=997
DMA IRQ c0=2
DMA IRQ c1=0
DMA IRQ c2=0
DMA IRQ c3=0
SELECT busy=24034
SELECT w0=23960
SELECT w1=17282
SELECT w2=23962
BUSY TASK ewma=997
DMA IRQ c0=2
DMA IRQ c1=0
DMA IRQ c2=0
DMA IRQ c3=0
SELECT busy=24043
SELECT w0=23968
SELECT w1=17288
SELECT w2=23970
BUSY TASK ewma=997
DMA IRQ c0=2
DMA IRQ c1=0
DMA IRQ c2=0
DMA IRQ c3=0
SELECT busy=24052
SELECT w0=23977
SELECT w1=17294
SELECT w2=23979
BUSY TASK ewma=997
DMA IRQ c0=2
DMA IRQ c1=0
DMA IRQ c2=0
DMA IRQ c3=0
SELECT busy=24060
SELECT w0=23985
SELECT w1=17300
SELECT w2=23988
BUSY TASK ewma=997
DMA IRQ c0=2
DMA IRQ c1=0
DMA IRQ c2=0
DMA IRQ c3=0
SELECT busy=24069
SELECT w0=23994
SELECT w1=17307
SELECT w2=23996
BUSY TASK ewma=997
DMA IRQ c0=2
DMA IRQ c1=0
DMA IRQ c2=0
DMA IRQ c3=0
SELECT busy=24078
SELECT w0=24003
SELECT w1=17313
SELECT w2=24005
BUSY TASK ewma=997
DMA IRQ c0=2
DMA IRQ c1=0
DMA IRQ c2=0
DMA IRQ c3=0
SELECT busy=24086
SELECT w0=24011
SELECT w1=17319
SELECT w2=24013
BUSY TASK ewma=997
DMA IRQ c0=2
DMA IRQ c1=0
DMA IRQ c2=0
DMA IRQ c3=0
SELECT busy=24095
SELECT w0=24020
SELECT w1=17325
SELECT w2=24022
BUSY TASK ewma=997
DMA IRQ c0=2
DMA IRQ c1=0
DMA IRQ c2=0
DMA IRQ c3=0
SELECT busy=24103
SELECT w0=24028
SELECT w1=17332
SELECT w2=24031
BUSY TASK ewma=997
DMA IRQ c0=2
DMA IRQ c1=0
DMA IRQ c2=0
DMA IRQ c3=0
SELECT busy=24112
SELECT w0=24037
SELECT w1=17338
SELECT w2=24039
BUSY TASK ewma=997
DMA IRQ c0=2
DMA IRQ c1=0
DMA IRQ c2=0
DMA IRQ c3=0
SELECT busy=24121
SELECT w0=24046
SELECT w1=17344
SELECT w2=24048
BUSY TASK ewma=997
DMA IRQ c0=2
DMA IRQ c1=0
DMA IRQ c2=0
DMA IRQ c3=0
SELECT busy=24129
SELECT w0=24054
SELECT w1=17350
SELECT w2=24057
BUSY TASK ewma=997
DMA IRQ c0=2
DMA IRQ c1=0
DMA IRQ c2=0
DMA IRQ c3=0
SELECT busy=24138
SELECT w0=24063
SELECT w1=17356
SELECT w2=24065
BUSY TASK ewma=997
DMA IRQ c0=2
DMA IRQ c1=0
DMA IRQ c2=0
DMA IRQ c3=0
SELECT busy=24147
SELECT w0=24072
SELECT w1=17363
SELECT w2=24074
BUSY TASK ewma=997
DMA IRQ c0=2
DMA IRQ c1=0
DMA IRQ c2=0
DMA IRQ c3=0
SELECT busy=24155
SELECT w0=24080
SELECT w1=17369
SELECT w2=24082
BUSY TASK ewma=997
DMA IRQ c0=2
DMA IRQ c1=0
DMA IRQ c2=0
DMA IRQ c3=0
SELECT busy=24164
SELECT w0=24089
SELECT w1=17375
SELECT w2=24091
BUSY TASK ewma=997
DMA IRQ c0=2
DMA IRQ c1=0
DMA IRQ c2=0
DMA IRQ c3=0
SELECT busy=24172
SELECT w0=24097
SELECT w1=17381
SELECT w2=24100
BUSY TASK ewma=997
DMA IRQ c0=2
DMA IRQ c1=0
DMA IRQ c2=0
DMA IRQ c3=0
SELECT busy=24181
SELECT w0=24106
SELECT w1=17387
SELECT w2=24108
BUSY TASK ewma=997
DMA IRQ c0=2
DMA IRQ c1=0
DMA IRQ c2=0
DMA IRQ c3=0
SELECT busy=24189
SELECT w0=24115
SELECT w1=17394
SELECT w2=24117
BUSY TASK ewma=997
DMA IRQ c0=2
DMA IRQ c1=0
DMA IRQ c2=0
DMA IRQ c3=0
SELECT busy=24198
SELECT w0=24123
SELECT w1=17400
SELECT w2=24125
BUSY TASK ewma=997
DMA IRQ c0=2
DMA IRQ c1=0
DMA IRQ c2=0
DMA IRQ c3=0
SELECT busy=24207
SELECT w0=24132
SELECT w1=17406
SELECT w2=24134
BUSY TASK ewma=997
DMA IRQ c0=2
DMA IRQ c1=0
DMA IRQ c2=0
DMA IRQ c3=0
SELECT busy=24216
SELECT w0=24141
SELECT w1=17413
SELECT w2=24143
BUSY TASK ewma=997
DMA IRQ c0=2
DMA IRQ c1=0
DMA IRQ c2=0
DMA IRQ c3=0
SELECT busy=24225
SELECT w0=24150
SELECT w1=17419
SELECT w2=24152
BUSY TASK ewma=997
DMA IRQ c0=2
DMA IRQ c1=0
DMA IRQ c2=0
DMA IRQ c3=0
SELECT busy=24234
SELECT w0=24159
SELECT w1=17426
SELECT w2=24161
BUSY TASK ewma=997
DMA IRQ c0=2
DMA IRQ c1=0
DMA IRQ c2=0
DMA IRQ c3=0
SELECT busy=24242
SELECT w0=24167
SELECT w1=17431
SELECT w2=24169
BUSY TASK ewma=997
DMA IRQ c0=2
DMA IRQ c1=0
DMA IRQ c2=0
DMA IRQ c3=0
SELECT busy=24251
SELECT w0=24176
SELECT w1=17438
SELECT w2=24178
BUSY TASK ewma=997
DMA IRQ c0=2
DMA IRQ c1=0
DMA IRQ c2=0
DMA IRQ c3=0
SELECT busy=24260
SELECT w0=24185
SELECT w1=17444
SELECT w2=24187
BUSY TASK ewma=997
DMA IRQ c0=2
DMA IRQ c1=0
DMA IRQ c2=0
DMA IRQ c3=0
SELECT busy=24268
SELECT w0=24193
SELECT w1=17450
SELECT w2=24196
BUSY TASK ewma=997
DMA IRQ c0=2
DMA IRQ c1=0
DMA IRQ c2=0
DMA IRQ c3=0
SELECT busy=24277
SELECT w0=24202
SELECT w1=17457
SELECT w2=24204
BUSY TASK ewma=997
DMA IRQ c0=2
DMA IRQ c1=0
DMA IRQ c2=0
DMA IRQ c3=0
SELECT busy=24285
SELECT w0=24211
SELECT w1=17463
SELECT w2=24213
BUSY TASK ewma=997
DMA IRQ c0=2
DMA IRQ c1=0
DMA IRQ c2=0
DMA IRQ c3=0
SELECT busy=24294
SELECT w0=24219
SELECT w1=17469
SELECT w2=24221
BUSY TASK ewma=997
DMA IRQ c0=2
DMA IRQ c1=0
DMA IRQ c2=0
DMA IRQ c3=0
SELECT busy=24303
SELECT w0=24228
SELECT w1=17475
SELECT w2=24230
BUSY TASK ewma=997
DMA IRQ c0=2
DMA IRQ c1=0
DMA IRQ c2=0
DMA IRQ c3=0
SELECT busy=24311
SELECT w0=24236
SELECT w1=17481
SELECT w2=24239
BUSY TASK ewma=997
DMA IRQ c0=2
DMA IRQ c1=0
DMA IRQ c2=0
DMA IRQ c3=0
SELECT busy=24320
SELECT w0=24245
SELECT w1=17487
SELECT w2=24247
BUSY TASK ewma=997
DMA IRQ c0=2
DMA IRQ c1=0
DMA IRQ c2=0
DMA IRQ c3=0
SELECT busy=24329
SELECT w0=24254
SELECT w1=17494
SELECT w2=24256
BUSY TASK ewma=997
DMA IRQ c0=2
DMA IRQ c1=0
DMA IRQ c2=0
DMA IRQ c3=0
SELECT busy=24337
SELECT w0=24262
SELECT w1=17500
SELECT w2=24264
BUSY TASK ewma=997
DMA IRQ c0=2
DMA IRQ c1=0
DMA IRQ c2=0
DMA IRQ c3=0
SELECT busy=24346
SELECT w0=24271
SELECT w1=17506
SELECT w2=24273
BUSY TASK ewma=997
DMA IRQ c0=2
DMA IRQ c1=0
DMA IRQ c2=0
DMA IRQ c3=0
SELECT busy=24354
SELECT w0=24279
SELECT w1=17513
SELECT w2=24282
BUSY TASK ewma=997
DMA IRQ c0=2
DMA IRQ c1=0
DMA IRQ c2=0
DMA IRQ c3=0
SELECT busy=24363
SELECT w0=24288
SELECT w1=17518
SELECT w2=24290
BUSY TASK ewma=997
DMA IRQ c0=2
DMA IRQ c1=0
DMA IRQ c2=0
DMA IRQ c3=0
SELECT busy=24371
SELECT w0=24297
SELECT w1=17525
SELECT w2=24299
BUSY TASK ewma=997
DMA IRQ c0=2
DMA IRQ c1=0
DMA IRQ c2=0
DMA IRQ c3=0
SELECT busy=24380
SELECT w0=24305
SELECT w1=17531
SELECT w2=24307
BUSY TASK ewma=997
DMA IRQ c0=2
DMA IRQ c1=0
DMA IRQ c2=0
DMA IRQ c3=0
SELECT busy=24389
SELECT w0=24314
SELECT w1=17537
SELECT w2=24316
BUSY TASK ewma=997
DMA IRQ c0=2
DMA IRQ c1=0
DMA IRQ c2=0
DMA IRQ c3=0
SELECT busy=24397
SELECT w0=24322
SELECT w1=17544
SELECT w2=24325
BUSY TASK ewma=997
DMA IRQ c0=2
DMA IRQ c1=0
DMA IRQ c2=0
DMA IRQ c3=0
SELECT busy=24406
SELECT w0=24331
SELECT w1=17549
SELECT w2=24333
BUSY TASK ewma=997
DMA IRQ c0=2
DMA IRQ c1=0
DMA IRQ c2=0
DMA IRQ c3=0
SELECT busy=24414
SELECT w0=24340
SELECT w1=17556
SELECT w2=24342
BUSY TASK ewma=997
DMA IRQ c0=2
DMA IRQ c1=0
DMA IRQ c2=0
DMA IRQ c3=0
SELECT busy=24423
SELECT w0=24348
SELECT w1=17562
SELECT w2=24350
BUSY TASK ewma=997
DMA IRQ c0=2
DMA IRQ c1=0
DMA IRQ c2=0
DMA IRQ c3=0
SELECT busy=24432
SELECT w0=24357
SELECT w1=17568
SELECT w2=24359
BUSY TASK ewma=997
DMA IRQ c0=2
DMA IRQ c1=0
DMA IRQ c2=0
DMA IRQ c3=0
SELECT busy=24440
SELECT w0=24365
SELECT w1=17574
SELECT w2=24367
BUSY TASK ewma=997
DMA IRQ c0=2
DMA IRQ c1=0
DMA IRQ c2=0
DMA IRQ c3=0
SELECT busy=24449
SELECT w0=24374
SELECT w1=17580
SELECT w2=24376
BUSY TASK ewma=997
DMA IRQ c0=2
DMA IRQ c1=0
DMA IRQ c2=0
DMA IRQ c3=0
SELECT busy=24457
SELECT w0=24382
SELECT w1=17586
SELECT w2=24385
BUSY TASK ewma=997
DMA IRQ c0=2
DMA IRQ c1=0
DMA IRQ c2=0
DMA IRQ c3=0
SELECT busy=24466
SELECT w0=24391
SELECT w1=17592
SELECT w2=24393
BUSY TASK ewma=997
DMA IRQ c0=2
DMA IRQ c1=0
DMA IRQ c2=0
DMA IRQ c3=0
SELECT busy=24475
SELECT w0=24400
SELECT w1=17599
SELECT w2=24402
BUSY TASK ewma=997
DMA IRQ c0=2
DMA IRQ c1=0
DMA IRQ c2=0
DMA IRQ c3=0
SELECT busy=24483
SELECT w0=24408
SELECT w1=17605
SELECT w2=24410
BUSY TASK ewma=997
DMA IRQ c0=2
DMA IRQ c1=0
DMA IRQ c2=0
DMA IRQ c3=0
SELECT busy=24492
SELECT w0=24417
SELECT w1=17611
SELECT w2=24419
BUSY TASK ewma=997
DMA IRQ c0=2
DMA IRQ c1=0
DMA IRQ c2=0
DMA IRQ c3=0
SELECT busy=24500
SELECT w0=24425
SELECT w1=17617
SELECT w2=24427
BUSY TASK ewma=997
DMA IRQ c0=2
DMA IRQ c1=0
DMA IRQ c2=0
DMA IRQ c3=0
SELECT busy=24509
SELECT w0=24434
SELECT w1=17623
SELECT w2=24436
BUSY TASK ewma=997
IRQ counts: cpu0=73400 cpu1=70552 cpu2=0 cpu3=0
SCHED secondaries: calls=70552 unexpected=0
SECTEST switches=70539 cpu1=1609008277,1600041092 cpu2=0,0 cpu3=0,0
PINGPONG rounds=0 pongs=0
DMA IRQ c0=2
DMA IRQ c1=0
DMA IRQ c2=0
DMA IRQ c3=0
SELECT busy=24518
SELECT w0=24443
SELECT w1=17630
SELECT w2=24445
BUSY TASK ewma=997
DMA IRQ c0=2
DMA IRQ c1=0
DMA IRQ c2=0
DMA IRQ c3=0
SELECT busy=24527
SELECT w0=24452
SELECT w1=17636
SELECT w2=24454
BUSY TASK ewma=997
DMA IRQ c0=2
DMA IRQ c1=0
DMA IRQ c2=0
DMA IRQ c3=0
SELECT busy=24535
SELECT w0=24461
SELECT w1=17643
SELECT w2=24463
BUSY TASK ewma=997
DMA IRQ c0=2
DMA IRQ c1=0
DMA IRQ c2=0
DMA IRQ c3=0
SELECT busy=24544
SELECT w0=24469
SELECT w1=17648
SELECT w2=24471
BUSY TASK ewma=997
DMA IRQ c0=2
DMA IRQ c1=0
DMA IRQ c2=0
DMA IRQ c3=0
SELECT busy=24553
SELECT w0=24478
SELECT w1=17655
SELECT w2=24480
BUSY TASK ewma=997
DMA IRQ c0=2
DMA IRQ c1=0
DMA IRQ c2=0
DMA IRQ c3=0
SELECT busy=24561
SELECT w0=24486
SELECT w1=17661
SELECT w2=24488
BUSY TASK ewma=997
DMA IRQ c0=2
DMA IRQ c1=0
DMA IRQ c2=0
DMA IRQ c3=0
SELECT busy=24569
SELECT w0=24494
SELECT w1=17667
SELECT w2=24497
BUSY TASK ewma=997
DMA IRQ c0=2
DMA IRQ c1=0
DMA IRQ c2=0
DMA IRQ c3=0
SELECT busy=24578
SELECT w0=24503
SELECT w1=17673
SELECT w2=24505
BUSY TASK ewma=997
DMA IRQ c0=2
DMA IRQ c1=0
DMA IRQ c2=0
DMA IRQ c3=0
SELECT busy=24586
SELECT w0=24511
SELECT w1=17679
SELECT w2=24513
BUSY TASK ewma=997
DMA IRQ c0=2
DMA IRQ c1=0
DMA IRQ c2=0
DMA IRQ c3=0
SELECT busy=24595
SELECT w0=24520
SELECT w1=17685
SELECT w2=24522
BUSY TASK ewma=997
DMA IRQ c0=2
DMA IRQ c1=0
DMA IRQ c2=0
DMA IRQ c3=0
SELECT busy=24603
SELECT w0=24528
SELECT w1=17691
SELECT w2=24530
BUSY TASK ewma=997
DMA IRQ c0=2
DMA IRQ c1=0
DMA IRQ c2=0
DMA IRQ c3=0
SELECT busy=24611
SELECT w0=24536
SELECT w1=17697
SELECT w2=24539
BUSY TASK ewma=997
DMA IRQ c0=2
DMA IRQ c1=0
DMA IRQ c2=0
DMA IRQ c3=0
SELECT busy=24620
SELECT w0=24545
SELECT w1=17703
SELECT w2=24547
BUSY TASK ewma=997
DMA IRQ c0=2
DMA IRQ c1=0
DMA IRQ c2=0
DMA IRQ c3=0
SELECT busy=24628
SELECT w0=24553
SELECT w1=17709
SELECT w2=24555
BUSY TASK ewma=997
DMA IRQ c0=2
DMA IRQ c1=0
DMA IRQ c2=0
DMA IRQ c3=0
SELECT busy=24636
SELECT w0=24561
SELECT w1=17715
SELECT w2=24564
BUSY TASK ewma=997
DMA IRQ c0=2
DMA IRQ c1=0
DMA IRQ c2=0
DMA IRQ c3=0
SELECT busy=24645
SELECT w0=24570
SELECT w1=17721
SELECT w2=24572
BUSY TASK ewma=997
DMA IRQ c0=2
DMA IRQ c1=0
DMA IRQ c2=0
DMA IRQ c3=0
SELECT busy=24653
SELECT w0=24578
SELECT w1=17727
SELECT w2=24580
BUSY TASK ewma=997
DMA IRQ c0=2
DMA IRQ c1=0
DMA IRQ c2=0
DMA IRQ c3=0
SELECT busy=24661
SELECT w0=24587
SELECT w1=17733
SELECT w2=24589
BUSY TASK ewma=997
DMA IRQ c0=2
DMA IRQ c1=0
DMA IRQ c2=0
DMA IRQ c3=0
SELECT busy=24670
SELECT w0=24595
SELECT w1=17739
SELECT w2=24597
BUSY TASK ewma=997
DMA IRQ c0=2
DMA IRQ c1=0
DMA IRQ c2=0
DMA IRQ c3=0
SELECT busy=24678
SELECT w0=24603
SELECT w1=17745
SELECT w2=24605
BUSY TASK ewma=997
DMA IRQ c0=2
DMA IRQ c1=0
DMA IRQ c2=0
DMA IRQ c3=0
SELECT busy=24686
SELECT w0=24611
SELECT w1=17751
SELECT w2=24614
BUSY TASK ewma=997
DMA IRQ c0=2
DMA IRQ c1=0
DMA IRQ c2=0
DMA IRQ c3=0
SELECT busy=24696
SELECT w0=24621
SELECT w1=17758
SELECT w2=24623
BUSY TASK ewma=997
DMA IRQ c0=2
DMA IRQ c1=0
DMA IRQ c2=0
DMA IRQ c3=0
SELECT busy=24705
SELECT w0=24631
SELECT w1=17765
SELECT w2=24633
BUSY TASK ewma=997
DMA IRQ c0=2
DMA IRQ c1=0
DMA IRQ c2=0
DMA IRQ c3=0
SELECT busy=24714
SELECT w0=24640
SELECT w1=17772
SELECT w2=24642
BUSY TASK ewma=997
DMA IRQ c0=2
DMA IRQ c1=0
DMA IRQ c2=0
DMA IRQ c3=0
SELECT busy=24723
SELECT w0=24648
SELECT w1=17778
SELECT w2=24650
BUSY TASK ewma=997
DMA IRQ c0=2
DMA IRQ c1=0
DMA IRQ c2=0
DMA IRQ c3=0
SELECT busy=24732
SELECT w0=24657
SELECT w1=17784
SELECT w2=24659
BUSY TASK ewma=997
DMA IRQ c0=2
DMA IRQ c1=0
DMA IRQ c2=0
DMA IRQ c3=0
SELECT busy=24741
SELECT w0=24666
SELECT w1=17791
SELECT w2=24668
BUSY TASK ewma=997
DMA IRQ c0=2
DMA IRQ c1=0
DMA IRQ c2=0
DMA IRQ c3=0
SELECT busy=24749
SELECT w0=24675
SELECT w1=17797
SELECT w2=24677
BUSY TASK ewma=997
DMA IRQ c0=2
DMA IRQ c1=0
DMA IRQ c2=0
DMA IRQ c3=0
SELECT busy=24758
SELECT w0=24683
SELECT w1=17803
SELECT w2=24685
BUSY TASK ewma=997
DMA IRQ c0=2
DMA IRQ c1=0
DMA IRQ c2=0
DMA IRQ c3=0
SELECT busy=24767
SELECT w0=24692
SELECT w1=17809
SELECT w2=24694
BUSY TASK ewma=997
DMA IRQ c0=2
DMA IRQ c1=0
DMA IRQ c2=0
DMA IRQ c3=0
SELECT busy=24775
SELECT w0=24701
SELECT w1=17816
SELECT w2=24703
BUSY TASK ewma=997
DMA IRQ c0=2
DMA IRQ c1=0
DMA IRQ c2=0
DMA IRQ c3=0
SELECT busy=24784
SELECT w0=24709
SELECT w1=17822
SELECT w2=24711
BUSY TASK ewma=997
DMA IRQ c0=2
DMA IRQ c1=0
DMA IRQ c2=0
DMA IRQ c3=0
SELECT busy=24794
SELECT w0=24719
SELECT w1=17829
SELECT w2=24721
BUSY TASK ewma=997
DMA IRQ c0=2
DMA IRQ c1=0
DMA IRQ c2=0
DMA IRQ c3=0
SELECT busy=24804
SELECT w0=24729
SELECT w1=17836
SELECT w2=24731
BUSY TASK ewma=997
DMA IRQ c0=2
DMA IRQ c1=0
DMA IRQ c2=0
DMA IRQ c3=0
SELECT busy=24812
SELECT w0=24738
SELECT w1=17842
SELECT w2=24740
BUSY TASK ewma=997
DMA IRQ c0=2
DMA IRQ c1=0
DMA IRQ c2=0
DMA IRQ c3=0
SELECT busy=24821
SELECT w0=24746
SELECT w1=17848
SELECT w2=24748
BUSY TASK ewma=997
DMA IRQ c0=2
DMA IRQ c1=0
DMA IRQ c2=0
DMA IRQ c3=0
SELECT busy=24830
SELECT w0=24755
SELECT w1=17854
SELECT w2=24757
BUSY TASK ewma=997
DMA IRQ c0=2
DMA IRQ c1=0
DMA IRQ c2=0
DMA IRQ c3=0
SELECT busy=24839
SELECT w0=24764
SELECT w1=17861
SELECT w2=24766
BUSY TASK ewma=997
DMA IRQ c0=2
DMA IRQ c1=0
DMA IRQ c2=0
DMA IRQ c3=0
SELECT busy=24847
SELECT w0=24772
SELECT w1=17867
SELECT w2=24774
BUSY TASK ewma=997
DMA IRQ c0=2
DMA IRQ c1=0
DMA IRQ c2=0
DMA IRQ c3=0
SELECT busy=24856
SELECT w0=24781
SELECT w1=17873
SELECT w2=24783
BUSY TASK ewma=997
DMA IRQ c0=2
DMA IRQ c1=0
DMA IRQ c2=0
DMA IRQ c3=0
SELECT busy=24865
SELECT w0=24790
SELECT w1=17880
SELECT w2=24792
BUSY TASK ewma=997
DMA IRQ c0=2
DMA IRQ c1=0
DMA IRQ c2=0
DMA IRQ c3=0
SELECT busy=24873
SELECT w0=24798
SELECT w1=17887
SELECT w2=24801
BUSY TASK ewma=997
DMA IRQ c0=2
DMA IRQ c1=0
DMA IRQ c2=0
DMA IRQ c3=0
SELECT busy=24882
SELECT w0=24807
SELECT w1=17892
SELECT w2=24809
BUSY TASK ewma=997
DMA IRQ c0=2
DMA IRQ c1=0
DMA IRQ c2=0
DMA IRQ c3=0
SELECT busy=24891
SELECT w0=24816
SELECT w1=17899
SELECT w2=24818
BUSY TASK ewma=997
DMA IRQ c0=2
DMA IRQ c1=0
DMA IRQ c2=0
DMA IRQ c3=0
SELECT busy=24899
SELECT w0=24824
SELECT w1=17905
SELECT w2=24826
BUSY TASK ewma=997
DMA IRQ c0=2
DMA IRQ c1=0
DMA IRQ c2=0
DMA IRQ c3=0
SELECT busy=24908
SELECT w0=24833
SELECT w1=17911
SELECT w2=24835
BUSY TASK ewma=997
DMA IRQ c0=2
DMA IRQ c1=0
DMA IRQ c2=0
DMA IRQ c3=0
SELECT busy=24916
SELECT w0=24842
SELECT w1=17918
SELECT w2=24844
BUSY TASK ewma=997
DMA IRQ c0=2
DMA IRQ c1=0
DMA IRQ c2=0
DMA IRQ c3=0
SELECT busy=24927
SELECT w0=24852
SELECT w1=17925
SELECT w2=24854
BUSY TASK ewma=997
DMA IRQ c0=2
DMA IRQ c1=0
DMA IRQ c2=0
DMA IRQ c3=0
SELECT busy=24937
SELECT w0=24862
SELECT w1=17932
SELECT w2=24864
BUSY TASK ewma=997
DMA IRQ c0=2
DMA IRQ c1=0
DMA IRQ c2=0
DMA IRQ c3=0
SELECT busy=24946
SELECT w0=24871
SELECT w1=17939
SELECT w2=24873
BUSY TASK ewma=997
DMA IRQ c0=2
DMA IRQ c1=0
DMA IRQ c2=0
DMA IRQ c3=0
SELECT busy=24954
SELECT w0=24879
SELECT w1=17945
SELECT w2=24881
BUSY TASK ewma=997
DMA IRQ c0=2
DMA IRQ c1=0
DMA IRQ c2=0
DMA IRQ c3=0
SELECT busy=24963
SELECT w0=24888
SELECT w1=17951
SELECT w2=24890
BUSY TASK ewma=997
DMA IRQ c0=2
DMA IRQ c1=0
DMA IRQ c2=0
DMA IRQ c3=0
SELECT busy=24972
SELECT w0=24897
SELECT w1=17958
SELECT w2=24899
BUSY TASK ewma=997
DMA IRQ c0=2
DMA IRQ c1=0
DMA IRQ c2=0
DMA IRQ c3=0
SELECT busy=24980
SELECT w0=24905
SELECT w1=17963
SELECT w2=24907
BUSY TASK ewma=997
DMA IRQ c0=2
DMA IRQ c1=0
DMA IRQ c2=0
DMA IRQ c3=0
SELECT busy=24989
SELECT w0=24914
SELECT w1=17970
SELECT w2=24916
BUSY TASK ewma=997
DMA IRQ c0=2
DMA IRQ c1=0
DMA IRQ c2=0
DMA IRQ c3=0
SELECT busy=24997
SELECT w0=24922
SELECT w1=17976
SELECT w2=24924
BUSY TASK ewma=997
DMA IRQ c0=2
DMA IRQ c1=0
DMA IRQ c2=0
DMA IRQ c3=0
SELECT busy=25005
SELECT w0=24930
SELECT w1=17982
SELECT w2=24932
BUSY TASK ewma=997
DMA IRQ c0=2
DMA IRQ c1=0
DMA IRQ c2=0
DMA IRQ c3=0
SELECT busy=25013
SELECT w0=24938
SELECT w1=17987
SELECT w2=24940
BUSY TASK ewma=997
DMA IRQ c0=2
DMA IRQ c1=0
DMA IRQ c2=0
DMA IRQ c3=0
SELECT busy=25021
SELECT w0=24946
SELECT w1=17993
SELECT w2=24948
BUSY TASK ewma=997
DMA IRQ c0=2
DMA IRQ c1=0
DMA IRQ c2=0
DMA IRQ c3=0
SELECT busy=25029
SELECT w0=24955
SELECT w1=17999
SELECT w2=24957
BUSY TASK ewma=997
DMA IRQ c0=2
DMA IRQ c1=0
DMA IRQ c2=0
DMA IRQ c3=0
SELECT busy=25038
SELECT w0=24963
SELECT w1=18005
SELECT w2=24965
BUSY TASK ewma=997
DMA IRQ c0=2
DMA IRQ c1=0
DMA IRQ c2=0
DMA IRQ c3=0
SELECT busy=25046
SELECT w0=24971
SELECT w1=18011
SELECT w2=24973
BUSY TASK ewma=997
DMA IRQ c0=2
DMA IRQ c1=0
DMA IRQ c2=0
DMA IRQ c3=0
SELECT busy=25054
SELECT w0=24979
SELECT w1=18017
SELECT w2=24981
BUSY TASK ewma=997
DMA IRQ c0=2
DMA IRQ c1=0
DMA IRQ c2=0
DMA IRQ c3=0
SELECT busy=25063
SELECT w0=24988
SELECT w1=18023
SELECT w2=24991
BUSY TASK ewma=997
IRQ counts: cpu0=75065 cpu1=72154 cpu2=0 cpu3=0
SCHED secondaries: calls=72154 unexpected=0
SECTEST switches=72141 cpu1=1647304211,1640993282 cpu2=0,0 cpu3=0,0
PINGPONG rounds=0 pongs=0
DMA IRQ c0=2
DMA IRQ c1=0
DMA IRQ c2=0
DMA IRQ c3=0
SELECT busy=25073
SELECT w0=24998
SELECT w1=18030
SELECT w2=25000
BUSY TASK ewma=997
DMA IRQ c0=2
DMA IRQ c1=0
DMA IRQ c2=0
DMA IRQ c3=0
SELECT busy=25082
SELECT w0=25007
SELECT w1=18037
SELECT w2=25010
BUSY TASK ewma=997
DMA IRQ c0=2
DMA IRQ c1=0
DMA IRQ c2=0
DMA IRQ c3=0
SELECT busy=25091
SELECT w0=25016
SELECT w1=18044
SELECT w2=25018
BUSY TASK ewma=997
DMA IRQ c0=2
DMA IRQ c1=0
DMA IRQ c2=0
DMA IRQ c3=0
SELECT busy=25100
SELECT w0=25025
SELECT w1=18050
SELECT w2=25027
BUSY TASK ewma=997
DMA IRQ c0=2
DMA IRQ c1=0
DMA IRQ c2=0
DMA IRQ c3=0
SELECT busy=25109
SELECT w0=25034
SELECT w1=18056
SELECT w2=25036
BUSY TASK ewma=997
DMA IRQ c0=2
DMA IRQ c1=0
DMA IRQ c2=0
DMA IRQ c3=0
SELECT busy=25118
SELECT w0=25043
SELECT w1=18063
SELECT w2=25045
BUSY TASK ewma=997
DMA IRQ c0=2
DMA IRQ c1=0
DMA IRQ c2=0
DMA IRQ c3=0
SELECT busy=25127
SELECT w0=25052
SELECT w1=18069
SELECT w2=25054
BUSY TASK ewma=997
DMA IRQ c0=2
DMA IRQ c1=0
DMA IRQ c2=0
DMA IRQ c3=0
SELECT busy=25136
SELECT w0=25061
SELECT w1=18076
SELECT w2=25063
BUSY TASK ewma=997
DMA IRQ c0=2
DMA IRQ c1=0
DMA IRQ c2=0
DMA IRQ c3=0
SELECT busy=25145
SELECT w0=25071
SELECT w1=18083
SELECT w2=25073
BUSY TASK ewma=997
DMA IRQ c0=2
DMA IRQ c1=0
DMA IRQ c2=0
DMA IRQ c3=0
SELECT busy=25155
SELECT w0=25080
SELECT w1=18090
SELECT w2=25082
BUSY TASK ewma=997
DMA IRQ c0=2
DMA IRQ c1=0
DMA IRQ c2=0
DMA IRQ c3=0
SELECT busy=25165
SELECT w0=25090
SELECT w1=18097
SELECT w2=25092
BUSY TASK ewma=997
DMA IRQ c0=2
DMA IRQ c1=0
DMA IRQ c2=0
DMA IRQ c3=0
SELECT busy=25176
SELECT w0=25101
SELECT w1=18105
SELECT w2=25103
BUSY TASK ewma=997
DMA IRQ c0=2
DMA IRQ c1=0
DMA IRQ c2=0
DMA IRQ c3=0
SELECT busy=25186
SELECT w0=25112
SELECT w1=18112
SELECT w2=25114
BUSY TASK ewma=997
DMA IRQ c0=2
DMA IRQ c1=0
DMA IRQ c2=0
DMA IRQ c3=0
SELECT busy=25195
SELECT w0=25120
SELECT w1=18118
SELECT w2=25123
BUSY TASK ewma=997
DMA IRQ c0=2
DMA IRQ c1=0
DMA IRQ c2=0
DMA IRQ c3=0
SELECT busy=25204
SELECT w0=25129
SELECT w1=18125
SELECT w2=25131
BUSY TASK ewma=997
DMA IRQ c0=2
DMA IRQ c1=0
DMA IRQ c2=0
DMA IRQ c3=0
SELECT busy=25213
SELECT w0=25138
SELECT w1=18131
SELECT w2=25140
BUSY TASK ewma=997
DMA IRQ c0=2
DMA IRQ c1=0
DMA IRQ c2=0
DMA IRQ c3=0
SELECT busy=25223
SELECT w0=25148
SELECT w1=18138
SELECT w2=25150
BUSY TASK ewma=997
DMA IRQ c0=2
DMA IRQ c1=0
DMA IRQ c2=0
DMA IRQ c3=0
SELECT busy=25233
SELECT w0=25158
SELECT w1=18146
SELECT w2=25160
BUSY TASK ewma=997
DMA IRQ c0=2
DMA IRQ c1=0
DMA IRQ c2=0
DMA IRQ c3=0
SELECT busy=25242
SELECT w0=25167
SELECT w1=18152
SELECT w2=25169
BUSY TASK ewma=997
DMA IRQ c0=2
DMA IRQ c1=0
DMA IRQ c2=0
DMA IRQ c3=0
SELECT busy=25251
SELECT w0=25176
SELECT w1=18159
SELECT w2=25178
BUSY TASK ewma=997
DMA IRQ c0=2
DMA IRQ c1=0
DMA IRQ c2=0
DMA IRQ c3=0
SELECT busy=25260
SELECT w0=25185
SELECT w1=18165
SELECT w2=25187
BUSY TASK ewma=997
DMA IRQ c0=2
DMA IRQ c1=0
DMA IRQ c2=0
DMA IRQ c3=0
SELECT busy=25271
SELECT w0=25196
SELECT w1=18173
SELECT w2=25198
BUSY TASK ewma=997
DMA IRQ c0=2
DMA IRQ c1=0
DMA IRQ c2=0
DMA IRQ c3=0
SELECT busy=25281
SELECT w0=25206
SELECT w1=18180
SELECT w2=25208
BUSY TASK ewma=997
DMA IRQ c0=2
DMA IRQ c1=0
DMA IRQ c2=0
DMA IRQ c3=0
SELECT busy=25291
SELECT w0=25216
SELECT w1=18188
SELECT w2=25219
BUSY TASK ewma=997
DMA IRQ c0=2
DMA IRQ c1=0
DMA IRQ c2=0
DMA IRQ c3=0
SELECT busy=25302
SELECT w0=25228
SELECT w1=18196
SELECT w2=25230
BUSY TASK ewma=997
DMA IRQ c0=2
DMA IRQ c1=0
DMA IRQ c2=0
DMA IRQ c3=0
SELECT busy=25313
SELECT w0=25238
SELECT w1=18203
SELECT w2=25241
BUSY TASK ewma=997
DMA IRQ c0=2
DMA IRQ c1=0
DMA IRQ c2=0
DMA IRQ c3=0
SELECT busy=25322
SELECT w0=25247
SELECT w1=18210
SELECT w2=25250
BUSY TASK ewma=997
DMA IRQ c0=2
DMA IRQ c1=0
DMA IRQ c2=0
DMA IRQ c3=0
SELECT busy=25331
SELECT w0=25257
SELECT w1=18217
SELECT w2=25259
BUSY TASK ewma=997
DMA IRQ c0=2
DMA IRQ c1=0
DMA IRQ c2=0
DMA IRQ c3=0
SELECT busy=25341
SELECT w0=25266
SELECT w1=18223
SELECT w2=25268
BUSY TASK ewma=997
DMA IRQ c0=2
DMA IRQ c1=0
DMA IRQ c2=0
DMA IRQ c3=0
SELECT busy=25350
SELECT w0=25275
SELECT w1=18230
SELECT w2=25277
BUSY TASK ewma=997
DMA IRQ c0=2
DMA IRQ c1=0
DMA IRQ c2=0
DMA IRQ c3=0
SELECT busy=25358
SELECT w0=25283
SELECT w1=18236
SELECT w2=25286
BUSY TASK ewma=997
DMA IRQ c0=2
DMA IRQ c1=0
DMA IRQ c2=0
DMA IRQ c3=0
SELECT busy=25367
SELECT w0=25292
SELECT w1=18242
SELECT w2=25295
BUSY TASK ewma=997
DMA IRQ c0=2
DMA IRQ c1=0
DMA IRQ c2=0
DMA IRQ c3=0
SELECT busy=25376
SELECT w0=25301
SELECT w1=18248
SELECT w2=25303
BUSY TASK ewma=997
DMA IRQ c0=2
DMA IRQ c1=0
DMA IRQ c2=0
DMA IRQ c3=0
SELECT busy=25384
SELECT w0=25309
SELECT w1=18255
SELECT w2=25312
BUSY TASK ewma=997
DMA IRQ c0=2
DMA IRQ c1=0
DMA IRQ c2=0
DMA IRQ c3=0
SELECT busy=25393
SELECT w0=25318
SELECT w1=18261
SELECT w2=25320
BUSY TASK ewma=997
DMA IRQ c0=2
DMA IRQ c1=0
DMA IRQ c2=0
DMA IRQ c3=0
SELECT busy=25401
SELECT w0=25326
SELECT w1=18267
SELECT w2=25328
BUSY TASK ewma=997
DMA IRQ c0=2
DMA IRQ c1=0
DMA IRQ c2=0
DMA IRQ c3=0
SELECT busy=25408
SELECT w0=25333
SELECT w1=18272
SELECT w2=25336
BUSY TASK ewma=997
DMA IRQ c0=2
DMA IRQ c1=0
DMA IRQ c2=0
DMA IRQ c3=0
SELECT busy=25417
SELECT w0=25342
SELECT w1=18278
SELECT w2=25344
BUSY TASK ewma=997
DMA IRQ c0=2
DMA IRQ c1=0
DMA IRQ c2=0
DMA IRQ c3=0
SELECT busy=25425
SELECT w0=25350
SELECT w1=18284
SELECT w2=25352
BUSY TASK ewma=997
DMA IRQ c0=2
DMA IRQ c1=0
DMA IRQ c2=0
DMA IRQ c3=0
SELECT busy=25433
SELECT w0=25358
SELECT w1=18290
SELECT w2=25361
BUSY TASK ewma=997
DMA IRQ c0=2
DMA IRQ c1=0
DMA IRQ c2=0
DMA IRQ c3=0
SELECT busy=25442
SELECT w0=25367
SELECT w1=18296
SELECT w2=25369
BUSY TASK ewma=997
DMA IRQ c0=2
DMA IRQ c1=0
DMA IRQ c2=0
DMA IRQ c3=0
SELECT busy=25450
SELECT w0=25375
SELECT w1=18302
SELECT w2=25377
BUSY TASK ewma=997
DMA IRQ c0=2
DMA IRQ c1=0
DMA IRQ c2=0
DMA IRQ c3=0
SELECT busy=25458
SELECT w0=25383
SELECT w1=18307
SELECT w2=25385
BUSY TASK ewma=997
DMA IRQ c0=2
DMA IRQ c1=0
DMA IRQ c2=0
DMA IRQ c3=0
SELECT busy=25466
SELECT w0=25392
SELECT w1=18314
SELECT w2=25394
BUSY TASK ewma=997
DMA IRQ c0=2
DMA IRQ c1=0
DMA IRQ c2=0
DMA IRQ c3=0
SELECT busy=25475
SELECT w0=25400
SELECT w1=18320
SELECT w2=25402
BUSY TASK ewma=997
DMA IRQ c0=2
DMA IRQ c1=0
DMA IRQ c2=0
DMA IRQ c3=0
SELECT busy=25484
SELECT w0=25409
SELECT w1=18326
SELECT w2=25411
BUSY TASK ewma=997
DMA IRQ c0=2
DMA IRQ c1=0
DMA IRQ c2=0
DMA IRQ c3=0
SELECT busy=25493
SELECT w0=25418
SELECT w1=18333
SELECT w2=25420
BUSY TASK ewma=997
DMA IRQ c0=2
DMA IRQ c1=0
DMA IRQ c2=0
DMA IRQ c3=0
SELECT busy=25502
SELECT w0=25427
SELECT w1=18339
SELECT w2=25429
BUSY TASK ewma=997
DMA IRQ c0=2
DMA IRQ c1=0
DMA IRQ c2=0
DMA IRQ c3=0
SELECT busy=25511
SELECT w0=25436
SELECT w1=18346
SELECT w2=25438
BUSY TASK ewma=997
DMA IRQ c0=2
DMA IRQ c1=0
DMA IRQ c2=0
DMA IRQ c3=0
SELECT busy=25520
SELECT w0=25445
SELECT w1=18352
SELECT w2=25448
BUSY TASK ewma=997
DMA IRQ c0=2
DMA IRQ c1=0
DMA IRQ c2=0
DMA IRQ c3=0
SELECT busy=25531
SELECT w0=25457
SELECT w1=18361
SELECT w2=25459
BUSY TASK ewma=997
DMA IRQ c0=2
DMA IRQ c1=0
DMA IRQ c2=0
DMA IRQ c3=0
SELECT busy=25543
SELECT w0=25468
SELECT w1=18369
SELECT w2=25471
BUSY TASK ewma=997
DMA IRQ c0=2
DMA IRQ c1=0
DMA IRQ c2=0
DMA IRQ c3=0
SELECT busy=25558
SELECT w0=25484
SELECT w1=18381
SELECT w2=25486
BUSY TASK ewma=997
DMA IRQ c0=2
DMA IRQ c1=0
DMA IRQ c2=0
DMA IRQ c3=0
SELECT busy=25575
SELECT w0=25500
SELECT w1=18392
SELECT w2=25502
BUSY TASK ewma=997
DMA IRQ c0=2
DMA IRQ c1=0
DMA IRQ c2=0
DMA IRQ c3=0
SELECT busy=25591
SELECT w0=25516
SELECT w1=18405
SELECT w2=25519
BUSY TASK ewma=997
DMA IRQ c0=2
DMA IRQ c1=0
DMA IRQ c2=0
DMA IRQ c3=0
SELECT busy=25608
SELECT w0=25533
SELECT w1=18417
SELECT w2=25535
BUSY TASK ewma=997
DMA IRQ c0=2
DMA IRQ c1=0
DMA IRQ c2=0
DMA IRQ c3=0
SELECT busy=25624
SELECT w0=25549
SELECT w1=18429
SELECT w2=25552
BUSY TASK ewma=997
DMA IRQ c0=2
DMA IRQ c1=0
DMA IRQ c2=0
DMA IRQ c3=0
SELECT busy=25636
SELECT w0=25561
SELECT w1=18438
SELECT w2=25563
BUSY TASK ewma=997
DMA IRQ c0=2
DMA IRQ c1=0
DMA IRQ c2=0
DMA IRQ c3=0
SELECT busy=25644
SELECT w0=25569
SELECT w1=18444
SELECT w2=25571
BUSY TASK ewma=997
DMA IRQ c0=2
DMA IRQ c1=0
DMA IRQ c2=0
DMA IRQ c3=0
SELECT busy=25653
SELECT w0=25578
SELECT w1=18450
SELECT w2=25580
BUSY TASK ewma=997
DMA IRQ c0=2
DMA IRQ c1=0
DMA IRQ c2=0
DMA IRQ c3=0
SELECT busy=25661
SELECT w0=25586
SELECT w1=18456
SELECT w2=25588
BUSY TASK ewma=997
DMA IRQ c0=2
DMA IRQ c1=0
DMA IRQ c2=0
DMA IRQ c3=0
SELECT busy=25670
SELECT w0=25595
SELECT w1=18463
SELECT w2=25597
BUSY TASK ewma=997
DMA IRQ c0=2
DMA IRQ c1=0
DMA IRQ c2=0
DMA IRQ c3=0
SELECT busy=25678
SELECT w0=25603
SELECT w1=18469
SELECT w2=25605
BUSY TASK ewma=997
DMA IRQ c0=2
DMA IRQ c1=0
DMA IRQ c2=0
DMA IRQ c3=0
SELECT busy=25689
SELECT w0=25614
SELECT w1=18478
SELECT w2=25617
BUSY TASK ewma=997
IRQ counts: cpu0=76964 cpu1=73992 cpu2=0 cpu3=0
SCHED secondaries: calls=73994 unexpected=0
SECTEST switches=73979 cpu1=1685229229,1678953934 cpu2=0,0 cpu3=0,0
PINGPONG rounds=0 pongs=0
DMA IRQ c0=2
DMA IRQ c1=0
DMA IRQ c2=0
DMA IRQ c3=0
SELECT busy=25707
SELECT w0=25632
SELECT w1=18490
SELECT w2=25634
BUSY TASK ewma=997
DMA IRQ c0=2
DMA IRQ c1=0
DMA IRQ c2=0
DMA IRQ c3=0
SELECT busy=25722
SELECT w0=25648
SELECT w1=18502
SELECT w2=25650
BUSY TASK ewma=997
DMA IRQ c0=2
DMA IRQ c1=0
DMA IRQ c2=0
DMA IRQ c3=0
SELECT busy=25738
SELECT w0=25663
SELECT w1=18513
SELECT w2=25665
BUSY TASK ewma=997
DMA IRQ c0=2
DMA IRQ c1=0
DMA IRQ c2=0
DMA IRQ c3=0
SELECT busy=25752
SELECT w0=25677
SELECT w1=18524
SELECT w2=25680
BUSY TASK ewma=997
DMA IRQ c0=2
DMA IRQ c1=0
DMA IRQ c2=0
DMA IRQ c3=0
SELECT busy=25762
SELECT w0=25687
SELECT w1=18530
SELECT w2=25689
BUSY TASK ewma=997
DMA IRQ c0=2
DMA IRQ c1=0
DMA IRQ c2=0
DMA IRQ c3=0
SELECT busy=25770
SELECT w0=25695
SELECT w1=18536
SELECT w2=25697
BUSY TASK ewma=997
DMA IRQ c0=2
DMA IRQ c1=0
DMA IRQ c2=0
DMA IRQ c3=0
SELECT busy=25778
SELECT w0=25703
SELECT w1=18542
SELECT w2=25705
BUSY TASK ewma=997
DMA IRQ c0=2
DMA IRQ c1=0
DMA IRQ c2=0
DMA IRQ c3=0
SELECT busy=25786
SELECT w0=25711
SELECT w1=18548
SELECT w2=25714
BUSY TASK ewma=997
DMA IRQ c0=2
DMA IRQ c1=0
DMA IRQ c2=0
DMA IRQ c3=0
SELECT busy=25795
SELECT w0=25720
SELECT w1=18554
SELECT w2=25722
BUSY TASK ewma=997
DMA IRQ c0=2
DMA IRQ c1=0
DMA IRQ c2=0
DMA IRQ c3=0
SELECT busy=25803
SELECT w0=25728
SELECT w1=18560
SELECT w2=25730
BUSY TASK ewma=997
DMA IRQ c0=2
DMA IRQ c1=0
DMA IRQ c2=0
DMA IRQ c3=0
SELECT busy=25811
SELECT w0=25736
SELECT w1=18567
SELECT w2=25739
BUSY TASK ewma=997
DMA IRQ c0=2
DMA IRQ c1=0
DMA IRQ c2=0
DMA IRQ c3=0
SELECT busy=25820
SELECT w0=25745
SELECT w1=18572
SELECT w2=25747
BUSY TASK ewma=997
DMA IRQ c0=2
DMA IRQ c1=0
DMA IRQ c2=0
DMA IRQ c3=0
SELECT busy=25828
SELECT w0=25753
SELECT w1=18578
SELECT w2=25755
BUSY TASK ewma=997
DMA IRQ c0=2
DMA IRQ c1=0
DMA IRQ c2=0
DMA IRQ c3=0
SELECT busy=25836
SELECT w0=25761
SELECT w1=18585
SELECT w2=25764
BUSY TASK ewma=997
DMA IRQ c0=2
DMA IRQ c1=0
DMA IRQ c2=0
DMA IRQ c3=0
SELECT busy=25845
SELECT w0=25770
SELECT w1=18590
SELECT w2=25772
BUSY TASK ewma=997
DMA IRQ c0=2
DMA IRQ c1=0
DMA IRQ c2=0
DMA IRQ c3=0
SELECT busy=25853
SELECT w0=25778
SELECT w1=18596
SELECT w2=25780
BUSY TASK ewma=997
DMA IRQ c0=2
DMA IRQ c1=0
DMA IRQ c2=0
DMA IRQ c3=0
SELECT busy=25861
SELECT w0=25787
SELECT w1=18603
SELECT w2=25789
BUSY TASK ewma=997
DMA IRQ c0=2
DMA IRQ c1=0
DMA IRQ c2=0
DMA IRQ c3=0
SELECT busy=25871
SELECT w0=25796
SELECT w1=18609
SELECT w2=25798
BUSY TASK ewma=997
DMA IRQ c0=2
DMA IRQ c1=0
DMA IRQ c2=0
DMA IRQ c3=0
SELECT busy=25882
SELECT w0=25808
SELECT w1=18618
SELECT w2=25810
BUSY TASK ewma=997
DMA IRQ c0=2
DMA IRQ c1=0
DMA IRQ c2=0
DMA IRQ c3=0
SELECT busy=25898
SELECT w0=25823
SELECT w1=18629
SELECT w2=25825
BUSY TASK ewma=997
DMA IRQ c0=2
DMA IRQ c1=0
DMA IRQ c2=0
DMA IRQ c3=0
SELECT busy=25913
SELECT w0=25839
SELECT w1=18641
SELECT w2=25841
BUSY TASK ewma=997
DMA IRQ c0=2
DMA IRQ c1=0
DMA IRQ c2=0
DMA IRQ c3=0
SELECT busy=25927
SELECT w0=25853
SELECT w1=18651
SELECT w2=25855
BUSY TASK ewma=997
DMA IRQ c0=2
DMA IRQ c1=0
DMA IRQ c2=0
DMA IRQ c3=0
SELECT busy=25937
SELECT w0=25862
SELECT w1=18658
SELECT w2=25864
BUSY TASK ewma=997
DMA IRQ c0=2
DMA IRQ c1=0
DMA IRQ c2=0
DMA IRQ c3=0
SELECT busy=25946
SELECT w0=25871
SELECT w1=18665
SELECT w2=25873
BUSY TASK ewma=997
DMA IRQ c0=2
DMA IRQ c1=0
DMA IRQ c2=0
DMA IRQ c3=0
SELECT busy=25954
SELECT w0=25879
SELECT w1=18671
SELECT w2=25881
BUSY TASK ewma=997
DMA IRQ c0=2
DMA IRQ c1=0
DMA IRQ c2=0
DMA IRQ c3=0
SELECT busy=25963
SELECT w0=25888
SELECT w1=18677
SELECT w2=25890
BUSY TASK ewma=997
DMA IRQ c0=2
DMA IRQ c1=0
DMA IRQ c2=0
DMA IRQ c3=0
SELECT busy=25971
SELECT w0=25897
SELECT w1=18683
SELECT w2=25899
BUSY TASK ewma=997
DMA IRQ c0=2
DMA IRQ c1=0
DMA IRQ c2=0
DMA IRQ c3=0
SELECT busy=25980
SELECT w0=25905
SELECT w1=18689
SELECT w2=25907
BUSY TASK ewma=997
DMA IRQ c0=2
DMA IRQ c1=0
DMA IRQ c2=0
DMA IRQ c3=0
SELECT busy=25993
SELECT w0=25918
SELECT w1=18699
SELECT w2=25920
BUSY TASK ewma=997
DMA IRQ c0=2
DMA IRQ c1=0
DMA IRQ c2=0
DMA IRQ c3=0
SELECT busy=26001
SELECT w0=25927
SELECT w1=18705
SELECT w2=25929
BUSY TASK ewma=997
DMA IRQ c0=2
DMA IRQ c1=0
DMA IRQ c2=0
DMA IRQ c3=0
SELECT busy=26011
SELECT w0=25936
SELECT w1=18712
SELECT w2=25938
BUSY TASK ewma=997
DMA IRQ c0=2
DMA IRQ c1=0
DMA IRQ c2=0
DMA IRQ c3=0
SELECT busy=26023
SELECT w0=25948
SELECT w1=18720
SELECT w2=25950
BUSY TASK ewma=997
DMA IRQ c0=2
DMA IRQ c1=0
DMA IRQ c2=0
DMA IRQ c3=0
SELECT busy=26034
SELECT w0=25960
SELECT w1=18729
SELECT w2=25962
BUSY TASK ewma=997
DMA IRQ c0=2
DMA IRQ c1=0
DMA IRQ c2=0
DMA IRQ c3=0
SELECT busy=26044
SELECT w0=25969
SELECT w1=18736
SELECT w2=25972
BUSY TASK ewma=997
DMA IRQ c0=2
DMA IRQ c1=0
DMA IRQ c2=0
DMA IRQ c3=0
SELECT busy=26055
SELECT w0=25980
SELECT w1=18743
SELECT w2=25982
BUSY TASK ewma=997
DMA IRQ c0=2
DMA IRQ c1=0
DMA IRQ c2=0
DMA IRQ c3=0
SELECT busy=26064
SELECT w0=25989
SELECT w1=18749
SELECT w2=25991
BUSY TASK ewma=997
DMA IRQ c0=2
DMA IRQ c1=0
DMA IRQ c2=0
DMA IRQ c3=0
SELECT busy=26075
SELECT w0=26000
SELECT w1=18757
SELECT w2=26002
BUSY TASK ewma=997
DMA IRQ c0=2
DMA IRQ c1=0
DMA IRQ c2=0
DMA IRQ c3=0
SELECT busy=26086
SELECT w0=26011
SELECT w1=18765
SELECT w2=26013
BUSY TASK ewma=997
DMA IRQ c0=2
DMA IRQ c1=0
DMA IRQ c2=0
DMA IRQ c3=0
SELECT busy=26095
SELECT w0=26020
SELECT w1=18772
SELECT w2=26023
BUSY TASK ewma=997
DMA IRQ c0=2
DMA IRQ c1=0
DMA IRQ c2=0
DMA IRQ c3=0
SELECT busy=26104
SELECT w0=26029
SELECT w1=18778
SELECT w2=26031
BUSY TASK ewma=997
DMA IRQ c0=2
DMA IRQ c1=0
DMA IRQ c2=0
DMA IRQ c3=0
SELECT busy=26112
SELECT w0=26037
SELECT w1=18784
SELECT w2=26039
BUSY TASK ewma=997
DMA IRQ c0=2
DMA IRQ c1=0
DMA IRQ c2=0
DMA IRQ c3=0
SELECT busy=26120
SELECT w0=26045
SELECT w1=18790
SELECT w2=26047
BUSY TASK ewma=997
DMA IRQ c0=2
DMA IRQ c1=0
DMA IRQ c2=0
DMA IRQ c3=0
SELECT busy=26129
SELECT w0=26054
SELECT w1=18796
SELECT w2=26056
BUSY TASK ewma=997
DMA IRQ c0=2
DMA IRQ c1=0
DMA IRQ c2=0
DMA IRQ c3=0
SELECT busy=26137
SELECT w0=26062
SELECT w1=18802
SELECT w2=26064
BUSY TASK ewma=997
DMA IRQ c0=2
DMA IRQ c1=0
DMA IRQ c2=0
DMA IRQ c3=0
SELECT busy=26145
SELECT w0=26070
SELECT w1=18808
SELECT w2=26073
BUSY TASK ewma=997
DMA IRQ c0=2
DMA IRQ c1=0
DMA IRQ c2=0
DMA IRQ c3=0
SELECT busy=26154
SELECT w0=26079
SELECT w1=18814
SELECT w2=26081
BUSY TASK ewma=997
DMA IRQ c0=2
DMA IRQ c1=0
DMA IRQ c2=0
DMA IRQ c3=0
SELECT busy=26162
SELECT w0=26087
SELECT w1=18820
SELECT w2=26089
BUSY TASK ewma=997
DMA IRQ c0=2
DMA IRQ c1=0
DMA IRQ c2=0
DMA IRQ c3=0
SELECT busy=26170
SELECT w0=26095
SELECT w1=18826
SELECT w2=26098
BUSY TASK ewma=997
DMA IRQ c0=2
DMA IRQ c1=0
DMA IRQ c2=0
DMA IRQ c3=0
SELECT busy=26179
SELECT w0=26104
SELECT w1=18832
SELECT w2=26106
BUSY TASK ewma=997
DMA IRQ c0=2
DMA IRQ c1=0
DMA IRQ c2=0
DMA IRQ c3=0
SELECT busy=26187
SELECT w0=26112
SELECT w1=18838
SELECT w2=26114
BUSY TASK ewma=997
DMA IRQ c0=2
DMA IRQ c1=0
DMA IRQ c2=0
DMA IRQ c3=0
SELECT busy=26195
SELECT w0=26120
SELECT w1=18844
SELECT w2=26122
BUSY TASK ewma=997
DMA IRQ c0=2
DMA IRQ c1=0
DMA IRQ c2=0
DMA IRQ c3=0
SELECT busy=26203
SELECT w0=26128
SELECT w1=18850
SELECT w2=26131
BUSY TASK ewma=997
DMA IRQ c0=2
DMA IRQ c1=0
DMA IRQ c2=0
DMA IRQ c3=0
SELECT busy=26212
SELECT w0=26137
SELECT w1=18856
SELECT w2=26139
BUSY TASK ewma=997
DMA IRQ c0=2
DMA IRQ c1=0
DMA IRQ c2=0
DMA IRQ c3=0
SELECT busy=26220
SELECT w0=26145
SELECT w1=18862
SELECT w2=26147
BUSY TASK ewma=997
DMA IRQ c0=2
DMA IRQ c1=0
DMA IRQ c2=0
DMA IRQ c3=0
SELECT busy=26229
SELECT w0=26154
SELECT w1=18868
SELECT w2=26156
BUSY TASK ewma=997
DMA IRQ c0=2
DMA IRQ c1=0
DMA IRQ c2=0
DMA IRQ c3=0
SELECT busy=26237
SELECT w0=26162
SELECT w1=18874
SELECT w2=26164
BUSY TASK ewma=997
DMA IRQ c0=2
DMA IRQ c1=0
DMA IRQ c2=0
DMA IRQ c3=0
SELECT busy=26246
SELECT w0=26171
SELECT w1=18880
SELECT w2=26173
BUSY TASK ewma=997
DMA IRQ c0=2
DMA IRQ c1=0
DMA IRQ c2=0
DMA IRQ c3=0
SELECT busy=26254
SELECT w0=26179
SELECT w1=18886
SELECT w2=26181
BUSY TASK ewma=997
DMA IRQ c0=2
DMA IRQ c1=0
DMA IRQ c2=0
DMA IRQ c3=0
SELECT busy=26262
SELECT w0=26187
SELECT w1=18892
SELECT w2=26190
BUSY TASK ewma=997
DMA IRQ c0=2
DMA IRQ c1=0
DMA IRQ c2=0
DMA IRQ c3=0
SELECT busy=26271
SELECT w0=26196
SELECT w1=18898
SELECT w2=26198
BUSY TASK ewma=997
DMA IRQ c0=2
DMA IRQ c1=0
DMA IRQ c2=0
DMA IRQ c3=0
SELECT busy=26279
SELECT w0=26204
SELECT w1=18904
SELECT w2=26206
BUSY TASK ewma=997
DMA IRQ c0=2
DMA IRQ c1=0
DMA IRQ c2=0
DMA IRQ c3=0
SELECT busy=26287
SELECT w0=26212
SELECT w1=18910
SELECT w2=26215
BUSY TASK ewma=997
DMA IRQ c0=2
DMA IRQ c1=0
DMA IRQ c2=0
DMA IRQ c3=0
SELECT busy=26296
SELECT w0=26221
SELECT w1=18916
SELECT w2=26223
BUSY TASK ewma=997
DMA IRQ c0=2
DMA IRQ c1=0
DMA IRQ c2=0
DMA IRQ c3=0
SELECT busy=26304
SELECT w0=26229
SELECT w1=18922
SELECT w2=26231
BUSY TASK ewma=997
IRQ counts: cpu0=78785 cpu1=75747 cpu2=0 cpu3=0
SCHED secondaries: calls=75748 unexpected=0
SECTEST switches=75734 cpu1=1723404197,1717163463 cpu2=0,0 cpu3=0,0
PINGPONG rounds=0 pongs=0
DMA IRQ c0=2
DMA IRQ c1=0
DMA IRQ c2=0
DMA IRQ c3=0
SELECT busy=26313
SELECT w0=26238
SELECT w1=18928
SELECT w2=26240
BUSY TASK ewma=997
DMA IRQ c0=2
DMA IRQ c1=0
DMA IRQ c2=0
DMA IRQ c3=0
SELECT busy=26322
SELECT w0=26247
SELECT w1=18935
SELECT w2=26249
BUSY TASK ewma=997
DMA IRQ c0=2
DMA IRQ c1=0
DMA IRQ c2=0
DMA IRQ c3=0
SELECT busy=26330
SELECT w0=26255
SELECT w1=18941
SELECT w2=26257
BUSY TASK ewma=997
DMA IRQ c0=2
DMA IRQ c1=0
DMA IRQ c2=0
DMA IRQ c3=0
SELECT busy=26339
SELECT w0=26264
SELECT w1=18947
SELECT w2=26266
BUSY TASK ewma=997
DMA IRQ c0=2
DMA IRQ c1=0
DMA IRQ c2=0
DMA IRQ c3=0
SELECT busy=26347
SELECT w0=26272
SELECT w1=18953
SELECT w2=26274
BUSY TASK ewma=997
DMA IRQ c0=2
DMA IRQ c1=0
DMA IRQ c2=0
DMA IRQ c3=0
SELECT busy=26355
SELECT w0=26280
SELECT w1=18959
SELECT w2=26283
BUSY TASK ewma=997
DMA IRQ c0=2
DMA IRQ c1=0
DMA IRQ c2=0
DMA IRQ c3=0
SELECT busy=26363
SELECT w0=26289
SELECT w1=18965
SELECT w2=26291
BUSY TASK ewma=997
DMA IRQ c0=2
DMA IRQ c1=0
DMA IRQ c2=0
DMA IRQ c3=0
SELECT busy=26372
SELECT w0=26297
SELECT w1=18971
SELECT w2=26299
BUSY TASK ewma=997
DMA IRQ c0=2
DMA IRQ c1=0
DMA IRQ c2=0
DMA IRQ c3=0
SELECT busy=26380
SELECT w0=26305
SELECT w1=18977
SELECT w2=26308
BUSY TASK ewma=997
DMA IRQ c0=2
DMA IRQ c1=0
DMA IRQ c2=0
DMA IRQ c3=0
SELECT busy=26389
SELECT w0=26314
SELECT w1=18983
SELECT w2=26316
BUSY TASK ewma=997
DMA IRQ c0=2
DMA IRQ c1=0
DMA IRQ c2=0
DMA IRQ c3=0
SELECT busy=26397
SELECT w0=26322
SELECT w1=18990
SELECT w2=26325
BUSY TASK ewma=997
DMA IRQ c0=2
DMA IRQ c1=0
DMA IRQ c2=0
DMA IRQ c3=0
SELECT busy=26406
SELECT w0=26331
SELECT w1=18995
SELECT w2=26333
BUSY TASK ewma=997
DMA IRQ c0=2
DMA IRQ c1=0
DMA IRQ c2=0
DMA IRQ c3=0
SELECT busy=26414
SELECT w0=26339
SELECT w1=19001
SELECT w2=26341
BUSY TASK ewma=997
DMA IRQ c0=2
DMA IRQ c1=0
DMA IRQ c2=0
DMA IRQ c3=0
SELECT busy=26422
SELECT w0=26347
SELECT w1=19007
SELECT w2=26349
BUSY TASK ewma=997
DMA IRQ c0=2
DMA IRQ c1=0
DMA IRQ c2=0
DMA IRQ c3=0
SELECT busy=26431
SELECT w0=26356
SELECT w1=19013
SELECT w2=26358
BUSY TASK ewma=997
DMA IRQ c0=2
DMA IRQ c1=0
DMA IRQ c2=0
DMA IRQ c3=0
SELECT busy=26439
SELECT w0=26364
SELECT w1=19019
SELECT w2=26366
BUSY TASK ewma=997
DMA IRQ c0=2
DMA IRQ c1=0
DMA IRQ c2=0
DMA IRQ c3=0
SELECT busy=26447
SELECT w0=26372
SELECT w1=19026
SELECT w2=26375
BUSY TASK ewma=997
DMA IRQ c0=2
DMA IRQ c1=0
DMA IRQ c2=0
DMA IRQ c3=0
SELECT busy=26456
SELECT w0=26381
SELECT w1=19031
SELECT w2=26383
BUSY TASK ewma=997
DMA IRQ c0=2
DMA IRQ c1=0
DMA IRQ c2=0
DMA IRQ c3=0
SELECT busy=26464
SELECT w0=26389
SELECT w1=19037
SELECT w2=26391
BUSY TASK ewma=997
DMA IRQ c0=2
DMA IRQ c1=0
DMA IRQ c2=0
DMA IRQ c3=0
SELECT busy=26472
SELECT w0=26397
SELECT w1=19043
SELECT w2=26399
BUSY TASK ewma=997
DMA IRQ c0=2
DMA IRQ c1=0
DMA IRQ c2=0
DMA IRQ c3=0
SELECT busy=26481
SELECT w0=26406
SELECT w1=19049
SELECT w2=26408
BUSY TASK ewma=997
DMA IRQ c0=2
DMA IRQ c1=0
DMA IRQ c2=0
DMA IRQ c3=0
SELECT busy=26489
SELECT w0=26414
SELECT w1=19055
SELECT w2=26416
BUSY TASK ewma=997
DMA IRQ c0=2
DMA IRQ c1=0
DMA IRQ c2=0
DMA IRQ c3=0
SELECT busy=26497
SELECT w0=26423
SELECT w1=19061
SELECT w2=26425
BUSY TASK ewma=997
DMA IRQ c0=2
DMA IRQ c1=0
DMA IRQ c2=0
DMA IRQ c3=0
SELECT busy=26506
SELECT w0=26431
SELECT w1=19067
SELECT w2=26433
BUSY TASK ewma=997
DMA IRQ c0=2
DMA IRQ c1=0
DMA IRQ c2=0
DMA IRQ c3=0
SELECT busy=26514
SELECT w0=26439
SELECT w1=19074
SELECT w2=26442
BUSY TASK ewma=997
DMA IRQ c0=2
DMA IRQ c1=0
DMA IRQ c2=0
DMA IRQ c3=0
SELECT busy=26523
SELECT w0=26448
SELECT w1=19080
SELECT w2=26450
BUSY TASK ewma=997
DMA IRQ c0=2
DMA IRQ c1=0
DMA IRQ c2=0
DMA IRQ c3=0
SELECT busy=26531
SELECT w0=26456
SELECT w1=19085
SELECT w2=26458
BUSY TASK ewma=997
DMA IRQ c0=2
DMA IRQ c1=0
DMA IRQ c2=0
DMA IRQ c3=0
SELECT busy=26540
SELECT w0=26465
SELECT w1=19092
SELECT w2=26467
BUSY TASK ewma=997
DMA IRQ c0=2
DMA IRQ c1=0
DMA IRQ c2=0
DMA IRQ c3=0
SELECT busy=26548
SELECT w0=26473
SELECT w1=19098
SELECT w2=26476
BUSY TASK ewma=997
DMA IRQ c0=2
DMA IRQ c1=0
DMA IRQ c2=0
DMA IRQ c3=0
SELECT busy=26557
SELECT w0=26482
SELECT w1=19104
SELECT w2=26484
BUSY TASK ewma=997
DMA IRQ c0=2
DMA IRQ c1=0
DMA IRQ c2=0
DMA IRQ c3=0
SELECT busy=26565
SELECT w0=26490
SELECT w1=19110
SELECT w2=26492
BUSY TASK ewma=997
DMA IRQ c0=2
DMA IRQ c1=0
DMA IRQ c2=0
DMA IRQ c3=0
SELECT busy=26574
SELECT w0=26499
SELECT w1=19116
SELECT w2=26501
BUSY TASK ewma=997
DMA IRQ c0=2
DMA IRQ c1=0
DMA IRQ c2=0
DMA IRQ c3=0
SELECT busy=26582
SELECT w0=26507
SELECT w1=19121
SELECT w2=26509
BUSY TASK ewma=997
DMA IRQ c0=2
DMA IRQ c1=0
DMA IRQ c2=0
DMA IRQ c3=0
SELECT busy=26590
SELECT w0=26515
SELECT w1=19127
SELECT w2=26517
BUSY TASK ewma=997
DMA IRQ c0=2
DMA IRQ c1=0
DMA IRQ c2=0
DMA IRQ c3=0
SELECT busy=26598
SELECT w0=26523
SELECT w1=19134
SELECT w2=26526
BUSY TASK ewma=997
DMA IRQ c0=2
DMA IRQ c1=0
DMA IRQ c2=0
DMA IRQ c3=0
SELECT busy=26607
SELECT w0=26532
SELECT w1=19139
SELECT w2=26534
BUSY TASK ewma=997
DMA IRQ c0=2
DMA IRQ c1=0
DMA IRQ c2=0
DMA IRQ c3=0
SELECT busy=26615
SELECT w0=26540
SELECT w1=19145
SELECT w2=26542
BUSY TASK ewma=997
DMA IRQ c0=2
DMA IRQ c1=0
DMA IRQ c2=0
DMA IRQ c3=0
SELECT busy=26623
SELECT w0=26549
SELECT w1=19152
SELECT w2=26551
BUSY TASK ewma=997
DMA IRQ c0=2
DMA IRQ c1=0
DMA IRQ c2=0
DMA IRQ c3=0
SELECT busy=26632
SELECT w0=26557
SELECT w1=19157
SELECT w2=26559
BUSY TASK ewma=997
DMA IRQ c0=2
DMA IRQ c1=0
DMA IRQ c2=0
DMA IRQ c3=0
SELECT busy=26640
SELECT w0=26565
SELECT w1=19163
SELECT w2=26568
BUSY TASK ewma=997
DMA IRQ c0=2
DMA IRQ c1=0
DMA IRQ c2=0
DMA IRQ c3=0
SELECT busy=26648
SELECT w0=26573
SELECT w1=19169
SELECT w2=26576
BUSY TASK ewma=997
DMA IRQ c0=2
DMA IRQ c1=0
DMA IRQ c2=0
DMA IRQ c3=0
SELECT busy=26657
SELECT w0=26582
SELECT w1=19175
SELECT w2=26584
BUSY TASK ewma=997
DMA IRQ c0=2
DMA IRQ c1=0
DMA IRQ c2=0
DMA IRQ c3=0
SELECT busy=26665
SELECT w0=26590
SELECT w1=19181
SELECT w2=26592
BUSY TASK ewma=997
DMA IRQ c0=2
DMA IRQ c1=0
DMA IRQ c2=0
DMA IRQ c3=0
SELECT busy=26674
SELECT w0=26599
SELECT w1=19188
SELECT w2=26601
BUSY TASK ewma=997
DMA IRQ c0=2
DMA IRQ c1=0
DMA IRQ c2=0
DMA IRQ c3=0
SELECT busy=26682
SELECT w0=26607
SELECT w1=19193
SELECT w2=26609
BUSY TASK ewma=997
DMA IRQ c0=2
DMA IRQ c1=0
DMA IRQ c2=0
DMA IRQ c3=0
SELECT busy=26690
SELECT w0=26615
SELECT w1=19199
SELECT w2=26618
BUSY TASK ewma=997
DMA IRQ c0=2
DMA IRQ c1=0
DMA IRQ c2=0
DMA IRQ c3=0
SELECT busy=26698
SELECT w0=26624
SELECT w1=19206
SELECT w2=26626
BUSY TASK ewma=997
DMA IRQ c0=2
DMA IRQ c1=0
DMA IRQ c2=0
DMA IRQ c3=0
SELECT busy=26707
SELECT w0=26632
SELECT w1=19211
SELECT w2=26634
BUSY TASK ewma=997
DMA IRQ c0=2
DMA IRQ c1=0
DMA IRQ c2=0
DMA IRQ c3=0
SELECT busy=26716
SELECT w0=26641
SELECT w1=19218
SELECT w2=26644
BUSY TASK ewma=997
DMA IRQ c0=2
DMA IRQ c1=0
DMA IRQ c2=0
DMA IRQ c3=0
SELECT busy=26725
SELECT w0=26650
SELECT w1=19224
SELECT w2=26652
BUSY TASK ewma=997
DMA IRQ c0=2
DMA IRQ c1=0
DMA IRQ c2=0
DMA IRQ c3=0
SELECT busy=26733
SELECT w0=26658
SELECT w1=19230
SELECT w2=26660
BUSY TASK ewma=997
DMA IRQ c0=2
DMA IRQ c1=0
DMA IRQ c2=0
DMA IRQ c3=0
SELECT busy=26741
SELECT w0=26666
SELECT w1=19235
SELECT w2=26668
BUSY TASK ewma=997
DMA IRQ c0=2
DMA IRQ c1=0
DMA IRQ c2=0
DMA IRQ c3=0
SELECT busy=26750
SELECT w0=26675
SELECT w1=19242
SELECT w2=26677
BUSY TASK ewma=997
DMA IRQ c0=2
DMA IRQ c1=0
DMA IRQ c2=0
DMA IRQ c3=0
SELECT busy=26758
SELECT w0=26683
SELECT w1=19247
SELECT w2=26685
BUSY TASK ewma=997
DMA IRQ c0=2
DMA IRQ c1=0
DMA IRQ c2=0
DMA IRQ c3=0
SELECT busy=26766
SELECT w0=26691
SELECT w1=19253
SELECT w2=26693
BUSY TASK ewma=997
DMA IRQ c0=2
DMA IRQ c1=0
DMA IRQ c2=0
DMA IRQ c3=0
SELECT busy=26774
SELECT w0=26699
SELECT w1=19259
SELECT w2=26702
BUSY TASK ewma=997
DMA IRQ c0=2
DMA IRQ c1=0
DMA IRQ c2=0
DMA IRQ c3=0
SELECT busy=26783
SELECT w0=26708
SELECT w1=19265
SELECT w2=26710
BUSY TASK ewma=997
DMA IRQ c0=2
DMA IRQ c1=0
DMA IRQ c2=0
DMA IRQ c3=0
SELECT busy=26791
SELECT w0=26716
SELECT w1=19271
SELECT w2=26718
BUSY TASK ewma=997
DMA IRQ c0=2
DMA IRQ c1=0
DMA IRQ c2=0
DMA IRQ c3=0
SELECT busy=26799
SELECT w0=26725
SELECT w1=19277
SELECT w2=26727
BUSY TASK ewma=997
DMA IRQ c0=2
DMA IRQ c1=0
DMA IRQ c2=0
DMA IRQ c3=0
SELECT busy=26808
SELECT w0=26733
SELECT w1=19283
SELECT w2=26735
BUSY TASK ewma=997
DMA IRQ c0=2
DMA IRQ c1=0
DMA IRQ c2=0
DMA IRQ c3=0
SELECT busy=26816
SELECT w0=26741
SELECT w1=19289
SELECT w2=26743
BUSY TASK ewma=997
DMA IRQ c0=2
DMA IRQ c1=0
DMA IRQ c2=0
DMA IRQ c3=0
SELECT busy=26824
SELECT w0=26749
SELECT w1=19295
SELECT w2=26751
BUSY TASK ewma=997
DMA IRQ c0=2
DMA IRQ c1=0
DMA IRQ c2=0
DMA IRQ c3=0
SELECT busy=26832
SELECT w0=26757
SELECT w1=19301
SELECT w2=26760
BUSY TASK ewma=997
DMA IRQ c0=2
DMA IRQ c1=0
DMA IRQ c2=0
DMA IRQ c3=0
SELECT busy=26841
SELECT w0=26766
SELECT w1=19307
SELECT w2=26768
BUSY TASK ewma=997
IRQ counts: cpu0=80396 cpu1=77287 cpu2=0 cpu3=0
SCHED secondaries: calls=77287 unexpected=0
SECTEST switches=77273 cpu1=1760377755,1754122019 cpu2=0,0 cpu3=0,0
PINGPONG rounds=0 pongs=0
DMA IRQ c0=2
DMA IRQ c1=0
DMA IRQ c2=0
DMA IRQ c3=0
SELECT busy=26850
SELECT w0=26775
SELECT w1=19314
SELECT w2=26777
BUSY TASK ewma=997
DMA IRQ c0=2
DMA IRQ c1=0
DMA IRQ c2=0
DMA IRQ c3=0
SELECT busy=26858
SELECT w0=26783
SELECT w1=19319
SELECT w2=26785
BUSY TASK ewma=997
DMA IRQ c0=2
DMA IRQ c1=0
DMA IRQ c2=0
DMA IRQ c3=0
SELECT busy=26866
SELECT w0=26792
SELECT w1=19326
SELECT w2=26794
BUSY TASK ewma=997
DMA IRQ c0=2
DMA IRQ c1=0
DMA IRQ c2=0
DMA IRQ c3=0
SELECT busy=26875
SELECT w0=26800
SELECT w1=19331
SELECT w2=26802
BUSY TASK ewma=997
DMA IRQ c0=2
DMA IRQ c1=0
DMA IRQ c2=0
DMA IRQ c3=0
SELECT busy=26883
SELECT w0=26808
SELECT w1=19337
SELECT w2=26810
BUSY TASK ewma=997
DMA IRQ c0=2
DMA IRQ c1=0
DMA IRQ c2=0
DMA IRQ c3=0
SELECT busy=26891
SELECT w0=26816
SELECT w1=19343
SELECT w2=26818
BUSY TASK ewma=997
DMA IRQ c0=2
DMA IRQ c1=0
DMA IRQ c2=0
DMA IRQ c3=0
SELECT busy=26900
SELECT w0=26825
SELECT w1=19349
SELECT w2=26827
BUSY TASK ewma=997
DMA IRQ c0=2
DMA IRQ c1=0
DMA IRQ c2=0
DMA IRQ c3=0
SELECT busy=26908
SELECT w0=26833
SELECT w1=19355
SELECT w2=26835
BUSY TASK ewma=997
DMA IRQ c0=2
DMA IRQ c1=0
DMA IRQ c2=0
DMA IRQ c3=0
SELECT busy=26916
SELECT w0=26841
SELECT w1=19361
SELECT w2=26844
BUSY TASK ewma=997
DMA IRQ c0=2
DMA IRQ c1=0
DMA IRQ c2=0
DMA IRQ c3=0
SELECT busy=26924
SELECT w0=26850
SELECT w1=19367
SELECT w2=26852
BUSY TASK ewma=997
DMA IRQ c0=2
DMA IRQ c1=0
DMA IRQ c2=0
DMA IRQ c3=0
SELECT busy=26932
SELECT w0=26858
SELECT w1=19373
SELECT w2=26860
BUSY TASK ewma=997
DMA IRQ c0=2
DMA IRQ c1=0
DMA IRQ c2=0
DMA IRQ c3=0
SELECT busy=26941
SELECT w0=26866
SELECT w1=19378
SELECT w2=26868
BUSY TASK ewma=997
DMA IRQ c0=2
DMA IRQ c1=0
DMA IRQ c2=0
DMA IRQ c3=0
SELECT busy=26949
SELECT w0=26874
SELECT w1=19384
SELECT w2=26876
BUSY TASK ewma=997
DMA IRQ c0=2
DMA IRQ c1=0
DMA IRQ c2=0
DMA IRQ c3=0
SELECT busy=26957
SELECT w0=26882
SELECT w1=19390
SELECT w2=26885
BUSY TASK ewma=997
DMA IRQ c0=2
DMA IRQ c1=0
DMA IRQ c2=0
DMA IRQ c3=0
SELECT busy=26966
SELECT w0=26891
SELECT w1=19396
SELECT w2=26893
BUSY TASK ewma=997
DMA IRQ c0=2
DMA IRQ c1=0
DMA IRQ c2=0
DMA IRQ c3=0
SELECT busy=26974
SELECT w0=26899
SELECT w1=19402
SELECT w2=26901
BUSY TASK ewma=997
DMA IRQ c0=2
DMA IRQ c1=0
DMA IRQ c2=0
DMA IRQ c3=0
SELECT busy=26983
SELECT w0=26908
SELECT w1=19408
SELECT w2=26910
BUSY TASK ewma=997
DMA IRQ c0=2
DMA IRQ c1=0
DMA IRQ c2=0
DMA IRQ c3=0
SELECT busy=26991
SELECT w0=26916
SELECT w1=19414
SELECT w2=26918
BUSY TASK ewma=997
DMA IRQ c0=2
DMA IRQ c1=0
DMA IRQ c2=0
DMA IRQ c3=0
SELECT busy=26999
SELECT w0=26924
SELECT w1=19420
SELECT w2=26926
BUSY TASK ewma=997
DMA IRQ c0=2
DMA IRQ c1=0
DMA IRQ c2=0
DMA IRQ c3=0
SELECT busy=27007
SELECT w0=26932
SELECT w1=19426
SELECT w2=26934
BUSY TASK ewma=997
DMA IRQ c0=2
DMA IRQ c1=0
DMA IRQ c2=0
DMA IRQ c3=0
SELECT busy=27015
SELECT w0=26941
SELECT w1=19432
SELECT w2=26943
BUSY TASK ewma=997
DMA IRQ c0=2
DMA IRQ c1=0
DMA IRQ c2=0
DMA IRQ c3=0
SELECT busy=27024
SELECT w0=26949
SELECT w1=19438
SELECT w2=26951
BUSY TASK ewma=997
DMA IRQ c0=2
DMA IRQ c1=0
DMA IRQ c2=0
DMA IRQ c3=0
SELECT busy=27033
SELECT w0=26958
SELECT w1=19444
SELECT w2=26960
BUSY TASK ewma=997
DMA IRQ c0=2
DMA IRQ c1=0
DMA IRQ c2=0
DMA IRQ c3=0
SELECT busy=27041
SELECT w0=26966
SELECT w1=19450
SELECT w2=26968
BUSY TASK ewma=997
DMA IRQ c0=2
DMA IRQ c1=0
DMA IRQ c2=0
DMA IRQ c3=0
SELECT busy=27048
SELECT w0=26973
SELECT w1=19456
SELECT w2=26976
BUSY TASK ewma=997
DMA IRQ c0=2
DMA IRQ c1=0
DMA IRQ c2=0
DMA IRQ c3=0
SELECT busy=27057
SELECT w0=26982
SELECT w1=19462
SELECT w2=26984
BUSY TASK ewma=997
DMA IRQ c0=2
DMA IRQ c1=0
DMA IRQ c2=0
DMA IRQ c3=0
SELECT busy=27065
SELECT w0=26990
SELECT w1=19468
SELECT w2=26992
BUSY TASK ewma=997
DMA IRQ c0=2
DMA IRQ c1=0
DMA IRQ c2=0
DMA IRQ c3=0
SELECT busy=27073
SELECT w0=26998
SELECT w1=19474
SELECT w2=27000
BUSY TASK ewma=997
DMA IRQ c0=2
DMA IRQ c1=0
DMA IRQ c2=0
DMA IRQ c3=0
SELECT busy=27081
SELECT w0=27006
SELECT w1=19479
SELECT w2=27008
BUSY TASK ewma=997
DMA IRQ c0=2
DMA IRQ c1=0
DMA IRQ c2=0
DMA IRQ c3=0
SELECT busy=27089
SELECT w0=27014
SELECT w1=19485
SELECT w2=27016
BUSY TASK ewma=997
DMA IRQ c0=2
DMA IRQ c1=0
DMA IRQ c2=0
DMA IRQ c3=0
SELECT busy=27097
SELECT w0=27022
SELECT w1=19491
SELECT w2=27024
BUSY TASK ewma=997
DMA IRQ c0=2
DMA IRQ c1=0
DMA IRQ c2=0
DMA IRQ c3=0
SELECT busy=27105
SELECT w0=27030
SELECT w1=19497
SELECT w2=27032
BUSY TASK ewma=997
DMA IRQ c0=2
DMA IRQ c1=0
DMA IRQ c2=0
DMA IRQ c3=0
SELECT busy=27113
SELECT w0=27038
SELECT w1=19503
SELECT w2=27041
BUSY TASK ewma=997
DMA IRQ c0=2
DMA IRQ c1=0
DMA IRQ c2=0
DMA IRQ c3=0
SELECT busy=27121
SELECT w0=27046
SELECT w1=19509
SELECT w2=27049
BUSY TASK ewma=997
DMA IRQ c0=2
DMA IRQ c1=0
DMA IRQ c2=0
DMA IRQ c3=0
SELECT busy=27130
SELECT w0=27055
SELECT w1=19514
SELECT w2=27057
BUSY TASK ewma=997
DMA IRQ c0=2
DMA IRQ c1=0
DMA IRQ c2=0
DMA IRQ c3=0
SELECT busy=27138
SELECT w0=27063
SELECT w1=19520
SELECT w2=27065
BUSY TASK ewma=997
DMA IRQ c0=2
DMA IRQ c1=0
DMA IRQ c2=0
DMA IRQ c3=0
SELECT busy=27146
SELECT w0=27071
SELECT w1=19526
SELECT w2=27073
BUSY TASK ewma=997
DMA IRQ c0=2
DMA IRQ c1=0
DMA IRQ c2=0
DMA IRQ c3=0
SELECT busy=27154
SELECT w0=27079
SELECT w1=19532
SELECT w2=27082
BUSY TASK ewma=997
DMA IRQ c0=2
DMA IRQ c1=0
DMA IRQ c2=0
DMA IRQ c3=0
SELECT busy=27163
SELECT w0=27088
SELECT w1=19538
SELECT w2=27090
BUSY TASK ewma=997
DMA IRQ c0=2
DMA IRQ c1=0
DMA IRQ c2=0
DMA IRQ c3=0
SELECT busy=27171
SELECT w0=27096
SELECT w1=19544
SELECT w2=27098
BUSY TASK ewma=997
DMA IRQ c0=2
DMA IRQ c1=0
DMA IRQ c2=0
DMA IRQ c3=0
SELECT busy=27179
SELECT w0=27104
SELECT w1=19550
SELECT w2=27106
BUSY TASK ewma=997
DMA IRQ c0=2
DMA IRQ c1=0
DMA IRQ c2=0
DMA IRQ c3=0
SELECT busy=27188
SELECT w0=27113
SELECT w1=19556
SELECT w2=27115
BUSY TASK ewma=997
DMA IRQ c0=2
DMA IRQ c1=0
DMA IRQ c2=0
DMA IRQ c3=0
SELECT busy=27197
SELECT w0=27122
SELECT w1=19563
SELECT w2=27124
BUSY TASK ewma=997
DMA IRQ c0=2
DMA IRQ c1=0
DMA IRQ c2=0
DMA IRQ c3=0
SELECT busy=27205
SELECT w0=27130
SELECT w1=19569
SELECT w2=27132
BUSY TASK ewma=997
DMA IRQ c0=2
DMA IRQ c1=0
DMA IRQ c2=0
DMA IRQ c3=0
SELECT busy=27213
SELECT w0=27139
SELECT w1=19575
SELECT w2=27141
BUSY TASK ewma=997
DMA IRQ c0=2
DMA IRQ c1=0
DMA IRQ c2=0
DMA IRQ c3=0
SELECT busy=27221
SELECT w0=27146
SELECT w1=19580
SELECT w2=27148
BUSY TASK ewma=997
DMA IRQ c0=2
DMA IRQ c1=0
DMA IRQ c2=0
DMA IRQ c3=0
SELECT busy=27230
SELECT w0=27155
SELECT w1=19586
SELECT w2=27157
BUSY TASK ewma=997
DMA IRQ c0=2
DMA IRQ c1=0
DMA IRQ c2=0
DMA IRQ c3=0
SELECT busy=27238
SELECT w0=27163
SELECT w1=19592
SELECT w2=27165
BUSY TASK ewma=997
DMA IRQ c0=2
DMA IRQ c1=0
DMA IRQ c2=0
DMA IRQ c3=0
SELECT busy=27246
SELECT w0=27171
SELECT w1=19599
SELECT w2=27174
BUSY TASK ewma=997
DMA IRQ c0=2
DMA IRQ c1=0
DMA IRQ c2=0
DMA IRQ c3=0
SELECT busy=27255
SELECT w0=27180
SELECT w1=19604
SELECT w2=27182
BUSY TASK ewma=997
DMA IRQ c0=2
DMA IRQ c1=0
DMA IRQ c2=0
DMA IRQ c3=0
SELECT busy=27263
SELECT w0=27188
SELECT w1=19610
SELECT w2=27190
BUSY TASK ewma=997
DMA IRQ c0=2
DMA IRQ c1=0
DMA IRQ c2=0
DMA IRQ c3=0
SELECT busy=27271
SELECT w0=27196
SELECT w1=19616
SELECT w2=27199
BUSY TASK ewma=997
DMA IRQ c0=2
DMA IRQ c1=0
DMA IRQ c2=0
DMA IRQ c3=0
SELECT busy=27280
SELECT w0=27205
SELECT w1=19622
SELECT w2=27207
BUSY TASK ewma=997
DMA IRQ c0=2
DMA IRQ c1=0
DMA IRQ c2=0
DMA IRQ c3=0
SELECT busy=27288
SELECT w0=27213
SELECT w1=19628
SELECT w2=27215
BUSY TASK ewma=997
DMA IRQ c0=2
DMA IRQ c1=0
DMA IRQ c2=0
DMA IRQ c3=0
SELECT busy=27297
SELECT w0=27222
SELECT w1=19635
SELECT w2=27224
BUSY TASK ewma=997
DMA IRQ c0=2
DMA IRQ c1=0
DMA IRQ c2=0
DMA IRQ c3=0
SELECT busy=27305
SELECT w0=27230
SELECT w1=19640
SELECT w2=27232
BUSY TASK ewma=997
DMA IRQ c0=2
DMA IRQ c1=0
DMA IRQ c2=0
DMA IRQ c3=0
SELECT busy=27313
SELECT w0=27238
SELECT w1=19646
SELECT w2=27240
BUSY TASK ewma=997
DMA IRQ c0=2
DMA IRQ c1=0
DMA IRQ c2=0
DMA IRQ c3=0
SELECT busy=27321
SELECT w0=27246
SELECT w1=19652
SELECT w2=27248
BUSY TASK ewma=997
DMA IRQ c0=2
DMA IRQ c1=0
DMA IRQ c2=0
DMA IRQ c3=0
SELECT busy=27329
SELECT w0=27254
SELECT w1=19658
SELECT w2=27256
BUSY TASK ewma=997
DMA IRQ c0=2
DMA IRQ c1=0
DMA IRQ c2=0
DMA IRQ c3=0
SELECT busy=27338
SELECT w0=27263
SELECT w1=19664
SELECT w2=27265
BUSY TASK ewma=997
DMA IRQ c0=2
DMA IRQ c1=0
DMA IRQ c2=0
DMA IRQ c3=0
SELECT busy=27346
SELECT w0=27271
SELECT w1=19670
SELECT w2=27273
BUSY TASK ewma=997
DMA IRQ c0=2
DMA IRQ c1=0
DMA IRQ c2=0
DMA IRQ c3=0
SELECT busy=27354
SELECT w0=27279
SELECT w1=19676
SELECT w2=27281
BUSY TASK ewma=997
DMA IRQ c0=2
DMA IRQ c1=0
DMA IRQ c2=0
DMA IRQ c3=0
SELECT busy=27362
SELECT w0=27287
SELECT w1=19682
SELECT w2=27290
BUSY TASK ewma=997
DMA IRQ c0=2
DMA IRQ c1=0
DMA IRQ c2=0
DMA IRQ c3=0
SELECT busy=27371
SELECT w0=27296
SELECT w1=19687
SELECT w2=27298
BUSY TASK ewma=997
IRQ counts: cpu0=81986 cpu1=78808 cpu2=0 cpu3=0
SCHED secondaries: calls=78808 unexpected=0
SECTEST switches=78794 cpu1=1796593425,1790520142 cpu2=0,0 cpu3=0,0
PINGPONG rounds=0 pongs=0
DMA IRQ c0=2
DMA IRQ c1=0
DMA IRQ c2=0
DMA IRQ c3=0
SELECT busy=27380
SELECT w0=27305
SELECT w1=19694
SELECT w2=27307
BUSY TASK ewma=997
DMA IRQ c0=2
DMA IRQ c1=0
DMA IRQ c2=0
DMA IRQ c3=0
SELECT busy=27388
SELECT w0=27314
SELECT w1=19700
SELECT w2=27316
BUSY TASK ewma=997
DMA IRQ c0=2
DMA IRQ c1=0
DMA IRQ c2=0
DMA IRQ c3=0
SELECT busy=27397
SELECT w0=27322
SELECT w1=19706
SELECT w2=27324
BUSY TASK ewma=997
DMA IRQ c0=2
DMA IRQ c1=0
DMA IRQ c2=0
DMA IRQ c3=0
SELECT busy=27405
SELECT w0=27330
SELECT w1=19712
SELECT w2=27333
BUSY TASK ewma=997
DMA IRQ c0=2
DMA IRQ c1=0
DMA IRQ c2=0
DMA IRQ c3=0
SELECT busy=27414
SELECT w0=27339
SELECT w1=19718
SELECT w2=27341
BUSY TASK ewma=997
DMA IRQ c0=2
DMA IRQ c1=0
DMA IRQ c2=0
DMA IRQ c3=0
SELECT busy=27422
SELECT w0=27347
SELECT w1=19724
SELECT w2=27349
BUSY TASK ewma=997
DMA IRQ c0=2
DMA IRQ c1=0
DMA IRQ c2=0
DMA IRQ c3=0
SELECT busy=27431
SELECT w0=27356
SELECT w1=19730
SELECT w2=27358
BUSY TASK ewma=997
DMA IRQ c0=2
DMA IRQ c1=0
DMA IRQ c2=0
DMA IRQ c3=0
SELECT busy=27439
SELECT w0=27364
SELECT w1=19736
SELECT w2=27367
BUSY TASK ewma=997
DMA IRQ c0=2
DMA IRQ c1=0
DMA IRQ c2=0
DMA IRQ c3=0
SELECT busy=27448
SELECT w0=27373
SELECT w1=19743
SELECT w2=27375
BUSY TASK ewma=997
DMA IRQ c0=2
DMA IRQ c1=0
DMA IRQ c2=0
DMA IRQ c3=0
SELECT busy=27456
SELECT w0=27381
SELECT w1=19748
SELECT w2=27383
BUSY TASK ewma=997
DMA IRQ c0=2
DMA IRQ c1=0
DMA IRQ c2=0
DMA IRQ c3=0
SELECT busy=27464
SELECT w0=27389
SELECT w1=19754
SELECT w2=27391
BUSY TASK ewma=997
DMA IRQ c0=2
DMA IRQ c1=0
DMA IRQ c2=0
DMA IRQ c3=0
SELECT busy=27472
SELECT w0=27397
SELECT w1=19760
SELECT w2=27399
BUSY TASK ewma=997
DMA IRQ c0=2
DMA IRQ c1=0
DMA IRQ c2=0
DMA IRQ c3=0
SELECT busy=27480
SELECT w0=27405
SELECT w1=19766
SELECT w2=27408
BUSY TASK ewma=997
DMA IRQ c0=2
DMA IRQ c1=0
DMA IRQ c2=0
DMA IRQ c3=0
SELECT busy=27488
SELECT w0=27413
SELECT w1=19771
SELECT w2=27416
BUSY TASK ewma=997
DMA IRQ c0=2
DMA IRQ c1=0
DMA IRQ c2=0
DMA IRQ c3=0
SELECT busy=27496
SELECT w0=27421
SELECT w1=19777
SELECT w2=27424
BUSY TASK ewma=997
DMA IRQ c0=2
DMA IRQ c1=0
DMA IRQ c2=0
DMA IRQ c3=0
SELECT busy=27504
SELECT w0=27429
SELECT w1=19783
SELECT w2=27431
BUSY TASK ewma=997
DMA IRQ c0=2
DMA IRQ c1=0
DMA IRQ c2=0
DMA IRQ c3=0
SELECT busy=27512
SELECT w0=27437
SELECT w1=19789
SELECT w2=27440
BUSY TASK ewma=997
DMA IRQ c0=2
DMA IRQ c1=0
DMA IRQ c2=0
DMA IRQ c3=0
SELECT busy=27521
SELECT w0=27446
SELECT w1=19795
SELECT w2=27448
BUSY TASK ewma=997
DMA IRQ c0=2
DMA IRQ c1=0
DMA IRQ c2=0
DMA IRQ c3=0
SELECT busy=27529
SELECT w0=27454
SELECT w1=19801
SELECT w2=27456
BUSY TASK ewma=997
DMA IRQ c0=2
DMA IRQ c1=0
DMA IRQ c2=0
DMA IRQ c3=0
SELECT busy=27537
SELECT w0=27462
SELECT w1=19807
SELECT w2=27464
BUSY TASK ewma=997
DMA IRQ c0=2
DMA IRQ c1=0
DMA IRQ c2=0
DMA IRQ c3=0
SELECT busy=27545
SELECT w0=27470
SELECT w1=19813
SELECT w2=27473
BUSY TASK ewma=997
DMA IRQ c0=2
DMA IRQ c1=0
DMA IRQ c2=0
DMA IRQ c3=0
SELECT busy=27553
SELECT w0=27479
SELECT w1=19819
SELECT w2=27481
BUSY TASK ewma=997
DMA IRQ c0=2
DMA IRQ c1=0
DMA IRQ c2=0
DMA IRQ c3=0
SELECT busy=27562
SELECT w0=27487
SELECT w1=19825
SELECT w2=27489
BUSY TASK ewma=997
DMA IRQ c0=2
DMA IRQ c1=0
DMA IRQ c2=0
DMA IRQ c3=0
SELECT busy=27570
SELECT w0=27495
SELECT w1=19831
SELECT w2=27497
BUSY TASK ewma=997
DMA IRQ c0=2
DMA IRQ c1=0
DMA IRQ c2=0
DMA IRQ c3=0
SELECT busy=27578
SELECT w0=27504
SELECT w1=19837
SELECT w2=27506
BUSY TASK ewma=997
DMA IRQ c0=2
DMA IRQ c1=0
DMA IRQ c2=0
DMA IRQ c3=0
SELECT busy=27587
SELECT w0=27512
SELECT w1=19843
SELECT w2=27514
BUSY TASK ewma=997
DMA IRQ c0=2
DMA IRQ c1=0
DMA IRQ c2=0
DMA IRQ c3=0
SELECT busy=27595
SELECT w0=27520
SELECT w1=19848
SELECT w2=27522
BUSY TASK ewma=997
DMA IRQ c0=2
DMA IRQ c1=0
DMA IRQ c2=0
DMA IRQ c3=0
SELECT busy=27604
SELECT w0=27529
SELECT w1=19855
SELECT w2=27531
BUSY TASK ewma=997
DMA IRQ c0=2
DMA IRQ c1=0
DMA IRQ c2=0
DMA IRQ c3=0
SELECT busy=27612
SELECT w0=27537
SELECT w1=19861
SELECT w2=27539
BUSY TASK ewma=997
DMA IRQ c0=2
DMA IRQ c1=0
DMA IRQ c2=0
DMA IRQ c3=0
SELECT busy=27620
SELECT w0=27546
SELECT w1=19867
SELECT w2=27548
BUSY TASK ewma=997
DMA IRQ c0=2
DMA IRQ c1=0
DMA IRQ c2=0
DMA IRQ c3=0
SELECT busy=27629
SELECT w0=27554
SELECT w1=19873
SELECT w2=27556
BUSY TASK ewma=997
DMA IRQ c0=2
DMA IRQ c1=0
DMA IRQ c2=0
DMA IRQ c3=0
SELECT busy=27637
SELECT w0=27562
SELECT w1=19878
SELECT w2=27564
BUSY TASK ewma=997
DMA IRQ c0=2
DMA IRQ c1=0
DMA IRQ c2=0
DMA IRQ c3=0
SELECT busy=27645
SELECT w0=27570
SELECT w1=19884
SELECT w2=27572
BUSY TASK ewma=997
DMA IRQ c0=2
DMA IRQ c1=0
DMA IRQ c2=0
DMA IRQ c3=0
SELECT busy=27653
SELECT w0=27578
SELECT w1=19890
SELECT w2=27581
BUSY TASK ewma=997
DMA IRQ c0=2
DMA IRQ c1=0
DMA IRQ c2=0
DMA IRQ c3=0
SELECT busy=27662
SELECT w0=27587
SELECT w1=19896
SELECT w2=27589
BUSY TASK ewma=997
DMA IRQ c0=2
DMA IRQ c1=0
DMA IRQ c2=0
DMA IRQ c3=0
SELECT busy=27670
SELECT w0=27595
SELECT w1=19902
SELECT w2=27597
BUSY TASK ewma=997
DMA IRQ c0=2
DMA IRQ c1=0
DMA IRQ c2=0
DMA IRQ c3=0
SELECT busy=27678
SELECT w0=27603
SELECT w1=19908
SELECT w2=27606
BUSY TASK ewma=997
DMA IRQ c0=2
DMA IRQ c1=0
DMA IRQ c2=0
DMA IRQ c3=0
SELECT busy=27687
SELECT w0=27612
SELECT w1=19914
SELECT w2=27614
BUSY TASK ewma=997
DMA IRQ c0=2
DMA IRQ c1=0
DMA IRQ c2=0
DMA IRQ c3=0
SELECT busy=27695
SELECT w0=27620
SELECT w1=19920
SELECT w2=27622
BUSY TASK ewma=997
DMA IRQ c0=2
DMA IRQ c1=0
DMA IRQ c2=0
DMA IRQ c3=0
SELECT busy=27703
SELECT w0=27628
SELECT w1=19926
SELECT w2=27630
BUSY TASK ewma=997
DMA IRQ c0=2
DMA IRQ c1=0
DMA IRQ c2=0
DMA IRQ c3=0
SELECT busy=27712
SELECT w0=27637
SELECT w1=19932
SELECT w2=27639
BUSY TASK ewma=997
DMA IRQ c0=2
DMA IRQ c1=0
DMA IRQ c2=0
DMA IRQ c3=0
SELECT busy=27720
SELECT w0=27645
SELECT w1=19938
SELECT w2=27647
BUSY TASK ewma=997
DMA IRQ c0=2
DMA IRQ c1=0
DMA IRQ c2=0
DMA IRQ c3=0
SELECT busy=27728
SELECT w0=27653
SELECT w1=19944
SELECT w2=27656
BUSY TASK ewma=997
DMA IRQ c0=2
DMA IRQ c1=0
DMA IRQ c2=0
DMA IRQ c3=0
SELECT busy=27737
SELECT w0=27662
SELECT w1=19950
SELECT w2=27664
BUSY TASK ewma=997
DMA IRQ c0=2
DMA IRQ c1=0
DMA IRQ c2=0
DMA IRQ c3=0
SELECT busy=27745
SELECT w0=27670
SELECT w1=19956
SELECT w2=27672
BUSY TASK ewma=997
DMA IRQ c0=2
DMA IRQ c1=0
DMA IRQ c2=0
DMA IRQ c3=0
SELECT busy=27753
SELECT w0=27678
SELECT w1=19962
SELECT w2=27680
BUSY TASK ewma=997
DMA IRQ c0=2
DMA IRQ c1=0
DMA IRQ c2=0
DMA IRQ c3=0
SELECT busy=27761
SELECT w0=27686
SELECT w1=19967
SELECT w2=27688
BUSY TASK ewma=997
DMA IRQ c0=2
DMA IRQ c1=0
DMA IRQ c2=0
DMA IRQ c3=0
SELECT busy=27770
SELECT w0=27695
SELECT w1=19974
SELECT w2=27697
BUSY TASK ewma=997
DMA IRQ c0=2
DMA IRQ c1=0
DMA IRQ c2=0
DMA IRQ c3=0
SELECT busy=27778
SELECT w0=27703
SELECT w1=19979
SELECT w2=27705
BUSY TASK ewma=997
DMA IRQ c0=2
DMA IRQ c1=0
DMA IRQ c2=0
DMA IRQ c3=0
SELECT busy=27786
SELECT w0=27711
SELECT w1=19985
SELECT w2=27714
BUSY TASK ewma=997
DMA IRQ c0=2
DMA IRQ c1=0
DMA IRQ c2=0
DMA IRQ c3=0
SELECT busy=27795
SELECT w0=27720
SELECT w1=19992
SELECT w2=27722
BUSY TASK ewma=997
DMA IRQ c0=2
DMA IRQ c1=0
DMA IRQ c2=0
DMA IRQ c3=0
SELECT busy=27803
SELECT w0=27728
SELECT w1=19998
SELECT w2=27730
BUSY TASK ewma=997
DMA IRQ c0=2
DMA IRQ c1=0
DMA IRQ c2=0
DMA IRQ c3=0
SELECT busy=27811
SELECT w0=27736
SELECT w1=20004
SELECT w2=27738
BUSY TASK ewma=997
DMA IRQ c0=2
DMA IRQ c1=0
DMA IRQ c2=0
DMA IRQ c3=0
SELECT busy=27820
SELECT w0=27745
SELECT w1=20010
SELECT w2=27747
BUSY TASK ewma=997
DMA IRQ c0=2
DMA IRQ c1=0
DMA IRQ c2=0
DMA IRQ c3=0
SELECT busy=27828
SELECT w0=27753
SELECT w1=20016
SELECT w2=27755
BUSY TASK ewma=997
DMA IRQ c0=2
DMA IRQ c1=0
DMA IRQ c2=0
DMA IRQ c3=0
SELECT busy=27836
SELECT w0=27761
SELECT w1=20022
SELECT w2=27763
BUSY TASK ewma=997
DMA IRQ c0=2
DMA IRQ c1=0
DMA IRQ c2=0
DMA IRQ c3=0
SELECT busy=27844
SELECT w0=27769
SELECT w1=20027
SELECT w2=27771
BUSY TASK ewma=997
DMA IRQ c0=2
DMA IRQ c1=0
DMA IRQ c2=0
DMA IRQ c3=0
SELECT busy=27852
SELECT w0=27778
SELECT w1=20034
SELECT w2=27780
BUSY TASK ewma=997
DMA IRQ c0=2
DMA IRQ c1=0
DMA IRQ c2=0
DMA IRQ c3=0
SELECT busy=27861
SELECT w0=27786
SELECT w1=20039
SELECT w2=27788
BUSY TASK ewma=997
DMA IRQ c0=2
DMA IRQ c1=0
DMA IRQ c2=0
DMA IRQ c3=0
SELECT busy=27869
SELECT w0=27794
SELECT w1=20045
SELECT w2=27796
BUSY TASK ewma=997
DMA IRQ c0=2
DMA IRQ c1=0
DMA IRQ c2=0
DMA IRQ c3=0
SELECT busy=27877
SELECT w0=27802
SELECT w1=20052
SELECT w2=27805
BUSY TASK ewma=997
DMA IRQ c0=2
DMA IRQ c1=0
DMA IRQ c2=0
DMA IRQ c3=0
SELECT busy=27886
SELECT w0=27811
SELECT w1=20058
SELECT w2=27813
BUSY TASK ewma=997
DMA IRQ c0=2
DMA IRQ c1=0
DMA IRQ c2=0
DMA IRQ c3=0
SELECT busy=27894
SELECT w0=27819
SELECT w1=20064
SELECT w2=27821
BUSY TASK ewma=997
DMA IRQ c0=2
DMA IRQ c1=0
DMA IRQ c2=0
DMA IRQ c3=0
SELECT busy=27902
SELECT w0=27827
SELECT w1=20069
SELECT w2=27830
BUSY TASK ewma=997
IRQ counts: cpu0=83579 cpu1=80337 cpu2=0 cpu3=0
SCHED secondaries: calls=80339 unexpected=0
SECTEST switches=80324 cpu1=1833952884,1827867327 cpu2=0,0 cpu3=0,0
PINGPONG rounds=0 pongs=0
DMA IRQ c0=2
DMA IRQ c1=0
DMA IRQ c2=0
DMA IRQ c3=0
SELECT busy=27911
SELECT w0=27837
SELECT w1=20077
SELECT w2=27839
BUSY TASK ewma=997
DMA IRQ c0=2
DMA IRQ c1=0
DMA IRQ c2=0
DMA IRQ c3=0
SELECT busy=27920
SELECT w0=27845
SELECT w1=20082
SELECT w2=27847
BUSY TASK ewma=997
DMA IRQ c0=2
DMA IRQ c1=0
DMA IRQ c2=0
DMA IRQ c3=0
SELECT busy=27928
SELECT w0=27853
SELECT w1=20088
SELECT w2=27855
BUSY TASK ewma=997
DMA IRQ c0=2
DMA IRQ c1=0
DMA IRQ c2=0
DMA IRQ c3=0
SELECT busy=27936
SELECT w0=27861
SELECT w1=20094
SELECT w2=27863
BUSY TASK ewma=997
DMA IRQ c0=2
DMA IRQ c1=0
DMA IRQ c2=0
DMA IRQ c3=0
SELECT busy=27944
SELECT w0=27869
SELECT w1=20100
SELECT w2=27871
BUSY TASK ewma=997
DMA IRQ c0=2
DMA IRQ c1=0
DMA IRQ c2=0
DMA IRQ c3=0
SELECT busy=27952
SELECT w0=27877
SELECT w1=20106
SELECT w2=27879
BUSY TASK ewma=997
DMA IRQ c0=2
DMA IRQ c1=0
DMA IRQ c2=0
DMA IRQ c3=0
SELECT busy=27960
SELECT w0=27885
SELECT w1=20111
SELECT w2=27887
BUSY TASK ewma=997
DMA IRQ c0=2
DMA IRQ c1=0
DMA IRQ c2=0
DMA IRQ c3=0
SELECT busy=27968
SELECT w0=27893
SELECT w1=20117
SELECT w2=27895
BUSY TASK ewma=997
DMA IRQ c0=2
DMA IRQ c1=0
DMA IRQ c2=0
DMA IRQ c3=0
SELECT busy=27976
SELECT w0=27901
SELECT w1=20123
SELECT w2=27904
BUSY TASK ewma=997
DMA IRQ c0=2
DMA IRQ c1=0
DMA IRQ c2=0
DMA IRQ c3=0
SELECT busy=27984
SELECT w0=27910
SELECT w1=20129
SELECT w2=27912
BUSY TASK ewma=997
DMA IRQ c0=2
DMA IRQ c1=0
DMA IRQ c2=0
DMA IRQ c3=0
SELECT busy=27993
SELECT w0=27918
SELECT w1=20135
SELECT w2=27920
BUSY TASK ewma=997
DMA IRQ c0=2
DMA IRQ c1=0
DMA IRQ c2=0
DMA IRQ c3=0
SELECT busy=28001
SELECT w0=27926
SELECT w1=20141
SELECT w2=27928
BUSY TASK ewma=997
DMA IRQ c0=2
DMA IRQ c1=0
DMA IRQ c2=0
DMA IRQ c3=0
SELECT busy=28009
SELECT w0=27935
SELECT w1=20147
SELECT w2=27937
BUSY TASK ewma=997
DMA IRQ c0=2
DMA IRQ c1=0
DMA IRQ c2=0
DMA IRQ c3=0
SELECT busy=28018
SELECT w0=27943
SELECT w1=20153
SELECT w2=27945
BUSY TASK ewma=997
DMA IRQ c0=2
DMA IRQ c1=0
DMA IRQ c2=0
DMA IRQ c3=0
SELECT busy=28026
SELECT w0=27951
SELECT w1=20159
SELECT w2=27953
BUSY TASK ewma=997
DMA IRQ c0=2
DMA IRQ c1=0
DMA IRQ c2=0
DMA IRQ c3=0
SELECT busy=28034
SELECT w0=27960
SELECT w1=20165
SELECT w2=27962
BUSY TASK ewma=997
DMA IRQ c0=2
DMA IRQ c1=0
DMA IRQ c2=0
DMA IRQ c3=0
SELECT busy=28043
SELECT w0=27968
SELECT w1=20171
SELECT w2=27970
BUSY TASK ewma=997
DMA IRQ c0=2
DMA IRQ c1=0
DMA IRQ c2=0
DMA IRQ c3=0
SELECT busy=28051
SELECT w0=27976
SELECT w1=20176
SELECT w2=27978
BUSY TASK ewma=997
DMA IRQ c0=2
DMA IRQ c1=0
DMA IRQ c2=0
DMA IRQ c3=0
SELECT busy=28059
SELECT w0=27985
SELECT w1=20183
SELECT w2=27987
BUSY TASK ewma=997
DMA IRQ c0=2
DMA IRQ c1=0
DMA IRQ c2=0
DMA IRQ c3=0
SELECT busy=28068
SELECT w0=27993
SELECT w1=20188
SELECT w2=27995
BUSY TASK ewma=997
DMA IRQ c0=2
DMA IRQ c1=0
DMA IRQ c2=0
DMA IRQ c3=0
SELECT busy=28076
SELECT w0=28001
SELECT w1=20194
SELECT w2=28003
BUSY TASK ewma=997
DMA IRQ c0=2
DMA IRQ c1=0
DMA IRQ c2=0
DMA IRQ c3=0
SELECT busy=28084
SELECT w0=28009
SELECT w1=20200
SELECT w2=28012
BUSY TASK ewma=997
DMA IRQ c0=2
DMA IRQ c1=0
DMA IRQ c2=0
DMA IRQ c3=0
SELECT busy=28093
SELECT w0=28018
SELECT w1=20206
SELECT w2=28020
BUSY TASK ewma=997
DMA IRQ c0=2
DMA IRQ c1=0
DMA IRQ c2=0
DMA IRQ c3=0
SELECT busy=28101
SELECT w0=28026
SELECT w1=20212
SELECT w2=28028
BUSY TASK ewma=997
DMA IRQ c0=2
DMA IRQ c1=0
DMA IRQ c2=0
DMA IRQ c3=0
SELECT busy=28109
SELECT w0=28034
SELECT w1=20218
SELECT w2=28036
BUSY TASK ewma=997
DMA IRQ c0=2
DMA IRQ c1=0
DMA IRQ c2=0
DMA IRQ c3=0
SELECT busy=28118
SELECT w0=28043
SELECT w1=20224
SELECT w2=28045
BUSY TASK ewma=997
DMA IRQ c0=2
DMA IRQ c1=0
DMA IRQ c2=0
DMA IRQ c3=0
SELECT busy=28126
SELECT w0=28051
SELECT w1=20229
SELECT w2=28053
BUSY TASK ewma=997
DMA IRQ c0=2
DMA IRQ c1=0
DMA IRQ c2=0
DMA IRQ c3=0
SELECT busy=28134
SELECT w0=28059
SELECT w1=20235
SELECT w2=28061
BUSY TASK ewma=997
DMA IRQ c0=2
DMA IRQ c1=0
DMA IRQ c2=0
DMA IRQ c3=0
SELECT busy=28143
SELECT w0=28068
SELECT w1=20242
SELECT w2=28070
BUSY TASK ewma=997
DMA IRQ c0=2
DMA IRQ c1=0
DMA IRQ c2=0
DMA IRQ c3=0
SELECT busy=28151
SELECT w0=28076
SELECT w1=20247
SELECT w2=28078
BUSY TASK ewma=997
DMA IRQ c0=2
DMA IRQ c1=0
DMA IRQ c2=0
DMA IRQ c3=0
SELECT busy=28159
SELECT w0=28084
SELECT w1=20253
SELECT w2=28086
BUSY TASK ewma=997
DMA IRQ c0=2
DMA IRQ c1=0
DMA IRQ c2=0
DMA IRQ c3=0
SELECT busy=28166
SELECT w0=28092
SELECT w1=20259
SELECT w2=28094
BUSY TASK ewma=997
DMA IRQ c0=2
DMA IRQ c1=0
DMA IRQ c2=0
DMA IRQ c3=0
SELECT busy=28175
SELECT w0=28100
SELECT w1=20265
SELECT w2=28102
BUSY TASK ewma=997
DMA IRQ c0=2
DMA IRQ c1=0
DMA IRQ c2=0
DMA IRQ c3=0
SELECT busy=28183
SELECT w0=28108
SELECT w1=20270
SELECT w2=28110
qemu-system-aarch64: terminating on signal 15 from pid 194284 (timeout)
